mtllib material.mtl
o material
v -0.498921 -0.665879 -0.028314
v -0.510637 -0.660021 -0.028314
v -0.504779 -0.658068 -0.028314
v -0.491110 -0.667831 -0.028314
v -0.500874 -0.665879 -0.028314
v -0.506732 -0.660021 -0.026362
v 0.506732 -0.660021 -0.026362
v 0.500874 -0.665879 -0.028314
v 0.491110 -0.667831 -0.028314
v 0.498921 -0.665879 -0.028314
v 0.504779 -0.658068 -0.028314
v 0.510637 -0.660021 -0.028314
v -0.553597 0.078109 0.000976
v -0.553597 0.078109 0.004882
v -0.553597 0.078109 0.016598
v 0.553597 0.078109 0.000976
v 0.553597 0.078109 0.016598
v 0.553597 0.078109 0.004882
v -0.575077 0.103494 -0.028314
v -0.686382 0.199178 -0.028314
v -0.684430 0.199178 -0.028314
v -0.744964 0.234327 -0.028314
v 0.575077 0.103494 -0.028314
v 0.684430 0.199178 -0.028314
v 0.686382 0.199178 -0.028314
v 0.744964 0.234327 -0.028314
v -0.547739 0.078109 -0.004882
v -0.602415 -0.380781 -0.034173
v -0.715673 -0.249949 -0.034173
v -0.592652 -0.222610 -0.034173
v -0.680524 -0.187461 -0.034173
v -0.549692 -0.206989 -0.034173
v -0.623895 -0.138643 -0.034173
v -0.660997 -0.130832 -0.034173
v -0.522354 -0.648304 -0.034173
v -0.612179 -0.570195 -0.034173
v -0.563361 -0.519424 -0.034173
v -0.608273 -0.412025 -0.034173
v -0.698099 -0.476465 -0.034173
v -0.719579 -0.435457 -0.034173
v -0.715673 -0.330010 -0.034173
v -0.426670 -0.158171 -0.032220
v -0.393474 -0.205036 -0.034173
v -0.354419 -0.203083 -0.032220
v -0.315365 -0.158171 -0.020504
v -0.582888 -0.226516 -0.030267
v -0.582888 -0.224563 -0.030267
v -0.329034 -0.193320 -0.022456
v -0.502826 -0.214800 -0.030267
v -0.541881 -0.218705 -0.030267
v -0.567266 -0.220658 -0.030267
v -0.600462 -0.412025 -0.030267
v -0.567266 -0.624872 -0.028314
v -0.723484 -0.277287 -0.030267
v -0.723484 -0.253854 -0.030267
v -0.723484 -0.251901 -0.030267
v -0.557503 -0.515519 -0.030267
v -0.541881 -0.578006 -0.028314
v -0.506732 -0.656115 -0.028314
v -0.508684 -0.660021 -0.030267
v -0.623895 -0.128880 -0.028314
v -0.659044 -0.117163 -0.028314
v -0.547739 -0.138643 -0.028314
v -0.446197 -0.150360 -0.020504
v -0.721531 -0.330010 -0.030267
v -0.619990 -0.574101 -0.028314
v -0.660997 -0.119116 -0.030267
v -0.506732 -0.661973 -0.028314
v -0.385663 -0.214800 -0.026362
v -0.354419 -0.210894 -0.026362
v -0.510637 -0.663926 -0.028314
v -0.526259 -0.654162 -0.028314
v -0.670761 -0.134738 -0.028314
v -0.682477 -0.171840 -0.028314
v -0.709815 -0.230421 -0.028314
v -0.662950 -0.117163 -0.028314
v -0.723484 -0.249949 -0.028314
v -0.598510 -0.382734 -0.030267
v -0.660997 -0.117163 -0.030267
v -0.725437 -0.437410 -0.028314
v -0.703957 -0.478417 -0.028314
v -0.723484 -0.439363 -0.028314
v -0.660997 -0.115211 -0.028314
v -0.315365 -0.156218 -0.014645
v 0.602415 -0.380781 -0.034173
v 0.592652 -0.222610 -0.034173
v 0.715673 -0.249949 -0.034173
v 0.715673 -0.330010 -0.034173
v 0.608273 -0.412025 -0.034173
v 0.719579 -0.435457 -0.034173
v 0.698099 -0.476465 -0.034173
v 0.612179 -0.570195 -0.034173
v 0.563361 -0.519424 -0.034173
v 0.522354 -0.648304 -0.034173
v 0.680524 -0.187461 -0.034173
v 0.623895 -0.138643 -0.034173
v 0.660997 -0.130832 -0.034173
v 0.549692 -0.206989 -0.034173
v 0.426670 -0.158171 -0.032220
v 0.393474 -0.205036 -0.034173
v 0.354419 -0.203083 -0.032220
v 0.315365 -0.158171 -0.020504
v 0.582888 -0.226516 -0.030267
v 0.582888 -0.224563 -0.030267
v 0.329034 -0.193320 -0.022456
v 0.502826 -0.214800 -0.030267
v 0.541881 -0.218705 -0.030267
v 0.567266 -0.220658 -0.030267
v 0.600462 -0.412025 -0.030267
v 0.567266 -0.624872 -0.028314
v 0.723484 -0.277287 -0.030267
v 0.723484 -0.253854 -0.030267
v 0.723484 -0.251901 -0.030267
v 0.557503 -0.515519 -0.030267
v 0.541881 -0.578006 -0.028314
v 0.506732 -0.656115 -0.028314
v 0.508684 -0.660021 -0.030267
v 0.623895 -0.128880 -0.028314
v 0.659044 -0.117163 -0.028314
v 0.547739 -0.138643 -0.028314
v 0.446197 -0.150360 -0.020504
v 0.721531 -0.330010 -0.030267
v 0.619990 -0.574101 -0.028314
v 0.660997 -0.119116 -0.030267
v 0.506732 -0.661973 -0.028314
v 0.385663 -0.214800 -0.026362
v 0.354419 -0.210894 -0.026362
v 0.510637 -0.663926 -0.028314
v 0.526259 -0.654162 -0.028314
v 0.670761 -0.134738 -0.028314
v 0.682477 -0.171840 -0.028314
v 0.709815 -0.230421 -0.028314
v 0.662950 -0.117163 -0.028314
v 0.723484 -0.249949 -0.028314
v 0.598510 -0.382734 -0.030267
v 0.660997 -0.117163 -0.030267
v 0.725437 -0.437410 -0.028314
v 0.703957 -0.478417 -0.028314
v 0.723484 -0.439363 -0.028314
v 0.660997 -0.115211 -0.028314
v 0.879702 -0.056629 -0.028314
v 0.879702 -0.046865 -0.028314
v 0.881655 -0.056629 -0.028314
v 0.879702 -0.058582 -0.028314
v 0.887513 -0.052724 -0.028314
v 0.889466 -0.044913 -0.032220
v 0.887513 0.041007 -0.028314
v 0.895324 0.041007 -0.034173
v 0.889466 0.072251 -0.034173
v 0.879702 0.083967 -0.028314
v 0.871891 0.121069 -0.034173
v 0.871891 0.103494 -0.028314
v 0.860175 0.128880 -0.028314
v 0.893371 -0.050771 -0.028314
v 0.809404 0.220658 -0.034173
v -0.881655 -0.056629 -0.028314
v -0.879702 -0.046865 -0.028314
v -0.879702 -0.056629 -0.028314
v -0.879702 -0.058582 -0.028314
v -0.887513 -0.052724 -0.028314
v -0.889466 -0.044913 -0.032220
v -0.887513 0.041007 -0.028314
v -0.895324 0.041007 -0.034173
v -0.889466 0.072251 -0.034173
v -0.879702 0.083967 -0.028314
v -0.871891 0.121069 -0.034173
v -0.871891 0.103494 -0.028314
v -0.860175 0.128880 -0.028314
v -0.893371 -0.050771 -0.028314
v -0.809404 0.220658 -0.034173
v 0.666855 0.470606 -0.034173
v 0.551644 0.476465 -0.018551
v 0.621942 0.538952 -0.024409
v 0.698099 0.513566 -0.036125
v 0.676619 0.593628 -0.028314
v 0.719579 0.562384 -0.036125
v 0.703957 0.630730 -0.028314
v 0.573124 0.355396 -0.018551
v 0.467677 0.425694 -0.010740
v 0.481346 0.214800 -0.006835
v 0.723484 0.607297 -0.034173
v 0.719579 0.654162 -0.030267
v 0.713720 0.663926 -0.024409
v 0.723484 0.663926 -0.026362
v 0.721531 0.667831 -0.026362
v 0.731295 0.593628 -0.030267
v 0.549692 0.484275 -0.012693
v 0.463772 0.429599 -0.004882
v 0.727390 0.634635 -0.028314
v 0.621942 0.546763 -0.018551
v 0.676619 0.599486 -0.022456
v 0.703957 0.636588 -0.024409
v 0.512590 0.246043 0.000976
v 0.575077 0.355396 -0.008787
v 0.670761 0.462795 -0.028314
v 0.702004 0.505755 -0.030267
v 0.723484 0.552621 -0.030267
v -0.666855 0.470606 -0.034173
v -0.621942 0.538952 -0.024409
v -0.551644 0.476465 -0.018551
v -0.698099 0.513566 -0.036125
v -0.676619 0.593628 -0.028314
v -0.719579 0.562384 -0.036125
v -0.703957 0.630730 -0.028314
v -0.573124 0.355396 -0.018551
v -0.467677 0.425694 -0.010740
v -0.481346 0.214800 -0.006835
v -0.397379 0.386639 -0.008787
v -0.340750 0.326105 -0.004882
v -0.319270 0.298767 -0.004882
v -0.284121 0.273381 -0.004882
v -0.186485 0.001953 -0.006835
v -0.106423 0.089825 -0.002929
v -0.143525 0.005858 -0.004882
v -0.139620 0.216752 -0.002929
v -0.108376 0.146454 -0.002929
v -0.120092 0.185509 -0.002929
v -0.397379 0.041007 -0.004882
v -0.434481 0.046865 -0.004882
v -0.305601 -0.011716 -0.004882
v -0.211870 -0.021480 -0.004882
v -0.225540 -0.068345 -0.006835
v -0.207965 0.261665 -0.002929
v -0.170863 0.246043 -0.002929
v -0.496968 0.060534 -0.002929
v -0.305601 -0.046865 -0.006835
v -0.284121 -0.113258 -0.004882
v -0.317318 -0.072251 -0.008787
v -0.221634 -0.113258 -0.008787
v -0.118140 0.003905 -0.000976
v -0.108376 -0.005858 -0.000976
v -0.637564 0.275334 0.014645
v -0.340750 -0.087873 -0.014645
v -0.465725 -0.099589 -0.018551
v -0.073227 0.095683 0.004882
v -0.077133 0.156218 0.004882
v 0.000976 0.119116 0.004882
v -0.104471 0.206989 0.004882
v -0.071274 -0.173792 0.010740
v 0.071274 -0.173792 0.010740
v 0.073227 0.095683 0.004882
v 0.077133 0.156218 0.004882
v 0.104471 0.206989 0.004882
v -0.174769 0.488181 0.012693
v -0.141572 0.246043 0.004882
v 0.174769 0.488181 0.012693
v 0.141572 0.246043 0.004882
v -0.188438 0.271429 0.004882
v 0.000976 0.540904 0.014645
v 0.188438 0.271429 0.004882
v 0.393474 0.386639 0.016598
v 0.344656 0.425694 0.016598
v -0.393474 0.386639 0.016598
v -0.116187 -0.070298 0.002929
v -0.135714 -0.126927 0.004882
v -0.165005 -0.158171 0.006835
v 0.000976 -0.273381 0.018551
v 0.098613 -0.265570 0.018551
v -0.098613 -0.265570 0.018551
v -0.061511 -0.302672 0.018551
v 0.061511 -0.302672 0.018551
v 0.139620 -0.246043 0.018551
v -0.020504 -0.322199 0.020504
v 0.020504 -0.322199 0.020504
v 0.000976 -0.328058 0.020504
v -0.139620 -0.246043 0.018551
v -0.344656 0.425694 0.016598
v 0.289979 0.458890 0.016598
v 0.360277 0.330010 0.010740
v 0.393474 0.351490 0.012693
v 0.125951 0.515519 0.014645
v 0.065416 0.533094 0.014645
v 0.165005 -0.158171 0.006835
v 0.135714 -0.126927 0.004882
v 0.116187 -0.070298 0.002929
v 0.194296 -0.224563 0.016598
v 0.266547 -0.197225 0.014645
v -0.125951 0.515519 0.014645
v -0.065416 0.533094 0.014645
v -0.289979 0.458890 0.016598
v -0.194296 -0.224563 0.016598
v -0.266547 -0.197225 0.014645
v 0.190391 -0.136691 0.002929
v -0.190391 -0.136691 0.002929
v 0.461819 0.398356 0.010740
v -0.723484 0.607297 -0.034173
v -0.719579 0.654162 -0.030267
v -0.512590 0.246043 0.000976
v -0.635612 0.292909 0.014645
v -0.291932 -0.138643 -0.000976
v 0.291932 -0.138643 -0.000976
v 0.284121 -0.113258 -0.004882
v 0.332939 -0.171840 0.008787
v -0.332939 -0.171840 0.008787
v 0.446197 0.413977 0.016598
v 0.288027 0.290956 0.002929
v -0.288027 0.290956 0.002929
v -0.731295 0.593628 -0.030267
v 0.221634 -0.113258 -0.008787
v -0.713720 0.663926 -0.024409
v -0.723484 0.663926 -0.026362
v -0.721531 0.667831 -0.026362
v -0.727390 0.634635 -0.028314
v -0.313412 0.308530 0.002929
v 0.471583 0.412025 0.022456
v 0.498921 0.396403 0.022456
v 0.522354 0.382734 0.018551
v 0.020504 -0.328058 0.026362
v 0.000976 -0.333916 0.026362
v -0.020504 -0.328058 0.026362
v 0.061511 -0.304625 0.026362
v -0.061511 -0.304625 0.026362
v -0.118140 -0.095683 -0.014645
v -0.034173 -0.089825 -0.000976
v -0.118140 0.019527 -0.014645
v -0.034173 0.013669 -0.000976
v 0.000976 -0.089825 0.000976
v 0.000976 0.011716 0.000976
v 0.034173 0.013669 -0.000976
v 0.034173 -0.089825 -0.000976
v 0.118140 0.019527 -0.014645
v 0.118140 -0.095683 -0.014645
v 0.000976 0.019527 -0.004882
v -0.174769 -0.320247 -0.020504
v -0.131809 -0.214800 -0.018551
v -0.125951 -0.312436 -0.018551
v -0.153289 -0.361254 -0.020504
v -0.127903 -0.394450 -0.020504
v -0.190391 -0.259712 -0.018551
v -0.196249 -0.208941 -0.016598
v -0.157194 -0.093731 -0.016598
v -0.215776 -0.107400 -0.012693
v -0.209918 -0.027338 -0.010740
v -0.157194 -0.027338 -0.016598
v -0.186485 -0.000000 -0.010740
v -0.143525 -0.000000 -0.014645
v -0.104471 -0.355396 -0.014645
v -0.090802 -0.433505 -0.020504
v -0.071274 -0.429599 -0.016598
v -0.067369 -0.449126 -0.020504
v -0.057605 -0.449126 -0.018551
v -0.057605 -0.453032 -0.018551
v -0.059558 -0.454985 -0.018551
v -0.057605 -0.454985 -0.018551
v -0.116187 -0.304625 -0.014645
v -0.120092 -0.263618 -0.014645
v -0.120092 -0.216752 -0.014645
v -0.110329 -0.134738 -0.010740
v -0.100565 -0.042960 -0.008787
v -0.104471 -0.005858 -0.008787
v -0.196249 -0.265570 -0.014645
v -0.198201 -0.216752 -0.012693
v -0.069322 -0.453032 -0.016598
v -0.088849 -0.439363 -0.014645
v -0.127903 -0.402261 -0.014645
v -0.155242 -0.367112 -0.014645
v -0.176721 -0.326105 -0.014645
v 0.174769 -0.320247 -0.020504
v 0.125951 -0.312436 -0.018551
v 0.131809 -0.214800 -0.018551
v 0.153289 -0.361254 -0.020504
v 0.127903 -0.394450 -0.020504
v 0.190391 -0.259712 -0.018551
v 0.196249 -0.208941 -0.016598
v 0.157194 -0.093731 -0.016598
v 0.215776 -0.107400 -0.012693
v 0.209918 -0.027338 -0.010740
v 0.157194 -0.027338 -0.016598
v 0.186485 -0.000000 -0.010740
v 0.143525 -0.000000 -0.014645
v 0.104471 -0.355396 -0.014645
v 0.090802 -0.433505 -0.020504
v 0.071274 -0.429599 -0.016598
v 0.067369 -0.449126 -0.020504
v 0.057605 -0.449126 -0.018551
v 0.057605 -0.453032 -0.018551
v 0.059558 -0.454985 -0.018551
v 0.057605 -0.454985 -0.018551
v 0.116187 -0.304625 -0.014645
v 0.120092 -0.263618 -0.014645
v 0.120092 -0.216752 -0.014645
v 0.110329 -0.134738 -0.010740
v 0.100565 -0.042960 -0.008787
v 0.225540 -0.068345 -0.006835
v 0.104471 -0.005858 -0.008787
v 0.196249 -0.265570 -0.014645
v 0.198201 -0.216752 -0.012693
v 0.069322 -0.453032 -0.016598
v 0.088849 -0.439363 -0.014645
v 0.211871 -0.021480 -0.004882
v 0.127903 -0.402261 -0.014645
v 0.155242 -0.367112 -0.014645
v 0.176721 -0.326105 -0.014645
v 0.147431 -0.029291 0.071274
v 0.233350 -0.015622 0.071274
v 0.184532 -0.015622 0.071274
v 0.284121 -0.003905 0.071274
v 0.282169 0.009764 0.071274
v 0.231398 -0.003905 0.071274
v 0.332939 0.019527 0.065416
v 0.327081 0.031244 0.071274
v 0.350514 0.039054 0.077133
v 0.141572 -0.023433 0.081038
v 0.114234 -0.044913 0.073227
v 0.110329 -0.039054 0.081038
v 0.084943 -0.066393 0.079085
v 0.176721 -0.009764 0.082991
v 0.086896 -0.070298 0.073227
v 0.227492 -0.000000 0.084943
v 0.323176 0.035149 0.082991
v 0.360277 0.062487 0.082991
v 0.071274 -0.105447 0.073227
v 0.278263 0.013669 0.084943
v 0.364183 0.058582 0.067369
v 0.397379 0.082014 0.075180
v 0.571172 0.185509 0.053700
v 0.598510 0.201131 0.040031
v 0.561408 0.208941 0.077133
v 0.602415 0.230421 0.051747
v 0.536023 0.193320 0.082991
v 0.524306 0.164029 0.065416
v 0.495015 0.169887 0.084943
v 0.457914 0.136691 0.075180
v 0.430576 0.111305 0.073227
v 0.422765 0.140596 0.086896
v 0.457914 0.160123 0.086896
v 0.631706 0.277287 0.036125
v 0.649281 0.287050 0.026362
v 0.612179 0.193320 0.026362
v 0.563361 0.142549 0.041984
v 0.571172 0.183556 0.053700
v 0.559455 0.087873 0.018551
v 0.059558 -0.302672 0.032220
v 0.100565 -0.273381 0.032220
v 0.104471 -0.273381 0.026362
v 0.139620 -0.253854 0.032220
v 0.141572 -0.253854 0.026362
v 0.194296 -0.232374 0.032220
v 0.055653 -0.290956 0.040031
v 0.018551 -0.314388 0.038078
v 0.026362 -0.279239 0.059558
v 0.000976 -0.300719 0.061511
v 0.059558 -0.255807 0.053700
v 0.137667 -0.246043 0.036125
v 0.192343 -0.224563 0.036125
v 0.096660 -0.269476 0.034173
v 0.063464 -0.261665 0.051747
v 0.082991 -0.234327 0.057605
v 0.135714 -0.246043 0.036125
v 0.110329 -0.212847 0.059558
v 0.139620 -0.199178 0.057605
v 0.192343 -0.222610 0.036125
v 0.174769 -0.171840 0.061511
v 0.268499 -0.206989 0.028314
v 0.268499 -0.199178 0.032220
v 0.334892 -0.183556 0.022456
v 0.332939 -0.173792 0.028314
v 0.215776 -0.162076 0.057605
v 0.268499 -0.197225 0.032220
v 0.332939 -0.171840 0.028314
v 0.252878 -0.142549 0.057605
v 0.401285 -0.158171 0.016598
v 0.288027 -0.154265 0.041984
v 0.278263 -0.117163 0.059558
v 0.321223 -0.124974 0.045889
v 0.397379 -0.146454 0.020504
v 0.020504 -0.328058 0.034173
v 0.293885 -0.085920 0.063464
v 0.325128 -0.048818 0.067369
v 0.395427 -0.060534 0.047842
v 0.352467 -0.054676 0.059558
v 0.387616 -0.048818 0.053700
v 0.389568 -0.126927 0.026362
v 0.442292 -0.082014 0.024409
v 0.444245 -0.097636 0.018551
v 0.495015 -0.099589 0.008787
v 0.479394 -0.109353 0.008787
v 0.457914 -0.130832 0.008787
v 0.454008 -0.121069 0.012693
v 0.000976 -0.226516 0.081038
v 0.299743 -0.048818 0.071274
v 0.120092 -0.169887 0.067369
v 0.108376 -0.205036 0.059558
v 0.082991 -0.181603 0.071274
v 0.079085 -0.228469 0.057605
v 0.057605 -0.183556 0.075180
v 0.040031 -0.230421 0.067369
v 0.323176 -0.023433 0.073227
v 0.284121 -0.009764 0.082991
v 0.270452 -0.037102 0.079085
v 0.327081 0.013669 0.081038
v 0.000976 -0.318294 0.038078
v 0.000976 -0.331963 0.034173
v 0.082991 -0.136691 0.079085
v 0.424717 -0.033196 0.043936
v 0.446197 0.001953 0.043936
v 0.541881 0.083967 0.028314
v 0.496968 0.076156 0.045889
v 0.512590 0.124974 0.055653
v 0.448150 0.080062 0.057605
v 0.455961 0.041007 0.047842
v 0.430576 0.109353 0.073227
v 0.524306 0.162076 0.065416
v 0.426670 0.087873 0.067369
v 0.397379 0.105447 0.081038
v 0.229445 -0.025385 0.082991
v -0.020504 -0.328058 0.034173
v -0.018551 -0.314388 0.038078
v 0.459866 -0.074203 0.018551
v 0.454008 -0.119116 0.012693
v 0.448150 -0.109353 0.016598
v 0.393474 -0.136691 0.024409
v 0.397379 -0.144502 0.020504
v 0.330987 -0.164029 0.032220
v 0.278263 -0.185509 0.038078
v 0.288027 -0.156218 0.041984
v 0.389568 -0.128880 0.026362
v 0.393474 -0.134738 0.024409
v 0.448150 -0.107400 0.016598
v 0.444245 -0.099589 0.018551
v 0.075180 -0.109353 0.081038
v 0.094707 -0.099589 0.081038
v 0.090802 -0.074203 0.082991
v 0.114234 -0.072251 0.082991
v 0.108376 -0.206989 0.059558
v 0.034173 -0.222610 0.065416
v 0.018551 -0.150360 0.086896
v 0.118140 -0.050771 0.082991
v 0.139620 -0.054676 0.082991
v 0.151336 -0.035149 0.082991
v 0.174769 -0.041007 0.082991
v 0.276310 -0.183556 0.038078
v 0.000976 -0.146454 0.098613
v 0.038078 -0.148407 0.075180
v 0.022456 -0.060534 0.092754
v 0.041984 -0.060534 0.081038
v 0.000976 -0.060534 0.108376
v 0.498921 -0.105447 0.002929
v 0.457914 -0.076156 0.018551
v 0.459866 -0.076156 0.018551
v 0.459866 -0.078109 0.018551
v 0.485252 -0.113258 0.002929
v 0.036125 0.041007 0.081038
v 0.051747 -0.041007 0.077133
v 0.051747 0.003905 0.077133
v 0.059558 0.033196 0.077133
v 0.040031 0.113258 0.077133
v 0.000976 -0.023433 0.104471
v 0.473535 -0.082014 0.008787
v 0.555550 0.080062 0.016598
v 0.498921 -0.091778 0.004882
v 0.393474 0.107400 0.079085
v 0.502826 -0.095683 0.000976
v 0.233350 -0.035149 0.069322
v 0.446197 0.042960 0.041984
v 0.436434 0.005858 0.038078
v 0.426670 0.011716 0.051747
v 0.409096 -0.019527 0.047842
v 0.377852 -0.007811 0.055653
v 0.371994 0.052724 0.065416
v 0.436434 0.046865 0.055653
v 0.344656 0.009764 0.061511
v 0.327081 -0.019527 0.057605
v 0.352467 -0.033196 0.049794
v 0.327081 -0.042960 0.051747
v 0.352467 -0.046865 0.045889
v 0.383710 -0.041007 0.041984
v 0.426670 0.072251 0.059558
v 0.397379 0.080062 0.059558
v 0.418859 -0.027338 0.036125
v 0.440339 0.074203 0.047842
v 0.422765 0.083967 0.051747
v 0.174769 -0.048818 0.069322
v 0.223587 -0.042960 0.069322
v 0.266547 -0.048818 0.067369
v 0.125951 -0.109353 0.071274
v 0.252878 -0.097636 0.063464
v 0.274358 -0.082014 0.061511
v 0.106423 -0.150360 0.067369
v 0.207965 -0.136691 0.057605
v 0.282169 -0.056629 0.065416
v 0.254830 -0.111305 0.057605
v 0.102518 -0.128880 0.069322
v 0.268499 -0.041007 0.067369
v 0.293885 -0.050771 0.059558
v 0.172816 -0.160123 0.051747
v 0.141572 -0.060534 0.069322
v 0.211871 -0.150360 0.047842
v 0.247020 -0.132785 0.045889
v 0.098613 -0.103494 0.067369
v 0.116187 -0.078109 0.067369
v 0.088849 -0.134738 0.065416
v 0.084943 -0.173792 0.057605
v 0.120092 -0.160123 0.057605
v 0.286074 -0.080062 0.051747
v 0.270452 -0.109353 0.047842
v -0.473535 -0.082014 -0.000976
v -0.473535 -0.082014 0.008787
v 0.473535 -0.082014 -0.000976
v -0.559455 0.087873 0.018551
v -0.555550 0.080062 0.016598
v -0.612179 0.193320 0.026362
v -0.649281 0.287050 0.026362
v -0.637564 0.300719 0.022456
v 0.637564 0.275334 0.014645
v 0.635612 0.292909 0.014645
v 0.637564 0.300719 0.022456
v -0.397379 -0.210894 -0.016598
v 0.397379 -0.210894 -0.016598
v -0.545786 0.218705 -0.016598
v -0.664902 0.300719 -0.030267
v -0.664902 0.304625 -0.020504
v -0.545786 0.216752 -0.022456
v -0.434481 0.119116 -0.014645
v -0.733248 0.365159 -0.034173
v -0.737153 0.372970 -0.028314
v -0.768397 0.412025 -0.034173
v -0.770349 0.419836 -0.028314
v -0.797688 0.447174 -0.034173
v 0.545786 0.218705 -0.016598
v 0.664902 0.304625 -0.020504
v 0.664902 0.300719 -0.030267
v 0.545786 0.216752 -0.022456
v 0.434481 0.119116 -0.014645
v 0.733248 0.365159 -0.034173
v 0.737153 0.372970 -0.028314
v 0.768397 0.412025 -0.034173
v 0.770349 0.419836 -0.028314
v 0.797688 0.447174 -0.034173
v 0.315365 -0.156218 -0.014645
v 0.366136 0.380781 -0.000976
v 0.368088 0.382734 0.004882
v 0.393474 0.394450 -0.000976
v 0.336845 0.333916 0.002929
v 0.397379 0.386639 -0.008787
v 0.340750 0.326105 -0.004882
v 0.313412 0.308530 0.002929
v 0.106423 0.089825 -0.002929
v 0.108376 0.146454 -0.002929
v 0.139620 0.216752 -0.002929
v 0.120092 0.185509 -0.002929
v 0.284121 0.273381 -0.004882
v 0.186485 0.001953 -0.006835
v 0.319270 0.298767 -0.004882
v 0.397379 0.041007 -0.004882
v 0.305601 -0.011716 -0.004882
v 0.434481 0.046865 -0.004882
v 0.143525 0.005858 -0.004882
v 0.207965 0.261665 -0.002929
v 0.170863 0.246043 -0.002929
v 0.496968 0.060534 -0.002929
v 0.305601 -0.046865 -0.006835
v 0.317318 -0.072251 -0.008787
v 0.118140 0.003905 -0.000976
v 0.108376 -0.005858 -0.000976
v 0.340750 -0.087873 -0.014645
v 0.465725 -0.099589 -0.018551
v 0.530164 0.265570 0.010740
v 0.491110 0.267523 0.016598
v -0.530164 0.265570 0.010740
v -0.534070 0.269476 0.026362
v -0.506732 0.267523 0.026362
v -0.491110 0.267523 0.016598
v -0.498921 0.263618 0.040031
v 0.506732 0.267523 0.026362
v 0.534070 0.269476 0.026362
v 0.498921 0.263618 0.040031
v 0.637564 0.298767 0.026362
v -0.571172 0.185509 0.053700
v -0.561408 0.208941 0.077133
v -0.598510 0.201131 0.040031
v -0.602415 0.230421 0.051747
v -0.536023 0.193320 0.082991
v -0.524306 0.164029 0.065416
v -0.495015 0.169887 0.084943
v -0.457914 0.136691 0.075180
v -0.430576 0.111305 0.073227
v -0.422765 0.140596 0.086896
v -0.457914 0.160123 0.086896
v -0.631706 0.277287 0.036125
v -0.571172 0.183556 0.053700
v -0.524306 0.162076 0.065416
v -0.563361 0.142549 0.041984
v -0.512590 0.124974 0.055653
v -0.541881 0.083967 0.028314
v -0.496968 0.076156 0.045889
v -0.446197 0.001953 0.043936
v -0.442292 -0.082014 0.024409
v -0.424717 -0.033196 0.043936
v -0.395427 -0.060534 0.047842
v -0.387616 -0.048818 0.053700
v -0.459866 -0.074203 0.018551
v -0.430576 0.109353 0.073227
v -0.448150 0.080062 0.057605
v -0.426670 0.087873 0.067369
v -0.397379 0.082014 0.075180
v -0.397379 0.105447 0.081038
v -0.455961 0.041007 0.047842
v -0.457914 -0.076156 0.018551
v -0.459866 -0.076156 0.018551
v -0.459866 -0.078109 0.018551
v -0.446197 0.042960 0.041984
v -0.436434 0.005858 0.038078
v -0.426670 0.011716 0.051747
v -0.409096 -0.019527 0.047842
v -0.418859 -0.027338 0.036125
v -0.383710 -0.041007 0.041984
v -0.436434 0.046865 0.055653
v -0.440339 0.074203 0.047842
v -0.426670 0.072251 0.059558
v -0.422765 0.083967 0.051747
v -0.397379 0.080062 0.059558
v -0.364183 0.058582 0.067369
v -0.360277 0.062487 0.082991
v -0.327081 0.031244 0.071274
v -0.323176 0.035149 0.082991
v -0.282169 0.009764 0.071274
v -0.278263 0.013669 0.084943
v -0.231398 -0.003905 0.071274
v -0.227492 -0.000000 0.084943
v -0.184532 -0.015622 0.071274
v -0.543834 0.076156 -0.020504
v -0.614132 0.078109 -0.012693
v -0.561408 0.097636 -0.012693
v -0.614132 0.072251 -0.022456
v -0.608273 0.064440 -0.028314
v -0.489157 0.035149 -0.022456
v -0.549692 -0.082014 -0.030267
v -0.629753 -0.056629 -0.034173
v -0.684430 -0.023433 -0.034173
v -0.735200 0.152312 -0.034173
v -0.842600 0.046865 -0.034173
v -0.838695 0.078109 -0.034173
v -0.787924 0.148407 -0.034173
v -0.764491 0.177698 -0.034173
v -0.850411 -0.294861 -0.034173
v -0.875796 -0.238232 -0.034173
v -0.795735 -0.259712 -0.034173
v -0.776208 -0.410072 -0.034173
v -0.795735 -0.193320 -0.034173
v -0.881655 -0.177698 -0.034173
v -0.789877 -0.140596 -0.034173
v -0.842600 -0.076156 -0.034173
v -0.717626 -0.027338 -0.034173
v -0.838695 -0.007811 -0.034173
v -0.746917 -0.097636 -0.028314
v -0.780113 -0.164029 -0.028314
v -0.785971 0.173792 -0.028314
v -0.610226 -0.074203 -0.028314
v -0.717626 -0.048818 -0.028314
v -0.700051 -0.035149 -0.028314
v -0.678571 -0.037102 -0.028314
v -0.799640 0.148407 -0.028314
v -0.780113 -0.314388 -0.028314
v -0.764491 -0.398356 -0.028314
v -0.752775 -0.429599 -0.028314
v -0.762539 0.193320 -0.026362
v -0.750822 0.185509 -0.024409
v -0.733248 0.160123 -0.024409
v -0.885560 -0.226516 -0.028314
v -0.807451 -0.376876 -0.028314
v -0.774255 -0.419836 -0.028314
v -0.756680 -0.433505 -0.028314
v -0.754728 -0.433505 -0.028314
v -0.752775 -0.433505 -0.028314
v -0.752775 -0.435457 -0.028314
v -0.754728 -0.435457 -0.028314
v -0.889466 -0.181603 -0.028314
v -0.860175 -0.099589 -0.028314
v -0.887513 -0.167934 -0.028314
v -0.787924 -0.191367 -0.028314
v -0.787924 -0.193320 -0.028314
v -0.787924 -0.195272 -0.028314
v -0.789877 -0.216752 -0.028314
v -0.789877 -0.259712 -0.028314
v -0.848458 -0.070298 -0.028314
v -0.637564 -0.060534 -0.028314
v -0.846506 -0.000000 -0.028314
v -0.850411 0.046865 -0.028314
v -0.844553 0.078109 -0.028314
v -0.844553 -0.037102 -0.028314
v -0.887513 -0.169887 -0.028314
v -0.873844 -0.259712 -0.028314
v -0.850411 -0.306578 -0.028314
v 0.543834 0.076156 -0.020504
v 0.561408 0.097636 -0.012693
v 0.614132 0.078109 -0.012693
v 0.614132 0.072251 -0.022456
v 0.608273 0.064440 -0.028314
v 0.489157 0.035149 -0.022456
v 0.549692 -0.082014 -0.030267
v 0.629753 -0.056629 -0.034173
v 0.684430 -0.023433 -0.034173
v 0.735200 0.152312 -0.034173
v 0.842600 0.046865 -0.034173
v 0.717626 -0.027338 -0.034173
v 0.838695 -0.007811 -0.034173
v 0.842600 -0.076156 -0.034173
v 0.789877 -0.140596 -0.034173
v 0.881655 -0.177698 -0.034173
v 0.795735 -0.193320 -0.034173
v 0.875797 -0.238232 -0.034173
v 0.795735 -0.259712 -0.034173
v 0.850411 -0.294861 -0.034173
v 0.776208 -0.410072 -0.034173
v 0.838695 0.078109 -0.034173
v 0.787924 0.148407 -0.034173
v 0.764491 0.177698 -0.034173
v 0.746917 -0.097636 -0.028314
v 0.780113 -0.164029 -0.028314
v 0.785971 0.173792 -0.028314
v 0.610226 -0.074203 -0.028314
v 0.717626 -0.048818 -0.028314
v 0.700051 -0.035149 -0.028314
v 0.678571 -0.037102 -0.028314
v 0.799640 0.148407 -0.028314
v 0.780113 -0.314388 -0.028314
v 0.764491 -0.398356 -0.028314
v 0.752775 -0.429599 -0.028314
v 0.762539 0.193320 -0.026362
v 0.750822 0.185509 -0.024409
v 0.733248 0.160123 -0.024409
v 0.885560 -0.226516 -0.028314
v 0.807451 -0.376876 -0.028314
v 0.774255 -0.419836 -0.028314
v 0.756680 -0.433505 -0.028314
v 0.752775 -0.433505 -0.028314
v 0.754728 -0.433505 -0.028314
v 0.752775 -0.435457 -0.028314
v 0.754728 -0.435457 -0.028314
v 0.889466 -0.181603 -0.028314
v 0.860175 -0.099589 -0.028314
v 0.887513 -0.167934 -0.028314
v 0.787924 -0.191367 -0.028314
v 0.787924 -0.193320 -0.028314
v 0.787924 -0.195272 -0.028314
v 0.789877 -0.216752 -0.028314
v 0.789877 -0.259712 -0.028314
v 0.848458 -0.070298 -0.028314
v 0.637564 -0.060534 -0.028314
v 0.846506 -0.000000 -0.028314
v 0.850411 0.046865 -0.028314
v 0.844553 0.078109 -0.028314
v 0.844553 -0.037102 -0.028314
v 0.887513 -0.169887 -0.028314
v 0.873844 -0.259712 -0.028314
v 0.850411 -0.306578 -0.028314
v -0.532117 0.345632 0.018551
v -0.530164 0.367112 0.018551
v -0.528212 0.355396 0.012693
v -0.522354 0.382734 0.018551
v 0.532117 0.345632 0.018551
v 0.528212 0.355396 0.012693
v 0.530164 0.367112 0.018551
v -0.575077 0.355396 -0.008787
v -0.670761 0.462795 -0.028314
v -0.702004 0.505755 -0.030267
v -0.723484 0.552621 -0.030267
v -0.200154 -0.105447 -0.030267
v -0.157194 -0.101542 -0.018551
v -0.315365 -0.099589 -0.034173
v -0.311459 -0.105447 -0.043936
v -0.338798 -0.105447 -0.049794
v -0.118140 -0.101542 -0.018551
v -0.034173 -0.095683 -0.006835
v 0.000976 -0.095683 -0.004882
v 0.034173 -0.095683 -0.006835
v 0.200154 -0.105447 -0.030267
v 0.315365 -0.099589 -0.034173
v 0.157194 -0.101542 -0.018551
v 0.311459 -0.105447 -0.043936
v 0.338798 -0.105447 -0.049794
v 0.118140 -0.101542 -0.018551
v -0.315365 0.003905 -0.018551
v -0.358325 0.044913 -0.012693
v -0.315365 0.005858 -0.012693
v -0.356372 0.042960 -0.020504
v -0.301696 -0.023433 -0.016598
v -0.303649 -0.042960 -0.016598
v -0.340750 -0.085920 -0.018551
v -0.682477 0.201131 -0.032220
v -0.317318 -0.070298 -0.016598
v -0.684430 0.199178 -0.030267
v -0.744964 0.234327 -0.030267
v 0.315365 0.003905 -0.018551
v 0.315365 0.005858 -0.012693
v 0.358325 0.044913 -0.012693
v 0.356372 0.042960 -0.020504
v 0.301696 -0.023433 -0.016598
v 0.303649 -0.042960 -0.016598
v 0.340750 -0.085920 -0.018551
v 0.682477 0.201131 -0.032220
v 0.317318 -0.070298 -0.016598
v 0.684430 0.199178 -0.030267
v 0.744964 0.234327 -0.030267
v -0.198201 0.031244 -0.030267
v -0.309507 0.041007 -0.043936
v -0.315365 0.037102 -0.034173
v -0.338798 0.042960 -0.049794
v -0.360277 0.039054 -0.051747
v -0.368088 0.044913 -0.065416
v -0.403237 0.054676 -0.084943
v -0.118140 0.025385 -0.018551
v -0.034173 0.019527 -0.006835
v -0.401285 0.050771 -0.090802
v 0.198201 0.031244 -0.030267
v 0.315365 0.037102 -0.034173
v 0.309507 0.041007 -0.043936
v 0.338798 0.042960 -0.049794
v 0.360277 0.039054 -0.051747
v 0.368088 0.044913 -0.065416
v 0.403237 0.054676 -0.084943
v 0.118140 0.025385 -0.018551
v 0.034173 0.019527 -0.006835
v 0.401285 0.050771 -0.090802
v -0.532117 0.191367 0.069322
v -0.461819 0.162076 0.075180
v -0.424717 0.144502 0.079085
v -0.393474 0.107400 0.079085
v 0.532117 0.191367 0.069322
v 0.461819 0.162076 0.075180
v 0.424717 0.144502 0.079085
v -0.151336 -0.035149 0.082991
v -0.233350 -0.015622 0.071274
v -0.229445 -0.025385 0.082991
v -0.284121 -0.009764 0.082991
v -0.147431 -0.029291 0.071274
v -0.284121 -0.003905 0.071274
v -0.118140 -0.050771 0.082991
v -0.114234 -0.044913 0.073227
v -0.327081 0.013669 0.081038
v -0.086896 -0.070298 0.073227
v -0.090802 -0.074203 0.082991
v -0.332939 0.019527 0.065416
v -0.270452 -0.037102 0.079085
v -0.323176 -0.023433 0.073227
v -0.299743 -0.048818 0.071274
v -0.325128 -0.048818 0.067369
v -0.350514 0.039054 0.077133
v -0.371994 0.052724 0.065416
v -0.377852 -0.007811 0.055653
v -0.344656 0.009764 0.061511
v -0.327081 -0.019527 0.057605
v -0.352467 -0.033196 0.049794
v -0.327081 -0.042960 0.051747
v -0.352467 -0.046865 0.045889
v -0.118140 0.005858 0.079085
v -0.116187 0.009764 0.086896
v -0.229445 0.011716 0.084943
v 0.118140 0.005858 0.079085
v 0.229445 0.011716 0.084943
v 0.116187 0.009764 0.086896
v -0.621942 0.542857 -0.012693
v -0.621942 0.546763 -0.018551
v -0.676619 0.595581 -0.016598
v -0.676619 0.599486 -0.022456
v -0.549692 0.484275 -0.012693
v -0.549692 0.480370 -0.004882
v -0.463772 0.429599 -0.004882
v -0.463772 0.425694 0.000976
v -0.393474 0.394450 -0.000976
v -0.703957 0.632682 -0.018551
v -0.703957 0.636588 -0.024409
v -0.717626 0.648304 -0.016598
v -0.707862 0.611202 -0.008787
v -0.723484 0.661973 -0.022456
v -0.721531 0.667831 -0.024409
v -0.584841 0.443268 0.010740
v -0.641470 0.505755 0.002929
v -0.461819 0.398356 0.010740
v -0.395427 0.388592 0.004882
v -0.393474 0.351490 0.012693
v -0.368088 0.382734 0.004882
v -0.360277 0.330010 0.010740
v -0.336845 0.333916 0.002929
v -0.684430 0.566290 -0.002929
v -0.668808 0.462795 -0.022456
v -0.711768 0.531141 -0.026362
v -0.729342 0.581912 -0.026362
v -0.727390 0.632682 -0.020504
v 0.621942 0.542857 -0.012693
v 0.676619 0.595581 -0.016598
v 0.549692 0.480370 -0.004882
v 0.463772 0.425694 0.000976
v 0.703957 0.632682 -0.018551
v 0.717626 0.648304 -0.016598
v 0.707862 0.611202 -0.008787
v 0.723484 0.661973 -0.022456
v 0.721531 0.667831 -0.024409
v 0.584841 0.443268 0.010740
v 0.641470 0.505755 0.002929
v 0.395427 0.388592 0.004882
v 0.684430 0.566290 -0.002929
v 0.668808 0.462795 -0.022456
v 0.711768 0.531141 -0.026362
v 0.729342 0.581912 -0.026362
v 0.727390 0.632682 -0.020504
v 0.780113 0.019527 -0.002929
v 0.836742 0.074203 -0.018551
v 0.780113 0.023433 -0.002929
v 0.836742 0.076156 -0.018551
v 0.780113 0.027338 -0.002929
v 0.780113 0.029291 -0.002929
v 0.836742 0.070298 -0.018551
v 0.834789 0.078109 -0.018551
v 0.774255 0.089825 -0.002929
v 0.791829 0.148407 -0.018551
v 0.760586 0.121069 -0.006835
v 0.768397 0.171840 -0.014645
v 0.772302 0.087873 -0.002929
v 0.741059 0.087873 -0.000976
v 0.764491 0.187461 -0.018551
v 0.743011 0.085920 0.000976
v 0.838695 0.070298 -0.018551
v 0.780113 0.017575 -0.004882
v -0.032220 0.540904 0.022456
v -0.065416 0.536999 0.022456
v -0.094707 0.529188 0.022456
v -0.125951 0.519424 0.022456
v -0.155242 0.507708 0.022456
v -0.178674 0.494039 0.024409
v -0.219681 0.484275 0.016598
v -0.219681 0.488181 0.024409
v 0.000976 0.542857 0.022456
v 0.879702 -0.046865 -0.026362
v 0.887513 0.041007 -0.020504
v 0.879702 -0.056629 -0.026362
v 0.887513 0.070298 -0.018551
v 0.883607 0.097636 -0.018551
v 0.883607 0.099589 -0.018551
v 0.883607 0.101542 -0.018551
v -0.879702 -0.046865 -0.026362
v -0.887513 0.041007 -0.020504
v -0.879702 -0.056629 -0.026362
v -0.887513 0.070298 -0.018551
v -0.883607 0.097636 -0.018551
v -0.883607 0.099589 -0.018551
v -0.883607 0.101542 -0.018551
v -0.354419 -0.210894 -0.018551
v -0.315365 -0.193320 -0.010740
v -0.385663 -0.214800 -0.020504
v 0.354419 -0.210894 -0.018551
v 0.315365 -0.193320 -0.010740
v 0.385663 -0.214800 -0.020504
v -0.237256 0.263618 0.063464
v -0.237256 0.275334 0.061511
v -0.243114 0.275334 0.071274
v -0.266547 0.343679 0.059558
v -0.252878 0.316341 0.055653
v -0.266547 0.361254 0.047842
v -0.272405 0.390545 0.047842
v -0.272405 0.410072 0.038078
v -0.192343 0.246043 0.073227
v -0.190391 0.249949 0.082991
v -0.209918 0.287050 0.069322
v -0.209918 0.290956 0.077133
v -0.139620 0.191367 0.088849
v -0.139620 0.187461 0.079085
v -0.217729 0.289003 0.067369
v 0.192343 0.246043 0.073227
v 0.209918 0.287050 0.069322
v 0.190391 0.249949 0.082991
v 0.209918 0.290956 0.077133
v 0.139620 0.191367 0.088849
v 0.139620 0.187461 0.079085
v 0.217729 0.289003 0.067369
v 0.252878 0.316341 0.055653
v 0.237256 0.275334 0.061511
v 0.237256 0.263618 0.063464
v -0.194296 0.247996 0.082991
v -0.213823 0.285098 0.081038
v -0.143525 0.189414 0.086896
v -0.112282 0.134738 0.088849
v -0.108376 0.132785 0.081038
v -0.114234 0.132785 0.090802
v -0.077133 0.109353 0.088849
v -0.082991 0.097636 0.090802
v -0.069322 0.101542 0.081038
v -0.077133 0.087873 0.079085
v 0.194296 0.247996 0.082991
v 0.213823 0.285098 0.081038
v 0.143525 0.189414 0.086896
v 0.112282 0.134738 0.088849
v 0.108376 0.132785 0.081038
v 0.114234 0.132785 0.090802
v 0.077133 0.109353 0.088849
v 0.082991 0.097636 0.090802
v 0.069322 0.101542 0.081038
v 0.077133 0.087873 0.079085
v -0.289979 0.460843 0.024409
v -0.344656 0.429599 0.024409
v -0.373947 0.410072 0.024409
v -0.391521 0.396403 0.026362
v 0.219681 0.484275 0.016598
v 0.289979 0.460843 0.024409
v 0.344656 0.429599 0.024409
v 0.219681 0.488181 0.024409
v 0.373947 0.410072 0.024409
v 0.391521 0.396403 0.026362
v -0.368088 -0.105447 -0.065416
v -0.360277 -0.101542 -0.053700
v -0.407143 -0.103494 -0.082991
v -0.403237 -0.109353 -0.090802
v -0.416906 -0.111305 -0.088849
v -0.422765 -0.132785 -0.100565
v -0.493063 0.062487 -0.102518
v -0.481346 0.089825 -0.102518
v -0.481346 0.089825 -0.106423
v -0.493063 0.062487 -0.106423
v -0.500874 0.033196 -0.102518
v -0.469630 0.107400 -0.106423
v -0.469630 0.107400 -0.102518
v -0.491110 0.062487 -0.098613
v -0.471583 0.101542 -0.098613
v -0.455961 0.121069 -0.102518
v -0.444245 0.123022 -0.096660
v -0.498921 -0.000000 -0.098613
v -0.430576 0.113258 -0.092754
v -0.446197 0.054676 -0.092754
v -0.416906 0.076156 -0.088849
v -0.409096 0.046865 -0.084943
v -0.446197 -0.101542 -0.094707
v -0.493063 -0.068345 -0.098613
v -0.471583 -0.113258 -0.098613
v -0.436434 -0.126927 -0.096660
v -0.414954 0.121069 -0.094707
v -0.420812 0.130832 -0.096660
v -0.502826 -0.037102 -0.102518
v -0.409096 0.076156 -0.090802
v -0.143525 0.001953 -0.016598
v -0.118140 0.003905 -0.008787
v -0.487205 -0.093731 -0.102518
v -0.455961 -0.128880 -0.102518
v -0.502826 -0.001953 -0.102518
v -0.496968 -0.066393 -0.102518
v -0.442292 0.128880 -0.100565
v -0.434481 -0.134738 -0.102518
v -0.473535 -0.115211 -0.102518
v -0.455961 0.121069 -0.104471
v 0.368088 -0.105447 -0.065416
v 0.407143 -0.103494 -0.082991
v 0.360277 -0.101542 -0.053700
v 0.403237 -0.109353 -0.090802
v 0.416906 -0.111305 -0.088849
v 0.422765 -0.132785 -0.100565
v 0.493063 0.062487 -0.102518
v 0.481346 0.089825 -0.106423
v 0.481346 0.089825 -0.102518
v 0.493063 0.062487 -0.106423
v 0.500874 0.033196 -0.102518
v 0.469630 0.107400 -0.106423
v 0.469630 0.107400 -0.102518
v 0.491110 0.062487 -0.098613
v 0.471583 0.101542 -0.098613
v 0.455961 0.121069 -0.102518
v 0.444245 0.123022 -0.096660
v 0.498921 -0.000000 -0.098613
v 0.430576 0.113258 -0.092754
v 0.446197 0.054676 -0.092754
v 0.416906 0.076156 -0.088849
v 0.409096 0.046865 -0.084943
v 0.446197 -0.101542 -0.094707
v 0.493063 -0.068345 -0.098613
v 0.471583 -0.113258 -0.098613
v 0.436434 -0.126927 -0.096660
v 0.414954 0.121069 -0.094707
v 0.420812 0.130832 -0.096660
v 0.502826 -0.037102 -0.102518
v 0.409096 0.076156 -0.090802
v 0.143525 0.001953 -0.016598
v 0.118140 0.003905 -0.008787
v 0.487205 -0.093731 -0.102518
v 0.455961 -0.128880 -0.102518
v 0.502826 -0.001953 -0.102518
v 0.496968 -0.066393 -0.102518
v 0.442292 0.128880 -0.100565
v 0.434481 -0.134738 -0.102518
v 0.473535 -0.115211 -0.102518
v 0.809404 0.220658 -0.028314
v 0.774255 0.240185 -0.028314
v 0.774255 0.247996 -0.034173
v 0.744964 0.240185 -0.034173
v -0.809404 0.220658 -0.028314
v -0.774255 0.240185 -0.028314
v -0.774255 0.247996 -0.034173
v -0.744964 0.240185 -0.034173
v -0.446197 -0.156218 -0.016598
v -0.467677 -0.099589 -0.012693
v -0.440339 -0.177698 -0.010740
v -0.452055 -0.136691 -0.004882
v -0.436434 -0.177698 -0.004882
v -0.420812 -0.201131 -0.010740
v -0.420812 -0.203083 -0.020504
v -0.504779 -0.097636 -0.022456
v 0.446197 -0.156218 -0.016598
v 0.467677 -0.099589 -0.012693
v 0.440339 -0.177698 -0.010740
v 0.452055 -0.136691 -0.004882
v 0.436434 -0.177698 -0.004882
v 0.420812 -0.201131 -0.010740
v 0.420812 -0.203083 -0.020504
v 0.504779 -0.097636 -0.022456
v -0.504779 -0.095683 -0.016598
v -0.551644 -0.089825 -0.026362
v -0.551644 -0.087873 -0.020504
v -0.610226 -0.070298 -0.022456
v -0.526259 -0.076156 -0.004882
v -0.496968 -0.083967 -0.006835
v -0.653186 -0.037102 -0.018551
v -0.682477 -0.019527 -0.018551
v -0.662950 -0.007811 -0.010740
v -0.553597 -0.050771 -0.002929
v -0.707862 0.007811 -0.008787
v -0.703957 -0.021480 -0.018551
v -0.582888 -0.009764 -0.000976
v -0.672713 0.046865 -0.000976
v -0.743011 0.085920 0.000976
v -0.780113 0.017575 -0.004882
v -0.772302 0.087873 -0.002929
v -0.752775 -0.019527 -0.008787
v -0.526259 -0.074203 -0.004882
v -0.729342 -0.033196 -0.016598
v -0.588746 0.007811 -0.000976
v -0.670761 0.054676 -0.000976
v -0.821120 -0.117163 -0.006835
v -0.823073 -0.087873 -0.008787
v -0.848458 -0.189414 -0.004882
v -0.797688 -0.154265 -0.016598
v -0.819168 -0.189414 -0.010740
v -0.819168 -0.191367 -0.010740
v -0.848458 -0.195272 -0.004882
v -0.819168 -0.195272 -0.010740
v -0.819168 -0.193320 -0.010740
v -0.807451 -0.025385 -0.008787
v -0.840647 0.046865 -0.018551
v -0.838695 0.070298 -0.018551
v -0.869938 -0.160123 -0.012693
v -0.877749 -0.175745 -0.012693
v -0.836742 0.070298 -0.018551
v -0.836742 -0.029291 -0.018551
v -0.840647 -0.062487 -0.018551
v -0.846506 -0.089825 -0.018551
v -0.850411 -0.197225 -0.006835
v -0.741059 0.087873 -0.000976
v -0.553597 -0.048818 -0.006835
v -0.582888 -0.007811 -0.002929
v -0.588746 0.009764 -0.002929
v -0.592652 0.066393 -0.000976
v -0.592652 0.017575 -0.002929
v -0.596557 0.064440 -0.002929
v -0.877749 -0.177698 -0.012693
v -0.873844 -0.193320 -0.010740
v -0.592652 0.015622 -0.004882
v -0.850411 -0.199178 -0.006835
v -0.848458 -0.199178 -0.006835
v -0.850411 -0.201131 -0.006835
v -0.850411 -0.203083 -0.006835
v -0.850411 -0.205036 -0.006835
v -0.842600 -0.259712 -0.012693
v -0.858222 -0.259712 -0.016598
v -0.834789 -0.306578 -0.016598
v -0.815262 -0.279239 -0.014645
v -0.795735 -0.376876 -0.016598
v -0.819168 -0.234327 -0.014645
v -0.821120 -0.205036 -0.010740
v -0.821120 -0.201131 -0.010740
v -0.819168 -0.199178 -0.010740
v -0.821120 -0.203083 -0.010740
v -0.787924 -0.314388 -0.022456
v -0.768397 -0.398356 -0.022456
v -0.776208 -0.410072 -0.020504
v -0.756680 -0.429599 -0.026362
v -0.752775 -0.429599 -0.026362
v -0.752775 -0.433505 -0.026362
v -0.754728 -0.433505 -0.026362
v -0.797688 -0.259712 -0.022456
v -0.797688 -0.216752 -0.022456
v -0.799640 -0.191367 -0.018551
v 0.551644 -0.089825 -0.026362
v 0.504779 -0.095683 -0.016598
v 0.551644 -0.087873 -0.020504
v 0.610226 -0.070298 -0.022456
v 0.526259 -0.076156 -0.004882
v 0.496968 -0.083967 -0.006835
v 0.653186 -0.037102 -0.018551
v 0.682477 -0.019527 -0.018551
v 0.662950 -0.007811 -0.010740
v 0.553597 -0.050771 -0.002929
v 0.707862 0.007811 -0.008787
v 0.703957 -0.021480 -0.018551
v 0.582888 -0.009764 -0.000976
v 0.672713 0.046865 -0.000976
v 0.752775 -0.019527 -0.008787
v 0.526259 -0.074203 -0.004882
v 0.729342 -0.033196 -0.016598
v 0.588746 0.007811 -0.000976
v 0.670761 0.054676 -0.000976
v 0.821120 -0.117163 -0.006835
v 0.823073 -0.087873 -0.008787
v 0.848458 -0.189414 -0.004882
v 0.797688 -0.154265 -0.016598
v 0.819168 -0.189414 -0.010740
v 0.819168 -0.191367 -0.010740
v 0.819168 -0.193320 -0.010740
v 0.848458 -0.195272 -0.004882
v 0.819168 -0.195272 -0.010740
v 0.807451 -0.025385 -0.008787
v 0.840647 0.046865 -0.018551
v 0.869938 -0.160123 -0.012693
v 0.877749 -0.175745 -0.012693
v 0.836742 -0.029291 -0.018551
v 0.840647 -0.062487 -0.018551
v 0.846506 -0.089825 -0.018551
v 0.850411 -0.197225 -0.006835
v 0.553597 -0.048818 -0.006835
v 0.582888 -0.007811 -0.002929
v 0.588746 0.009764 -0.002929
v 0.592652 0.066393 -0.000976
v 0.592652 0.017575 -0.002929
v 0.596557 0.064440 -0.002929
v 0.877749 -0.177698 -0.012693
v 0.873844 -0.193320 -0.010740
v 0.592652 0.015622 -0.004882
v 0.848458 -0.199178 -0.006835
v 0.850411 -0.199178 -0.006835
v 0.850411 -0.201131 -0.006835
v 0.850411 -0.205036 -0.006835
v 0.850411 -0.203083 -0.006835
v 0.842600 -0.259712 -0.012693
v 0.858222 -0.259712 -0.016598
v 0.834789 -0.306578 -0.016598
v 0.815262 -0.279239 -0.014645
v 0.795735 -0.376876 -0.016598
v 0.819168 -0.234327 -0.014645
v 0.821120 -0.205036 -0.010740
v 0.821120 -0.201131 -0.010740
v 0.819168 -0.199178 -0.010740
v 0.821120 -0.203083 -0.010740
v 0.787924 -0.314388 -0.022456
v 0.768397 -0.398356 -0.022456
v 0.776208 -0.410072 -0.020504
v 0.756680 -0.429599 -0.026362
v 0.752775 -0.429599 -0.026362
v 0.752775 -0.433505 -0.026362
v 0.754728 -0.433505 -0.026362
v 0.797688 -0.259712 -0.022456
v 0.797688 -0.216752 -0.022456
v 0.799640 -0.191367 -0.018551
v 0.737153 0.372970 -0.022456
v 0.830884 0.269476 -0.006835
v 0.854317 0.316341 -0.006835
v 0.852364 0.316341 -0.006835
v 0.787924 0.337821 -0.006835
v 0.854317 0.318294 -0.006835
v 0.832837 0.349538 -0.008787
v 0.787924 0.339774 -0.006835
v 0.832837 0.351490 -0.008787
v 0.713720 0.296814 -0.004882
v 0.770349 0.285098 -0.010740
v 0.713720 0.294861 -0.002929
v 0.875797 0.347585 -0.014645
v 0.862127 0.388592 -0.020504
v 0.805498 0.423741 -0.020504
v 0.780113 0.363207 -0.014645
v 0.772302 0.415930 -0.022456
v 0.799640 0.447174 -0.022456
v 0.787924 0.341727 -0.008787
v 0.713720 0.298767 -0.006835
v 0.832837 0.435457 -0.028314
v 0.623895 0.234327 -0.002929
v 0.526259 0.183556 -0.006835
v 0.875797 0.345632 -0.014645
v 0.815262 0.449126 -0.028314
v 0.864080 0.406166 -0.028314
v 0.797688 0.458890 -0.028314
v 0.799640 0.458890 -0.028314
v 0.625848 0.232374 -0.000976
v 0.881655 0.367112 -0.028314
v 0.893371 0.353443 -0.028314
v 0.899229 0.314388 -0.028314
v 0.891418 0.314388 -0.028314
v 0.496968 0.060534 -0.004882
v 0.547739 0.078109 -0.004882
v 0.495015 0.107400 -0.006835
v 0.577030 0.119116 -0.012693
v 0.684430 0.222610 -0.014645
v -0.737153 0.372970 -0.022456
v -0.830884 0.269476 -0.006835
v -0.852364 0.316341 -0.006835
v -0.854317 0.316341 -0.006835
v -0.854317 0.318294 -0.006835
v -0.787924 0.337821 -0.006835
v -0.832837 0.349538 -0.008787
v -0.787924 0.339774 -0.006835
v -0.832837 0.351490 -0.008787
v -0.713720 0.296814 -0.004882
v -0.770349 0.285098 -0.010740
v -0.713720 0.294861 -0.002929
v -0.875796 0.347585 -0.014645
v -0.862127 0.388592 -0.020504
v -0.805498 0.423741 -0.020504
v -0.780113 0.363207 -0.014645
v -0.772302 0.415930 -0.022456
v -0.799640 0.447174 -0.022456
v -0.787924 0.341727 -0.008787
v -0.713720 0.298767 -0.006835
v -0.832837 0.435457 -0.028314
v -0.623895 0.234327 -0.002929
v -0.526259 0.183556 -0.006835
v -0.875796 0.345632 -0.014645
v -0.815262 0.449126 -0.028314
v -0.864080 0.406166 -0.028314
v -0.797688 0.458890 -0.028314
v -0.799640 0.458890 -0.028314
v -0.625848 0.232374 -0.000976
v -0.881655 0.367112 -0.028314
v -0.893371 0.353443 -0.028314
v -0.899229 0.314388 -0.028314
v -0.891418 0.314388 -0.028314
v -0.496968 0.060534 -0.004882
v -0.495015 0.107400 -0.006835
v -0.577030 0.119116 -0.012693
v -0.684430 0.222610 -0.014645
v -0.401285 -0.150360 0.006835
v -0.457914 -0.130832 0.002929
v -0.485252 -0.113258 -0.004882
v 0.401285 -0.150360 0.006835
v 0.457914 -0.130832 0.002929
v 0.485252 -0.113258 -0.004882
v 0.409096 0.062487 -0.096660
v 0.414954 0.119116 -0.102518
v 0.420812 0.128880 -0.104471
v -0.409096 0.062487 -0.096660
v -0.414954 0.119116 -0.102518
v -0.420812 0.128880 -0.104471
v -0.032220 0.538952 0.028314
v 0.000976 0.540904 0.028314
v -0.065416 0.535046 0.028314
v 0.032220 0.538952 0.028314
v 0.032220 0.540904 0.022456
v -0.094707 0.527235 0.028314
v -0.125951 0.517472 0.028314
v -0.143525 0.005858 -0.008787
v -0.118140 0.003905 -0.004882
v 0.118140 0.003905 -0.004882
v 0.143525 0.005858 -0.008787
v -0.106423 -0.353443 -0.012693
v -0.118140 -0.302672 -0.010740
v -0.122045 -0.261665 -0.010740
v -0.073227 -0.427646 -0.014645
v 0.106423 -0.353443 -0.012693
v 0.118140 -0.302672 -0.010740
v 0.122045 -0.261665 -0.010740
v 0.073227 -0.427646 -0.014645
v -0.498921 -0.091778 0.004882
v -0.502826 -0.095683 0.000976
v -0.502826 -0.095683 -0.004882
v 0.502826 -0.095683 -0.004882
v -0.329034 -0.193320 -0.018551
v 0.329034 -0.193320 -0.018551
v -0.366136 0.380781 -0.000976
v -0.192343 0.490134 0.032220
v -0.120092 -0.214800 -0.010740
v 0.120092 -0.214800 -0.010740
v -0.440339 0.412025 0.022456
v -0.446197 0.413977 0.016598
v -0.440339 0.412025 0.026362
v -0.471583 0.412025 0.022456
v -0.498921 0.396403 0.022456
v 0.440339 0.412025 0.022456
v 0.440339 0.412025 0.026362
v -0.317318 -0.072251 -0.012693
v 0.317318 -0.072251 -0.012693
v 0.155242 0.507708 0.022456
v 0.125951 0.519424 0.022456
v 0.094707 0.529188 0.022456
v 0.065416 0.536999 0.022456
v 0.178674 0.494039 0.024409
v -0.081038 -0.011716 0.079085
v -0.079085 -0.009764 0.084943
v -0.057605 -0.039054 0.084943
v -0.118140 0.003905 0.082991
v -0.082991 -0.013669 0.082991
v 0.081038 -0.011716 0.079085
v 0.079085 -0.009764 0.084943
v 0.057605 -0.039054 0.084943
v 0.118140 0.003905 0.082991
v 0.082991 -0.013669 0.082991
v -0.303649 -0.044913 -0.012693
v -0.301696 -0.023433 -0.012693
v 0.303649 -0.044913 -0.012693
v 0.301696 -0.023433 -0.012693
v -0.403237 -0.093731 -0.018551
v -0.504779 -0.091778 -0.026362
v 0.403237 -0.093731 -0.018551
v 0.504779 -0.091778 -0.026362
v 0.496968 -0.066393 -0.106423
v 0.487205 -0.093731 -0.106423
v 0.500874 -0.037102 -0.106423
v 0.442292 0.128880 -0.104471
v 0.455961 0.121069 -0.104471
v -0.442292 0.128880 -0.104471
v -0.430576 0.124974 -0.106423
v -0.454008 0.115211 -0.106423
v -0.506732 -0.656115 -0.026362
v -0.504779 -0.660021 -0.026362
v 0.506732 -0.656115 -0.026362
v 0.504779 -0.660021 -0.026362
v 0.502826 -0.001953 -0.106423
v 0.498921 0.033196 -0.106423
v 0.498921 -0.001953 -0.108376
v 0.489157 0.062487 -0.108376
v -0.502826 -0.001953 -0.106423
v -0.498921 0.033196 -0.106423
v -0.498921 -0.001953 -0.108376
v -0.489157 0.062487 -0.108376
v -0.496968 -0.066393 -0.106423
v -0.487205 -0.093731 -0.106423
v -0.500874 -0.037102 -0.106423
v -0.471583 -0.103494 -0.108376
v -0.473535 -0.113258 -0.106423
v -0.454008 -0.126927 -0.106423
v -0.432528 -0.123022 -0.106423
v -0.432528 0.062487 -0.106423
v -0.434481 -0.132785 -0.104471
v 0.473535 -0.113258 -0.106423
v 0.454008 -0.126927 -0.106423
v 0.434481 -0.132785 -0.104471
v 0.471583 -0.103494 -0.108376
v 0.432528 -0.123022 -0.106423
v 0.432528 0.062487 -0.106423
v 0.454008 0.115211 -0.106423
v 0.430576 0.124974 -0.106423
v 0.422765 -0.130832 -0.102518
v 0.416906 -0.111305 -0.100565
v 0.368088 -0.099589 -0.069322
v 0.368088 0.039054 -0.069322
v 0.336845 -0.099589 -0.053700
v 0.336845 0.039054 -0.053700
v 0.000976 -0.091778 -0.008787
v -0.034173 0.013669 -0.010740
v 0.000976 0.011716 -0.008787
v -0.034173 -0.091778 -0.010740
v -0.118140 0.019527 -0.022456
v -0.200154 -0.101542 -0.034173
v -0.198201 0.027338 -0.034173
v -0.118140 -0.097636 -0.022456
v -0.309507 0.037102 -0.047842
v -0.311459 -0.099589 -0.047842
v -0.336845 0.039054 -0.053700
v -0.336845 -0.099589 -0.053700
v 0.034173 0.013669 -0.010740
v 0.034173 -0.091778 -0.010740
v 0.118140 0.019527 -0.022456
v 0.118140 -0.097636 -0.022456
v 0.198201 0.027338 -0.034173
v 0.200154 -0.101542 -0.034173
v 0.309507 0.037102 -0.047842
v 0.311459 -0.099589 -0.047842
v -0.368088 0.039054 -0.069322
v -0.368088 -0.099589 -0.069322
v -0.416906 -0.111305 -0.100565
v -0.422765 -0.130832 -0.102518
v -0.741059 0.087873 -0.002929
v -0.758633 0.121069 -0.006835
v 0.670761 0.056629 -0.002929
v 0.741059 0.087873 -0.002929
v -0.252878 -0.398356 -0.012693
v -0.284121 -0.378828 -0.012693
v -0.254830 -0.396403 -0.016598
v -0.239209 -0.402261 -0.012693
v -0.276310 -0.378828 -0.004882
v -0.247020 -0.398356 -0.008787
v -0.301696 -0.353443 -0.002929
v -0.311459 -0.353443 -0.012693
v -0.330987 -0.318294 -0.000976
v -0.340750 -0.318294 -0.012693
v -0.360277 -0.275334 0.000976
v -0.237256 -0.400308 -0.010740
v -0.233350 -0.404214 -0.012693
v -0.235303 -0.404214 -0.012693
v -0.233350 -0.406166 -0.012693
v -0.370041 -0.275334 -0.012693
v 0.252878 -0.398356 -0.012693
v 0.254830 -0.396403 -0.016598
v 0.284121 -0.378828 -0.012693
v 0.239209 -0.402261 -0.012693
v 0.276310 -0.378828 -0.004882
v 0.247020 -0.398356 -0.008787
v 0.301696 -0.353443 -0.002929
v 0.311459 -0.353443 -0.012693
v 0.330987 -0.318294 -0.000976
v 0.340750 -0.318294 -0.012693
v 0.360277 -0.275334 0.000976
v 0.237256 -0.400308 -0.010740
v 0.233350 -0.404214 -0.012693
v 0.235303 -0.404214 -0.012693
v 0.233350 -0.406166 -0.012693
v 0.370041 -0.275334 -0.012693
v -0.498921 -0.105447 -0.004882
v -0.498921 -0.105447 0.002929
v -0.485252 -0.113258 0.002929
v -0.457914 -0.130832 0.008787
v -0.401285 -0.158171 0.010740
v -0.401285 -0.158171 0.016598
v -0.334892 -0.183556 0.016598
v -0.334892 -0.183556 0.022456
v -0.268499 -0.206989 0.020504
v -0.196249 -0.232374 0.024409
v -0.268499 -0.206989 0.028314
v -0.194296 -0.232374 0.032220
v -0.141572 -0.253854 0.026362
v -0.397379 -0.152312 0.004882
v -0.104471 -0.273381 0.026362
v 0.498921 -0.105447 -0.004882
v 0.401285 -0.158171 0.010740
v 0.334892 -0.183556 0.016598
v 0.268499 -0.206989 0.020504
v 0.196249 -0.232374 0.024409
v 0.397379 -0.152312 0.004882
v -0.621942 0.050771 -0.004882
v -0.618037 0.068345 -0.014645
v 0.621942 0.050771 -0.004882
v 0.618037 0.068345 -0.014645
v -0.237256 -0.398356 -0.012693
v -0.245067 -0.390545 -0.012693
v -0.245067 -0.392497 -0.008787
v -0.262641 -0.365159 -0.010740
v -0.266547 -0.365159 -0.006835
v -0.293885 -0.281192 -0.008787
v -0.297790 -0.281192 -0.002929
v -0.303649 -0.242138 -0.006835
v -0.305601 -0.206989 -0.006835
v -0.309507 -0.203083 -0.000976
v -0.307554 -0.240185 -0.000976
v -0.327081 -0.259712 0.006835
v -0.293885 -0.345632 -0.000976
v -0.387616 -0.216752 0.002929
v -0.395427 -0.187461 0.004882
v -0.403237 -0.197225 0.002929
v -0.403237 -0.216752 -0.010740
v 0.237256 -0.398356 -0.012693
v 0.245067 -0.392497 -0.008787
v 0.245067 -0.390545 -0.012693
v 0.262641 -0.365159 -0.010740
v 0.266547 -0.365159 -0.006835
v 0.293885 -0.281192 -0.008787
v 0.297790 -0.281192 -0.002929
v 0.303649 -0.242138 -0.006835
v 0.305601 -0.206989 -0.006835
v 0.309507 -0.203083 -0.000976
v 0.307554 -0.240185 -0.000976
v 0.327081 -0.259712 0.006835
v 0.293885 -0.345632 -0.000976
v 0.387616 -0.216752 0.002929
v 0.395427 -0.187461 0.004882
v 0.403237 -0.197225 0.002929
v 0.403237 -0.216752 -0.010740
v -0.520401 0.382734 0.022456
v -0.532117 0.345632 0.022456
v -0.530164 0.367112 0.022456
v -0.512590 0.343679 0.038078
v -0.510637 0.357348 0.038078
v 0.520401 0.382734 0.022456
v 0.530164 0.367112 0.022456
v 0.532117 0.345632 0.022456
v 0.512590 0.343679 0.038078
v 0.510637 0.357348 0.038078
v 0.815262 0.449126 -0.032220
v 0.830884 0.435457 -0.028314
v 0.858222 0.402261 -0.034173
v 0.875797 0.363207 -0.034173
v 0.883607 0.292909 -0.034173
v 0.899229 0.261665 -0.028314
v 0.903135 0.206989 -0.034173
v 0.912898 0.210894 -0.028314
v 0.942189 0.130832 -0.028314
v 0.934378 0.128880 -0.034173
v 0.897276 -0.046865 -0.026362
v 0.930473 0.029291 -0.028314
v 0.930473 0.029291 -0.026362
v 0.897276 -0.046865 -0.028314
v 0.944142 0.072251 -0.028314
v 0.920709 0.031244 -0.034173
v 0.942189 0.087873 -0.034173
v 0.950000 0.089825 -0.028314
v -0.830884 0.435457 -0.028314
v -0.815262 0.449126 -0.032220
v -0.858222 0.402261 -0.034173
v -0.875796 0.363207 -0.034173
v -0.883607 0.292909 -0.034173
v -0.899229 0.261665 -0.028314
v -0.903135 0.206989 -0.034173
v -0.912898 0.210894 -0.028314
v -0.942189 0.130832 -0.028314
v -0.934378 0.128880 -0.034173
v -0.897276 -0.046865 -0.026362
v -0.930473 0.029291 -0.026362
v -0.930473 0.029291 -0.028314
v -0.897276 -0.046865 -0.028314
v -0.944142 0.072251 -0.028314
v -0.920709 0.031244 -0.034173
v -0.942189 0.087873 -0.034173
v -0.950000 0.089825 -0.028314
v -0.163052 -0.160123 0.004882
v 0.163052 -0.160123 0.004882
v -0.659044 -0.117163 -0.026362
v -0.623895 -0.130832 -0.026362
v -0.647328 -0.132785 -0.018551
v -0.625848 -0.142549 -0.016598
v -0.547739 -0.140596 -0.022456
v -0.547739 -0.152312 -0.014645
v -0.660997 -0.121069 -0.024409
v 0.659044 -0.117163 -0.026362
v 0.623895 -0.130832 -0.026362
v 0.647328 -0.132785 -0.018551
v 0.625848 -0.142549 -0.016598
v 0.547739 -0.140596 -0.022456
v 0.547739 -0.152312 -0.014645
v 0.660997 -0.121069 -0.024409
v -0.637564 0.298767 0.026362
v 0.580935 -0.224563 -0.030267
v 0.578983 -0.222610 -0.030267
v -0.580935 -0.224563 -0.030267
v -0.578983 -0.222610 -0.030267
v 0.057605 -0.453032 -0.016598
v 0.057605 -0.449126 -0.016598
v 0.057605 -0.454985 -0.016598
v 0.102518 -0.041007 -0.004882
v 0.106423 -0.005858 -0.004882
v 0.112282 -0.132785 -0.006835
v 0.141572 -0.203083 0.000976
v 0.137667 -0.263618 -0.000976
v 0.129856 -0.351490 -0.002929
v 0.116187 -0.402261 -0.004882
v 0.082991 -0.435457 -0.008787
v 0.065416 -0.449126 -0.012693
v 0.059558 -0.454985 -0.016598
v 0.155242 -0.287050 0.000976
v 0.143525 -0.367112 -0.002929
v 0.165005 -0.326105 -0.002929
v 0.184532 -0.265570 -0.002929
v -0.057605 -0.453032 -0.016598
v -0.057605 -0.449126 -0.016598
v -0.057605 -0.454985 -0.016598
v -0.102518 -0.041007 -0.004882
v -0.106423 -0.005858 -0.004882
v -0.112282 -0.132785 -0.006835
v -0.141572 -0.203083 0.000976
v -0.137667 -0.263618 -0.000976
v -0.129856 -0.351490 -0.002929
v -0.116187 -0.402261 -0.004882
v -0.082991 -0.435457 -0.008787
v -0.065416 -0.449126 -0.012693
v -0.059558 -0.454985 -0.016598
v -0.155242 -0.287050 0.000976
v -0.143525 -0.367112 -0.002929
v -0.165005 -0.326105 -0.002929
v -0.184532 -0.265570 -0.002929
v -0.690288 -0.451079 -0.014645
v -0.690288 -0.451079 -0.012693
v -0.711768 -0.443268 -0.018551
v -0.670761 -0.451079 -0.008787
v -0.690288 -0.454985 -0.014645
v -0.690288 -0.453032 -0.014645
v -0.690288 -0.456937 -0.014645
v -0.692240 -0.478417 -0.018551
v -0.651233 -0.474512 -0.008787
v -0.606321 -0.576053 -0.018551
v -0.559455 -0.587770 -0.016598
v -0.549692 -0.628777 -0.018551
v -0.674666 -0.453032 -0.008787
v -0.674666 -0.456937 -0.008787
v -0.676619 -0.454985 -0.008787
v -0.520401 -0.648304 -0.020504
v -0.508684 -0.660021 -0.024409
v -0.510637 -0.663926 -0.026362
v -0.711768 -0.441316 -0.016598
v 0.690288 -0.451079 -0.014645
v 0.711768 -0.443268 -0.018551
v 0.690288 -0.451079 -0.012693
v 0.670761 -0.451079 -0.008787
v 0.690288 -0.454985 -0.014645
v 0.690288 -0.453032 -0.014645
v 0.690288 -0.456937 -0.014645
v 0.692240 -0.478417 -0.018551
v 0.651233 -0.474512 -0.008787
v 0.606321 -0.576053 -0.018551
v 0.559455 -0.587770 -0.016598
v 0.549692 -0.628777 -0.018551
v 0.674666 -0.453032 -0.008787
v 0.674666 -0.456937 -0.008787
v 0.676619 -0.454985 -0.008787
v 0.520401 -0.648304 -0.020504
v 0.508684 -0.660021 -0.024409
v 0.510637 -0.663926 -0.026362
v 0.711768 -0.441316 -0.016598
v 0.311459 -0.347585 -0.016598
v 0.315365 -0.247996 -0.012693
v 0.282169 -0.374923 -0.016598
v 0.340750 -0.314388 -0.016598
v 0.368088 -0.269476 -0.016598
v -0.508684 -0.663926 -0.026362
v 0.508684 -0.663926 -0.026362
v -0.368088 -0.269476 -0.016598
v -0.340750 -0.314388 -0.016598
v -0.311459 -0.347585 -0.016598
v -0.282169 -0.374923 -0.016598
v -0.315365 -0.247996 -0.012693
v 0.893371 -0.050771 -0.026362
v 0.883607 -0.052724 -0.026362
v 0.743011 0.249949 -0.018551
v 0.787924 0.257760 -0.016598
v 0.809404 0.236280 -0.018551
v 0.879702 0.136691 -0.012693
v 0.891418 0.144502 -0.008787
v 0.891418 0.226516 -0.014645
v 0.881655 0.279239 -0.014645
v 0.912898 0.179651 -0.014645
v 0.932425 0.121069 -0.010740
v 0.908993 0.105447 -0.008787
v 0.908993 0.103494 -0.008787
v 0.908993 0.101542 -0.008787
v 0.934378 0.076156 -0.008787
v 0.905087 0.039054 -0.008787
v 0.920709 0.031244 -0.012693
v 0.889466 -0.044913 -0.022456
v -0.893371 -0.050771 -0.026362
v -0.883607 -0.052724 -0.026362
v -0.743011 0.249949 -0.018551
v -0.787924 0.257760 -0.016598
v -0.809404 0.236280 -0.018551
v -0.879702 0.136691 -0.012693
v -0.891418 0.144502 -0.008787
v -0.891418 0.226516 -0.014645
v -0.881655 0.279239 -0.014645
v -0.912898 0.179651 -0.014645
v -0.932425 0.121069 -0.010740
v -0.908993 0.105447 -0.008787
v -0.908993 0.103494 -0.008787
v -0.908993 0.101542 -0.008787
v -0.934378 0.076156 -0.008787
v -0.905087 0.039054 -0.008787
v -0.920709 0.031244 -0.012693
v -0.889466 -0.044913 -0.022456
v -0.506732 -0.661973 -0.026362
v 0.506732 -0.661973 -0.026362
v -0.780113 0.023433 -0.002929
v -0.780113 0.019527 -0.002929
v -0.723484 -0.251901 -0.028314
v -0.715673 -0.259712 -0.018551
v -0.715673 -0.261665 -0.018551
v -0.713720 -0.281192 -0.016598
v -0.711768 -0.333916 -0.016598
v -0.715673 -0.257759 -0.018551
v -0.703957 -0.236280 -0.018551
v -0.674666 -0.175745 -0.018551
v -0.664902 -0.138643 -0.018551
v -0.676619 -0.339774 -0.006835
v -0.655139 -0.316341 -0.008787
v -0.676619 -0.294861 -0.006835
v -0.676619 -0.289003 -0.006835
v -0.676619 -0.290956 -0.006835
v -0.674666 -0.408119 -0.008787
v -0.678571 -0.290956 -0.006835
v -0.678571 -0.292909 -0.006835
v -0.586793 -0.226516 -0.028314
v -0.600462 -0.382734 -0.028314
v -0.606321 -0.412025 -0.026362
v -0.563361 -0.517472 -0.028314
v -0.610226 -0.216752 -0.014645
v -0.635612 -0.210894 -0.010740
v -0.627801 -0.171840 -0.006835
v -0.549692 -0.205036 -0.018551
v -0.645375 -0.212847 -0.006835
v -0.676619 -0.265570 -0.004882
v -0.676619 -0.281192 -0.004882
v -0.539928 -0.169887 -0.008787
v -0.500874 -0.205036 -0.018551
v 0.723484 -0.251901 -0.028314
v 0.715673 -0.259712 -0.018551
v 0.715673 -0.261665 -0.018551
v 0.713720 -0.281192 -0.016598
v 0.711768 -0.333916 -0.016598
v 0.715673 -0.257759 -0.018551
v 0.703957 -0.236280 -0.018551
v 0.674666 -0.175745 -0.018551
v 0.664902 -0.138643 -0.018551
v 0.676619 -0.339774 -0.006835
v 0.676619 -0.294861 -0.006835
v 0.655139 -0.316341 -0.008787
v 0.676619 -0.290956 -0.006835
v 0.676619 -0.289003 -0.006835
v 0.674666 -0.408119 -0.008787
v 0.678571 -0.290956 -0.006835
v 0.678571 -0.292909 -0.006835
v 0.586793 -0.226516 -0.028314
v 0.600462 -0.382734 -0.028314
v 0.606321 -0.412025 -0.026362
v 0.563361 -0.517472 -0.028314
v 0.610226 -0.216752 -0.014645
v 0.635612 -0.210894 -0.010740
v 0.627801 -0.171840 -0.006835
v 0.549692 -0.205036 -0.018551
v 0.645375 -0.212847 -0.006835
v 0.676619 -0.265570 -0.004882
v 0.676619 -0.281192 -0.004882
v 0.539928 -0.169887 -0.008787
v 0.500874 -0.205036 -0.018551
v -0.026362 -0.279239 0.059558
v -0.040031 -0.230421 0.067369
v -0.059558 -0.255807 0.053700
v -0.059558 -0.302672 0.032220
v -0.100565 -0.273381 0.032220
v -0.139620 -0.253854 0.032220
v -0.055653 -0.290956 0.040031
v -0.137667 -0.246043 0.036125
v -0.192343 -0.224563 0.036125
v -0.096660 -0.269476 0.034173
v -0.063464 -0.261665 0.051747
v -0.082991 -0.234327 0.057605
v -0.135714 -0.246043 0.036125
v -0.110329 -0.212847 0.059558
v -0.139620 -0.199178 0.057605
v -0.192343 -0.222610 0.036125
v -0.174769 -0.171840 0.061511
v -0.268499 -0.199178 0.032220
v -0.332939 -0.173792 0.028314
v -0.215776 -0.162076 0.057605
v -0.268499 -0.197225 0.032220
v -0.332939 -0.171840 0.028314
v -0.252878 -0.142549 0.057605
v -0.288027 -0.154265 0.041984
v -0.278263 -0.117163 0.059558
v -0.321223 -0.124974 0.045889
v -0.397379 -0.146454 0.020504
v -0.293885 -0.085920 0.063464
v -0.352467 -0.054676 0.059558
v -0.389568 -0.126927 0.026362
v -0.444245 -0.097636 0.018551
v -0.495015 -0.099589 0.008787
v -0.479394 -0.109353 0.008787
v -0.454008 -0.121069 0.012693
v -0.034173 -0.222610 0.065416
v -0.018551 -0.150360 0.086896
v -0.278263 -0.185509 0.038078
v -0.330987 -0.164029 0.032220
v -0.397379 -0.144502 0.020504
v -0.393474 -0.136691 0.024409
v -0.454008 -0.119116 0.012693
v -0.448150 -0.109353 0.016598
v -0.288027 -0.156218 0.041984
v -0.389568 -0.128880 0.026362
v -0.393474 -0.134738 0.024409
v -0.448150 -0.107400 0.016598
v -0.444245 -0.099589 0.018551
v -0.038078 -0.148407 0.075180
v -0.108376 -0.206989 0.059558
v -0.108376 -0.205036 0.059558
v -0.120092 -0.169887 0.067369
v -0.082991 -0.181603 0.071274
v -0.079085 -0.228469 0.057605
v -0.057605 -0.183556 0.075180
v -0.082991 -0.136691 0.079085
v -0.075180 -0.109353 0.081038
v -0.094707 -0.099589 0.081038
v -0.114234 -0.072251 0.082991
v -0.276310 -0.183556 0.038078
v -0.139620 -0.054676 0.082991
v -0.174769 -0.041007 0.082991
v -0.022456 -0.060534 0.092754
v -0.041984 -0.060534 0.081038
v -0.036125 0.041007 0.081038
v -0.051747 -0.041007 0.077133
v -0.051747 0.003905 0.077133
v -0.059558 0.033196 0.077133
v -0.040031 0.113258 0.077133
v 0.000976 0.072251 0.082991
v 0.000976 0.093731 0.100565
v -0.040031 0.144502 0.096660
v -0.149383 0.263618 0.065416
v -0.233350 -0.035149 0.069322
v -0.172816 -0.160123 0.051747
v -0.211870 -0.150360 0.047842
v -0.207965 -0.136691 0.057605
v -0.106423 -0.150360 0.067369
v -0.252878 -0.097636 0.063464
v -0.125951 -0.109353 0.071274
v -0.266547 -0.048818 0.067369
v -0.274358 -0.082014 0.061511
v -0.282169 -0.056629 0.065416
v -0.223587 -0.042960 0.069322
v -0.268499 -0.041007 0.067369
v -0.102518 -0.128880 0.069322
v -0.293885 -0.050771 0.059558
v -0.174769 -0.048818 0.069322
v -0.141572 -0.060534 0.069322
v -0.254830 -0.111305 0.057605
v -0.098613 -0.103494 0.067369
v -0.116187 -0.078109 0.067369
v -0.088849 -0.134738 0.065416
v -0.084943 -0.173792 0.057605
v -0.247020 -0.132785 0.045889
v -0.120092 -0.160123 0.057605
v -0.286074 -0.080062 0.051747
v -0.270452 -0.109353 0.047842
v -0.069322 0.033196 0.088849
v -0.055653 -0.177698 0.069322
v -0.735200 0.152312 -0.018551
v 0.735200 0.152312 -0.018551
v -0.282169 0.165982 0.075180
v -0.262641 0.169887 0.090802
v -0.248972 0.191367 0.075180
v -0.278263 0.179651 0.088849
v -0.248972 0.195272 0.088849
v -0.071274 -0.105447 0.073227
v 0.741059 0.126927 -0.006835
v 0.764491 0.171840 -0.014645
v 0.756680 0.179651 -0.018551
v 0.758633 0.121069 -0.006835
v 0.766444 0.171840 -0.014645
v -0.836742 0.074203 -0.018551
v -0.836742 0.076156 -0.018551
v -0.780113 0.027338 -0.002929
v -0.780113 0.029291 -0.002929
v -0.834789 0.078109 -0.018551
v -0.774255 0.089825 -0.002929
v -0.791829 0.148407 -0.018551
v -0.760586 0.121069 -0.006835
v -0.768397 0.171840 -0.014645
v -0.764491 0.187461 -0.018551
v -0.756680 0.179651 -0.018551
v -0.764491 0.171840 -0.014645
v -0.741059 0.126927 -0.006835
v -0.670761 0.056629 -0.002929
v -0.766444 0.171840 -0.014645
v -0.252878 0.251901 0.063464
v -0.243114 0.259712 0.082991
v -0.270452 0.242138 0.082991
v -0.280216 0.246043 0.061511
v -0.291932 0.226516 0.082991
v -0.217729 0.197225 0.088849
v -0.170863 0.171840 0.090802
v -0.125951 0.109353 0.088849
v -0.098613 0.091778 0.088849
v -0.215776 0.191367 0.077133
v -0.129856 0.101542 0.079085
v -0.219681 0.285098 0.081038
v -0.258736 0.259712 0.073227
v -0.325128 0.208941 0.082991
v -0.309507 0.165982 0.086896
v -0.096660 0.082014 0.079085
v -0.340750 0.150360 0.084943
v -0.362230 0.195272 0.081038
v -0.309507 0.154265 0.077133
v -0.336845 0.140596 0.077133
v -0.356372 0.124974 0.071274
v -0.305601 0.142549 0.081038
v -0.370041 0.128880 0.082991
v -0.348561 0.091778 0.084943
v -0.397379 0.197225 0.075180
v -0.282169 0.238232 0.065416
v -0.323176 0.111305 0.079085
v -0.274358 0.152312 0.082991
v -0.319270 0.052724 0.084943
v -0.309507 0.060534 0.069322
v -0.286074 0.029291 0.082991
v -0.280216 0.039054 0.069322
v -0.301696 0.072251 0.077133
v -0.266547 0.064440 0.079085
v -0.223587 0.033196 0.075180
v -0.123998 0.037102 0.079085
v -0.143525 0.019527 0.071274
v -0.116187 0.025385 0.071274
v -0.102518 0.019527 0.086896
v -0.104471 0.041007 0.071274
v -0.057605 0.003905 0.086896
v -0.227492 0.021480 0.069322
v -0.428623 0.193320 0.071274
v -0.059558 -0.044913 0.082991
v -0.084943 -0.066393 0.079085
v -0.110329 -0.039054 0.081038
v -0.366136 0.199178 0.063464
v -0.393474 0.206989 0.059558
v -0.416906 0.226516 0.071274
v -0.409096 0.232374 0.055653
v -0.401285 0.244090 0.059558
v -0.414954 0.265570 0.047842
v -0.405190 0.312436 0.045889
v -0.414954 0.302672 0.040031
v -0.422765 0.300719 0.053700
v -0.407143 0.343679 0.034173
v -0.414954 0.355396 0.043936
v -0.428623 0.382734 0.040031
v -0.393474 0.380781 0.036125
v -0.446197 0.394450 0.036125
v -0.508684 0.357348 0.038078
v -0.498921 0.367112 0.038078
v -0.500874 0.369065 0.038078
v -0.489157 0.277287 0.043936
v -0.510637 0.345632 0.038078
v -0.383710 0.380781 0.036125
v -0.391521 0.382734 0.036125
v -0.475488 0.249949 0.051747
v -0.383710 0.382734 0.036125
v -0.358325 0.400308 0.036125
v -0.334892 0.417883 0.032220
v -0.272405 0.449126 0.032220
v -0.209918 0.456937 0.041984
v -0.276310 0.443268 0.034173
v -0.243114 0.404214 0.045889
v -0.217729 0.412025 0.049794
v -0.243114 0.341727 0.061511
v -0.211870 0.357348 0.061511
v -0.190391 0.302672 0.075180
v -0.446197 0.396403 0.036125
v -0.334892 0.415930 0.032220
v -0.358325 0.396403 0.036125
v -0.358325 0.398356 0.036125
v -0.424717 0.259712 0.063464
v -0.375899 0.212847 0.067369
v -0.135714 0.091778 0.094707
v -0.174769 0.136691 0.096660
v -0.174769 0.121069 0.081038
v -0.137667 0.082014 0.081038
v -0.100565 0.058582 0.086896
v -0.110329 0.062487 0.073227
v -0.147431 0.072251 0.082991
v -0.100565 0.072251 0.090802
v -0.209918 0.144502 0.081038
v -0.202107 0.154265 0.094707
v -0.530164 0.253854 0.043936
v -0.502826 0.214800 0.063464
v -0.155242 0.251901 0.081038
v -0.047842 0.107400 0.088849
v -0.104471 0.136691 0.088849
v -0.067369 0.107400 0.088849
v -0.096660 0.039054 0.086896
v -0.338798 0.097636 0.069322
v -0.120092 0.050771 0.081038
v -0.174769 0.165982 0.079085
v -0.270452 0.109353 0.081038
v -0.231398 0.164029 0.092754
v -0.243114 0.156218 0.079085
v -0.303649 0.244090 0.069322
v -0.282169 0.253854 0.073227
v -0.327081 0.212847 0.065416
v -0.471583 0.410072 0.022456
v -0.065416 0.087873 0.088849
v -0.631706 0.279239 0.036125
v -0.176721 -0.009764 0.082991
v -0.141572 -0.023433 0.081038
v 0.125951 0.517472 0.028314
v 0.153289 0.503803 0.028314
v 0.098613 0.515519 0.034173
v 0.100565 0.462795 0.047842
v 0.178674 0.462795 0.038078
v 0.024409 0.443268 0.063464
v 0.040031 0.527235 0.034173
v 0.180627 0.488181 0.026362
v 0.000976 0.484275 0.049794
v 0.000976 0.527235 0.034173
v 0.065416 0.535046 0.028314
v -0.040031 0.527235 0.034173
v -0.024409 0.443268 0.063464
v -0.098613 0.515519 0.034173
v 0.051747 0.396403 0.073227
v 0.000976 0.417883 0.071274
v 0.184532 0.421788 0.045889
v -0.100565 0.462795 0.047842
v -0.153289 0.503803 0.028314
v -0.178674 0.462795 0.038078
v 0.069322 0.357348 0.077133
v -0.184532 0.421788 0.045889
v -0.196249 0.453032 0.030267
v -0.069322 0.357348 0.077133
v -0.182580 0.374923 0.053700
v -0.180627 0.488181 0.026362
v -0.063464 0.314388 0.084943
v -0.163052 0.318294 0.069322
v -0.196249 0.359301 0.047842
v -0.129856 0.263618 0.079085
v -0.024409 0.224563 0.098613
v 0.000976 0.197225 0.104471
v 0.040031 0.144502 0.096660
v 0.149383 0.263618 0.065416
v 0.129856 0.263618 0.079085
v 0.155242 0.251901 0.081038
v 0.190391 0.302672 0.075180
v 0.243114 0.341727 0.061511
v 0.211871 0.357348 0.061511
v 0.217729 0.412025 0.049794
v 0.243114 0.404214 0.045889
v 0.209918 0.456937 0.041984
v 0.272405 0.449126 0.032220
v 0.272405 0.410072 0.038078
v 0.047842 0.107400 0.088849
v 0.266547 0.361254 0.047842
v 0.178674 0.308530 0.057605
v 0.202107 0.406166 0.038078
v 0.024409 0.224563 0.098613
v 0.000976 0.289003 0.094707
v -0.051747 0.396403 0.073227
v 0.094707 0.527235 0.028314
v 0.276310 0.443268 0.034173
v 0.334892 0.417883 0.032220
v 0.358325 0.400308 0.036125
v -0.202107 0.406166 0.038078
v 0.383710 0.382734 0.036125
v 0.358325 0.398356 0.036125
v 0.358325 0.396403 0.036125
v 0.391521 0.382734 0.036125
v 0.446197 0.396403 0.036125
v 0.393474 0.380781 0.036125
v 0.446197 0.394450 0.036125
v 0.500874 0.369065 0.038078
v 0.428623 0.382734 0.040031
v 0.498921 0.367112 0.038078
v 0.508684 0.357348 0.038078
v 0.414954 0.355396 0.043936
v 0.422765 0.300719 0.053700
v 0.471583 0.410072 0.022456
v 0.475488 0.249949 0.051747
v 0.424717 0.259712 0.063464
v 0.414954 0.265570 0.047842
v 0.409096 0.232374 0.055653
v 0.401285 0.244090 0.059558
v 0.393474 0.206989 0.059558
v 0.375899 0.212847 0.067369
v 0.366136 0.199178 0.063464
v 0.397379 0.197225 0.075180
v 0.362230 0.195272 0.081038
v 0.340750 0.150360 0.084943
v 0.325128 0.208941 0.082991
v 0.309507 0.165982 0.086896
v 0.278263 0.179651 0.088849
v 0.291932 0.226516 0.082991
v 0.248972 0.195272 0.088849
v 0.270452 0.242138 0.082991
v 0.309507 0.154265 0.077133
v 0.336845 0.140596 0.077133
v 0.282169 0.238232 0.065416
v 0.370041 0.128880 0.082991
v 0.428623 0.193320 0.071274
v 0.502826 0.214800 0.063464
v 0.348561 0.091778 0.084943
v 0.248972 0.191367 0.075180
v 0.217729 0.197225 0.088849
v 0.243114 0.259712 0.082991
v 0.282169 0.165982 0.075180
v 0.530164 0.253854 0.043936
v 0.215776 0.191367 0.077133
v 0.231398 0.164029 0.092754
v 0.202107 0.154265 0.094707
v 0.174769 0.165982 0.079085
v 0.170863 0.171840 0.090802
v 0.305601 0.142549 0.081038
v 0.323176 0.111305 0.079085
v 0.270452 0.109353 0.081038
v 0.266547 0.064440 0.079085
v 0.123998 0.037102 0.079085
v 0.223587 0.033196 0.075180
v 0.143525 0.019527 0.071274
v 0.147431 0.072251 0.082991
v 0.280216 0.039054 0.069322
v 0.227492 0.021480 0.069322
v 0.116187 0.025385 0.071274
v 0.120092 0.050771 0.081038
v 0.137667 0.082014 0.081038
v 0.110329 0.062487 0.073227
v 0.100565 0.058582 0.086896
v 0.135714 0.091778 0.094707
v 0.100565 0.072251 0.090802
v 0.096660 0.082014 0.079085
v 0.129856 0.101542 0.079085
v 0.098613 0.091778 0.088849
v 0.301696 0.072251 0.077133
v 0.104471 0.041007 0.071274
v 0.065416 0.087873 0.088849
v 0.174769 0.121069 0.081038
v 0.280216 0.246043 0.061511
v 0.209918 0.144502 0.081038
v 0.243114 0.156218 0.079085
v 0.319270 0.052724 0.084943
v 0.327081 0.212847 0.065416
v 0.356372 0.124974 0.071274
v 0.405190 0.312436 0.045889
v 0.416906 0.226516 0.071274
v 0.414954 0.302672 0.040031
v 0.631706 0.279239 0.036125
v 0.334892 0.415930 0.032220
v 0.383710 0.380781 0.036125
v 0.182580 0.374923 0.053700
v 0.196249 0.359301 0.047842
v 0.104471 0.136691 0.088849
v 0.067369 0.107400 0.088849
v 0.063464 0.314388 0.084943
v 0.309507 0.060534 0.069322
v 0.272405 0.390545 0.047842
v 0.196249 0.453032 0.030267
v -0.178674 0.308530 0.057605
v 0.282169 0.253854 0.073227
v 0.262641 0.169887 0.090802
v 0.018551 0.396403 0.075180
v -0.018551 0.396403 0.075180
v 0.510637 0.345632 0.038078
v 0.192343 0.490134 0.032220
v 0.266547 0.343679 0.059558
v 0.243114 0.275334 0.071274
v 0.258736 0.259712 0.073227
v 0.303649 0.244090 0.069322
v 0.163052 0.318294 0.069322
v 0.286074 0.029291 0.082991
v 0.174769 0.136691 0.096660
v 0.069322 0.033196 0.088849
v 0.059558 -0.044913 0.082991
v 0.055653 -0.177698 0.069322
v 0.057605 0.003905 0.086896
v 0.338798 0.097636 0.069322
v 0.102518 0.019527 0.086896
v 0.096660 0.039054 0.086896
v 0.252878 0.251901 0.063464
v 0.125951 0.109353 0.088849
v 0.489157 0.277287 0.043936
v 0.219681 0.285098 0.081038
v 0.274358 0.152312 0.082991
v 0.407143 0.343679 0.034173
v 0.547739 0.080062 0.016598
v -0.356372 -0.128880 -0.038078
v -0.383710 0.046865 -0.040031
v -0.354419 0.050771 -0.040031
v -0.385663 -0.123022 -0.038078
v -0.411048 0.037102 -0.040031
v -0.409096 -0.107400 -0.038078
v -0.426670 -0.085920 -0.038078
v -0.321223 -0.132785 -0.036125
v -0.317318 0.052724 -0.038078
v -0.432528 0.013669 -0.038078
v -0.434481 -0.064440 -0.038078
v -0.438386 -0.039054 -0.038078
v -0.438386 -0.011716 -0.038078
v -0.293885 -0.130832 -0.032220
v -0.286074 0.048818 -0.032220
v -0.280216 0.046865 -0.030267
v -0.288027 -0.126927 -0.030267
v -0.288027 -0.126927 -0.026362
v -0.280216 0.046865 -0.026362
v -0.288027 -0.126927 -0.024409
v -0.280216 0.046865 -0.024409
v -0.383710 0.046865 -0.028314
v -0.354419 0.050771 -0.028314
v -0.317318 0.054676 -0.028314
v -0.411048 0.037102 -0.028314
v -0.432528 0.013669 -0.028314
v -0.319270 0.052724 -0.026362
v -0.286074 0.048818 -0.024409
v -0.286074 0.050771 -0.026362
v -0.434481 -0.064440 -0.028314
v -0.438386 -0.039054 -0.028314
v -0.438386 -0.011716 -0.028314
v -0.426670 -0.085920 -0.028314
v -0.409096 -0.107400 -0.028314
v -0.293885 -0.128880 -0.024409
v -0.293885 -0.130832 -0.028314
v -0.321223 -0.130832 -0.024409
v -0.321223 -0.134738 -0.030267
v -0.356372 -0.128880 -0.026362
v -0.385663 -0.121069 -0.028314
v 0.356372 -0.128880 -0.038078
v 0.354419 0.050771 -0.040031
v 0.383710 0.046865 -0.040031
v 0.385663 -0.123022 -0.038078
v 0.411048 0.037102 -0.040031
v 0.409096 -0.107400 -0.038078
v 0.426670 -0.085920 -0.038078
v 0.321223 -0.132785 -0.036125
v 0.317318 0.052724 -0.038078
v 0.432528 0.013669 -0.038078
v 0.434481 -0.064440 -0.038078
v 0.438386 -0.039054 -0.038078
v 0.438386 -0.011716 -0.038078
v 0.293885 -0.130832 -0.032220
v 0.286074 0.048818 -0.032220
v 0.280216 0.046865 -0.030267
v 0.288027 -0.126927 -0.030267
v 0.288027 -0.126927 -0.026362
v 0.280216 0.046865 -0.026362
v 0.288027 -0.126927 -0.024409
v 0.280216 0.046865 -0.024409
v 0.383710 0.046865 -0.028314
v 0.354419 0.050771 -0.028314
v 0.317318 0.054676 -0.028314
v 0.411048 0.037102 -0.028314
v 0.432528 0.013669 -0.028314
v 0.319270 0.052724 -0.026362
v 0.286074 0.048818 -0.024409
v 0.286074 0.050771 -0.026362
v 0.434481 -0.064440 -0.028314
v 0.438386 -0.039054 -0.028314
v 0.438386 -0.011716 -0.028314
v 0.426670 -0.085920 -0.028314
v 0.409096 -0.107400 -0.028314
v 0.293885 -0.128880 -0.024409
v 0.293885 -0.130832 -0.028314
v 0.321223 -0.130832 -0.024409
v 0.321223 -0.134738 -0.030267
v 0.356372 -0.128880 -0.026362
v 0.385663 -0.121069 -0.028314
vt 0.239726 0.454208
vt 0.242143 0.449257
vt 0.239726 0.450082
vt 0.832796 0.459158
vt 0.831185 0.461008
vt 0.832796 0.467409
vt 0.367849 0.003713
vt 0.364542 0.005051
vt 0.363907 0.005567
vt 0.358985 0.006188
vt 0.360402 0.003713
vt 0.360371 0.005068
vt 0.063255 0.846947
vt 0.059943 0.848597
vt 0.056003 0.846947
vt 0.035858 0.289191
vt 0.035858 0.285066
vt 0.033441 0.284241
vt 0.004432 0.403428
vt 0.002015 0.403053
vt 0.004432 0.407178
vt 0.215955 0.926155
vt 0.216358 0.927805
vt 0.212329 0.927805
vt 0.234891 0.069869
vt 0.238255 0.070275
vt 0.242230 0.068894
vt 0.243755 0.069869
vt 0.239021 0.070545
vt 0.634569 0.585396
vt 0.638598 0.585396
vt 0.638288 0.587046
vt 0.000000 1.000000
vt 0.000000 1.000000
vt 0.000000 1.000000
vt 0.000000 1.000000
vt 0.000000 1.000000
vt 0.000000 1.000000
vt 0.296938 0.299092
vt 0.293437 0.241568
vt 0.292909 0.242175
vt 0.296938 0.214934
vt 0.990733 0.538366
vt 0.986704 0.595284
vt 0.987232 0.595891
vt 0.990733 0.622525
vt 0.963336 0.838065
vt 0.962530 0.834571
vt 0.962530 0.839521
vt 0.414110 0.228514
vt 0.445277 0.288006
vt 0.471855 0.247054
vt 0.472389 0.283955
vt 0.483261 0.233585
vt 0.497519 0.270108
vt 0.495205 0.284637
vt 0.329471 0.162019
vt 0.345117 0.205623
vt 0.369915 0.194894
vt 0.402158 0.226243
vt 0.366871 0.249994
vt 0.378564 0.263520
vt 0.416721 0.276836
vt 0.517446 0.195648
vt 0.505306 0.177042
vt 0.511518 0.163262
vt 0.533185 0.155308
vt 0.471883 0.242680
vt 0.472580 0.242950
vt 0.518749 0.154864
vt 0.486590 0.215329
vt 0.479966 0.228994
vt 0.475715 0.237849
vt 0.403394 0.223076
vt 0.331183 0.181834
vt 0.434333 0.287381
vt 0.442716 0.290664
vt 0.443444 0.290947
vt 0.372386 0.193024
vt 0.352823 0.177751
vt 0.328846 0.154864
vt 0.327007 0.155349
vt 0.328227 0.153878
vt 0.501606 0.271651
vt 0.500701 0.286038
vt 0.509064 0.242769
vt 0.520366 0.204519
vt 0.415761 0.279407
vt 0.342002 0.208225
vt 0.499488 0.286505
vt 0.326446 0.154124
vt 0.502125 0.172207
vt 0.508350 0.161354
vt 0.325141 0.155363
vt 0.326044 0.162686
vt 0.492584 0.288445
vt 0.477731 0.287593
vt 0.453195 0.289709
vt 0.500031 0.287678
vt 0.444271 0.291667
vt 0.414103 0.226238
vt 0.500050 0.286731
vt 0.376644 0.266199
vt 0.364604 0.252390
vt 0.375956 0.265197
vt 0.500905 0.287091
vt 0.535455 0.155973
vt 0.762441 0.295683
vt 0.744551 0.354908
vt 0.704241 0.327904
vt 0.715051 0.298606
vt 0.764607 0.283433
vt 0.727918 0.259467
vt 0.741127 0.247424
vt 0.784541 0.224921
vt 0.795193 0.250257
vt 0.827234 0.208676
vt 0.708354 0.355645
vt 0.722075 0.381296
vt 0.707806 0.379025
vt 0.757823 0.366517
vt 0.795219 0.401327
vt 0.813383 0.388770
vt 0.826925 0.394995
vt 0.834904 0.417079
vt 0.748842 0.354913
vt 0.748581 0.355629
vt 0.835214 0.402315
vt 0.775741 0.369825
vt 0.762308 0.363119
vt 0.753601 0.358813
vt 0.767720 0.284683
vt 0.807805 0.210530
vt 0.704798 0.316695
vt 0.701621 0.325295
vt 0.701347 0.326042
vt 0.797040 0.252777
vt 0.811921 0.232668
vt 0.834250 0.207998
vt 0.833764 0.206119
vt 0.835214 0.207360
vt 0.720637 0.385522
vt 0.706462 0.384680
vt 0.749389 0.392274
vt 0.787456 0.402626
vt 0.712524 0.297637
vt 0.781973 0.221744
vt 0.705996 0.383435
vt 0.834962 0.205538
vt 0.818087 0.385477
vt 0.828766 0.391741
vt 0.833741 0.204208
vt 0.826562 0.205170
vt 0.704052 0.376359
vt 0.704812 0.361136
vt 0.702611 0.336021
vt 0.704844 0.383999
vt 0.700645 0.326892
vt 0.764674 0.295664
vt 0.705776 0.384014
vt 0.725280 0.257514
vt 0.738764 0.245114
vt 0.726259 0.256805
vt 0.705425 0.384895
vt 0.482351 0.008850
vt 0.478717 0.009782
vt 0.482527 0.009622
vt 0.483078 0.008663
vt 0.481600 0.012309
vt 0.478633 0.014129
vt 0.445950 0.018488
vt 0.446584 0.022400
vt 0.434415 0.022690
vt 0.429237 0.018964
vt 0.414638 0.020694
vt 0.421242 0.017945
vt 0.410672 0.016144
vt 0.481647 0.014818
vt 0.371072 0.008663
vt 0.675535 0.845558
vt 0.675378 0.841657
vt 0.676288 0.845378
vt 0.676471 0.846122
vt 0.672910 0.844609
vt 0.671133 0.841571
vt 0.666875 0.808106
vt 0.663055 0.808755
vt 0.662772 0.796295
vt 0.666411 0.790993
vt 0.664721 0.776045
vt 0.667406 0.782807
vt 0.669164 0.771984
vt 0.670460 0.844657
vt 0.676471 0.731436
vt 0.238997 0.027388
vt 0.214859 0.065532
vt 0.249923 0.057530
vt 0.259222 0.027335
vt 0.279042 0.052695
vt 0.279019 0.031759
vt 0.296619 0.052522
vt 0.182177 0.031066
vt 0.180367 0.080658
vt 0.118050 0.028304
vt 0.293729 0.040764
vt 0.307315 0.052590
vt 0.309205 0.057135
vt 0.311373 0.053781
vt 0.312248 0.055302
vt 0.291584 0.034808
vt 0.216937 0.068785
vt 0.180916 0.083746
vt 0.303447 0.045436
vt 0.252401 0.060369
vt 0.280896 0.055306
vt 0.298374 0.054612
vt 0.134502 0.023515
vt 0.182237 0.027184
vt 0.237259 0.023689
vt 0.257706 0.023515
vt 0.277207 0.027437
vt 0.445556 0.768697
vt 0.435803 0.738442
vt 0.403796 0.754470
vt 0.461286 0.755904
vt 0.461284 0.723703
vt 0.473992 0.739887
vt 0.474930 0.712639
vt 0.399293 0.801807
vt 0.367926 0.764632
vt 0.351310 0.844901
vt 0.338385 0.771841
vt 0.311561 0.788397
vt 0.300957 0.796157
vt 0.285520 0.801717
vt 0.221213 0.892301
vt 0.201281 0.850884
vt 0.206009 0.886246
vt 0.226871 0.807156
vt 0.207988 0.829935
vt 0.216424 0.816646
vt 0.302134 0.900538
vt 0.316143 0.902307
vt 0.263110 0.910298
vt 0.228002 0.903707
vt 0.227957 0.922541
vt 0.256511 0.797870
vt 0.241374 0.799701
vt 0.340194 0.904074
vt 0.259325 0.923444
vt 0.244275 0.945759
vt 0.260886 0.934211
vt 0.362565 0.903918
vt 0.221594 0.938632
vt 0.196465 0.884295
vt 0.191899 0.886962
vt 0.415281 0.840612
vt 0.267940 0.942739
vt 0.251388 0.965433
vt 0.312228 0.960787
vt 0.299709 0.977605
vt 0.189370 0.845017
vt 0.197260 0.822692
vt 0.164610 0.828133
vt 0.212679 0.806550
vt 0.159891 0.946076
vt 0.107550 0.930527
vt 0.135584 0.829076
vt 0.140567 0.805921
vt 0.135880 0.783881
vt 0.268312 0.708380
vt 0.230455 0.795885
vt 0.139849 0.670486
vt 0.126371 0.765185
vt 0.250367 0.791409
vt 0.209313 0.669489
vt 0.111829 0.750567
vt 0.048661 0.684850
vt 0.070752 0.675471
vt 0.338005 0.770188
vt 0.187525 0.912045
vt 0.188598 0.935454
vt 0.195955 0.950386
vt 0.122726 0.975703
vt 0.087734 0.962160
vt 0.160086 0.983633
vt 0.142523 0.993504
vt 0.097407 0.980114
vt 0.074745 0.950415
vt 0.125385 0.996387
vt 0.110386 0.991937
vt 0.116963 0.996064
vt 0.177199 0.980813
vt 0.324191 0.750222
vt 0.094371 0.668919
vt 0.054860 0.709862
vt 0.044925 0.698173
vt 0.160693 0.665465
vt 0.184803 0.665429
vt 0.074803 0.914378
vt 0.088857 0.905817
vt 0.102010 0.886660
vt 0.056952 0.936406
vt 0.033317 0.918315
vt 0.253281 0.692776
vt 0.232890 0.679613
vt 0.307612 0.731817
vt 0.199554 0.978675
vt 0.228885 0.976199
vt 0.067801 0.903427
vt 0.207504 0.945028
vt 0.024484 0.673268
vt 0.479837 0.723517
vt 0.483102 0.705760
vt 0.366704 0.837492
vt 0.416485 0.833903
vt 0.244504 0.956228
vt 0.030393 0.892803
vt 0.036004 0.884021
vt 0.011687 0.901370
vt 0.255888 0.973556
vt 0.032116 0.668830
vt 0.077126 0.732744
vt 0.288650 0.794852
vt 0.481790 0.729450
vt 0.059150 0.890177
vt 0.481776 0.701059
vt 0.485496 0.702247
vt 0.485238 0.700519
vt 0.484479 0.713731
vt 0.299444 0.791105
vt 0.022639 0.665429
vt 0.010643 0.667315
vt 0.000403 0.670003
vt 0.109288 0.995022
vt 0.115969 0.999116
vt 0.124693 0.999587
vt 0.095708 0.982749
vt 0.142580 0.996660
vt 0.558824 0.578795
vt 0.526463 0.576570
vt 0.558823 0.533416
vt 0.526463 0.535805
vt 0.512918 0.576582
vt 0.512918 0.536586
vt 0.500125 0.535805
vt 0.500125 0.576570
vt 0.467768 0.533416
vt 0.467768 0.578795
vt 0.512918 0.533474
vt 0.859444 0.551831
vt 0.879970 0.512594
vt 0.878473 0.550728
vt 0.866036 0.568574
vt 0.874420 0.582484
vt 0.855766 0.527739
vt 0.855456 0.507781
vt 0.889812 0.466848
vt 0.874883 0.464565
vt 0.851838 0.467570
vt 0.857130 0.436757
vt 0.877450 0.438792
vt 0.867047 0.426967
vt 0.883638 0.428585
vt 0.885195 0.568269
vt 0.886943 0.599220
vt 0.894728 0.598526
vt 0.895043 0.606448
vt 0.898854 0.606959
vt 0.898626 0.608526
vt 0.897740 0.609224
vt 0.898528 0.609323
vt 0.882795 0.548080
vt 0.882911 0.532014
vt 0.884638 0.513814
vt 0.891708 0.482353
vt 0.898872 0.447031
vt 0.894049 0.422030
vt 0.849191 0.451920
vt 0.898854 0.432450
vt 0.852860 0.529782
vt 0.848912 0.469567
vt 0.853595 0.510724
vt 0.893815 0.608376
vt 0.886448 0.602504
vt 0.855660 0.433809
vt 0.873239 0.586119
vt 0.864094 0.571268
vt 0.857294 0.554342
vt 0.890870 0.849984
vt 0.909900 0.851087
vt 0.911396 0.889221
vt 0.897462 0.833241
vt 0.905846 0.819331
vt 0.887192 0.874076
vt 0.921238 0.934967
vt 0.886882 0.894034
vt 0.906309 0.937250
vt 0.883264 0.934245
vt 0.888556 0.965058
vt 0.908877 0.963024
vt 0.898474 0.974848
vt 0.915064 0.973231
vt 0.916621 0.833546
vt 0.918370 0.802595
vt 0.926154 0.803289
vt 0.926469 0.795367
vt 0.930280 0.794856
vt 0.930053 0.793289
vt 0.929166 0.792592
vt 0.929954 0.792492
vt 0.914222 0.853735
vt 0.914338 0.869801
vt 0.916065 0.888001
vt 0.923134 0.919462
vt 0.930298 0.954784
vt 0.925475 0.979786
vt 0.880618 0.949895
vt 0.930280 0.969365
vt 0.884286 0.872033
vt 0.880338 0.932248
vt 0.885021 0.891091
vt 0.925241 0.793439
vt 0.917874 0.799311
vt 0.887086 0.968007
vt 0.904665 0.815697
vt 0.895520 0.830547
vt 0.888721 0.847474
vt 0.495499 0.687262
vt 0.503981 0.717771
vt 0.496722 0.701585
vt 0.507381 0.736097
vt 0.502679 0.738046
vt 0.499828 0.718869
vt 0.510043 0.758484
vt 0.504116 0.758333
vt 0.504577 0.766748
vt 0.491013 0.686408
vt 0.494470 0.673894
vt 0.490730 0.673662
vt 0.494098 0.660471
vt 0.491497 0.700182
vt 0.496701 0.660471
vt 0.494547 0.718714
vt 0.499444 0.757323
vt 0.495354 0.772375
vt 0.501907 0.647485
vt 0.497206 0.737843
vt 0.500828 0.774381
vt 0.493660 0.788090
vt 0.481051 0.876320
vt 0.482178 0.892416
vt 0.465452 0.874346
vt 0.468751 0.899054
vt 0.467046 0.860562
vt 0.480722 0.852116
vt 0.470905 0.839820
vt 0.480980 0.820174
vt 0.487356 0.805353
vt 0.473461 0.805975
vt 0.470202 0.823064
vt 0.459200 0.925837
vt 0.460564 0.936881
vt 0.490328 0.897739
vt 0.498465 0.865826
vt 0.481877 0.875912
vt 0.522481 0.855687
vt 0.585415 0.593267
vt 0.582427 0.612808
vt 0.579903 0.612153
vt 0.576772 0.632373
vt 0.579043 0.633923
vt 0.576296 0.649459
vt 0.578517 0.650121
vt 0.577332 0.671738
vt 0.574046 0.612708
vt 0.576593 0.594405
vt 0.561783 0.603610
vt 0.563990 0.589812
vt 0.560904 0.620625
vt 0.572978 0.650041
vt 0.574079 0.672278
vt 0.574602 0.631643
vt 0.563827 0.620945
vt 0.557555 0.632888
vt 0.572672 0.649361
vt 0.554988 0.646089
vt 0.555595 0.658282
vt 0.573428 0.672581
vt 0.551731 0.674438
vt 0.580291 0.701140
vt 0.577286 0.702339
vt 0.583137 0.727848
vt 0.578904 0.728634
vt 0.554892 0.689892
vt 0.576628 0.702649
vt 0.578254 0.728952
vt 0.554013 0.705504
vt 0.585007 0.755149
vt 0.564580 0.715948
vt 0.549209 0.717984
vt 0.559266 0.731906
vt 0.580159 0.755624
vt 0.582284 0.593114
vt 0.540687 0.727991
vt 0.531461 0.744787
vt 0.547983 0.767898
vt 0.538647 0.753535
vt 0.542496 0.766661
vt 0.571871 0.756027
vt 0.564722 0.782223
vt 0.571017 0.780370
vt 0.581091 0.798080
vt 0.581841 0.790891
vt 0.585415 0.779597
vt 0.581156 0.779824
vt 0.536668 0.604663
vt 0.527642 0.734870
vt 0.542723 0.656811
vt 0.552069 0.646870
vt 0.538845 0.642975
vt 0.554865 0.632617
vt 0.535056 0.633829
vt 0.547352 0.618747
vt 0.521551 0.746703
vt 0.511603 0.735067
vt 0.518506 0.726615
vt 0.509081 0.752314
vt 0.575861 0.586583
vt 0.581606 0.585100
vt 0.523442 0.648766
vt 0.542895 0.782817
vt 0.533440 0.796451
vt 0.519437 0.847324
vt 0.513242 0.827383
vt 0.495640 0.841313
vt 0.503661 0.807966
vt 0.520479 0.805832
vt 0.488000 0.805012
vt 0.481537 0.851799
vt 0.496149 0.800463
vt 0.484304 0.791127
vt 0.508702 0.714553
vt 0.578422 0.576320
vt 0.572663 0.578519
vt 0.565023 0.790450
vt 0.580483 0.780175
vt 0.575888 0.779716
vt 0.575896 0.755766
vt 0.579496 0.755955
vt 0.574929 0.729440
vt 0.573696 0.707962
vt 0.565251 0.715687
vt 0.572515 0.755657
vt 0.575235 0.756100
vt 0.575195 0.780069
vt 0.571725 0.780017
vt 0.513389 0.650154
vt 0.512955 0.658271
vt 0.503823 0.660728
vt 0.506624 0.669041
vt 0.552717 0.646493
vt 0.543527 0.618093
vt 0.513851 0.626811
vt 0.500111 0.673787
vt 0.504801 0.680372
vt 0.500337 0.687257
vt 0.505603 0.694123
vt 0.572947 0.707695
vt 0.507724 0.620607
vt 0.518395 0.634966
vt 0.484187 0.647985
vt 0.489401 0.655669
vt 0.478085 0.639036
vt 0.584475 0.798824
vt 0.565395 0.789397
vt 0.565716 0.790087
vt 0.566383 0.789723
vt 0.585033 0.792498
vt 0.454840 0.677897
vt 0.485429 0.663820
vt 0.470719 0.674469
vt 0.462919 0.683992
vt 0.432313 0.696727
vt 0.466296 0.648478
vt 0.570931 0.794854
vt 0.525200 0.851757
vt 0.524939 0.852844
vt 0.579543 0.801448
vt 0.483086 0.789555
vt 0.582140 0.802489
vt 0.514731 0.713502
vt 0.518669 0.801657
vt 0.530331 0.792991
vt 0.525133 0.789046
vt 0.533163 0.779002
vt 0.524932 0.770223
vt 0.504329 0.776162
vt 0.514867 0.796749
vt 0.514982 0.761392
vt 0.522873 0.752301
vt 0.530154 0.758765
vt 0.529930 0.750256
vt 0.534364 0.756896
vt 0.537351 0.767729
vt 0.505788 0.796686
vt 0.499303 0.788838
vt 0.538722 0.781641
vt 0.506580 0.802959
vt 0.501516 0.797898
vt 0.510881 0.692657
vt 0.515826 0.709188
vt 0.523704 0.722005
vt 0.522968 0.668765
vt 0.536744 0.710751
vt 0.534919 0.719566
vt 0.532817 0.656842
vt 0.543281 0.691136
vt 0.528374 0.725462
vt 0.541471 0.709606
vt 0.525808 0.658670
vt 0.521759 0.723909
vt 0.528777 0.730204
vt 0.546530 0.676377
vt 0.510041 0.680339
vt 0.549271 0.690628
vt 0.548432 0.704502
vt 0.517408 0.660971
vt 0.512238 0.670024
vt 0.525856 0.653371
vt 0.536712 0.647351
vt 0.538709 0.659143
vt 0.537138 0.724140
vt 0.544278 0.715231
vt 0.584856 0.584386
vt 0.961724 0.095297
vt 0.957695 0.095422
vt 0.956890 0.165429
vt 0.961724 0.165279
vt 0.224416 0.989686
vt 0.292909 0.994637
vt 0.224538 0.993812
vt 0.292763 0.989686
vt 0.824017 0.604373
vt 0.830379 0.609408
vt 0.821839 0.688732
vt 0.829919 0.605924
vt 0.830000 0.604842
vt 0.830379 0.655829
vt 0.826369 0.695221
vt 0.819098 0.695089
vt 0.820495 0.699257
vt 0.393634 0.374175
vt 0.311299 0.376768
vt 0.389079 0.381353
vt 0.392449 0.380651
vt 0.393508 0.380675
vt 0.343838 0.384076
vt 0.305225 0.382049
vt 0.304953 0.374175
vt 0.300967 0.375931
vt 0.387188 0.329620
vt 0.344806 0.329620
vt 0.346748 0.337046
vt 0.341257 0.334308
vt 0.977035 0.897277
vt 0.969782 0.855870
vt 0.977035 0.853882
vt 0.972457 0.850248
vt 0.360381 0.940181
vt 0.415588 0.945957
vt 0.416445 0.941539
vt 0.359954 0.942793
vt 0.303384 0.941325
vt 0.451471 0.945856
vt 0.454502 0.942891
vt 0.473718 0.943334
vt 0.476290 0.940181
vt 0.491136 0.941914
vt 0.246172 0.547224
vt 0.244847 0.604629
vt 0.240532 0.603751
vt 0.243622 0.546787
vt 0.245055 0.488861
vt 0.240631 0.640492
vt 0.243526 0.643596
vt 0.243093 0.663271
vt 0.246172 0.665905
vt 0.244480 0.681106
vt 0.006849 0.567729
vt 0.009189 0.567987
vt 0.007187 0.524117
vt 0.013243 0.517071
vt 0.017506 0.447607
vt 0.214439 0.555420
vt 0.216649 0.556338
vt 0.220763 0.545449
vt 0.196884 0.567078
vt 0.216929 0.543049
vt 0.232629 0.516175
vt 0.193271 0.564390
vt 0.186889 0.575537
vt 0.234891 0.518307
vt 0.100529 0.652884
vt 0.122118 0.652789
vt 0.149237 0.641462
vt 0.137122 0.648693
vt 0.172544 0.585883
vt 0.067995 0.620620
vt 0.152554 0.508351
vt 0.182621 0.572459
vt 0.085359 0.538946
vt 0.064192 0.574054
vt 0.088027 0.524567
vt 0.068976 0.637420
vt 0.167127 0.615418
vt 0.160710 0.629634
vt 0.093959 0.500376
vt 0.059348 0.610441
vt 0.041648 0.604539
vt 0.050785 0.573619
vt 0.025231 0.581171
vt 0.024483 0.605556
vt 0.101296 0.478465
vt 0.041263 0.568673
vt 0.177402 0.447607
vt 0.067909 0.647406
vt 0.064084 0.651115
vt 0.164939 0.496288
vt 0.184079 0.448550
vt 0.035573 0.559093
vt 0.032876 0.510233
vt 0.125529 0.665454
vt 0.102365 0.666254
vt 0.145353 0.655495
vt 0.160864 0.641486
vt 0.171254 0.623436
vt 0.179954 0.584961
vt 0.039484 0.647887
vt 0.173398 0.489614
vt 0.174821 0.504959
vt 0.880396 0.117893
vt 0.886718 0.116679
vt 0.886386 0.127182
vt 0.882740 0.133251
vt 0.891620 0.074670
vt 0.887394 0.075606
vt 0.872280 0.125241
vt 0.891620 0.130447
vt 0.300301 0.014439
vt 0.309630 0.008454
vt 0.299079 0.007753
vt 0.315471 0.012767
vt 0.257454 0.004635
vt 0.258554 0.009094
vt 0.313075 0.002888
vt 0.257841 0.002888
vt 0.638216 0.603993
vt 0.638285 0.590554
vt 0.625366 0.606303
vt 0.619014 0.595755
vt 0.649647 0.590363
vt 0.658062 0.601331
vt 0.667244 0.591325
vt 0.685036 0.597893
vt 0.698477 0.601692
vt 0.695973 0.589353
vt 0.681243 0.588696
vt 0.597759 0.590247
vt 0.589444 0.592232
vt 0.638633 0.604648
vt 0.658414 0.601979
vt 0.648393 0.618104
vt 0.668706 0.613364
vt 0.665544 0.635180
vt 0.682386 0.627936
vt 0.711762 0.644367
vt 0.726760 0.673255
vt 0.725025 0.652288
vt 0.739251 0.656374
vt 0.740090 0.650964
vt 0.719414 0.674263
vt 0.698974 0.602244
vt 0.698472 0.617061
vt 0.704138 0.608994
vt 0.714401 0.604124
vt 0.710150 0.596518
vt 0.702133 0.632704
vt 0.658622 0.638409
vt 0.720376 0.674530
vt 0.661115 0.640524
vt 0.662011 0.640796
vt 0.715869 0.680281
vt 0.621739 0.613501
vt 0.719782 0.674888
vt 0.720153 0.675494
vt 0.705692 0.630580
vt 0.714606 0.641048
vt 0.717679 0.635673
vt 0.727822 0.642446
vt 0.725809 0.648137
vt 0.738876 0.645892
vt 0.709733 0.626444
vt 0.703369 0.619250
vt 0.709155 0.617842
vt 0.707334 0.613762
vt 0.715280 0.610085
vt 0.731107 0.606211
vt 0.731170 0.598815
vt 0.752185 0.604099
vt 0.752415 0.597551
vt 0.778095 0.601791
vt 0.778323 0.593594
vt 0.807040 0.597274
vt 0.807303 0.588696
vt 0.834408 0.592727
vt 0.192980 0.152264
vt 0.168346 0.162516
vt 0.183304 0.147277
vt 0.170385 0.166356
vt 0.173859 0.168992
vt 0.218862 0.155482
vt 0.221328 0.206866
vt 0.190032 0.214028
vt 0.165627 0.213644
vt 0.114936 0.164470
vt 0.099840 0.221100
vt 0.095157 0.209816
vt 0.098306 0.176159
vt 0.100477 0.161823
vt 0.162769 0.337896
vt 0.143591 0.323716
vt 0.174191 0.315376
vt 0.209266 0.362433
vt 0.161478 0.292946
vt 0.130075 0.304465
vt 0.153316 0.273969
vt 0.123477 0.262571
vt 0.155409 0.221560
vt 0.111626 0.238762
vt 0.159652 0.251040
vt 0.161448 0.279850
vt 0.093624 0.167063
vt 0.200003 0.216507
vt 0.159914 0.228885
vt 0.163006 0.221015
vt 0.170265 0.217640
vt 0.093775 0.178406
vt 0.190354 0.330392
vt 0.211500 0.355986
vt 0.220799 0.365142
vt 0.097659 0.155677
vt 0.103234 0.155247
vt 0.114372 0.159543
vt 0.137521 0.322206
vt 0.192258 0.358002
vt 0.211610 0.366223
vt 0.220275 0.367292
vt 0.220936 0.366894
vt 0.221601 0.366491
vt 0.221998 0.367177
vt 0.221328 0.367574
vt 0.127560 0.307672
vt 0.121478 0.274045
vt 0.125577 0.302499
vt 0.164382 0.290453
vt 0.164729 0.291091
vt 0.165086 0.291723
vt 0.168689 0.299256
vt 0.176901 0.313703
vt 0.119638 0.262026
vt 0.188290 0.217698
vt 0.106893 0.238060
vt 0.096582 0.223005
vt 0.092264 0.211129
vt 0.114347 0.250295
vt 0.125883 0.303265
vt 0.147768 0.331317
vt 0.164519 0.342686
vt 0.779731 0.864180
vt 0.770087 0.869224
vt 0.755082 0.854005
vt 0.757103 0.850145
vt 0.760562 0.847485
vt 0.805568 0.860840
vt 0.807816 0.809291
vt 0.776528 0.802245
vt 0.752153 0.802736
vt 0.701728 0.852279
vt 0.686414 0.795545
vt 0.741914 0.794841
vt 0.698112 0.777779
vt 0.709849 0.753847
vt 0.739605 0.742284
vt 0.716264 0.711799
vt 0.747678 0.723215
vt 0.729683 0.692431
vt 0.760282 0.700662
vt 0.748780 0.678125
vt 0.795118 0.653311
vt 0.681783 0.806883
vt 0.685069 0.840627
vt 0.687297 0.854997
vt 0.746029 0.765255
vt 0.747703 0.736350
vt 0.680430 0.849771
vt 0.786477 0.799715
vt 0.746383 0.787475
vt 0.749504 0.795355
vt 0.756769 0.798708
vt 0.680533 0.838394
vt 0.776363 0.685531
vt 0.797377 0.659769
vt 0.806627 0.650544
vt 0.684508 0.861173
vt 0.690078 0.861580
vt 0.701186 0.857223
vt 0.723626 0.693972
vt 0.778149 0.657830
vt 0.797444 0.649500
vt 0.806094 0.648390
vt 0.807422 0.649188
vt 0.806756 0.648786
vt 0.807816 0.648498
vt 0.807145 0.648102
vt 0.713738 0.708593
vt 0.707804 0.742348
vt 0.711779 0.713791
vt 0.750589 0.725703
vt 0.750932 0.725062
vt 0.751287 0.724426
vt 0.754854 0.716855
vt 0.762996 0.702329
vt 0.706017 0.754410
vt 0.774772 0.798571
vt 0.693387 0.778503
vt 0.683151 0.793649
vt 0.678888 0.805579
vt 0.700781 0.766200
vt 0.712082 0.713021
vt 0.733823 0.684789
vt 0.750507 0.673313
vt 0.067805 0.315450
vt 0.075851 0.313235
vt 0.070941 0.311750
vt 0.081789 0.309819
vt 0.034247 0.309819
vt 0.036099 0.317244
vt 0.066764 0.883107
vt 0.063628 0.879407
vt 0.058718 0.880891
vt 0.052780 0.877475
vt 0.100322 0.877475
vt 0.098469 0.884901
vt 0.751410 0.028627
vt 0.799566 0.031556
vt 0.799709 0.027640
vt 0.854965 0.033560
vt 0.856700 0.029828
vt 0.875252 0.034241
vt 0.876988 0.030509
vt 0.894840 0.032202
vt 0.897226 0.028154
vt 0.910153 0.027640
vt 0.027648 0.742460
vt 0.024182 0.759886
vt 0.024445 0.696701
vt 0.029010 0.697903
vt 0.030218 0.686881
vt 0.025379 0.775372
vt 0.022979 0.775537
vt 0.022824 0.809073
vt 0.019742 0.809298
vt 0.023219 0.823070
vt 0.020138 0.823296
vt 0.021836 0.836398
vt 0.024918 0.836173
vt 0.030218 0.869224
vt 0.823242 0.036716
vt 0.867372 0.042492
vt 0.806246 0.039674
vt 0.866396 0.037419
vt 0.877115 0.036716
vt 0.791333 0.037748
vt 0.791097 0.040577
vt 0.758662 0.039170
vt 0.901313 0.065209
vt 0.896569 0.087985
vt 0.898980 0.065136
vt 0.899652 0.087196
vt 0.894419 0.129429
vt 0.905971 0.054286
vt 0.894037 0.187199
vt 0.912264 0.050063
vt 0.934082 0.125327
vt 0.934000 0.050706
vt 0.934729 0.168166
vt 0.931829 0.224676
vt 0.923680 0.047442
vt 0.933143 0.224782
vt 0.936745 0.252888
vt 0.936745 0.151833
vt 0.369890 0.986362
vt 0.369819 0.988751
vt 0.392134 0.991220
vt 0.391363 0.988063
vt 0.432611 0.993421
vt 0.359222 0.981593
vt 0.489029 0.993812
vt 0.355098 0.975149
vt 0.428604 0.952809
vt 0.355726 0.952893
vt 0.470441 0.952146
vt 0.525631 0.955115
vt 0.352538 0.963460
vt 0.525734 0.953770
vt 0.553183 0.950082
vt 0.454490 0.950083
vt 0.942966 0.805528
vt 0.939656 0.849380
vt 0.935133 0.850713
vt 0.939498 0.861073
vt 0.942559 0.773337
vt 0.937555 0.869414
vt 0.942533 0.873707
vt 0.947707 0.889026
vt 0.945256 0.773918
vt 0.947869 0.740821
vt 0.944706 0.740093
vt 0.950443 0.727310
vt 0.950443 0.888184
vt 0.320956 0.157306
vt 0.313054 0.112153
vt 0.317591 0.113480
vt 0.317420 0.101793
vt 0.320583 0.189482
vt 0.315462 0.093458
vt 0.320449 0.089162
vt 0.325620 0.073845
vt 0.323287 0.188898
vt 0.325942 0.221976
vt 0.322771 0.222707
vt 0.328364 0.234736
vt 0.328364 0.074683
vt 0.253149 0.597465
vt 0.257377 0.579895
vt 0.251813 0.578799
vt 0.252805 0.566837
vt 0.260677 0.547442
vt 0.258629 0.610097
vt 0.254229 0.612354
vt 0.258981 0.626446
vt 0.256029 0.628178
vt 0.260677 0.643977
vt 0.710615 0.584853
vt 0.728844 0.586221
vt 0.727774 0.580524
vt 0.740527 0.585205
vt 0.759468 0.577145
vt 0.698277 0.579242
vt 0.696074 0.583747
vt 0.682310 0.578882
vt 0.680619 0.581904
vt 0.665189 0.577145
vt 0.502872 0.301225
vt 0.460978 0.303418
vt 0.464894 0.309992
vt 0.438818 0.313392
vt 0.502917 0.294026
vt 0.437383 0.307423
vt 0.522197 0.300001
vt 0.522311 0.293317
vt 0.417054 0.312059
vt 0.542708 0.295583
vt 0.541906 0.301888
vt 0.435876 0.301231
vt 0.483364 0.294405
vt 0.459756 0.297738
vt 0.413758 0.304936
vt 0.449549 0.322776
vt 0.425345 0.327280
vt 0.439537 0.333685
vt 0.429115 0.338696
vt 0.414480 0.299409
vt 0.407591 0.299582
vt 0.401801 0.296122
vt 0.400108 0.298876
vt 0.390286 0.293317
vt 0.382873 0.298378
vt 0.382353 0.306682
vt 0.388167 0.316042
vt 0.403577 0.317111
vt 0.411343 0.308941
vt 0.418791 0.315891
vt 0.395786 0.323626
vt 0.412835 0.322489
vt 0.420808 0.322874
vt 0.414007 0.326609
vt 0.404726 0.328000
vt 0.930298 0.757044
vt 0.934327 0.757838
vt 0.934327 0.713284
vt 0.276793 0.200052
vt 0.280822 0.243812
vt 0.280822 0.199257
vt 0.907950 0.706152
vt 0.910443 0.707161
vt 0.910450 0.735795
vt 0.912991 0.736676
vt 0.909368 0.669883
vt 0.906252 0.668683
vt 0.912463 0.630176
vt 0.910066 0.628937
vt 0.918134 0.599959
vt 0.913988 0.753512
vt 0.916588 0.754272
vt 0.919823 0.765248
vt 0.913944 0.761693
vt 0.906069 0.748964
vt 0.916442 0.767394
vt 0.918709 0.768564
vt 0.885893 0.670084
vt 0.882393 0.636105
vt 0.891204 0.702750
vt 0.901706 0.621416
vt 0.915078 0.598801
vt 0.904124 0.588983
vt 0.919823 0.588951
vt 0.905835 0.573543
vt 0.913176 0.567228
vt 0.911195 0.553798
vt 0.898848 0.730669
vt 0.911675 0.541667
vt 0.859709 0.646978
vt 0.869519 0.702065
vt 0.867465 0.703243
vt 0.873754 0.723052
vt 0.879770 0.731844
vt 0.872422 0.631592
vt 0.890766 0.749559
vt 0.855319 0.598628
vt 0.842466 0.600843
vt 0.906769 0.761099
vt 0.882900 0.740980
vt 0.758144 0.059599
vt 0.787094 0.057040
vt 0.759129 0.057046
vt 0.787954 0.054438
vt 0.722722 0.058147
vt 0.721550 0.061338
vt 0.683943 0.054978
vt 0.682733 0.057432
vt 0.654432 0.049171
vt 0.804397 0.053416
vt 0.815858 0.047442
vt 0.805139 0.050755
vt 0.812387 0.053462
vt 0.799955 0.061525
vt 0.817954 0.050904
vt 0.819098 0.048583
vt 0.722919 0.082184
vt 0.689734 0.085768
vt 0.754821 0.076746
vt 0.675388 0.065992
vt 0.653301 0.052301
vt 0.643713 0.063516
vt 0.643682 0.047442
vt 0.628633 0.061764
vt 0.622466 0.054248
vt 0.609349 0.056277
vt 0.782088 0.068919
vt 0.597502 0.055785
vt 0.700352 0.108994
vt 0.755303 0.101053
vt 0.754152 0.098949
vt 0.774649 0.094613
vt 0.783235 0.088453
vt 0.685326 0.095977
vt 0.800536 0.077195
vt 0.653132 0.113489
vt 0.655296 0.126650
vt 0.811806 0.060808
vt 0.792157 0.085248
vt 0.775140 0.699397
vt 0.782322 0.730357
vt 0.776441 0.700155
vt 0.782972 0.730676
vt 0.777737 0.700915
vt 0.778386 0.701294
vt 0.780982 0.729696
vt 0.783976 0.730452
vt 0.799512 0.711112
vt 0.815291 0.729993
vt 0.812423 0.713134
vt 0.827520 0.726449
vt 0.799233 0.710056
vt 0.805124 0.699257
vt 0.824791 0.734858
vt 0.833405 0.728816
vt 0.782074 0.735561
vt 0.813816 0.734713
vt 0.803840 0.699328
vt 0.780428 0.730235
vt 0.769944 0.733177
vt 0.774095 0.699257
vt 0.836019 0.731680
vt 0.039827 0.048540
vt 0.026708 0.046121
vt 0.014440 0.050543
vt 0.039402 0.045119
vt 0.050947 0.044967
vt 0.063835 0.048477
vt 0.063414 0.045055
vt 0.075420 0.045552
vt 0.084949 0.051568
vt 0.085758 0.046235
vt 0.101934 0.048539
vt 0.101498 0.045119
vt 0.014102 0.047383
vt 0.111337 0.404253
vt 0.110594 0.404299
vt 0.109327 0.369807
vt 0.106357 0.369990
vt 0.111559 0.408066
vt 0.110817 0.408111
vt 0.111604 0.408828
vt 0.104948 0.358598
vt 0.109086 0.352729
vt 0.104599 0.347802
vt 0.109956 0.344551
vt 0.104475 0.347049
vt 0.104351 0.346295
vt 0.111604 0.333746
vt 0.535994 0.860598
vt 0.533985 0.895044
vt 0.535252 0.860553
vt 0.531015 0.894862
vt 0.536217 0.856786
vt 0.535474 0.856740
vt 0.536261 0.856023
vt 0.529605 0.906253
vt 0.533743 0.912123
vt 0.529256 0.917049
vt 0.534614 0.920301
vt 0.529132 0.917803
vt 0.529009 0.918556
vt 0.536261 0.931106
vt 0.991539 0.243812
vt 0.987510 0.227416
vt 0.991539 0.210809
vt 0.988487 0.239755
vt 0.836019 0.479067
vt 0.840048 0.495462
vt 0.840048 0.462459
vt 0.836996 0.491405
vt 0.013298 0.733911
vt 0.014102 0.738499
vt 0.009238 0.738426
vt 0.007655 0.767636
vt 0.012334 0.756105
vt 0.011803 0.775130
vt 0.010583 0.786867
vt 0.014102 0.794967
vt 0.621238 0.235360
vt 0.620627 0.239544
vt 0.637342 0.241182
vt 0.637360 0.244637
vt 0.591861 0.232294
vt 0.591962 0.228135
vt 0.640477 0.240820
vt 0.657937 0.242459
vt 0.644409 0.232010
vt 0.641851 0.228135
vt 0.975619 0.162505
vt 0.969934 0.178995
vt 0.971534 0.161880
vt 0.966559 0.179013
vt 0.978613 0.132426
vt 0.982675 0.132529
vt 0.970287 0.182205
vt 0.968687 0.200082
vt 0.978891 0.186231
vt 0.982675 0.183611
vt 0.454366 0.914488
vt 0.454875 0.935231
vt 0.449934 0.915378
vt 0.449234 0.934808
vt 0.451073 0.880604
vt 0.454465 0.879170
vt 0.451267 0.855826
vt 0.454132 0.854661
vt 0.450076 0.855626
vt 0.452986 0.843007
vt 0.449684 0.841270
vt 0.454875 0.839668
vt 0.451179 0.836221
vt 0.927768 0.012485
vt 0.928637 0.017023
vt 0.948026 0.011964
vt 0.947612 0.017739
vt 0.894675 0.015857
vt 0.893275 0.012383
vt 0.870477 0.015658
vt 0.869338 0.012724
vt 0.870281 0.016878
vt 0.857957 0.013898
vt 0.856260 0.017279
vt 0.854696 0.011964
vt 0.851330 0.015748
vt 0.333831 0.929764
vt 0.334052 0.933012
vt 0.362416 0.930085
vt 0.309993 0.931771
vt 0.362896 0.933581
vt 0.309404 0.928294
vt 0.296565 0.930728
vt 0.285657 0.925330
vt 0.379130 0.925330
vt 0.288023 0.930385
vt 0.985597 0.411951
vt 0.985283 0.441220
vt 0.982425 0.412177
vt 0.983637 0.387543
vt 0.981869 0.441712
vt 0.987033 0.386940
vt 0.984656 0.373793
vt 0.989927 0.362624
vt 0.989927 0.458333
vt 0.984990 0.365046
vt 0.413828 0.100890
vt 0.417375 0.096566
vt 0.397850 0.104593
vt 0.425787 0.096214
vt 0.399494 0.108187
vt 0.434742 0.089628
vt 0.394542 0.108986
vt 0.394373 0.118633
vt 0.344365 0.054775
vt 0.345277 0.043150
vt 0.343781 0.042909
vt 0.342869 0.054798
vt 0.345665 0.066597
vt 0.345707 0.034569
vt 0.347129 0.035069
vt 0.345985 0.054505
vt 0.348005 0.037734
vt 0.350275 0.028167
vt 0.354993 0.026310
vt 0.350966 0.078440
vt 0.361278 0.028109
vt 0.363186 0.051555
vt 0.371036 0.039840
vt 0.377799 0.049541
vt 0.378682 0.045855
vt 0.382575 0.109079
vt 0.361579 0.102834
vt 0.374815 0.116561
vt 0.388912 0.117291
vt 0.365737 0.023046
vt 0.362265 0.020214
vt 0.353804 0.092762
vt 0.373831 0.038625
vt 0.400000 0.044775
vt 0.417587 0.039279
vt 0.491275 0.067020
vt 0.482950 0.042555
vt 0.484183 0.029996
vt 0.491128 0.020214
vt 0.492210 0.070012
vt 0.493661 0.026193
vt 0.505641 0.062892
vt 0.366456 0.111761
vt 0.382092 0.120875
vt 0.349217 0.079852
vt 0.500009 0.027264
vt 0.359364 0.103011
vt 0.354460 0.023516
vt 0.390439 0.120717
vt 0.484818 0.030848
vt 0.373990 0.118192
vt 0.349564 0.027832
vt 0.021535 0.391558
vt 0.017917 0.375198
vt 0.025758 0.395189
vt 0.026103 0.403803
vt 0.014407 0.376882
vt 0.032535 0.412971
vt 0.013626 0.371812
vt 0.004205 0.371640
vt 0.066563 0.320425
vt 0.078129 0.319845
vt 0.077905 0.321369
vt 0.066542 0.318894
vt 0.055018 0.321757
vt 0.086175 0.321683
vt 0.085843 0.323206
vt 0.066827 0.322082
vt 0.083221 0.324139
vt 0.092568 0.326503
vt 0.094377 0.331324
vt 0.043452 0.327188
vt 0.092617 0.337752
vt 0.069712 0.339698
vt 0.081154 0.347740
vt 0.071678 0.354663
vt 0.075277 0.355568
vt 0.013534 0.359558
vt 0.019631 0.338059
vt 0.006226 0.351613
vt 0.005515 0.366048
vt 0.097558 0.342319
vt 0.100322 0.338766
vt 0.029466 0.330096
vt 0.082340 0.350603
vt 0.076333 0.377395
vt 0.081701 0.395402
vt 0.054617 0.470852
vt 0.078506 0.462326
vt 0.090771 0.463587
vt 0.100322 0.470697
vt 0.051695 0.471810
vt 0.094485 0.473291
vt 0.058649 0.485561
vt 0.010913 0.343053
vt 0.002015 0.359065
vt 0.042073 0.325398
vt 0.093438 0.479788
vt 0.019457 0.335790
vt 0.097102 0.330780
vt 0.002169 0.367612
vt 0.089939 0.464238
vt 0.004633 0.350769
vt 0.907736 0.243812
vt 0.869293 0.255990
vt 0.869960 0.258180
vt 0.854556 0.260659
vt 0.854011 0.264439
vt 0.843095 0.260333
vt 0.843464 0.257603
vt 0.819903 0.243812
vt 0.626511 0.126650
vt 0.664286 0.141018
vt 0.664954 0.138829
vt 0.679691 0.143497
vt 0.680236 0.147277
vt 0.691152 0.143171
vt 0.690783 0.140442
vt 0.714343 0.126650
vt 0.003848 0.451100
vt 0.005984 0.474702
vt 0.002015 0.453280
vt 0.003353 0.474484
vt 0.006314 0.442403
vt 0.009267 0.458983
vt 0.009267 0.441860
vt 0.008448 0.430661
vt 0.004399 0.429455
vt 0.005553 0.489686
vt 0.364007 0.358271
vt 0.366136 0.360148
vt 0.387058 0.356084
vt 0.386845 0.358778
vt 0.355514 0.355746
vt 0.371707 0.352723
vt 0.354984 0.352723
vt 0.344046 0.353561
vt 0.342869 0.357707
vt 0.401692 0.356525
vt 0.564390 0.204436
vt 0.562438 0.205769
vt 0.574644 0.219732
vt 0.572649 0.220979
vt 0.553589 0.194307
vt 0.585094 0.240730
vt 0.582841 0.242168
vt 0.588238 0.252158
vt 0.561030 0.217716
vt 0.556065 0.207196
vt 0.584727 0.263028
vt 0.592484 0.269657
vt 0.587786 0.275876
vt 0.597283 0.275991
vt 0.578785 0.273797
vt 0.561579 0.231981
vt 0.586130 0.291003
vt 0.593879 0.281606
vt 0.557854 0.250937
vt 0.565750 0.291319
vt 0.572690 0.321969
vt 0.601750 0.314856
vt 0.579737 0.331066
vt 0.605583 0.297133
vt 0.560408 0.218212
vt 0.603669 0.286193
vt 0.554527 0.257254
vt 0.563062 0.292830
vt 0.651208 0.292628
vt 0.643254 0.300806
vt 0.678909 0.282622
vt 0.656047 0.275684
vt 0.671855 0.273741
vt 0.672474 0.273261
vt 0.680534 0.281275
vt 0.673712 0.272291
vt 0.673094 0.272779
vt 0.621130 0.312172
vt 0.608540 0.340734
vt 0.601274 0.346122
vt 0.675902 0.296560
vt 0.682149 0.294789
vt 0.600775 0.345555
vt 0.629883 0.320450
vt 0.640503 0.313215
vt 0.649959 0.308138
vt 0.681722 0.281314
vt 0.571399 0.321976
vt 0.548888 0.201447
vt 0.560249 0.232381
vt 0.556761 0.251252
vt 0.553524 0.257531
vt 0.525786 0.265674
vt 0.539141 0.273486
vt 0.552405 0.260671
vt 0.540802 0.274155
vt 0.611943 0.344848
vt 0.624843 0.332003
vt 0.635182 0.322296
vt 0.656692 0.311299
vt 0.645613 0.315355
vt 0.683496 0.302408
vt 0.684439 0.301923
vt 0.682566 0.294356
vt 0.688518 0.299240
vt 0.685933 0.289404
vt 0.707866 0.275028
vt 0.700881 0.286857
vt 0.553431 0.260653
vt 0.682249 0.280885
vt 0.681819 0.280293
vt 0.682825 0.280427
vt 0.683389 0.279967
vt 0.683953 0.279509
vt 0.699011 0.264214
vt 0.702839 0.269266
vt 0.712092 0.250729
vt 0.698952 0.250790
vt 0.725396 0.221743
vt 0.685663 0.262575
vt 0.677191 0.270444
vt 0.675969 0.271374
vt 0.674897 0.271320
vt 0.676581 0.270907
vt 0.703519 0.233343
vt 0.726067 0.207712
vt 0.731601 0.207937
vt 0.734402 0.197028
vt 0.733537 0.195685
vt 0.734783 0.194774
vt 0.735129 0.195432
vt 0.688359 0.249215
vt 0.674854 0.259374
vt 0.667474 0.266918
vt 0.665458 0.260913
vt 0.664792 0.261460
vt 0.664134 0.262015
vt 0.654142 0.266719
vt 0.626576 0.273652
vt 0.672581 0.256245
vt 0.686065 0.246099
vt 0.701192 0.230252
vt 0.605280 0.277499
vt 0.735795 0.194307
vt 0.736100 0.195041
vt 0.717179 0.256530
vt 0.730072 0.226269
vt 0.724320 0.205512
vt 0.735741 0.205218
vt 0.735918 0.196123
vt 0.334079 0.243215
vt 0.323825 0.258511
vt 0.336031 0.244548
vt 0.325820 0.259758
vt 0.344880 0.233086
vt 0.313375 0.279509
vt 0.315628 0.280947
vt 0.310231 0.290937
vt 0.337439 0.256495
vt 0.342404 0.245975
vt 0.313742 0.301807
vt 0.305985 0.308436
vt 0.310683 0.314655
vt 0.301186 0.314770
vt 0.319684 0.312575
vt 0.336890 0.270760
vt 0.312339 0.329782
vt 0.304590 0.320385
vt 0.340615 0.289716
vt 0.332719 0.330098
vt 0.325778 0.360747
vt 0.296719 0.353635
vt 0.318732 0.369844
vt 0.292885 0.335912
vt 0.338061 0.256991
vt 0.294800 0.324971
vt 0.343942 0.296033
vt 0.335407 0.331608
vt 0.247261 0.331407
vt 0.255215 0.339585
vt 0.219560 0.321400
vt 0.242422 0.314463
vt 0.226614 0.312520
vt 0.225995 0.312039
vt 0.225375 0.311558
vt 0.217935 0.320053
vt 0.224757 0.311070
vt 0.277339 0.350951
vt 0.289929 0.379513
vt 0.297195 0.384901
vt 0.222567 0.335338
vt 0.216320 0.333568
vt 0.297694 0.384334
vt 0.268586 0.359228
vt 0.257965 0.351994
vt 0.248510 0.346917
vt 0.216746 0.320093
vt 0.327070 0.360755
vt 0.349581 0.240226
vt 0.338220 0.271159
vt 0.341708 0.290030
vt 0.344945 0.296310
vt 0.372683 0.304452
vt 0.359327 0.312265
vt 0.346064 0.299450
vt 0.357667 0.312933
vt 0.286526 0.383627
vt 0.273626 0.370782
vt 0.263287 0.361075
vt 0.241777 0.350078
vt 0.252856 0.354134
vt 0.214973 0.341187
vt 0.214030 0.340702
vt 0.215903 0.333135
vt 0.209951 0.338018
vt 0.212536 0.328183
vt 0.190603 0.313807
vt 0.197588 0.325636
vt 0.345038 0.299432
vt 0.216650 0.319071
vt 0.216220 0.319663
vt 0.215644 0.319206
vt 0.214515 0.318287
vt 0.215080 0.318746
vt 0.199458 0.302992
vt 0.195630 0.308045
vt 0.186377 0.289507
vt 0.199517 0.289569
vt 0.173073 0.260522
vt 0.212806 0.301354
vt 0.221278 0.309223
vt 0.222499 0.310152
vt 0.223572 0.310099
vt 0.221888 0.309686
vt 0.194950 0.272122
vt 0.172402 0.246491
vt 0.166867 0.246716
vt 0.164067 0.235806
vt 0.164932 0.234464
vt 0.163686 0.233553
vt 0.163340 0.234211
vt 0.210110 0.287994
vt 0.223615 0.298153
vt 0.230995 0.305696
vt 0.233011 0.299691
vt 0.234335 0.300794
vt 0.233677 0.300239
vt 0.244327 0.305498
vt 0.271893 0.312431
vt 0.225888 0.295024
vt 0.212404 0.284878
vt 0.197277 0.269031
vt 0.293189 0.316278
vt 0.162674 0.233086
vt 0.162369 0.233820
vt 0.181290 0.295309
vt 0.168397 0.265048
vt 0.174149 0.244291
vt 0.162728 0.243997
vt 0.162551 0.234902
vt 0.226915 0.095974
vt 0.264921 0.096196
vt 0.264793 0.093902
vt 0.286326 0.090755
vt 0.264309 0.152218
vt 0.282864 0.144669
vt 0.282312 0.144156
vt 0.269507 0.120985
vt 0.283350 0.144096
vt 0.285254 0.129323
vt 0.270016 0.120413
vt 0.285754 0.128752
vt 0.238143 0.112866
vt 0.251049 0.131792
vt 0.237552 0.113782
vt 0.297203 0.141132
vt 0.304042 0.125551
vt 0.297151 0.100395
vt 0.274207 0.110994
vt 0.285952 0.093610
vt 0.301522 0.092136
vt 0.270657 0.119540
vt 0.238731 0.111947
vt 0.308298 0.104105
vt 0.196900 0.106573
vt 0.171245 0.088999
vt 0.156558 0.094943
vt 0.296747 0.141740
vt 0.306975 0.095427
vt 0.309831 0.120873
vt 0.304285 0.087871
vt 0.304859 0.088382
vt 0.114295 0.087871
vt 0.196897 0.107870
vt 0.305764 0.137202
vt 0.305448 0.144277
vt 0.298271 0.158003
vt 0.295651 0.156509
vt 0.115833 0.121751
vt 0.115479 0.122423
vt 0.134299 0.130790
vt 0.095088 0.108587
vt 0.127815 0.107996
vt 0.073731 0.088056
vt 0.153571 0.127078
vt 0.143637 0.128904
vt 0.210455 0.127267
vt 0.152656 0.148815
vt 0.854698 0.871783
vt 0.856721 0.910567
vt 0.854481 0.910699
vt 0.859795 0.932616
vt 0.799768 0.910072
vt 0.807642 0.928506
vt 0.807140 0.929071
vt 0.807700 0.929569
vt 0.830271 0.915395
vt 0.822128 0.931518
vt 0.830830 0.915916
vt 0.822685 0.932031
vt 0.838200 0.883280
vt 0.819717 0.896495
vt 0.837305 0.882675
vt 0.810595 0.943753
vt 0.825811 0.950756
vt 0.850380 0.943700
vt 0.840029 0.920207
vt 0.857007 0.932233
vt 0.858446 0.948176
vt 0.831682 0.916572
vt 0.839097 0.883883
vt 0.846756 0.955114
vt 0.844346 0.841050
vt 0.861510 0.814781
vt 0.855704 0.799743
vt 0.810001 0.943286
vt 0.855231 0.953759
vt 0.830380 0.956683
vt 0.862611 0.951005
vt 0.862112 0.951592
vt 0.862611 0.756468
vt 0.843080 0.841047
vt 0.814433 0.952519
vt 0.807523 0.952195
vt 0.794118 0.944846
vt 0.795577 0.942164
vt 0.829523 0.758044
vt 0.820695 0.776952
vt 0.828866 0.757681
vt 0.842380 0.736802
vt 0.842956 0.770312
vt 0.862431 0.714934
vt 0.824320 0.796685
vt 0.822537 0.786513
vt 0.824135 0.854929
vt 0.803091 0.795748
vt 0.996374 0.414604
vt 0.996192 0.439138
vt 0.992345 0.436374
vt 0.996374 0.452558
vt 0.488719 0.161304
vt 0.484690 0.183074
vt 0.488537 0.185838
vt 0.488719 0.199257
vt 0.328423 0.146577
vt 0.344510 0.149752
vt 0.346898 0.145627
vt 0.326753 0.145627
vt 0.836522 0.246287
vt 0.841413 0.242707
vt 0.858867 0.244776
vt 0.859177 0.241337
vt 0.832483 0.241337
vt 0.863107 0.245467
vt 0.863417 0.242028
vt 0.831185 0.243892
vt 0.436038 0.106023
vt 0.458383 0.104512
vt 0.440929 0.102443
vt 0.458694 0.101073
vt 0.432000 0.101073
vt 0.462623 0.105203
vt 0.462933 0.101764
vt 0.430701 0.103628
vt 0.053511 0.535152
vt 0.054474 0.550038
vt 0.052359 0.550160
vt 0.051396 0.535273
vt 0.053284 0.520148
vt 0.051168 0.520270
vt 0.056809 0.563822
vt 0.054694 0.563944
vt 0.054729 0.506648
vt 0.052613 0.506770
vt 0.056809 0.492162
vt 0.054694 0.492283
vt 0.465023 0.091938
vt 0.450040 0.089521
vt 0.450722 0.093789
vt 0.465284 0.094472
vt 0.477438 0.092900
vt 0.477089 0.089521
vt 0.642684 0.104862
vt 0.640877 0.090219
vt 0.645044 0.089521
vt 0.640209 0.105130
vt 0.641745 0.117574
vt 0.645044 0.117218
vt 0.635210 0.865924
vt 0.634929 0.862556
vt 0.625153 0.862752
vt 0.651418 0.862959
vt 0.651286 0.861165
vt 0.634778 0.860974
vt 0.625269 0.864349
vt 0.624899 0.861165
vt 0.664384 0.863671
vt 0.893231 0.320376
vt 0.896329 0.310078
vt 0.896521 0.320088
vt 0.896127 0.336971
vt 0.897879 0.336837
vt 0.898066 0.319933
vt 0.894770 0.310197
vt 0.897879 0.309819
vt 0.895432 0.350248
vt 0.362521 0.453020
vt 0.343455 0.451687
vt 0.342528 0.453383
vt 0.327696 0.450530
vt 0.326769 0.452226
vt 0.363434 0.452034
vt 0.309831 0.448432
vt 0.393527 0.449419
vt 0.394440 0.448432
vt 0.975777 0.804363
vt 0.975423 0.783892
vt 0.977079 0.784841
vt 0.978209 0.768705
vt 0.976553 0.767756
vt 0.976741 0.805298
vt 0.980258 0.750413
vt 0.979294 0.836111
vt 0.980258 0.837046
vt 0.674425 0.127475
vt 0.664305 0.131922
vt 0.673795 0.133251
vt 0.663578 0.128003
vt 0.677049 0.128003
vt 0.678082 0.130146
vt 0.696953 0.002063
vt 0.697851 0.007838
vt 0.707344 0.006039
vt 0.707897 0.002063
vt 0.694335 0.002721
vt 0.693392 0.004926
vt 0.012490 0.633251
vt 0.009267 0.645139
vt 0.012490 0.650578
vt 0.056809 0.746287
vt 0.073731 0.746287
vt 0.068419 0.749587
vt 0.570616 0.984441
vt 0.580925 0.985545
vt 0.571241 0.982261
vt 0.552709 0.990419
vt 0.580453 0.989980
vt 0.552551 0.994721
vt 0.541096 0.993286
vt 0.609726 0.993099
vt 0.609390 0.989847
vt 0.648464 0.997937
vt 0.649682 0.993853
vt 0.687124 0.996565
vt 0.689010 0.992728
vt 0.719576 0.993841
vt 0.720964 0.990394
vt 0.738898 0.989725
vt 0.740457 0.986954
vt 0.752216 0.982261
vt 0.406527 0.885885
vt 0.409750 0.896764
vt 0.406985 0.902228
vt 0.409750 0.856023
vt 0.070420 0.987211
vt 0.081910 0.985754
vt 0.071021 0.983911
vt 0.082592 0.984082
vt 0.054879 0.983997
vt 0.084206 0.984811
vt 0.084166 0.983997
vt 0.050439 0.985883
vt 0.039081 0.984900
vt 0.008461 0.854463
vt 0.011684 0.853847
vt 0.009884 0.842698
vt 0.011517 0.842000
vt 0.011600 0.870375
vt 0.010805 0.840347
vt 0.011600 0.840388
vt 0.009758 0.874922
vt 0.010718 0.886551
vt 0.290492 0.066419
vt 0.308373 0.068894
vt 0.309145 0.066831
vt 0.341257 0.066419
vt 0.238114 0.517739
vt 0.237712 0.498639
vt 0.235697 0.499430
vt 0.238114 0.465759
vt 0.230862 0.152228
vt 0.230862 0.137376
vt 0.227639 0.146794
vt 0.432313 0.361799
vt 0.427006 0.365099
vt 0.417808 0.361799
vt 0.419303 0.904225
vt 0.421388 0.906776
vt 0.417808 0.904183
vt 0.417941 0.884214
vt 0.423254 0.883693
vt 0.429515 0.910072
vt 0.424714 0.916386
vt 0.435741 0.878372
vt 0.438454 0.863181
vt 0.433868 0.792492
vt 0.441982 0.831207
vt 0.433595 0.924686
vt 0.441982 0.931106
vt 0.010037 0.686709
vt 0.008434 0.686625
vt 0.012490 0.684339
vt 0.006849 0.706544
vt 0.012490 0.707508
vt 0.009945 0.674505
vt 0.939968 0.142195
vt 0.940773 0.142195
vt 0.939968 0.169554
vt 0.940774 0.169554
vt 0.940774 0.085396
vt 0.725495 0.979786
vt 0.752216 0.979785
vt 0.725495 0.978960
vt 0.752216 0.978960
vt 0.670024 0.978960
vt 0.749799 0.168655
vt 0.750005 0.170426
vt 0.760874 0.169434
vt 0.761080 0.171205
vt 0.761080 0.167904
vt 0.525052 0.895627
vt 0.524292 0.884287
vt 0.523323 0.895416
vt 0.522562 0.884076
vt 0.525786 0.884076
vt 0.408047 0.341691
vt 0.419614 0.344697
vt 0.420045 0.341223
vt 0.432502 0.341172
vt 0.443602 0.344835
vt 0.444036 0.341362
vt 0.456717 0.342418
vt 0.468230 0.346847
vt 0.398510 0.347772
vt 0.397716 0.342353
vt 0.381547 0.344644
vt 0.381993 0.341172
vt 0.468574 0.343637
vt 0.224035 0.250875
vt 0.221570 0.251626
vt 0.222375 0.235072
vt 0.218775 0.235471
vt 0.227639 0.264439
vt 0.224191 0.235229
vt 0.225905 0.250541
vt 0.227639 0.189356
vt 0.987129 0.108862
vt 0.985470 0.124666
vt 0.984664 0.108111
vt 0.981869 0.124268
vt 0.990733 0.095297
vt 0.987285 0.124509
vt 0.988999 0.109196
vt 0.990733 0.170380
vt 0.837631 0.693482
vt 0.836019 0.692708
vt 0.837630 0.684896
vt 0.836020 0.684896
vt 0.837631 0.672030
vt 0.392828 0.875825
vt 0.392827 0.884411
vt 0.391217 0.876599
vt 0.391217 0.884411
vt 0.392828 0.897277
vt 0.930989 0.372560
vt 0.948281 0.389731
vt 0.964532 0.408003
vt 0.965753 0.406828
vt 0.924178 0.358208
vt 0.922132 0.360015
vt 0.913096 0.343678
vt 0.916143 0.342047
vt 0.902901 0.322195
vt 0.965753 0.331489
vt 0.051203 0.091290
vt 0.085818 0.056944
vt 0.067973 0.073584
vt 0.084670 0.055693
vt 0.037187 0.098264
vt 0.038951 0.100358
vt 0.022996 0.109610
vt 0.021403 0.106491
vt 0.002015 0.120049
vt 0.011091 0.055693
vt 0.290396 0.079620
vt 0.279263 0.077970
vt 0.279263 0.079620
vt 0.290396 0.077970
vt 0.267929 0.077970
vt 0.300161 0.079620
vt 0.191469 0.470726
vt 0.189791 0.455883
vt 0.192184 0.455033
vt 0.189858 0.470812
vt 0.192184 0.482913
vt 0.188961 0.483086
vt 0.138296 0.156259
vt 0.138211 0.154609
vt 0.123715 0.156328
vt 0.122885 0.153878
vt 0.150113 0.153878
vt 0.150282 0.157178
vt 0.848912 0.023515
vt 0.838305 0.025990
vt 0.828767 0.023515
vt 0.985898 0.791667
vt 0.985898 0.771040
vt 0.983481 0.780806
vt 0.949760 0.816419
vt 0.957916 0.818325
vt 0.957967 0.816723
vt 0.949637 0.819719
vt 0.963957 0.817747
vt 0.963982 0.816946
vt 0.971343 0.818020
vt 0.971394 0.816419
vt 0.720211 0.960011
vt 0.720113 0.961705
vt 0.728489 0.960615
vt 0.728305 0.964109
vt 0.714095 0.960415
vt 0.714144 0.959568
vt 0.724835 0.958446
vt 0.713836 0.956774
vt 0.707091 0.956683
vt 0.731265 0.956683
vt 0.889202 0.307233
vt 0.889019 0.308277
vt 0.887591 0.308278
vt 0.889202 0.342822
vt 0.887616 0.306518
vt 0.106769 0.417794
vt 0.105157 0.418839
vt 0.106586 0.418839
vt 0.106769 0.453383
vt 0.105182 0.417079
vt 0.993189 0.495354
vt 0.992683 0.509233
vt 0.991456 0.495247
vt 0.993134 0.481473
vt 0.990733 0.509112
vt 0.995077 0.481637
vt 0.992910 0.521045
vt 0.995568 0.469885
vt 0.995121 0.495527
vt 0.994844 0.521320
vt 0.995568 0.532591
vt 0.511405 0.400495
vt 0.512893 0.400446
vt 0.509906 0.386789
vt 0.512273 0.414293
vt 0.511572 0.386638
vt 0.507715 0.375334
vt 0.509751 0.400497
vt 0.506051 0.375398
vt 0.503101 0.364712
vt 0.506801 0.436787
vt 0.510493 0.425963
vt 0.509052 0.425606
vt 0.505378 0.436279
vt 0.510595 0.414206
vt 0.499347 0.440052
vt 0.500142 0.443930
vt 0.492628 0.449231
vt 0.484452 0.447645
vt 0.484461 0.375378
vt 0.492671 0.354837
vt 0.483755 0.351019
vt 0.498627 0.357871
vt 0.485075 0.451550
vt 0.488253 0.349422
vt 0.477625 0.353296
vt 0.132563 0.450645
vt 0.126060 0.443866
vt 0.125494 0.445506
vt 0.133596 0.449097
vt 0.141181 0.452558
vt 0.141099 0.451444
vt 0.126855 0.439976
vt 0.141728 0.447548
vt 0.120839 0.436205
vt 0.117143 0.425550
vt 0.141737 0.375369
vt 0.116458 0.400453
vt 0.120173 0.375377
vt 0.133549 0.354850
vt 0.142451 0.351069
vt 0.123131 0.364709
vt 0.127599 0.357879
vt 0.148575 0.353311
vt 0.146200 0.349477
vt 0.137986 0.349422
vt 0.145673 0.450632
vt 0.148070 0.443027
vt 0.115633 0.414151
vt 0.132756 0.352458
vt 0.151402 0.375389
vt 0.116327 0.386755
vt 0.154478 0.442320
vt 0.155118 0.379953
vt 0.170169 0.438536
vt 0.170182 0.384496
vt 0.170918 0.441148
vt 0.183486 0.438564
vt 0.183291 0.441378
vt 0.193677 0.441246
vt 0.170956 0.381888
vt 0.183498 0.384489
vt 0.146026 0.451651
vt 0.183331 0.382236
vt 0.194444 0.383162
vt 0.312685 0.435490
vt 0.326116 0.394376
vt 0.312689 0.395124
vt 0.326105 0.435493
vt 0.358433 0.392107
vt 0.389991 0.439311
vt 0.389271 0.389075
vt 0.358420 0.437781
vt 0.432010 0.385284
vt 0.432728 0.438575
vt 0.442668 0.384499
vt 0.442668 0.438604
vt 0.300007 0.394378
vt 0.300009 0.435488
vt 0.267697 0.392104
vt 0.267702 0.437766
vt 0.236870 0.389070
vt 0.236140 0.439287
vt 0.194150 0.385274
vt 0.193421 0.438540
vt 0.455991 0.384508
vt 0.455992 0.438581
vt 0.312692 0.391733
vt 0.471067 0.379963
vt 0.471692 0.442373
vt 0.432471 0.441282
vt 0.389785 0.441451
vt 0.236345 0.441426
vt 0.325949 0.391648
vt 0.300175 0.391650
vt 0.358187 0.389376
vt 0.267943 0.389374
vt 0.474786 0.375395
vt 0.478102 0.443101
vt 0.480475 0.450740
vt 0.455218 0.381898
vt 0.442862 0.441419
vt 0.455242 0.441193
vt 0.389021 0.386939
vt 0.431716 0.383172
vt 0.237120 0.386935
vt 0.442835 0.382245
vt 0.358176 0.439918
vt 0.325940 0.437631
vt 0.312687 0.437628
vt 0.300175 0.437625
vt 0.267944 0.439902
vt 0.479942 0.451676
vt 0.228330 0.007013
vt 0.213940 0.006188
vt 0.228445 0.006188
vt 0.763497 0.448432
vt 0.793312 0.448432
vt 0.793293 0.449257
vt 0.974174 0.655364
vt 0.971410 0.669443
vt 0.972354 0.656004
vt 0.975666 0.650045
vt 0.975468 0.667539
vt 0.976470 0.653738
vt 0.975145 0.681613
vt 0.970056 0.684000
vt 0.975538 0.699579
vt 0.969782 0.701954
vt 0.977035 0.719963
vt 0.977035 0.649773
vt 0.976095 0.647640
vt 0.975714 0.648321
vt 0.975383 0.647277
vt 0.970598 0.722360
vt 0.822803 0.469730
vt 0.824547 0.470395
vt 0.825259 0.483835
vt 0.821444 0.464395
vt 0.821377 0.481876
vt 0.820615 0.468073
vt 0.821482 0.495943
vt 0.826350 0.498398
vt 0.820839 0.513887
vt 0.826350 0.516340
vt 0.819098 0.534232
vt 0.820129 0.464104
vt 0.821066 0.461986
vt 0.821423 0.462672
vt 0.821758 0.461634
vt 0.825264 0.536716
vt 0.249461 0.012795
vt 0.252071 0.013563
vt 0.251708 0.011947
vt 0.249603 0.014712
vt 0.245850 0.012156
vt 0.245641 0.014471
vt 0.236018 0.013482
vt 0.235840 0.015606
vt 0.212484 0.014306
vt 0.212303 0.016743
vt 0.184219 0.014377
vt 0.184028 0.016914
vt 0.245005 0.006188
vt 0.236354 0.010855
vt 0.252619 0.008699
vt 0.155754 0.013388
vt 0.124237 0.012234
vt 0.155483 0.016832
vt 0.123243 0.015687
vt 0.099803 0.011389
vt 0.213850 0.011020
vt 0.212075 0.010465
vt 0.185407 0.008337
vt 0.156620 0.008362
vt 0.124898 0.007246
vt 0.100500 0.006356
vt 0.081438 0.006188
vt 0.082204 0.011843
vt 0.060032 0.012274
vt 0.060121 0.015961
vt 0.661901 0.972366
vt 0.659654 0.971518
vt 0.659290 0.973133
vt 0.661759 0.974283
vt 0.665512 0.971727
vt 0.665720 0.974042
vt 0.675344 0.973053
vt 0.675522 0.975177
vt 0.698878 0.973877
vt 0.699059 0.976314
vt 0.727143 0.973948
vt 0.727334 0.976485
vt 0.666357 0.965759
vt 0.675008 0.970426
vt 0.658743 0.968269
vt 0.755608 0.972959
vt 0.755879 0.976403
vt 0.787125 0.971805
vt 0.788120 0.975258
vt 0.811559 0.970960
vt 0.699287 0.970036
vt 0.697512 0.970591
vt 0.725955 0.967907
vt 0.754742 0.967933
vt 0.786464 0.966817
vt 0.810862 0.965927
vt 0.829924 0.965759
vt 0.829158 0.971414
vt 0.851330 0.971844
vt 0.851241 0.975532
vt 0.767526 0.760218
vt 0.778807 0.757013
vt 0.775587 0.759964
vt 0.778807 0.761964
vt 0.570105 0.172855
vt 0.568638 0.164794
vt 0.565270 0.161937
vt 0.570105 0.161304
vt 0.955140 0.416378
vt 0.953307 0.420268
vt 0.952108 0.419084
vt 0.948111 0.431065
vt 0.954550 0.415476
vt 0.956084 0.413779
vt 0.946000 0.431199
vt 0.942639 0.465501
vt 0.939953 0.465713
vt 0.941469 0.481119
vt 0.942918 0.494625
vt 0.956084 0.529570
vt 0.950741 0.520653
vt 0.940564 0.496655
vt 0.938892 0.482198
vt 0.932845 0.510309
vt 0.929700 0.476035
vt 0.936806 0.440681
vt 0.941274 0.426670
vt 0.950951 0.416980
vt 0.924452 0.453545
vt 0.916051 0.471976
vt 0.933325 0.438115
vt 0.909255 0.496350
vt 0.909613 0.521884
vt 0.908140 0.508240
vt 0.904577 0.504960
vt 0.908114 0.522885
vt 0.892748 0.514308
vt 0.889202 0.530941
vt 0.896072 0.503715
vt 0.901280 0.496375
vt 0.909666 0.471624
vt 0.097767 0.869926
vt 0.094735 0.867220
vt 0.095934 0.866036
vt 0.090738 0.855239
vt 0.097177 0.870827
vt 0.098711 0.872525
vt 0.088627 0.855104
vt 0.085266 0.820803
vt 0.082580 0.820591
vt 0.084096 0.805185
vt 0.085545 0.791679
vt 0.093368 0.765650
vt 0.098711 0.756734
vt 0.083191 0.789649
vt 0.081518 0.804106
vt 0.075472 0.775994
vt 0.072327 0.810269
vt 0.079433 0.845623
vt 0.083901 0.859634
vt 0.093578 0.869323
vt 0.067078 0.832759
vt 0.058678 0.814327
vt 0.075952 0.848189
vt 0.051882 0.789953
vt 0.052240 0.764420
vt 0.050767 0.778064
vt 0.047204 0.781344
vt 0.050740 0.763419
vt 0.035375 0.771995
vt 0.031829 0.755363
vt 0.038698 0.782589
vt 0.043907 0.789928
vt 0.052292 0.814680
vt 0.672442 0.952558
vt 0.652841 0.952558
vt 0.670816 0.953519
vt 0.655105 0.955033
vt 0.632151 0.954571
vt 0.232468 0.262789
vt 0.230056 0.251370
vt 0.230856 0.262789
vt 0.232468 0.250303
vt 0.234085 0.262073
vt 0.234085 0.249587
vt 0.791694 0.786716
vt 0.790082 0.786716
vt 0.789283 0.775298
vt 0.791694 0.774230
vt 0.793312 0.786001
vt 0.793312 0.773515
vt 0.020097 0.275512
vt 0.018377 0.275683
vt 0.013644 0.266914
vt 0.022160 0.281884
vt 0.022160 0.290114
vt 0.020572 0.290115
vt 0.020716 0.282115
vt 0.019189 0.323786
vt 0.010977 0.289961
vt 0.010878 0.284806
vt 0.012878 0.326320
vt 0.867145 0.232834
vt 0.866979 0.231072
vt 0.858582 0.237680
vt 0.873202 0.228960
vt 0.881240 0.228960
vt 0.873427 0.230439
vt 0.881241 0.230586
vt 0.914125 0.232002
vt 0.881090 0.240411
vt 0.876056 0.240512
vt 0.916600 0.238464
vt 0.325498 0.030276
vt 0.328816 0.020430
vt 0.327400 0.029858
vt 0.327080 0.020214
vt 0.325141 0.039154
vt 0.327274 0.039368
vt 0.326913 0.047898
vt 0.328073 0.047509
vt 0.328816 0.052393
vt 0.329976 0.052004
vt 0.767378 0.189834
vt 0.767497 0.197179
vt 0.765915 0.189920
vt 0.766772 0.181615
vt 0.771623 0.165403
vt 0.772062 0.194857
vt 0.767927 0.197810
vt 0.786092 0.200431
vt 0.766330 0.180984
vt 0.768317 0.164256
vt 0.776041 0.149361
vt 0.779320 0.150639
vt 0.777891 0.142579
vt 0.790055 0.133736
vt 0.788212 0.131337
vt 0.798781 0.131445
vt 0.804097 0.118703
vt 0.820277 0.104909
vt 0.816345 0.102463
vt 0.833697 0.074212
vt 0.836694 0.076625
vt 0.898200 0.044967
vt 0.867529 0.053466
vt 0.867316 0.052733
vt 0.898378 0.045711
vt 0.851230 0.059310
vt 0.869363 0.057584
vt 0.847280 0.064476
vt 0.844440 0.061892
vt 0.899680 0.048956
vt 0.900483 0.045907
vt 0.853573 0.094153
vt 0.864268 0.077065
vt 0.872351 0.067779
vt 0.846989 0.161909
vt 0.811878 0.195325
vt 0.837813 0.154683
vt 0.789516 0.195586
vt 0.837920 0.137267
vt 0.847306 0.201203
vt 0.873352 0.171992
vt 0.900483 0.218234
vt 0.794169 0.287032
vt 0.793312 0.278727
vt 0.794775 0.278813
vt 0.794895 0.271468
vt 0.799021 0.303244
vt 0.799459 0.273790
vt 0.795324 0.270836
vt 0.813489 0.268215
vt 0.793727 0.287663
vt 0.795715 0.304390
vt 0.803438 0.319286
vt 0.806718 0.318008
vt 0.805288 0.326068
vt 0.817452 0.334911
vt 0.815609 0.337310
vt 0.826178 0.337202
vt 0.831495 0.349944
vt 0.847674 0.363738
vt 0.843742 0.366184
vt 0.861094 0.394435
vt 0.864091 0.392021
vt 0.925597 0.423680
vt 0.894714 0.415914
vt 0.894926 0.415180
vt 0.925775 0.422936
vt 0.878627 0.409337
vt 0.896760 0.411063
vt 0.874677 0.404171
vt 0.871837 0.406754
vt 0.927077 0.419691
vt 0.927881 0.422740
vt 0.880970 0.374494
vt 0.865318 0.331380
vt 0.865210 0.313964
vt 0.839275 0.273322
vt 0.874386 0.306738
vt 0.816913 0.273060
vt 0.891665 0.391582
vt 0.899749 0.400868
vt 0.874704 0.267444
vt 0.900749 0.296655
vt 0.927881 0.250413
vt 0.981064 0.161304
vt 0.980258 0.162392
vt 0.981064 0.176155
vt 0.335616 0.220710
vt 0.335616 0.205858
vt 0.334811 0.219621
vt 0.329650 0.915676
vt 0.315614 0.913910
vt 0.315524 0.914678
vt 0.314568 0.913779
vt 0.329791 0.916760
vt 0.358911 0.913868
vt 0.321108 0.920670
vt 0.329901 0.922855
vt 0.359160 0.916302
vt 0.359963 0.921821
vt 0.398068 0.913910
vt 0.398469 0.916670
vt 0.313860 0.914589
vt 0.315099 0.916520
vt 0.966336 0.449750
vt 0.967292 0.435285
vt 0.968044 0.435376
vt 0.968171 0.434304
vt 0.965275 0.449896
vt 0.968152 0.479708
vt 0.961433 0.441011
vt 0.959307 0.450018
vt 0.965769 0.479966
vt 0.960365 0.480797
vt 0.965469 0.520215
vt 0.968171 0.519800
vt 0.967376 0.433581
vt 0.965487 0.434852
vt 0.682111 0.004538
vt 0.676265 0.007452
vt 0.676371 0.009488
vt 0.635375 0.004538
vt 0.688558 0.681931
vt 0.688558 0.674505
vt 0.686946 0.675423
vt 0.084864 0.222322
vt 0.084568 0.223898
vt 0.083400 0.223901
vt 0.083696 0.222325
vt 0.085012 0.221535
vt 0.085012 0.238036
vt 0.740277 0.875037
vt 0.741741 0.873459
vt 0.740573 0.873461
vt 0.741445 0.875035
vt 0.740129 0.875825
vt 0.740129 0.859323
vt 0.022965 0.447607
vt 0.035052 0.447607
vt 0.023017 0.448432
vt 0.049557 0.103548
vt 0.050363 0.103548
vt 0.050363 0.115924
vt 0.839284 0.648071
vt 0.840130 0.647339
vt 0.834408 0.646452
vt 0.844883 0.646452
vt 0.838502 0.648102
vt 0.840090 0.633220
vt 0.835214 0.631601
vt 0.840936 0.632488
vt 0.845689 0.631601
vt 0.839308 0.633251
vt 0.615322 0.001384
vt 0.616844 0.001162
vt 0.616946 0.000413
vt 0.614496 0.001464
vt 0.615263 0.000521
vt 0.614424 0.000596
vt 0.625273 0.004633
vt 0.625947 0.005781
vt 0.774492 0.002764
vt 0.788026 0.002148
vt 0.787864 0.000413
vt 0.788177 0.003886
vt 0.773538 0.001148
vt 0.739836 0.009722
vt 0.708791 0.015035
vt 0.738831 0.008141
vt 0.714137 0.024231
vt 0.743061 0.019796
vt 0.764058 0.010301
vt 0.690951 0.024642
vt 0.691069 0.017334
vt 0.675369 0.017456
vt 0.657350 0.024743
vt 0.655616 0.014874
vt 0.637635 0.021684
vt 0.623466 0.010546
vt 0.617369 0.004488
vt 0.614589 0.002322
vt 0.615483 0.006299
vt 0.793727 0.003734
vt 0.794118 0.002224
vt 0.793354 0.005250
vt 0.682652 0.032406
vt 0.731163 0.031494
vt 0.652006 0.030697
vt 0.668166 0.037662
vt 0.691661 0.043364
vt 0.740865 0.041603
vt 0.732123 0.032388
vt 0.667956 0.044206
vt 0.691734 0.049905
vt 0.710496 0.049276
vt 0.750742 0.054043
vt 0.637007 0.027668
vt 0.651450 0.037200
vt 0.621519 0.013542
vt 0.561904 0.007108
vt 0.562853 0.008771
vt 0.562121 0.008666
vt 0.562747 0.007047
vt 0.561826 0.006262
vt 0.562674 0.006188
vt 0.558731 0.017296
vt 0.557609 0.017987
vt 0.560556 0.170086
vt 0.562853 0.183779
vt 0.561157 0.183945
vt 0.559460 0.184099
vt 0.562134 0.169109
vt 0.553761 0.134601
vt 0.555305 0.133572
vt 0.548572 0.102813
vt 0.539591 0.108287
vt 0.543922 0.137903
vt 0.553195 0.159402
vt 0.539189 0.084546
vt 0.546326 0.084667
vt 0.546207 0.068591
vt 0.539091 0.050142
vt 0.548729 0.048366
vt 0.542078 0.029954
vt 0.552956 0.015447
vt 0.558872 0.009204
vt 0.560988 0.006358
vt 0.557103 0.007272
vt 0.559609 0.189781
vt 0.561084 0.190181
vt 0.558128 0.189400
vt 0.531606 0.076048
vt 0.532497 0.125721
vt 0.533276 0.044670
vt 0.526473 0.061216
vt 0.520905 0.085273
vt 0.522625 0.135655
vt 0.531624 0.126703
vt 0.520082 0.061001
vt 0.514517 0.085348
vt 0.515131 0.104559
vt 0.510475 0.145768
vt 0.536234 0.029312
vt 0.526925 0.044100
vt 0.550030 0.013453
vt 0.805094 0.984952
vt 0.804709 0.984292
vt 0.797719 0.990182
vt 0.809420 0.978135
vt 0.806318 0.985878
vt 0.805707 0.985410
vt 0.806927 0.986350
vt 0.812882 0.992567
vt 0.821541 0.978135
vt 0.862357 0.990560
vt 0.877166 0.978947
vt 0.891469 0.986604
vt 0.809352 0.979888
vt 0.810636 0.980842
vt 0.809597 0.980960
vt 0.904401 0.982953
vt 0.810030 0.997937
vt 0.905063 0.987590
vt 0.911013 0.983006
vt 0.911765 0.984809
vt 0.858596 0.996120
vt 0.886397 0.992856
vt 0.793551 0.994821
vt 0.797094 0.989291
vt 0.792506 0.994844
vt 0.576340 0.038055
vt 0.571232 0.030503
vt 0.576985 0.037660
vt 0.582998 0.042484
vt 0.575436 0.039307
vt 0.575893 0.038682
vt 0.574974 0.039931
vt 0.568903 0.046029
vt 0.582998 0.054895
vt 0.570863 0.096687
vt 0.582205 0.111851
vt 0.574727 0.126496
vt 0.581286 0.042414
vt 0.580354 0.043728
vt 0.580239 0.042665
vt 0.578292 0.139737
vt 0.563658 0.043108
vt 0.573764 0.140415
vt 0.578241 0.146507
vt 0.576480 0.147277
vt 0.565433 0.092837
vt 0.568621 0.121303
vt 0.566702 0.026235
vt 0.572103 0.029863
vt 0.566679 0.025165
vt 0.965753 0.619982
vt 0.964649 0.622519
vt 0.965625 0.619224
vt 0.963648 0.621136
vt 0.957958 0.624426
vt 0.962184 0.626078
vt 0.957210 0.637137
vt 0.939573 0.647200
vt 0.950874 0.671850
vt 0.944747 0.686144
vt 0.948945 0.634611
vt 0.930585 0.662063
vt 0.923113 0.681339
vt 0.915794 0.706051
vt 0.948400 0.707378
vt 0.949777 0.687684
vt 0.951343 0.701453
vt 0.965753 0.736386
vt 0.950720 0.721733
vt 0.942951 0.708223
vt 0.389665 0.002888
vt 0.389744 0.002070
vt 0.382353 0.002063
vt 0.390411 0.002063
vt 0.429089 0.456744
vt 0.428284 0.449257
vt 0.428291 0.456826
vt 0.428284 0.457508
vt 0.943997 0.224076
vt 0.947223 0.227947
vt 0.952861 0.236386
vt 0.951098 0.227364
vt 0.950092 0.202493
vt 0.952530 0.201055
vt 0.951110 0.181953
vt 0.952861 0.180719
vt 0.950279 0.164656
vt 0.952315 0.162831
vt 0.948418 0.149098
vt 0.950554 0.148348
vt 0.945973 0.135726
vt 0.986704 0.730545
vt 0.995568 0.718234
vt 0.989930 0.726674
vt 0.993805 0.727257
vt 0.992800 0.752127
vt 0.995238 0.753566
vt 0.993817 0.772668
vt 0.995568 0.773901
vt 0.992987 0.789964
vt 0.995022 0.791789
vt 0.991125 0.805522
vt 0.993262 0.806272
vt 0.988681 0.818894
vt 0.711860 0.870875
vt 0.712985 0.873028
vt 0.714337 0.872006
vt 0.716192 0.878847
vt 0.711120 0.871005
vt 0.717810 0.874529
vt 0.728605 0.879625
vt 0.738414 0.897662
vt 0.776453 0.892417
vt 0.762500 0.886139
vt 0.726129 0.888070
vt 0.752919 0.906864
vt 0.771736 0.914522
vt 0.795862 0.922030
vt 0.797194 0.888708
vt 0.777962 0.887278
vt 0.791412 0.885693
vt 0.825544 0.871005
vt 0.811217 0.886352
vt 0.798014 0.894277
vt 0.859500 0.586106
vt 0.857104 0.586297
vt 0.859083 0.585517
vt 0.857429 0.587046
vt 0.861108 0.584219
vt 0.861487 0.582539
vt 0.863295 0.582843
vt 0.863501 0.581870
vt 0.864222 0.582539
vt 0.863501 0.415429
vt 0.851367 0.427610
vt 0.852381 0.418817
vt 0.843153 0.424201
vt 0.804008 0.462794
vt 0.794149 0.458432
vt 0.784578 0.481755
vt 0.778004 0.478574
vt 0.779162 0.492169
vt 0.763465 0.461823
vt 0.761436 0.484867
vt 0.769757 0.494919
vt 0.759210 0.509368
vt 0.774767 0.506005
vt 0.799028 0.547037
vt 0.794347 0.550163
vt 0.765196 0.538006
vt 0.748034 0.526332
vt 0.725625 0.513948
vt 0.778751 0.552734
vt 0.796376 0.568121
vt 0.805210 0.562402
vt 0.805874 0.562762
vt 0.806537 0.563124
vt 0.810692 0.575762
vt 0.827446 0.572782
vt 0.827285 0.579501
vt 0.857603 0.582943
vt 0.811020 0.553668
vt 0.812395 0.554516
vt 0.811714 0.554090
vt 0.820842 0.560569
vt 0.860319 0.580034
vt 0.830731 0.565556
vt 0.781695 0.507601
vt 0.806260 0.539990
vt 0.750485 0.537095
vt 0.766163 0.549665
vt 0.733158 0.526382
vt 0.802273 0.581960
vt 0.739212 0.509789
vt 0.789377 0.572700
vt 0.826189 0.585807
vt 0.809305 0.583878
vt 0.498285 0.086929
vt 0.497708 0.087352
vt 0.498461 0.089374
vt 0.499194 0.089046
vt 0.496448 0.085281
vt 0.494809 0.084886
vt 0.495115 0.083043
vt 0.494165 0.082829
vt 0.494822 0.082096
vt 0.331587 0.082096
vt 0.334847 0.093454
vt 0.343432 0.094528
vt 0.340066 0.102893
vt 0.377590 0.142996
vt 0.373287 0.153035
vt 0.396026 0.162901
vt 0.392889 0.169594
vt 0.406174 0.168473
vt 0.376463 0.184353
vt 0.398964 0.186524
vt 0.408819 0.178080
vt 0.422886 0.188903
vt 0.419669 0.173017
vt 0.459856 0.148448
vt 0.462888 0.153237
vt 0.450886 0.182922
vt 0.439407 0.200378
vt 0.427211 0.223185
vt 0.465332 0.169159
vt 0.480439 0.151246
vt 0.474891 0.142208
vt 0.475247 0.141533
vt 0.475602 0.140858
vt 0.487966 0.136675
vt 0.485129 0.119571
vt 0.491691 0.119764
vt 0.495187 0.088850
vt 0.466386 0.136243
vt 0.466801 0.135537
vt 0.467221 0.134844
vt 0.473170 0.126254
vt 0.492357 0.086067
vt 0.478085 0.116187
vt 0.421259 0.165957
vt 0.453005 0.141039
vt 0.449931 0.197925
vt 0.462278 0.181986
vt 0.439390 0.215554
vt 0.493983 0.145291
vt 0.423208 0.209305
vt 0.484880 0.158406
vt 0.497846 0.120910
vt 0.495887 0.138126
vt 0.043154 0.464109
vt 0.043789 0.462459
vt 0.043027 0.462700
vt 0.043916 0.463868
vt 0.039081 0.463868
vt 0.860320 0.147277
vt 0.860955 0.145627
vt 0.861082 0.147036
vt 0.860193 0.145868
vt 0.865028 0.145868
vt 0.566882 0.020214
vt 0.570911 0.020214
vt 0.570719 0.021040
vt 0.740129 0.122525
vt 0.740129 0.118399
vt 0.739323 0.118399
vt 0.861663 0.220710
vt 0.862995 0.221980
vt 0.863006 0.220710
vt 0.865028 0.222360
vt 0.864349 0.220710
vt 0.860999 0.222360
vt 0.533844 0.593502
vt 0.533844 0.594877
vt 0.535084 0.594865
vt 0.535455 0.596947
vt 0.533844 0.596252
vt 0.535455 0.592822
vt 0.997985 0.327145
vt 0.997180 0.329474
vt 0.997185 0.327935
vt 0.997985 0.355198
vt 0.969782 0.777640
vt 0.968982 0.778430
vt 0.968977 0.779969
vt 0.969782 0.805693
vt 0.650741 0.221297
vt 0.649747 0.220730
vt 0.649928 0.221535
vt 0.648941 0.220832
vt 0.651946 0.215456
vt 0.652628 0.215279
vt 0.659602 0.219399
vt 0.659645 0.212643
vt 0.679098 0.207357
vt 0.679120 0.214130
vt 0.651267 0.215626
vt 0.719133 0.204952
vt 0.719013 0.197739
vt 0.642249 0.213425
vt 0.640282 0.217995
vt 0.617206 0.208219
vt 0.616285 0.213259
vt 0.602750 0.207908
vt 0.601516 0.212346
vt 0.595725 0.208870
vt 0.594220 0.210634
vt 0.678138 0.192915
vt 0.667621 0.186768
vt 0.661455 0.196828
vt 0.659208 0.197272
vt 0.659950 0.197117
vt 0.703411 0.186138
vt 0.660115 0.197856
vt 0.660824 0.197687
vt 0.628343 0.167331
vt 0.687529 0.158970
vt 0.698929 0.158777
vt 0.726346 0.171668
vt 0.734830 0.133509
vt 0.761402 0.127082
vt 0.719135 0.181032
vt 0.721626 0.182057
vt 0.720169 0.182371
vt 0.721051 0.182962
vt 0.628082 0.165697
vt 0.627480 0.165809
vt 0.626277 0.178469
vt 0.626604 0.188849
vt 0.611499 0.190271
vt 0.615297 0.156894
vt 0.628227 0.192703
vt 0.650537 0.199366
vt 0.656248 0.197956
vt 0.600905 0.157631
vt 0.609492 0.138689
vt 0.591996 0.119727
vt 0.720785 0.188594
vt 0.584609 0.124528
vt 0.599436 0.109160
vt 0.595047 0.162675
vt 0.600023 0.192985
vt 0.598718 0.202104
vt 0.593902 0.208715
vt 0.599907 0.099422
vt 0.755640 0.120096
vt 0.733565 0.131326
vt 0.698280 0.156102
vt 0.780975 0.106957
vt 0.782445 0.100501
vt 0.784196 0.101099
vt 0.783763 0.099422
vt 0.784736 0.099869
vt 0.786060 0.100966
vt 0.785744 0.100255
vt 0.620746 0.151693
vt 0.624572 0.160599
vt 0.687318 0.157916
vt 0.615241 0.137695
vt 0.626657 0.164608
vt 0.627356 0.165155
vt 0.006280 0.192344
vt 0.006044 0.191512
vt 0.006830 0.191324
vt 0.006726 0.190498
vt 0.011999 0.193553
vt 0.012176 0.194251
vt 0.008176 0.201413
vt 0.014786 0.201428
vt 0.020043 0.221333
vt 0.013417 0.221385
vt 0.011830 0.192858
vt 0.022572 0.262336
vt 0.029629 0.262181
vt 0.013945 0.183610
vt 0.009464 0.181615
vt 0.018928 0.157933
vt 0.013993 0.157011
vt 0.019170 0.143121
vt 0.014822 0.141877
vt 0.018197 0.135930
vt 0.016465 0.134395
vt 0.034169 0.220287
vt 0.030268 0.203213
vt 0.040138 0.209486
vt 0.029978 0.201673
vt 0.029824 0.200913
vt 0.040911 0.246148
vt 0.029256 0.201846
vt 0.029425 0.202570
vt 0.058983 0.169163
vt 0.067424 0.229760
vt 0.067662 0.241437
vt 0.055170 0.269581
vt 0.092542 0.278106
vt 0.098947 0.305300
vt 0.045976 0.262234
vt 0.044984 0.264790
vt 0.044670 0.263299
vt 0.044096 0.264205
vt 0.060580 0.168890
vt 0.060469 0.168273
vt 0.048076 0.167096
vt 0.037922 0.167475
vt 0.036465 0.152008
vt 0.069138 0.155754
vt 0.034158 0.169156
vt 0.027737 0.192040
vt 0.029141 0.197884
vt 0.068354 0.141013
vt 0.086925 0.149727
vt 0.105401 0.131721
vt 0.038584 0.263957
vt 0.100672 0.124175
vt 0.115773 0.139297
vt 0.063393 0.135034
vt 0.033759 0.140263
vt 0.024831 0.138966
vt 0.018341 0.134062
vt 0.125302 0.139738
vt 0.105757 0.299366
vt 0.094673 0.276800
vt 0.070276 0.240761
vt 0.118724 0.325263
vt 0.125047 0.326740
vt 0.124469 0.328537
vt 0.126108 0.328086
vt 0.125676 0.329085
vt 0.124608 0.330446
vt 0.125302 0.330119
vt 0.074251 0.161313
vt 0.065554 0.165271
vt 0.068454 0.229539
vt 0.087922 0.155612
vt 0.061640 0.167425
vt 0.061108 0.168143
vt 0.475032 0.594738
vt 0.503178 0.604373
vt 0.515408 0.594981
vt 0.529009 0.590347
vt 0.462301 0.590347
vt 0.462127 0.592880
vt 0.469662 0.596277
vt 0.481433 0.600052
vt 0.548088 0.872537
vt 0.547851 0.913879
vt 0.538678 0.901357
vt 0.552377 0.927805
vt 0.552377 0.859501
vt 0.549903 0.859323
vt 0.546585 0.867039
vt 0.542898 0.879091
vt 0.568989 0.938635
vt 0.581234 0.920187
vt 0.585441 0.933703
vt 0.583416 0.957334
vt 0.582048 0.954987
vt 0.599927 0.946333
vt 0.601907 0.948051
vt 0.564974 0.966459
vt 0.614563 0.941797
vt 0.615619 0.943606
vt 0.633148 0.938096
vt 0.580977 0.948925
vt 0.563531 0.956258
vt 0.554980 0.944359
vt 0.614327 0.938718
vt 0.632954 0.935214
vt 0.598703 0.944471
vt 0.586350 0.936628
vt 0.596084 0.928100
vt 0.613686 0.938588
vt 0.607326 0.923277
vt 0.617875 0.921720
vt 0.633072 0.934601
vt 0.630633 0.915603
vt 0.657279 0.935114
vt 0.657669 0.932396
vt 0.678677 0.932410
vt 0.678501 0.928829
vt 0.643724 0.915762
vt 0.657792 0.931796
vt 0.678629 0.928241
vt 0.656079 0.912453
vt 0.699912 0.928873
vt 0.666102 0.919420
vt 0.665121 0.906525
vt 0.677545 0.912364
vt 0.699366 0.924921
vt 0.563184 0.962837
vt 0.671511 0.898181
vt 0.682497 0.888664
vt 0.690531 0.892191
vt 0.703112 0.897340
vt 0.701356 0.893175
vt 0.698108 0.918238
vt 0.716413 0.908162
vt 0.716224 0.913302
vt 0.731061 0.917225
vt 0.726030 0.919340
vt 0.562920 0.911050
vt 0.718446 0.924516
vt 0.717758 0.921145
vt 0.674885 0.887128
vt 0.732328 0.919644
vt 0.580115 0.916015
vt 0.582989 0.877479
vt 0.727885 0.921442
vt 0.572727 0.871348
vt 0.661449 0.928375
vt 0.678395 0.925455
vt 0.699493 0.924332
vt 0.698686 0.921504
vt 0.717889 0.920562
vt 0.716650 0.917099
vt 0.666011 0.920035
vt 0.697982 0.918832
vt 0.698814 0.920916
vt 0.716785 0.916520
vt 0.716088 0.913878
vt 0.594313 0.880967
vt 0.607302 0.921133
vt 0.607541 0.920478
vt 0.614590 0.910508
vt 0.602158 0.908936
vt 0.595372 0.925525
vt 0.593683 0.906438
vt 0.605181 0.894501
vt 0.605194 0.885587
vt 0.611743 0.884296
vt 0.612588 0.876265
vt 0.619621 0.877552
vt 0.661103 0.927815
vt 0.622522 0.871430
vt 0.628518 0.874410
vt 0.633504 0.869542
vt 0.639772 0.873186
vt 0.656612 0.873176
vt 0.585482 0.825427
vt 0.600053 0.830619
vt 0.611919 0.834953
vt 0.627537 0.778327
vt 0.621121 0.826223
vt 0.629374 0.801628
vt 0.638819 0.786956
vt 0.642683 0.739638
vt 0.593142 0.805563
vt 0.611379 0.752015
vt 0.595475 0.724300
vt 0.734488 0.917095
vt 0.733190 0.915343
vt 0.726636 0.910131
vt 0.615954 0.737255
vt 0.645444 0.718581
vt 0.733190 0.676980
vt 0.656650 0.878384
vt 0.631347 0.910786
vt 0.643374 0.910884
vt 0.642807 0.905735
vt 0.613222 0.901724
vt 0.657563 0.897328
vt 0.621596 0.891524
vt 0.664766 0.884770
vt 0.664222 0.894584
vt 0.667952 0.888449
vt 0.653326 0.879873
vt 0.666114 0.882792
vt 0.613731 0.895333
vt 0.671547 0.888378
vt 0.639297 0.877896
vt 0.629215 0.878883
vt 0.657354 0.901414
vt 0.614502 0.887791
vt 0.621169 0.882182
vt 0.609338 0.896056
vt 0.605640 0.906453
vt 0.654370 0.907980
vt 0.615956 0.906603
vt 0.668063 0.895804
vt 0.662202 0.902901
vt 0.668081 0.879538
vt 0.647160 0.789009
vt 0.692418 0.887774
vt 0.701572 0.888873
vt 0.685551 0.884866
vt 0.592530 0.904048
vt 0.677352 0.883117
vt 0.680772 0.879758
vt 0.673499 0.870620
vt 0.670285 0.874618
vt 0.553989 0.973185
vt 0.046334 0.870875
vt 0.046334 0.812294
vt 0.042343 0.813532
vt 0.042305 0.870595
vt 0.470991 0.931931
vt 0.526993 0.936017
vt 0.528203 0.931931
vt 0.471264 0.936056
vt 0.429089 0.799917
vt 0.411774 0.806518
vt 0.408139 0.799917
vt 0.919017 0.318894
vt 0.911765 0.325956
vt 0.919017 0.335396
vt 0.787671 0.634901
vt 0.787671 0.617792
vt 0.781225 0.630271
vt 0.782166 0.616749
vt 0.272470 0.685231
vt 0.269541 0.670380
vt 0.274375 0.670380
vt 0.246978 0.983086
vt 0.225957 0.985561
vt 0.223610 0.983086
vt 0.249396 0.366749
vt 0.261483 0.366749
vt 0.258786 0.370875
vt 0.449234 0.129951
vt 0.448331 0.131601
vt 0.438759 0.129951
vt 0.960649 0.062413
vt 0.952901 0.033374
vt 0.964617 0.023705
vt 0.970798 0.078655
vt 0.977961 0.075336
vt 0.974590 0.019035
vt 0.972523 0.005341
vt 0.977014 0.005661
vt 0.967460 0.096227
vt 0.981064 0.082966
vt 0.958623 0.019796
vt 0.978202 0.017750
vt 0.980900 0.005989
vt 0.959728 0.062951
vt 0.965547 0.099422
vt 0.977338 0.001353
vt 0.952786 0.033190
vt 0.981064 0.000413
vt 0.972048 0.004747
vt 0.971573 0.004153
vt 0.958143 0.019222
vt 0.945608 0.022654
vt 0.065673 0.535891
vt 0.056003 0.529160
vt 0.064567 0.524536
vt 0.065673 0.504538
vt 0.284228 0.181871
vt 0.282982 0.182609
vt 0.255929 0.173049
vt 0.257174 0.172311
vt 0.284851 0.181048
vt 0.255306 0.173418
vt 0.281736 0.183347
vt 0.281114 0.183716
vt 0.255024 0.174418
vt 0.262852 0.197011
vt 0.239976 0.201385
vt 0.254880 0.207057
vt 0.269226 0.207740
vt 0.236802 0.213533
vt 0.231416 0.207160
vt 0.232020 0.217417
vt 0.228445 0.218270
vt 0.230968 0.222966
vt 0.236925 0.197854
vt 0.234154 0.220962
vt 0.237832 0.218648
vt 0.242055 0.231278
vt 0.252573 0.230733
vt 0.263779 0.280871
vt 0.271317 0.280449
vt 0.272852 0.261973
vt 0.266756 0.233662
vt 0.281829 0.293933
vt 0.264473 0.288794
vt 0.238355 0.231849
vt 0.273869 0.262013
vt 0.284851 0.295792
vt 0.263851 0.197315
vt 0.255711 0.219018
vt 0.252020 0.170111
vt 0.269840 0.206633
vt 0.257054 0.171565
vt 0.260435 0.161304
vt 0.237498 0.216068
vt 0.500806 0.462575
vt 0.501612 0.462459
vt 0.501612 0.483086
vt 0.045528 0.502888
vt 0.044422 0.514243
vt 0.035858 0.509619
vt 0.045528 0.534241
vt 0.554795 0.099422
vt 0.553183 0.099095
vt 0.554795 0.068901
vt 0.553599 0.068894
vt 0.663872 0.454044
vt 0.666084 0.445356
vt 0.670912 0.451703
vt 0.654356 0.449215
vt 0.654172 0.458473
vt 0.645757 0.431148
vt 0.644611 0.451806
vt 0.653870 0.422301
vt 0.674468 0.427905
vt 0.657746 0.402034
vt 0.669596 0.398267
vt 0.641760 0.427454
vt 0.660114 0.375510
vt 0.650417 0.373185
vt 0.657471 0.357503
vt 0.651923 0.360696
vt 0.650075 0.419082
vt 0.645544 0.372206
vt 0.678960 0.443227
vt 0.665130 0.459220
vt 0.634128 0.436065
vt 0.631470 0.457410
vt 0.622615 0.442122
vt 0.648085 0.357028
vt 0.610528 0.447702
vt 0.618552 0.465215
vt 0.618415 0.438063
vt 0.608031 0.443318
vt 0.598411 0.444860
vt 0.615661 0.433911
vt 0.597368 0.451912
vt 0.584960 0.441164
vt 0.611309 0.476392
vt 0.651459 0.456982
vt 0.602849 0.431980
vt 0.625697 0.426418
vt 0.628096 0.432198
vt 0.587758 0.459493
vt 0.577908 0.459439
vt 0.586914 0.461132
vt 0.573223 0.443635
vt 0.599597 0.473863
vt 0.572358 0.427320
vt 0.578014 0.422157
vt 0.564734 0.413628
vt 0.570631 0.410285
vt 0.583292 0.419023
vt 0.581065 0.405248
vt 0.569784 0.388143
vt 0.572967 0.349662
vt 0.565436 0.356975
vt 0.567757 0.346412
vt 0.559402 0.345797
vt 0.556595 0.389567
vt 0.562430 0.340075
vt 0.572901 0.341003
vt 0.550289 0.332475
vt 0.566061 0.326658
vt 0.554468 0.323556
vt 0.565872 0.320756
vt 0.554487 0.319148
vt 0.538232 0.324208
vt 0.564064 0.389689
vt 0.565519 0.427889
vt 0.610366 0.481927
vt 0.537208 0.320428
vt 0.535735 0.324288
vt 0.544301 0.336943
vt 0.528971 0.318069
vt 0.528418 0.335157
vt 0.512706 0.331475
vt 0.526440 0.337207
vt 0.538244 0.345614
vt 0.495018 0.319998
vt 0.484332 0.328202
vt 0.511319 0.334968
vt 0.525822 0.338260
vt 0.537509 0.343487
vt 0.466156 0.321688
vt 0.481925 0.330483
vt 0.559188 0.410081
vt 0.622375 0.470926
vt 0.617105 0.480265
vt 0.609216 0.489522
vt 0.615718 0.491466
vt 0.620437 0.494092
vt 0.617843 0.504279
vt 0.627584 0.519274
vt 0.622264 0.517785
vt 0.616431 0.517905
vt 0.629795 0.531623
vt 0.625184 0.537364
vt 0.623239 0.548960
vt 0.635786 0.544635
vt 0.618447 0.555541
vt 0.591842 0.549866
vt 0.596474 0.552192
vt 0.596021 0.553139
vt 0.588935 0.518463
vt 0.589695 0.545896
vt 0.639274 0.543536
vt 0.591149 0.550111
vt 0.589856 0.562016
vt 0.598978 0.564801
vt 0.636699 0.545128
vt 0.591238 0.506044
vt 0.588767 0.545427
vt 0.639489 0.544249
vt 0.638551 0.551256
vt 0.646527 0.553798
vt 0.650783 0.546685
vt 0.659442 0.556387
vt 0.661305 0.550127
vt 0.687319 0.552515
vt 0.682756 0.559741
vt 0.720790 0.555866
vt 0.710201 0.545735
vt 0.685177 0.550784
vt 0.691281 0.531779
vt 0.701254 0.530624
vt 0.682741 0.508786
vt 0.676975 0.520109
vt 0.674664 0.502092
vt 0.695755 0.509905
vt 0.695688 0.486878
vt 0.686841 0.485244
vt 0.622213 0.561484
vt 0.618502 0.556488
vt 0.661051 0.549428
vt 0.682141 0.538429
vt 0.580085 0.549037
vt 0.650176 0.545854
vt 0.650480 0.546269
vt 0.678336 0.531256
vt 0.610891 0.502712
vt 0.624151 0.478231
vt 0.673573 0.457159
vt 0.638078 0.370943
vt 0.637894 0.394750
vt 0.630746 0.389777
vt 0.631993 0.368278
vt 0.637165 0.351385
vt 0.631149 0.354515
vt 0.626553 0.367808
vt 0.641746 0.355238
vt 0.627542 0.406347
vt 0.634727 0.407359
vt 0.583435 0.514727
vt 0.570684 0.512906
vt 0.577900 0.493726
vt 0.541131 0.508837
vt 0.533655 0.530433
vt 0.570568 0.522412
vt 0.564805 0.486625
vt 0.688156 0.466897
vt 0.701387 0.462650
vt 0.698511 0.437512
vt 0.720790 0.393021
vt 0.703947 0.411998
vt 0.694946 0.435369
vt 0.700411 0.410683
vt 0.712533 0.395199
vt 0.654275 0.351792
vt 0.569214 0.336064
vt 0.591366 0.434932
vt 0.610750 0.352577
vt 0.709482 0.392627
vt 0.650100 0.402776
vt 0.608480 0.412999
vt 0.681552 0.447653
vt 0.634158 0.416637
vt 0.631222 0.427716
vt 0.629765 0.419429
vt 0.680550 0.442005
vt 0.683887 0.445481
vt 0.653500 0.476460
vt 0.668486 0.491206
vt 0.635573 0.463614
vt 0.611787 0.565711
vt 0.612092 0.566419
vt 0.593915 0.477247
vt 0.026189 0.964109
vt 0.026189 0.984736
vt 0.019742 0.978412
vt 0.142809 0.074670
vt 0.149476 0.067742
vt 0.087429 0.062294
vt 0.148298 0.062294
vt 0.800284 0.417904
vt 0.769944 0.417904
vt 0.779230 0.422438
vt 0.794123 0.432604
vt 0.788787 0.434258
vt 0.772076 0.425331
vt 0.775330 0.427517
vt 0.801066 0.428973
vt 0.802981 0.435658
vt 0.795014 0.439373
vt 0.800369 0.443482
vt 0.782666 0.435141
vt 0.779903 0.428204
vt 0.236503 0.644987
vt 0.214818 0.616170
vt 0.236503 0.579620
vt 0.208300 0.598179
vt 0.227452 0.647277
vt 0.219283 0.644661
vt 0.039872 0.641235
vt 0.026746 0.644802
vt 0.019742 0.624948
vt 0.048745 0.630574
vt 0.027643 0.608498
vt 0.053586 0.613040
vt 0.053586 0.642194
vt 0.454875 0.825495
vt 0.454118 0.784246
vt 0.454875 0.784418
vt 0.446011 0.822169
vt 0.446281 0.779891
vt 0.452271 0.775990
vt 0.872706 0.857909
vt 0.874087 0.834571
vt 0.878727 0.839650
vt 0.876689 0.860268
vt 0.865586 0.856866
vt 0.860193 0.900016
vt 0.873247 0.880357
vt 0.873380 0.895239
vt 0.874710 0.908939
vt 0.861690 0.915429
vt 0.878727 0.908192
vt 0.878123 0.893725
vt 0.878515 0.878530
vt 0.572760 0.004538
vt 0.573328 0.002063
vt 0.555600 0.002063
vt 0.944803 0.047442
vt 0.942682 0.029290
vt 0.922277 0.029290
vt 0.931091 0.044830
vt 0.915794 0.035631
vt 0.728309 0.949473
vt 0.785254 0.955545
vt 0.776644 0.941007
vt 0.714343 0.941007
vt 0.745919 0.961982
vt 0.715322 0.946582
vt 0.761903 0.964109
vt 0.775277 0.962640
vt 0.188811 0.628985
vt 0.200242 0.622525
vt 0.200242 0.641502
vt 0.186543 0.640931
vt 0.835214 0.717409
vt 0.843591 0.724010
vt 0.851330 0.717409
vt 0.274575 0.651886
vt 0.272321 0.652432
vt 0.274007 0.664881
vt 0.273541 0.640199
vt 0.270808 0.640419
vt 0.270988 0.629978
vt 0.281035 0.660377
vt 0.298194 0.648996
vt 0.282263 0.623548
vt 0.320351 0.669805
vt 0.288626 0.681959
vt 0.272675 0.628119
vt 0.310838 0.685979
vt 0.296058 0.694882
vt 0.285877 0.687095
vt 0.280670 0.675420
vt 0.303862 0.708450
vt 0.298140 0.708417
vt 0.329645 0.685965
vt 0.318616 0.725718
vt 0.313651 0.727035
vt 0.305638 0.718733
vt 0.330464 0.651342
vt 0.333400 0.672389
vt 0.294511 0.613309
vt 0.283806 0.688158
vt 0.278599 0.676484
vt 0.336668 0.715890
vt 0.332217 0.742217
vt 0.350677 0.742496
vt 0.339436 0.637677
vt 0.365369 0.736507
vt 0.356950 0.747727
vt 0.366306 0.684433
vt 0.380550 0.726917
vt 0.342340 0.749046
vt 0.379499 0.674243
vt 0.395950 0.709125
vt 0.388232 0.729520
vt 0.408090 0.687611
vt 0.431433 0.635116
vt 0.402120 0.644146
vt 0.406628 0.630400
vt 0.441096 0.612043
vt 0.417421 0.607562
vt 0.428037 0.598501
vt 0.359113 0.586640
vt 0.362380 0.595159
vt 0.362895 0.579836
vt 0.339812 0.576810
vt 0.357587 0.567437
vt 0.385938 0.574447
vt 0.340416 0.568057
vt 0.317003 0.565978
vt 0.317324 0.579386
vt 0.297682 0.587256
vt 0.295469 0.577201
vt 0.283893 0.598036
vt 0.274783 0.575414
vt 0.287851 0.568271
vt 0.429427 0.592129
vt 0.322995 0.557231
vt 0.305410 0.561197
vt 0.338813 0.585164
vt 0.302095 0.593649
vt 0.393366 0.626937
vt 0.375908 0.646729
vt 0.291250 0.697778
vt 0.350251 0.685847
vt 0.276986 0.664309
vt 0.322642 0.735658
vt 0.412643 0.695486
vt 0.276080 0.572944
vt 0.272517 0.548692
vt 0.266133 0.547912
vt 0.273996 0.537448
vt 0.373705 0.740705
vt 0.266989 0.572075
vt 0.266366 0.534399
vt 0.274366 0.525600
vt 0.274611 0.537041
vt 0.267422 0.525886
vt 0.275226 0.536634
vt 0.273025 0.522934
vt 0.254653 0.511171
vt 0.259858 0.506003
vt 0.273388 0.521940
vt 0.260525 0.505692
vt 0.260688 0.482535
vt 0.249980 0.487696
vt 0.250969 0.477973
vt 0.267556 0.509721
vt 0.261658 0.482907
vt 0.263053 0.477904
vt 0.279107 0.510204
vt 0.296941 0.498774
vt 0.249479 0.499924
vt 0.305815 0.472170
vt 0.311212 0.491759
vt 0.310623 0.499157
vt 0.322959 0.495020
vt 0.321079 0.500290
vt 0.334234 0.494752
vt 0.336355 0.502160
vt 0.342787 0.501446
vt 0.338836 0.489266
vt 0.348950 0.498244
vt 0.366556 0.491686
vt 0.355353 0.511959
vt 0.370885 0.504367
vt 0.375724 0.516511
vt 0.359613 0.525706
vt 0.379453 0.528672
vt 0.361261 0.535763
vt 0.375169 0.500486
vt 0.371006 0.489552
vt 0.353882 0.532446
vt 0.364296 0.477913
vt 0.331378 0.479772
vt 0.345533 0.467414
vt 0.330921 0.462211
vt 0.363648 0.465634
vt 0.305706 0.465685
vt 0.304372 0.451172
vt 0.379841 0.473620
vt 0.384292 0.526378
vt 0.384205 0.539663
vt 0.361439 0.545022
vt 0.369224 0.457453
vt 0.380331 0.510688
vt 0.274417 0.443482
vt 0.286823 0.469906
vt 0.253498 0.448769
vt 0.384463 0.462445
vt 0.388968 0.538215
vt 0.398013 0.528396
vt 0.405194 0.537727
vt 0.402646 0.550360
vt 0.397510 0.555522
vt 0.379418 0.498072
vt 0.382138 0.484572
vt 0.397542 0.497316
vt 0.409707 0.485268
vt 0.456806 0.513240
vt 0.429625 0.486919
vt 0.455916 0.502756
vt 0.441479 0.517631
vt 0.412332 0.473893
vt 0.431642 0.482094
vt 0.462484 0.511126
vt 0.454530 0.518233
vt 0.441902 0.522967
vt 0.454717 0.524808
vt 0.456438 0.531191
vt 0.438283 0.528300
vt 0.452183 0.534482
vt 0.449764 0.539997
vt 0.436044 0.535360
vt 0.445958 0.543670
vt 0.449303 0.549136
vt 0.454631 0.546036
vt 0.397868 0.478569
vt 0.462569 0.520876
vt 0.458882 0.547410
vt 0.468106 0.504894
vt 0.422092 0.521395
vt 0.352293 0.535472
vt 0.409235 0.531940
vt 0.400873 0.521452
vt 0.397964 0.470908
vt 0.349725 0.514400
vt 0.401570 0.465015
vt 0.369940 0.480565
vt 0.297284 0.511488
vt 0.324751 0.488536
vt 0.297894 0.505111
vt 0.252983 0.449301
vt 0.279721 0.475467
vt 0.293038 0.480849
vt 0.245555 0.453490
vt 0.245367 0.446569
vt 0.273528 0.548338
vt 0.274954 0.525288
vt 0.310050 0.604374
vt 0.318734 0.587256
vt 0.436188 0.475947
vt 0.410216 0.577436
vt 0.426221 0.585365
vt 0.411562 0.574020
vt 0.388125 0.569323
vt 0.355245 0.629204
vt 0.398821 0.475480
vt 0.294122 0.562865
vt 0.393748 0.735248
vt 0.321086 0.737430
vt 0.330712 0.744578
vt 0.283921 0.609352
vt 0.402498 0.714132
vt 0.376272 0.748123
vt 0.336177 0.535419
vt 0.390628 0.517257
vt 0.336711 0.661514
vt 0.344107 0.753859
vt 0.343810 0.674297
vt 0.262858 0.477192
vt 0.267535 0.475086
vt 0.267034 0.475997
vt 0.274197 0.614499
vt 0.310795 0.556134
vt 0.339868 0.749443
vt 0.359202 0.754538
vt 0.409852 0.718210
vt 0.420564 0.696052
vt 0.442239 0.627699
vt 0.447793 0.629853
vt 0.471344 0.610694
vt 0.248801 0.500270
vt 0.340272 0.553821
vt 0.339119 0.549343
vt 0.344622 0.551944
vt 0.341349 0.542203
vt 0.344386 0.530101
vt 0.337010 0.593747
vt 0.413704 0.467626
vt 0.415695 0.536071
vt 0.370677 0.554824
vt 0.268911 0.603783
vt 0.465336 0.556811
vt 0.394193 0.566227
vt 0.415153 0.570722
vt 0.419003 0.463996
vt 0.439819 0.472354
vt 0.476224 0.502027
vt 0.459668 0.482069
vt 0.475168 0.486371
vt 0.489794 0.489028
vt 0.492679 0.505016
vt 0.508607 0.500200
vt 0.505404 0.486001
vt 0.507829 0.502904
vt 0.518595 0.499213
vt 0.520036 0.475678
vt 0.542344 0.469528
vt 0.543771 0.454516
vt 0.518288 0.471918
vt 0.543449 0.450826
vt 0.511320 0.503708
vt 0.504755 0.518800
vt 0.501014 0.517101
vt 0.499053 0.528303
vt 0.496249 0.509073
vt 0.504866 0.481526
vt 0.562047 0.443482
vt 0.381089 0.478194
vt 0.441968 0.566529
vt 0.471726 0.511808
vt 0.468500 0.525392
vt 0.353109 0.543601
vt 0.430247 0.556522
vt 0.350927 0.159653
vt 0.348509 0.158984
vt 0.350927 0.147277
vt 0.751410 0.665429
vt 0.736906 0.624695
vt 0.742250 0.615099
vt 0.751410 0.622145
vt 0.315471 0.257013
vt 0.302756 0.189691
vt 0.315471 0.189356
vt 0.299355 0.222129
vt 0.016519 0.998762
vt 0.006044 0.978842
vt 0.013403 0.974518
vt 0.007498 0.959854
vt 0.016519 0.956001
vt 0.013214 0.941832
vt 0.460987 0.195132
vt 0.474463 0.200361
vt 0.475826 0.195132
vt 0.459710 0.202558
vt 0.074537 0.523515
vt 0.069976 0.502330
vt 0.074537 0.492987
vt 0.067066 0.495133
vt 0.064867 0.498407
vt 0.208901 0.469911
vt 0.219820 0.468808
vt 0.223610 0.475661
vt 0.219661 0.460782
vt 0.207437 0.452558
vt 0.201048 0.460292
vt 0.203398 0.472243
vt 0.211268 0.503713
vt 0.223610 0.455493
vt 0.762691 0.332096
vt 0.787667 0.365924
vt 0.781297 0.332576
vt 0.802176 0.332096
vt 0.794483 0.356127
vt 0.730689 0.458373
vt 0.724266 0.431433
vt 0.725087 0.430748
vt 0.714759 0.429925
vt 0.726309 0.426256
vt 0.757857 0.419554
vt 0.735116 0.469898
vt 0.726069 0.463215
vt 0.714343 0.467488
vt 0.724838 0.484248
vt 0.752883 0.492987
vt 0.757857 0.480372
vt 0.761886 0.188531
vt 0.761802 0.208286
vt 0.750086 0.201600
vt 0.755455 0.213328
vt 0.745806 0.205220
vt 0.761886 0.217409
vt 0.748984 0.199702
vt 0.744158 0.202042
vt 0.081789 0.863449
vt 0.064061 0.863449
vt 0.066137 0.874175
vt 0.522562 0.392639
vt 0.529424 0.375049
vt 0.537510 0.384956
vt 0.527068 0.442657
vt 0.540732 0.425625
vt 0.544078 0.409462
vt 0.543688 0.395689
vt 0.549154 0.423927
vt 0.533200 0.371700
vt 0.541970 0.379761
vt 0.549154 0.386716
vt 0.879533 0.775165
vt 0.879533 0.794142
vt 0.873086 0.776914
vt 0.068896 0.733086
vt 0.052780 0.733086
vt 0.054451 0.741337
vt 0.034658 0.851073
vt 0.039887 0.820545
vt 0.039887 0.850255
vt 0.028606 0.828309
vt 0.681569 0.392062
vt 0.689363 0.400269
vt 0.684559 0.403053
vt 0.687107 0.390713
vt 0.686001 0.326122
vt 0.674379 0.385112
vt 0.675392 0.334420
vt 0.670024 0.331677
vt 0.689363 0.320545
vt 0.002245 0.951733
vt 0.000713 0.936851
vt 0.005238 0.936924
vt 0.000403 0.922726
vt 0.005238 0.922285
vt 0.003219 0.908003
vt 0.932716 0.853548
vt 0.932716 0.870049
vt 0.929492 0.864439
vt 0.703062 0.147277
vt 0.701668 0.148102
vt 0.696616 0.147277
vt 0.973363 0.974749
vt 0.959852 0.906512
vt 0.970992 0.904467
vt 0.962055 0.972977
vt 0.949559 0.910812
vt 0.952820 0.967283
vt 0.945727 0.959195
vt 0.986909 0.975660
vt 0.985183 0.903053
vt 0.941773 0.920359
vt 0.942369 0.950934
vt 0.940438 0.941077
vt 0.939968 0.930388
vt 0.997394 0.974423
vt 0.997293 0.904043
vt 0.999597 0.904708
vt 0.999597 0.972798
vt 0.985093 0.894802
vt 0.985093 0.826320
vt 0.983481 0.894802
vt 0.983481 0.826320
vt 0.982675 0.894802
vt 0.982675 0.826320
vt 0.108398 0.810903
vt 0.107623 0.822531
vt 0.103023 0.822223
vt 0.103797 0.810596
vt 0.106645 0.837210
vt 0.102740 0.836892
vt 0.109159 0.799481
vt 0.104558 0.799173
vt 0.109992 0.786973
vt 0.106158 0.786716
vt 0.107727 0.836435
vt 0.109434 0.849527
vt 0.108348 0.849534
vt 0.109992 0.851898
vt 0.627965 0.249588
vt 0.618070 0.249588
vt 0.618070 0.253713
vt 0.627965 0.253713
vt 0.607538 0.253713
vt 0.607538 0.249588
vt 0.636770 0.249588
vt 0.636770 0.253713
vt 0.597502 0.253713
vt 0.597502 0.249587
vt 0.647462 0.249587
vt 0.647462 0.253713
vt 0.219505 0.992962
vt 0.216874 0.995063
vt 0.216967 0.992538
vt 0.219581 0.992162
vt 0.219354 0.994562
vt 0.204515 0.992162
vt 0.204271 0.996287
vt 0.980467 0.539609
vt 0.983001 0.539518
vt 0.982737 0.540359
vt 0.980579 0.537872
vt 0.970078 0.538594
vt 0.970076 0.535858
vt 0.956703 0.538940
vt 0.955827 0.534404
vt 0.944339 0.537752
vt 0.945462 0.541517
vt 0.970073 0.533416
vt 0.934534 0.542949
vt 0.936291 0.546434
vt 0.980892 0.536320
vt 0.983481 0.537933
vt 0.955074 0.608921
vt 0.943949 0.606995
vt 0.968477 0.610149
vt 0.933643 0.602816
vt 0.929300 0.554583
vt 0.925753 0.593379
vt 0.926036 0.562862
vt 0.924212 0.572720
vt 0.923852 0.583391
vt 0.981218 0.609052
vt 0.983481 0.608366
vt 0.960470 0.257099
vt 0.958099 0.327381
vt 0.946959 0.325336
vt 0.949162 0.258872
vt 0.936666 0.321036
vt 0.939928 0.264566
vt 0.932834 0.272654
vt 0.974016 0.256188
vt 0.972291 0.328795
vt 0.928880 0.311489
vt 0.929476 0.280914
vt 0.927545 0.290771
vt 0.927075 0.301460
vt 0.984501 0.257425
vt 0.984400 0.327805
vt 0.986704 0.327141
vt 0.986704 0.259050
vt 0.234891 0.378300
vt 0.234891 0.376650
vt 0.168010 0.378300
vt 0.168010 0.376650
vt 0.234891 0.375825
vt 0.168010 0.375825
vt 0.990750 0.674245
vt 0.985376 0.662925
vt 0.989976 0.662618
vt 0.986150 0.674553
vt 0.988998 0.647938
vt 0.985093 0.648256
vt 0.991512 0.685668
vt 0.986911 0.685975
vt 0.992345 0.698176
vt 0.988511 0.698432
vt 0.990080 0.648714
vt 0.991787 0.635621
vt 0.990701 0.635615
vt 0.992345 0.633251
vt 0.034404 0.030941
vt 0.044299 0.035066
vt 0.044299 0.030941
vt 0.034404 0.035066
vt 0.054831 0.035066
vt 0.054831 0.030941
vt 0.025599 0.030941
vt 0.025599 0.035066
vt 0.064867 0.035066
vt 0.064867 0.030941
vt 0.014907 0.030941
vt 0.014907 0.035066
vt 0.516946 0.268642
vt 0.517360 0.271241
vt 0.514894 0.271336
vt 0.517728 0.268564
vt 0.515384 0.268797
vt 0.517728 0.283991
vt 0.513699 0.284241
vt 0.646025 0.706145
vt 0.648299 0.705369
vt 0.648574 0.706207
vt 0.646157 0.707881
vt 0.635594 0.707279
vt 0.635622 0.710016
vt 0.622147 0.707087
vt 0.621316 0.711634
vt 0.609732 0.708416
vt 0.610820 0.704637
vt 0.635646 0.712459
vt 0.599819 0.703330
vt 0.601547 0.699824
vt 0.646488 0.709430
vt 0.649073 0.707788
vt 0.608579 0.639161
vt 0.619740 0.637107
vt 0.633199 0.635726
vt 0.594431 0.691753
vt 0.598267 0.643459
vt 0.590440 0.652988
vt 0.591060 0.683509
vt 0.589117 0.673670
vt 0.588638 0.663000
vt 0.646016 0.636677
vt 0.648299 0.637338
s 0
usemtl Material
f 4/7 1/8 5/9
f 5/9 1/8 2/10
f 1/8 6/12 2/10
f 1/1 2/2 3/3
f 1/8 3/11 6/12
f 2/10 6/12 3/11
f 3/11 1/8 4/7
f 2/4 3/5 4/6
f 9/25 8/29 10/26
f 10/26 8/29 12/28
f 10/26 12/28 7/27
f 10/30 7/31 11/32
f 10/16 11/17 12/18
f 11/19 12/20 8/21
f 7/22 11/23 8/24
f 9/25 10/26 7/27
f 7/13 8/14 9/15
f 71/2754 1803/2757 1777/2755
f 71/2754 1777/2755 72/2756
f 71/2935 68/2931 1803/2930
f 71/94 60/82 68/91
f 71/94 72/95 60/82
f 1777/3017 1803/3018 1846/3016
f 1777/3017 1846/3016 1776/3014
f 1777/2703 1776/2702 72/2701
f 1803/2930 68/2931 1846/2932
f 1804/2761 128/2758 1796/2760
f 1804/2936 125/2938 128/2941
f 1804/3093 1796/3092 1847/3091
f 1804/2936 1847/2937 125/2938
f 128/2758 129/2759 1796/2760
f 128/152 125/149 117/140
f 128/152 117/140 129/153
f 1796/3092 1795/3089 1847/3091
f 1796/2728 129/2726 1795/2727
f 68/2931 3/2933 1846/2932
f 68/91 60/82 3/83
f 1846/3016 1506/3015 1776/3014
f 1846/2932 3/2933 1506/2934
f 125/2938 1847/2937 11/2939
f 125/149 11/141 117/140
f 1847/3091 1795/3089 1508/3090
f 1847/2937 1508/2940 11/2939
f 60/82 59/81 3/83
f 60/82 35/57 59/81
f 60/82 72/95 35/57
f 1776/3014 1506/3015 1505/3013
f 1776/3014 1505/3013 1775/3012
f 1776/2702 1775/2699 72/2701
f 1506/2089 3/2085 1505/2087
f 1508/3090 1795/3089 1507/3088
f 1508/2094 1507/2091 11/2090
f 117/140 11/141 116/139
f 117/140 116/139 94/117
f 117/140 94/117 129/153
f 1795/3089 1794/3087 1507/3088
f 1795/2727 129/2726 1794/2724
f 3/2085 59/2086 1505/2087
f 11/2090 1507/2091 116/2092
f 59/2086 58/2088 1505/2087
f 59/81 35/57 58/80
f 1505/3013 58/3009 1775/3012
f 116/2092 1507/2091 115/2093
f 116/139 115/138 94/117
f 1507/3088 1794/3087 115/3084
f 72/95 53/75 35/57
f 72/2701 1775/2699 1771/2695
f 72/2701 1771/2695 53/2705
f 129/2726 1790/2720 1794/2724
f 129/153 94/117 110/133
f 129/2726 110/2730 1790/2720
f 35/57 53/75 36/58
f 35/57 37/59 58/80
f 35/57 36/58 37/59
f 1775/2699 1770/2694 1771/2695
f 1775/3012 58/3009 1770/2984
f 1794/2724 1790/2720 1789/2719
f 1794/3087 1789/3059 115/3084
f 94/117 92/115 110/133
f 94/117 115/138 93/116
f 94/117 93/116 92/115
f 1771/2695 1769/2693 53/2705
f 1771/2695 1770/2694 1769/2693
f 1790/2720 110/2730 1788/2718
f 1790/2720 1788/2718 1789/2719
f 53/2705 1769/2693 66/2704
f 53/75 66/89 36/58
f 110/2730 123/2729 1788/2718
f 110/133 92/115 123/147
f 1770/2984 58/3009 1870/2983
f 1770/2694 1768/2692 1769/2693
f 1770/2984 1870/2983 1768/2982
f 1789/3059 1900/3058 115/3084
f 1789/2719 1788/2718 1787/2717
f 1789/3059 1787/3057 1900/3058
f 58/80 37/59 57/79
f 58/3009 57/3010 1870/2983
f 115/138 114/137 93/116
f 115/3084 1900/3058 114/3085
f 1769/2693 1767/2691 66/2704
f 1769/2693 1768/2692 1767/2691
f 1788/2718 123/2729 1786/2716
f 1788/2718 1786/2716 1787/2717
f 66/89 39/61 36/58
f 66/2704 1767/2691 81/2700
f 66/89 81/104 39/61
f 123/147 92/115 91/114
f 123/2729 138/2725 1786/2716
f 123/147 91/114 138/162
f 36/58 38/60 37/59
f 36/58 39/61 38/60
f 92/115 93/116 89/112
f 92/115 89/112 91/114
f 37/59 52/74 57/79
f 37/59 38/60 52/74
f 93/116 114/137 109/132
f 93/116 109/132 89/112
f 1870/2983 57/3010 52/3011
f 1870/2983 1869/2981 1768/2982
f 1870/2983 52/3011 1869/2981
f 1900/3058 109/3086 114/3085
f 1900/3058 1787/3057 1899/3056
f 1900/3058 1899/3056 109/3086
f 81/2700 1767/2691 1762/2686
f 81/104 82/105 39/61
f 81/2700 1762/2686 82/2706
f 1767/2691 1768/2692 1766/2690
f 1767/2691 1766/2690 1762/2686
f 1786/2716 138/2725 1780/2710
f 1786/2716 1785/2715 1787/2717
f 1786/2716 1780/2710 1785/2715
f 138/162 91/114 139/163
f 138/2725 139/2731 1780/2710
f 39/61 82/105 40/62
f 39/61 40/62 38/60
f 91/114 90/113 139/163
f 91/114 89/112 90/113
f 1768/2692 1773/2697 1766/2690
f 1768/2982 1763/2985 1773/2986
f 1768/2982 1864/2976 1763/2985
f 1768/2982 1869/2981 1864/2976
f 1787/2717 1785/2715 1792/2722
f 1787/3057 1792/3061 1782/3060
f 1787/3057 1782/3060 1894/3051
f 1787/3057 1894/3051 1899/3056
f 1766/2690 1773/2697 1764/2688
f 1766/2690 1764/2688 1762/2686
f 1773/2697 1774/2698 1764/2688
f 1773/2986 1772/2987 1774/2988
f 1773/2986 1763/2985 1772/2987
f 1792/2722 1785/2715 1783/2713
f 1792/2722 1783/2713 1793/2723
f 1792/3061 1793/3063 1791/3062
f 1792/3061 1791/3062 1782/3060
f 1785/2715 1780/2710 1783/2713
f 1764/2688 1774/2698 1772/2696
f 1764/2688 1772/2696 1765/2689
f 1764/2688 1765/2689 1762/2686
f 343/2914 1745/2915 1755/2916
f 343/2914 1755/2916 353/2918
f 343/2914 344/2917 1745/2915
f 343/371 342/370 344/372
f 343/371 353/384 340/368
f 343/371 340/368 342/370
f 1755/2665 1745/2642 1743/2638
f 1755/2665 1754/2664 353/2666
f 1755/2665 1743/2638 1754/2664
f 344/2643 342/2641 1745/2642
f 1745/2642 342/2641 1743/2638
f 378/2922 377/2920 1728/2919
f 378/2597 1728/2595 376/2596
f 378/411 376/409 377/410
f 1728/2919 377/2920 1738/2921
f 1728/2595 1738/2619 1726/2592
f 1728/2595 1726/2592 376/2596
f 377/2920 388/2923 1738/2921
f 377/410 376/409 374/407
f 377/410 374/407 388/423
f 1738/2619 1737/2618 1726/2592
f 1738/2619 388/2620 1737/2618
f 1793/2723 1783/2713 1791/2721
f 1783/2713 1784/2714 1791/2721
f 1783/2713 1780/2710 1784/2714
f 1765/2689 1772/2696 1763/2687
f 1765/2689 1763/2687 1760/2684
f 1765/2689 1760/2684 1762/2686
f 353/384 354/385 340/368
f 353/2666 1754/2664 1753/2663
f 353/2666 1753/2663 354/2683
f 342/2641 341/2639 1743/2638
f 342/370 340/368 341/369
f 1743/2638 1744/2640 1754/2664
f 1743/2638 341/2639 1744/2640
f 376/2596 1726/2592 375/2594
f 376/409 375/408 374/407
f 1726/2592 1727/2593 375/2594
f 1726/2592 1737/2618 1727/2593
f 388/2620 1736/2617 1737/2618
f 388/423 374/407 389/424
f 388/2620 389/2637 1736/2617
f 1791/2721 1784/2714 1782/2712
f 1784/2714 1779/2709 1782/2712
f 1784/2714 1780/2710 1779/2709
f 1760/2684 1763/2687 1761/2685
f 1760/2684 1761/2685 1762/2686
f 1761/3001 1763/2985 1864/2976
f 1761/2685 1778/2707 1762/2686
f 1761/3001 1864/2976 1778/2962
f 1782/2712 1779/2709 1781/2711
f 1782/3060 1781/3076 1894/3051
f 1779/2709 1780/2710 1781/2711
f 1781/2711 1780/2710 1797/2732
f 1781/3076 1797/3037 1894/3051
f 340/368 339/367 341/369
f 340/368 354/385 338/366
f 340/368 338/366 339/367
f 1754/2664 1744/2640 1450/2645
f 1754/2664 1450/2645 1753/2663
f 341/2639 339/2644 1744/2640
f 1744/2640 339/2644 1450/2645
f 375/2594 1727/2593 373/2598
f 375/408 373/406 374/407
f 1727/2593 1737/2618 1454/2599
f 1727/2593 1454/2599 373/2598
f 1737/2618 1736/2617 1454/2599
f 374/407 372/405 389/424
f 374/407 373/406 372/405
f 1762/2686 1778/2707 82/2706
f 1780/2710 139/2731 1797/2732
f 1778/2707 80/2708 82/2706
f 1778/2962 1854/2958 80/2961
f 1778/2962 1864/2976 1859/2971
f 1778/2962 1859/2971 1854/2958
f 1797/2732 139/2731 137/2733
f 1797/3037 137/3036 1884/3033
f 1797/3037 1889/3046 1894/3051
f 1797/3037 1884/3033 1889/3046
f 82/105 80/103 40/62
f 354/2683 1753/2663 1752/2662
f 354/385 355/387 338/366
f 354/2683 1752/2662 355/2681
f 389/2637 1735/2616 1736/2617
f 389/424 372/405 391/426
f 389/2637 391/2635 1735/2616
f 139/163 90/113 137/161
f 80/103 65/88 40/62
f 80/2961 1854/2958 65/2959
f 137/161 90/113 122/146
f 137/3036 122/3034 1884/3033
f 767/862 764/859 766/861
f 767/1573 766/1572 1275/1559
f 767/862 763/858 764/859
f 767/1573 1275/1559 763/1578
f 766/861 764/859 765/860
f 766/1572 1274/1558 1275/1559
f 766/2568 765/2564 1274/2567
f 40/62 41/63 38/60
f 40/62 65/88 41/63
f 1753/2663 1450/2645 1752/2662
f 1736/2617 1735/2616 1454/2599
f 90/113 89/112 88/111
f 90/113 88/111 122/146
f 829/924 828/923 830/925
f 829/1682 830/1683 1345/1669
f 829/2574 1344/2573 827/2570
f 829/924 827/922 828/923
f 829/1682 1345/1669 1344/1668
f 830/925 828/923 826/921
f 830/1683 826/1688 1345/1669
f 763/858 756/851 764/859
f 763/1578 1275/1559 1272/1556
f 763/1578 1272/1556 762/1577
f 763/858 762/857 756/851
f 764/859 756/851 765/860
f 1275/1559 1274/1558 1272/1556
f 765/2564 1273/2566 1274/2567
f 765/2564 756/2565 1273/2566
f 1274/1558 1273/1557 1272/1556
f 338/366 337/365 339/367
f 338/366 355/387 328/355
f 338/366 328/355 337/365
f 372/405 373/406 371/404
f 372/405 362/394 391/426
f 372/405 371/404 362/394
f 827/2570 1344/2573 1343/2571
f 827/922 819/914 828/923
f 827/2570 1343/2571 819/2572
f 1344/1668 1345/1669 1342/1666
f 1344/1668 1342/1666 1343/1667
f 828/923 819/914 826/921
f 1345/1669 826/1688 1342/1666
f 826/921 819/914 825/920
f 826/1688 825/1687 1342/1666
f 1272/1556 1273/1557 1270/1554
f 1272/1556 1271/1555 762/1577
f 1272/1556 1270/1554 1271/1555
f 756/2565 755/2569 1273/2566
f 756/851 762/857 739/834
f 756/851 739/834 755/850
f 1273/1557 755/1576 1270/1554
f 339/1863 337/1860 1450/1862
f 373/1872 1454/1871 371/1869
f 819/2572 1343/2571 818/2575
f 819/914 805/900 825/920
f 819/914 818/913 805/900
f 1343/1667 1342/1666 1340/1664
f 1343/1667 1340/1664 818/1686
f 1342/1666 825/1687 1341/1665
f 1342/1666 1341/1665 1340/1664
f 1450/2645 1447/2661 1752/2662
f 1450/1862 337/1860 1447/1855
f 1454/2599 1735/2616 1451/2615
f 1454/1871 1451/1864 371/1869
f 762/857 761/856 739/834
f 762/1577 1271/1555 761/1575
f 825/920 805/900 824/919
f 825/1687 824/1685 1341/1665
f 38/60 28/50 52/74
f 38/60 41/63 28/50
f 1869/2981 52/3011 1868/2980
f 1869/2981 1868/2980 1864/2976
f 52/3011 78/3021 1868/2980
f 52/74 28/50 78/101
f 109/3086 1899/3056 1898/3055
f 109/132 85/108 89/112
f 109/3086 1898/3055 135/3096
f 109/132 135/159 85/108
f 1899/3056 1894/3051 1898/3055
f 89/112 85/108 88/111
f 739/834 754/849 755/850
f 739/834 761/856 736/831
f 739/834 738/833 754/849
f 739/834 736/831 738/833
f 1271/1555 1270/1554 1263/1547
f 1271/1555 1263/1547 761/1575
f 805/900 818/913 817/912
f 805/900 804/899 824/919
f 805/900 817/912 803/898
f 805/900 803/898 804/899
f 1341/1665 1333/1657 1340/1664
f 1341/1665 824/1685 1333/1657
f 1864/2976 1868/2980 1860/2972
f 1864/2976 1860/2972 1859/2971
f 1894/3051 1891/3048 1898/3055
f 1894/3051 1889/3046 1891/3048
f 1582/2238 1580/2236 1581/2237
f 1598/2254 1597/2253 1596/2252
f 1581/2237 1580/2236 1571/2227
f 1580/2236 1579/2235 1571/2227
f 1580/2788 1571/2789 1625/2790
f 1580/2329 1625/2324 1579/2328
f 1596/2252 1597/2253 1587/2243
f 1596/2252 1587/2243 1595/2251
f 1596/2734 1642/2735 1587/2737
f 1596/2362 1595/2361 1642/2357
f 1571/2227 1579/2235 1573/2229
f 1571/2227 1573/2229 1568/2224
f 1571/2227 1568/2224 1570/2226
f 1571/2789 1570/2791 1625/2790
f 355/2681 1752/2662 1757/2672
f 355/387 356/388 328/355
f 355/2681 1757/2672 356/2682
f 1752/2662 1751/2660 1757/2672
f 1752/2662 1447/2661 1751/2660
f 1735/2616 391/2635 1740/2626
f 1735/2616 1740/2626 1734/2614
f 1735/2616 1734/2614 1451/2615
f 391/426 362/394 392/427
f 391/2635 392/2636 1740/2626
f 1587/2243 1589/2245 1595/2251
f 1587/2737 1642/2735 1585/2738
f 1587/2243 1584/2240 1589/2245
f 1587/2243 1585/2241 1584/2240
f 1579/2328 1627/2326 1573/2343
f 1579/2328 1625/2324 1627/2326
f 1595/2361 1643/2358 1642/2357
f 1595/2361 1589/2376 1643/2358
f 1270/1554 755/1576 754/1570
f 1270/1554 1269/1553 1263/1547
f 1270/1554 754/1570 1269/1553
f 1568/2224 1573/2229 1572/2228
f 1568/2224 1569/2225 1570/2226
f 1568/2224 1572/2228 1569/2225
f 1573/2343 1627/2326 1572/2342
f 1625/2790 1570/2791 1626/2793
f 1625/2324 1626/2325 1627/2326
f 1642/2735 1644/2739 1585/2738
f 1642/2357 1643/2358 1644/2359
f 1589/2245 1584/2240 1588/2244
f 1589/2376 1588/2375 1643/2358
f 1584/2240 1585/2241 1586/2242
f 1584/2240 1586/2242 1588/2244
f 818/1686 1340/1664 817/1680
f 1340/1664 1333/1657 1339/1663
f 1340/1664 1339/1663 817/1680
f 1570/2791 1628/2794 1626/2793
f 1570/2774 1569/2773 1808/2772
f 1570/2791 1808/2798 1628/2794
f 1585/2738 1644/2739 1645/2740
f 1585/2787 1800/2785 1586/2786
f 1585/2738 1645/2740 1800/2744
f 328/355 356/388 327/354
f 328/355 327/354 326/353
f 328/355 326/353 337/365
f 362/394 361/393 392/427
f 362/394 359/391 361/393
f 362/394 371/404 359/391
f 1627/2326 1626/2325 1628/2327
f 1627/2326 1629/2330 1572/2342
f 1627/2326 1628/2327 1629/2330
f 1643/2358 1645/2360 1644/2359
f 1643/2358 1588/2375 1646/2363
f 1643/2358 1646/2363 1645/2360
f 1868/2980 78/3021 46/2989
f 1868/2980 1867/2979 1860/2972
f 1868/2980 46/2989 1867/2979
f 78/101 28/50 46/68
f 135/3096 1898/3055 103/3064
f 135/159 103/126 85/108
f 1898/3055 1891/3048 1897/3054
f 1898/3055 1897/3054 103/3064
f 28/50 41/63 29/51
f 28/50 29/51 30/52
f 28/50 30/52 46/68
f 85/108 87/110 88/111
f 85/108 86/109 87/110
f 85/108 103/126 86/109
f 1569/2225 1572/2228 1574/2230
f 1569/2773 1575/2771 1808/2772
f 1569/2225 1574/2230 1575/2231
f 1572/2342 1629/2330 1637/2341
f 1572/2342 1637/2341 1574/2346
f 1588/2244 1586/2242 1590/2246
f 1588/2375 1654/2374 1646/2363
f 1588/2375 1590/2379 1654/2374
f 1586/2786 1800/2785 1591/2784
f 1586/2242 1591/2247 1590/2246
f 761/1575 1263/1547 1261/1545
f 761/1575 1261/1545 784/1574
f 761/856 784/879 736/831
f 1263/1547 1269/1553 1262/1546
f 1263/1547 1262/1546 1261/1545
f 1333/1657 824/1685 1331/1655
f 1333/1657 1332/1656 1339/1663
f 1333/1657 1331/1655 1332/1656
f 824/1685 847/1684 1331/1655
f 824/919 804/899 847/942
f 1808/2798 1630/2797 1628/2794
f 1808/2772 1575/2771 1807/2770
f 1808/2798 1807/2795 1630/2797
f 1800/2744 1645/2740 1647/2742
f 1800/2785 1798/2783 1591/2784
f 1800/2744 1647/2742 1798/2741
f 356/2682 1757/2672 1758/2673
f 356/388 357/389 327/354
f 356/2682 1758/2673 357/2677
f 1757/2672 1751/2660 1756/2670
f 1757/2672 1756/2670 1758/2673
f 1740/2626 392/2636 1741/2627
f 1740/2626 1739/2624 1734/2614
f 1740/2626 1741/2627 1739/2624
f 392/427 361/393 393/428
f 392/2636 393/2631 1741/2627
f 1629/2330 1628/2327 1630/2331
f 1629/2330 1631/2332 1637/2341
f 1629/2330 1630/2331 1631/2332
f 1645/2360 1646/2363 1647/2364
f 1646/2363 1654/2374 1648/2365
f 1646/2363 1648/2365 1647/2364
f 327/354 357/389 324/351
f 327/354 324/351 326/353
f 361/393 358/390 393/428
f 361/393 359/391 358/390
f 337/1860 345/1856 1447/1855
f 337/365 326/353 345/373
f 371/1869 1451/1864 379/1866
f 371/404 379/412 359/391
f 1575/2231 1574/2230 1576/2232
f 1575/2771 1577/2769 1807/2770
f 1575/2231 1576/2232 1577/2233
f 1574/2346 1637/2341 1576/2344
f 1447/2661 1448/2659 1751/2660
f 1447/1855 345/1856 1448/1857
f 1451/2615 1734/2614 1452/2613
f 1451/1864 1452/1865 379/1866
f 1590/2246 1591/2247 1592/2248
f 1590/2379 1592/2377 1654/2374
f 1591/2784 1798/2783 1593/2782
f 1591/2247 1593/2249 1592/2248
f 1751/2660 1448/2659 1750/2657
f 1751/2660 1750/2657 1756/2670
f 1734/2614 1733/2611 1452/2613
f 1734/2614 1739/2624 1733/2611
f 1807/2770 1577/2769 1806/2768
f 1807/2795 1806/2799 1809/2796
f 1807/2795 1809/2796 1630/2797
f 1798/2783 1801/2781 1593/2782
f 1798/2741 1799/2743 1801/2745
f 1798/2741 1647/2742 1799/2743
f 1637/2341 1636/2340 1576/2344
f 1637/2341 1631/2332 1636/2340
f 1654/2374 1592/2377 1653/2373
f 1654/2374 1653/2373 1648/2365
f 1859/2971 1861/2973 1854/2958
f 1859/2971 1860/2972 1861/2973
f 1889/3046 1884/3033 1890/3047
f 1889/3046 1890/3047 1891/3048
f 1854/2958 1853/2957 65/2959
f 1854/2958 1861/2973 1853/2957
f 309/635 493/530 507/544
f 309/635 467/504 493/530
f 309/3254 507/3153 310/3123
f 309/336 310/337 265/292
f 309/336 265/292 308/335
f 309/635 308/468 467/504
f 1884/3033 122/3034 1883/3032
f 1884/3033 1883/3032 1890/3047
f 493/530 492/529 507/544
f 493/530 467/504 492/529
f 65/88 54/76 41/63
f 65/2959 1853/2957 54/2956
f 41/63 54/76 29/51
f 88/111 111/134 122/146
f 88/111 87/110 111/134
f 122/3034 111/3031 1883/3032
f 310/3123 507/3153 1913/3120
f 310/337 263/290 265/292
f 310/337 312/339 263/290
f 310/3123 1913/3120 312/3119
f 507/544 492/529 508/545
f 507/3153 508/3128 1913/3120
f 265/292 264/291 308/335
f 265/292 263/290 264/291
f 308/468 433/470 467/504
f 308/335 264/291 311/338
f 308/468 311/469 433/470
f 467/504 440/477 492/529
f 467/504 433/470 440/477
f 357/2677 1758/2673 1759/2674
f 357/389 351/381 324/351
f 357/2677 1759/2674 351/2678
f 1758/2673 1756/2670 1759/2674
f 1741/2627 393/2631 1742/2628
f 1741/2627 1742/2628 1739/2624
f 393/428 358/390 386/420
f 393/2631 386/2632 1742/2628
f 263/290 261/288 264/291
f 263/290 312/339 260/287
f 263/290 260/287 261/288
f 264/291 261/288 311/338
f 324/351 325/352 326/353
f 324/351 351/381 329/356
f 324/351 329/356 325/352
f 358/390 359/391 360/392
f 358/390 363/395 386/420
f 358/390 360/392 363/395
f 1577/2233 1576/2232 1578/2234
f 1577/2769 1583/2767 1806/2768
f 1577/2233 1578/2234 1583/2239
f 1576/2344 1636/2340 1578/2345
f 492/529 442/479 508/545
f 492/529 440/477 442/479
f 1592/2248 1593/2249 1594/2250
f 1592/2377 1594/2378 1653/2373
f 1593/2782 1801/2781 1599/2780
f 1593/2249 1599/2255 1594/2250
f 1860/2972 1863/2975 1861/2973
f 1860/2972 1862/2974 1863/2975
f 1860/2972 1867/2979 1862/2974
f 1891/3048 1890/3047 1892/3049
f 1891/3048 1892/3049 1893/3050
f 1891/3048 1893/3050 1897/3054
f 1269/1553 754/1570 775/1569
f 1269/1553 1276/1560 1262/1546
f 1269/1553 775/1569 1276/1560
f 754/849 738/833 775/870
f 1806/2768 1583/2767 1805/2766
f 1806/2799 1805/2800 1809/2796
f 508/3128 1916/3127 1913/3120
f 508/3128 442/3129 1910/3116
f 508/3128 1910/3116 1916/3127
f 440/477 433/470 439/476
f 440/477 441/478 442/479
f 440/477 439/476 441/478
f 1801/2781 1802/2779 1599/2780
f 1801/2745 1799/2743 1802/2746
f 817/1680 1339/1663 838/1679
f 817/912 838/933 803/898
f 1339/1663 1332/1656 1346/1670
f 1339/1663 1346/1670 838/1679
f 326/353 346/374 345/373
f 326/353 325/352 346/374
f 359/391 379/412 380/413
f 359/391 380/413 360/392
f 784/1574 1261/1545 1260/1544
f 784/879 783/878 736/831
f 784/1574 1260/1544 783/1535
f 1261/1545 1262/1546 1259/1543
f 1261/1545 1259/1543 1260/1544
f 1331/1655 847/1684 1330/1654
f 1331/1655 1329/1653 1332/1656
f 1331/1655 1330/1654 1329/1653
f 847/942 804/899 846/941
f 847/1684 846/1645 1330/1654
f 345/1856 346/1858 1448/1857
f 312/2285 1614/2283 260/2284
f 312/3119 1913/3120 1914/3121
f 312/3119 1914/3121 1614/3122
f 311/469 434/471 433/470
f 311/2315 261/2314 435/2313
f 311/469 435/472 434/471
f 379/1866 1452/1865 380/1867
f 1448/2659 1449/2658 1750/2657
f 1448/1857 346/1858 1449/1859
f 260/287 257/284 261/288
f 260/2284 1614/2283 259/2282
f 260/287 259/286 257/284
f 1913/3120 1916/3127 1914/3121
f 433/470 434/471 439/476
f 261/288 257/284 258/285
f 261/2314 258/2312 435/2313
f 1452/1865 1453/1868 380/1867
f 1452/2613 1733/2611 1453/2612
f 442/3129 480/3164 1910/3116
f 442/479 441/478 480/517
f 736/831 783/878 737/832
f 736/831 737/832 738/833
f 1861/2973 1865/2977 1866/2978
f 1861/2973 1866/2978 1852/2955
f 1861/2973 1863/2975 1865/2977
f 1861/2973 1852/2955 1853/2957
f 1890/3047 1896/3053 1895/3052
f 1890/3047 1882/3030 1896/3053
f 1890/3047 1895/3052 1892/3049
f 1890/3047 1883/3032 1882/3030
f 804/899 803/898 802/897
f 804/899 802/897 846/941
f 1866/2978 1865/2977 1851/2954
f 1866/2978 1851/2954 1852/2955
f 1896/3053 1881/3029 1895/3052
f 1896/3053 1882/3030 1881/3029
f 1865/2977 1863/2975 1851/2954
f 1863/2975 1862/2974 1855/2960
f 1863/2975 1855/2960 1851/2954
f 1916/3127 1910/3116 1912/3118
f 1916/3127 1919/3132 1914/3121
f 1916/3127 1920/3133 1919/3132
f 1916/3127 1912/3118 1920/3133
f 439/476 443/480 441/478
f 439/476 434/471 446/483
f 439/476 446/483 447/484
f 439/476 447/484 443/480
f 1892/3049 1895/3052 1881/3029
f 1892/3049 1885/3035 1893/3050
f 1892/3049 1881/3029 1885/3035
f 1862/2974 1877/2997 1855/2960
f 1862/2974 1872/2992 1877/2997
f 1862/2974 1867/2979 1871/2991
f 1862/2974 1871/2991 1872/2992
f 1893/3050 1885/3035 1907/3072
f 1893/3050 1907/3072 1902/3067
f 1893/3050 1901/3066 1897/3054
f 1893/3050 1902/3067 1901/3066
f 1756/2670 1705/2671 1759/2674
f 1756/2670 1750/2657 1705/2671
f 1739/2624 1742/2628 1706/2625
f 1739/2624 1706/2625 1733/2611
f 1853/2957 1852/2955 54/2956
f 1877/2997 1876/2996 1855/2960
f 1877/2997 1875/2995 1876/2996
f 1877/2997 1872/2992 1875/2995
f 1631/2332 1630/2331 1632/2333
f 1631/2332 1635/2338 1636/2340
f 1631/2332 1632/2333 1635/2338
f 1630/2797 1809/2796 1632/2803
f 1647/2364 1648/2365 1649/2366
f 1647/2742 1649/2749 1799/2743
f 1648/2365 1653/2373 1652/2371
f 1648/2365 1652/2371 1649/2366
f 1907/3072 1885/3035 1906/3071
f 1907/3072 1906/3071 1905/3070
f 1907/3072 1905/3070 1902/3067
f 1883/3032 111/3031 1882/3030
f 1262/1546 1264/1548 1259/1543
f 1262/1546 1276/1560 1264/1548
f 1910/3116 1911/3117 1912/3118
f 1910/3116 1944/3169 1911/3117
f 1910/3116 480/3164 1944/3169
f 441/478 443/480 487/524
f 441/478 487/524 526/563
f 441/478 526/563 480/517
f 1332/1656 1334/1658 1346/1670
f 1332/1656 1329/1653 1334/1658
f 54/2956 1852/2955 55/2950
f 54/76 55/77 29/51
f 111/3031 112/3025 1882/3030
f 111/134 87/110 112/135
f 1583/2356 1578/2345 1638/2347
f 1583/2767 1641/2765 1805/2766
f 1583/2356 1638/2347 1641/2355
f 1578/2345 1636/2340 1638/2347
f 1594/2378 1599/2389 1655/2380
f 1594/2378 1655/2380 1653/2373
f 1599/2780 1802/2779 1658/2778
f 1599/2389 1658/2388 1655/2380
f 1614/3122 1914/3121 1915/3124
f 1614/2283 1612/2275 259/2282
f 1614/3122 1915/3124 1612/3125
f 1914/3121 1919/3132 1915/3124
f 257/284 259/286 239/266
f 257/284 240/267 258/285
f 257/284 239/266 240/267
f 434/471 435/472 436/473
f 434/471 436/473 446/483
f 435/2313 258/2312 437/2305
f 435/472 437/474 436/473
f 1805/2800 608/2801 1809/2796
f 1805/2766 1641/2765 608/2763
f 1919/3132 1920/3133 1921/3134
f 1919/3132 1917/3130 1915/3124
f 1919/3132 1922/3135 1917/3130
f 1919/3132 1921/3134 1922/3135
f 446/483 448/485 447/484
f 446/483 436/473 444/481
f 446/483 444/481 449/486
f 446/483 449/486 448/485
f 1802/2746 1799/2743 609/2747
f 1802/2779 609/2777 1658/2778
f 1876/2996 1856/2963 1855/2960
f 1876/2996 1857/2965 1856/2963
f 1876/2996 1875/2995 1873/2993
f 1876/2996 1873/2993 1857/2965
f 351/2678 1759/2674 352/2679
f 351/381 352/383 329/356
f 1759/2674 284/2675 352/2679
f 1759/2674 1705/2671 284/2675
f 259/2282 1612/2275 266/2281
f 259/286 266/293 239/266
f 258/2312 262/2311 437/2305
f 258/285 240/267 262/289
f 1742/2628 386/2632 387/2633
f 1742/2628 387/2633 283/2629
f 1742/2628 283/2629 1706/2625
f 386/420 363/395 387/422
f 1906/3071 1885/3035 1886/3038
f 1906/3071 1886/3038 1887/3040
f 1906/3071 1903/3068 1905/3070
f 1906/3071 1887/3040 1903/3068
f 1750/2657 1449/2658 1463/2653
f 1750/2657 1463/2653 1749/2654
f 1750/2657 1749/2654 1705/2671
f 346/1858 347/1861 1449/1859
f 346/374 325/352 347/375
f 380/1867 1453/1868 381/1870
f 380/413 381/414 360/392
f 1733/2611 1464/2606 1453/2612
f 1733/2611 1732/2608 1464/2606
f 1733/2611 1706/2625 1732/2608
f 1852/2955 1851/2954 55/2950
f 1449/1931 347/1932 1463/1933
f 1920/3133 1912/3118 1921/3134
f 447/484 448/485 443/480
f 1453/1935 1464/1936 381/1937
f 1882/3030 112/3025 1881/3029
f 783/1535 1260/1544 1252/1534
f 783/878 760/855 737/832
f 783/1535 768/1533 760/1536
f 783/1535 1252/1534 768/1533
f 1260/1544 1259/1543 1252/1534
f 1259/1543 1264/1548 1258/1542
f 1259/1543 1258/1542 1252/1534
f 1276/1560 775/1569 774/1568
f 1276/1560 1277/1561 1264/1548
f 1276/1560 774/1568 1277/1561
f 738/833 774/869 775/870
f 738/833 737/832 740/835
f 738/833 740/835 774/869
f 1851/2954 1855/2960 1850/2951
f 1851/2954 1850/2951 55/2950
f 1636/2340 1635/2338 294/2339
f 1636/2340 294/2339 1638/2347
f 329/356 352/383 330/357
f 329/356 330/357 325/352
f 363/395 364/397 387/422
f 363/395 360/392 364/397
f 1653/2373 293/2372 1652/2371
f 1653/2373 1655/2380 293/2372
f 1881/3029 1880/3027 1885/3035
f 1881/3029 112/3025 1880/3027
f 838/933 837/932 803/898
f 838/1679 1346/1670 837/1678
f 803/898 801/896 802/897
f 803/898 837/932 801/896
f 1346/1670 1334/1658 1347/1671
f 1346/1670 1347/1671 837/1678
f 1329/1653 1330/1654 1322/1644
f 1329/1653 1327/1651 1334/1658
f 1329/1653 1322/1644 1327/1651
f 1330/1654 846/1645 1322/1644
f 846/941 802/897 823/918
f 846/1645 823/1646 831/1643
f 846/1645 831/1643 1322/1644
f 1855/2960 77/2953 1850/2951
f 1855/2960 1856/2963 77/2953
f 1885/3035 1880/3027 134/3028
f 1885/3035 134/3028 1886/3038
f 1912/3118 1962/3189 1921/3134
f 1912/3118 1911/3117 1962/3189
f 443/480 448/485 485/522
f 443/480 485/522 487/524
f 55/2950 1850/2951 56/2952
f 55/77 56/78 29/51
f 1612/3125 1915/3124 1611/3126
f 1612/2275 1609/2272 266/2281
f 1612/2275 1611/2274 1609/2272
f 1915/3124 1917/3130 1611/3126
f 436/473 437/474 438/475
f 436/473 438/475 444/481
f 437/2305 262/2311 1619/2303
f 437/2305 1619/2303 438/2304
f 112/3025 113/3026 1880/3027
f 112/135 87/110 113/136
f 56/2952 1850/2951 77/2953
f 56/78 77/100 29/51
f 113/3026 134/3028 1880/3027
f 113/136 87/110 134/158
f 77/100 75/98 29/51
f 77/2953 1856/2963 75/2964
f 29/51 75/98 31/53
f 29/51 31/53 30/52
f 87/110 132/156 134/158
f 87/110 95/118 132/156
f 87/110 86/109 95/118
f 134/3028 132/3039 1886/3038
f 1809/2796 1633/2804 1632/2803
f 1809/2796 608/2801 1040/2802
f 1809/2796 1040/2802 1633/2804
f 1799/2743 1649/2749 1650/2750
f 1799/2743 1043/2748 609/2747
f 1799/2743 1650/2750 1043/2748
f 266/2281 1609/2272 281/2280
f 266/293 281/308 256/283
f 266/293 256/283 239/266
f 1917/3130 1922/3135 1918/3131
f 1917/3130 1918/3131 1611/3126
f 1922/3135 1921/3134 1923/3136
f 1922/3135 1925/3138 1918/3131
f 1922/3135 1924/3137 1925/3138
f 1922/3135 1923/3136 1924/3137
f 449/486 444/481 445/482
f 449/486 450/487 448/485
f 449/486 445/482 452/489
f 449/486 452/489 451/488
f 449/486 451/488 450/487
f 444/481 438/475 445/482
f 262/2311 276/2310 1619/2303
f 262/289 273/300 276/303
f 262/289 240/267 273/300
f 1632/2333 1633/2334 1635/2338
f 1649/2366 1652/2371 1650/2367
f 1635/2338 1633/2334 1634/2337
f 1635/2338 1634/2337 294/2339
f 1652/2371 1651/2370 1650/2367
f 1652/2371 293/2372 1651/2370
f 737/832 760/855 741/836
f 737/832 741/836 740/835
f 802/897 800/895 823/918
f 802/897 801/896 800/895
f 1856/2963 1857/2965 75/2964
f 1886/3038 132/3039 1887/3040
f 1264/1548 1277/1561 1265/1549
f 1264/1548 1265/1549 1258/1542
f 1921/3134 1962/3189 1923/3136
f 448/485 450/487 485/522
f 1334/1658 1335/1659 1347/1671
f 1334/1658 1327/1651 1335/1659
f 1609/2272 1611/2274 1610/2273
f 1609/2272 1608/2271 281/2280
f 1609/2272 1610/2273 1608/2271
f 1611/3126 1918/3131 1610/3140
f 438/2304 1619/2303 454/2302
f 438/475 454/491 445/482
f 1619/2303 276/2310 1618/2301
f 1619/2303 1618/2301 454/2302
f 75/98 74/97 31/53
f 75/2964 1857/2965 74/2966
f 1911/3117 1963/3190 1962/3189
f 1911/3117 1944/3169 1963/3190
f 487/524 485/522 486/523
f 487/524 486/523 526/563
f 132/156 95/118 131/155
f 132/3039 131/3041 1887/3040
f 1962/3189 1958/3185 1923/3136
f 1962/3189 1959/3186 1958/3185
f 1962/3189 1961/3188 1959/3186
f 1962/3189 1963/3190 1961/3188
f 485/522 450/487 525/562
f 485/522 525/562 483/520
f 485/522 483/520 484/521
f 485/522 484/521 486/523
f 760/855 768/863 741/836
f 1867/2979 46/2989 47/2990
f 1867/2979 47/2990 1871/2991
f 46/68 30/52 47/69
f 480/3164 1945/3170 1944/3169
f 480/517 526/563 527/564
f 480/3164 533/3172 1945/3170
f 480/517 527/564 533/570
f 103/3064 1897/3054 104/3065
f 103/126 104/127 86/109
f 1897/3054 1901/3066 104/3065
f 823/918 800/895 831/926
f 47/2591 30/2588 1724/2587
f 47/2990 1724/3024 1871/2991
f 1724/2587 30/2588 1725/2589
f 1724/3024 1725/3023 1871/2991
f 281/2280 1608/2271 282/2279
f 281/308 282/309 256/283
f 1918/3131 1925/3138 1927/3141
f 1918/3131 1927/3141 1610/3140
f 445/482 455/492 452/489
f 445/482 454/491 455/492
f 276/2310 277/2309 1618/2301
f 276/303 273/300 277/304
f 1722/2582 86/2584 104/2586
f 1722/3099 104/3065 1901/3066
f 1722/2582 1723/2583 86/2584
f 1722/3099 1901/3066 1723/3098
f 30/2588 51/2590 1725/2589
f 30/52 32/54 51/73
f 30/52 31/53 32/54
f 1725/3023 51/3020 1871/2991
f 1925/3138 1930/3145 1927/3141
f 1925/3138 1924/3137 1926/3139
f 1925/3138 1929/3144 1930/3145
f 1925/3138 1926/3139 1929/3144
f 1944/3439 2008/3435 1963/3440
f 1944/3439 1957/3434 2008/3435
f 1944/3169 1945/3170 1957/3184
f 526/3869 486/3862 2317/3860
f 526/3869 2317/3860 534/3859
f 526/563 534/571 527/564
f 452/489 453/490 451/488
f 452/489 455/492 459/496
f 452/489 459/496 458/495
f 452/489 458/495 453/490
f 1723/2583 108/2585 86/2584
f 1723/3098 1901/3066 108/3095
f 86/109 108/131 98/121
f 86/109 98/121 95/118
f 51/73 32/54 50/72
f 51/3020 50/3019 1874/2994
f 51/3020 1874/2994 1871/2991
f 108/131 107/130 98/121
f 108/3095 1904/3069 107/3094
f 108/3095 1901/3066 1904/3069
f 50/72 32/54 49/71
f 50/3019 49/3022 1879/2999
f 50/3019 1879/2999 1874/2994
f 107/130 106/129 98/121
f 107/3094 1909/3074 106/3097
f 107/3094 1904/3069 1909/3074
f 1277/1561 774/1568 773/1563
f 1277/1561 773/1563 1265/1549
f 774/869 740/835 773/868
f 1871/2991 1873/2993 1872/2992
f 1871/2991 1874/2994 1873/2993
f 1641/2355 1638/2347 1640/2350
f 1641/2765 1192/2764 608/2763
f 1641/2355 1640/2350 1192/2354
f 1638/2347 1639/2349 1640/2350
f 1638/2347 1613/2348 1639/2349
f 1638/2347 294/2339 1613/2348
f 352/383 229/382 330/357
f 352/2679 284/2675 229/2680
f 347/375 325/352 348/376
f 347/1932 348/1934 1463/1933
f 381/1937 1464/1936 382/1938
f 381/414 382/415 360/392
f 387/422 364/397 299/421
f 387/2633 299/2634 283/2629
f 1655/2380 1658/2388 1657/2383
f 1655/2380 1657/2383 1656/2382
f 1655/2380 1656/2382 1620/2381
f 1655/2380 1620/2381 293/2372
f 1658/2778 609/2777 1200/2776
f 1658/2388 1200/2387 1657/2383
f 1901/3066 1902/3067 1903/3068
f 1901/3066 1903/3068 1904/3069
f 837/1678 1347/1671 836/1673
f 837/932 836/931 801/896
f 1347/1671 1335/1659 836/1673
f 49/3022 608/3008 1879/2999
f 49/662 43/663 608/664
f 49/71 32/54 43/65
f 69/1828 70/1829 1041/1825
f 69/1828 1041/1825 1193/1827
f 69/665 608/664 43/663
f 69/1939 1193/1940 608/1941
f 69/92 44/66 70/93
f 69/92 43/65 44/66
f 1041/1825 70/1829 1039/1830
f 1041/1251 1039/1249 608/1248
f 1041/2762 608/2763 1192/2764
f 1041/1825 1192/1826 1193/1827
f 325/352 330/357 313/358
f 325/352 313/358 348/376
f 1463/2653 1748/2651 1749/2654
f 1463/2653 348/2652 1748/2651
f 1464/2606 1732/2608 1731/2605
f 1464/2606 1731/2605 382/2607
f 360/392 322/396 364/397
f 360/392 382/415 322/396
f 126/1834 1044/1831 127/1835
f 126/1834 1201/1832 1044/1831
f 126/150 127/151 101/124
f 126/669 100/668 609/667
f 126/1942 609/1943 1201/1944
f 126/150 101/124 100/123
f 1044/1831 1042/1836 127/1835
f 1044/1255 609/1253 1042/1252
f 1044/2775 1200/2776 609/2777
f 1044/1831 1201/1832 1200/1833
f 106/666 609/667 100/668
f 106/3097 1909/3074 609/3083
f 106/129 100/123 98/121
f 1875/2995 1872/2992 1873/2993
f 1923/3136 1958/3185 1924/3137
f 450/487 451/488 525/562
f 1905/3070 1903/3068 1902/3067
f 608/1248 1039/1249 1040/1250
f 608/3008 1193/3003 1879/2999
f 70/2054 48/2052 1039/2053
f 70/93 44/66 48/70
f 1039/2053 48/2052 1459/2049
f 1039/1885 1459/1886 1040/1887
f 127/2060 1042/2059 105/2055
f 127/151 105/128 101/124
f 1042/1252 609/1253 1043/1254
f 1042/1888 1043/1889 1460/1890
f 1042/2059 1460/2056 105/2055
f 609/3083 1909/3074 1201/3078
f 330/357 229/382 332/360
f 330/357 332/360 331/359
f 330/357 331/359 313/358
f 364/397 366/399 299/421
f 364/397 365/398 366/399
f 364/397 322/396 365/398
f 32/54 42/64 43/65
f 32/54 31/53 33/55
f 32/54 33/55 42/64
f 1633/2334 290/2336 1634/2337
f 1633/2804 1040/2802 227/2805
f 1633/2334 227/2335 290/2336
f 1608/2271 1610/2273 1607/2267
f 1608/2271 1606/2266 282/2279
f 1608/2271 1607/2267 1606/2266
f 1610/3140 1927/3141 1607/3142
f 1958/3185 1959/3186 1924/3137
f 525/562 451/488 483/520
f 1618/2301 456/2297 454/2302
f 1618/2301 277/2309 1617/2296
f 1618/2301 1617/2296 456/2297
f 454/491 456/493 455/492
f 1650/2367 1651/2370 291/2368
f 1650/2750 292/2751 1043/2748
f 1650/2367 291/2368 292/2369
f 98/121 100/123 99/122
f 98/121 96/119 95/118
f 98/121 99/122 96/119
f 1258/1542 1265/1549 1257/1541
f 1258/1542 1257/1541 1252/1534
f 1265/1549 1268/1552 1257/1541
f 1265/1549 773/1563 1268/1552
f 1874/2994 1879/2999 1878/2998
f 1874/2994 1878/2998 1873/2993
f 1879/2999 1193/3003 1189/3000
f 1879/2999 1189/3000 1878/2998
f 43/65 42/64 44/66
f 1959/3186 1960/3187 1924/3137
f 1959/3186 1961/3188 1960/3187
f 483/520 451/488 482/519
f 483/520 482/519 484/521
f 100/123 101/124 99/122
f 1909/3074 1904/3069 1908/3073
f 1909/3074 1197/3075 1201/3078
f 1909/3074 1908/3073 1197/3075
f 1904/3069 1903/3068 1908/3073
f 1335/1659 1327/1651 1328/1652
f 1335/1659 1328/1652 1338/1662
f 1335/1659 1338/1662 836/1673
f 1327/1651 1322/1644 1328/1652
f 1257/1541 1268/1552 1266/1550
f 1257/1541 1266/1550 1256/1540
f 1257/1541 1256/1540 1252/1534
f 1268/1552 771/1565 1266/1550
f 1268/1552 773/1563 772/1564
f 1268/1552 772/1564 771/1565
f 1193/1457 1192/1456 1189/1453
f 44/66 45/67 48/70
f 44/66 42/64 45/67
f 1634/2337 290/2336 294/2339
f 1749/2654 255/2655 1705/2671
f 1749/2654 1748/2651 255/2655
f 1732/2608 1706/2625 274/2609
f 1732/2608 274/2609 1731/2605
f 1651/2370 293/2372 291/2368
f 101/124 105/128 102/125
f 101/124 102/125 99/122
f 1201/1467 1197/1463 1200/1466
f 1338/1662 1328/1652 1336/1660
f 1338/1662 1336/1660 834/1674
f 1338/1662 835/1675 836/1673
f 1338/1662 834/1674 835/1675
f 1328/1652 1326/1650 1336/1660
f 1328/1652 1322/1644 1326/1650
f 1256/1540 1266/1550 1255/1539
f 1256/1540 1255/1539 1254/1538
f 1256/1540 1254/1538 1252/1534
f 1266/1550 1267/1551 1255/1539
f 1266/1550 771/1565 1267/1551
f 1192/2354 1640/2350 1191/2352
f 1192/1456 1191/1455 1189/1453
f 1200/2387 1199/2385 1657/2383
f 1200/1466 1197/1463 1199/1465
f 1336/1660 1326/1650 1324/1648
f 1336/1660 1324/1648 1337/1661
f 1336/1660 1337/1661 834/1674
f 1326/1650 1325/1649 1324/1648
f 1326/1650 1322/1644 1325/1649
f 1254/1538 1255/1539 1243/1515
f 1254/1538 1243/1515 1238/1510
f 1254/1538 1251/1532 1252/1534
f 1254/1538 1238/1510 1251/1532
f 1255/1539 1267/1551 1232/1504
f 1255/1539 1232/1504 1243/1515
f 1267/1551 1278/1562 1232/1504
f 1267/1551 771/1565 1278/1562
f 1927/3141 1930/3145 1928/3143
f 1927/3141 1928/3143 1607/3142
f 1924/3137 1960/3187 1926/3139
f 451/488 453/490 482/519
f 455/492 457/494 459/496
f 455/492 456/493 457/494
f 1337/1661 1324/1648 1306/1615
f 1337/1661 1306/1615 1348/1672
f 1337/1661 1348/1672 834/1674
f 1324/1648 1325/1649 1314/1625
f 1324/1648 1314/1625 1306/1615
f 1325/1649 1310/1620 1314/1625
f 1325/1649 1322/1644 1321/1642
f 1325/1649 1321/1642 1310/1620
f 1243/1515 1232/1504 1231/1503
f 1243/1515 1231/1503 1238/1510
f 1640/2350 1639/2349 1424/2351
f 1640/2350 1424/2351 1191/2352
f 1930/3145 1968/3196 1946/3173
f 1930/3145 1946/3173 1931/3146
f 1930/3145 1933/3149 1968/3196
f 1930/3145 1931/3146 1928/3143
f 1930/3145 1929/3144 1932/3147
f 1930/3145 1932/3147 1933/3149
f 282/2279 1606/2266 294/2278
f 282/309 294/321 290/317
f 282/309 284/311 256/283
f 282/309 290/317 284/311
f 277/2309 293/2308 1617/2296
f 277/304 291/318 293/320
f 277/304 273/300 283/310
f 277/304 283/310 291/318
f 459/496 515/552 532/569
f 459/496 460/497 515/552
f 459/496 532/569 463/500
f 459/496 457/494 460/497
f 459/496 461/498 458/495
f 459/496 463/500 461/498
f 1657/2383 1427/2384 1656/2382
f 1657/2383 1199/2385 1427/2384
f 1314/1625 1305/1614 1306/1615
f 1314/1625 1310/1620 1305/1614
f 1231/1503 1232/1504 1233/1505
f 1231/1503 1233/1505 1227/1499
f 1231/1503 1227/1499 1238/1510
f 1232/1504 1278/1562 1233/1505
f 773/868 740/835 772/867
f 836/931 835/930 801/896
f 1306/1615 1305/1614 1304/1613
f 1306/1615 1304/1613 1348/1672
f 1305/1614 1300/1609 1304/1613
f 1305/1614 1310/1620 1300/1609
f 1252/1534 1251/1532 768/1533
f 1233/1505 1278/1562 1230/1502
f 1233/1505 1230/1502 1227/1499
f 740/835 771/866 772/867
f 740/835 747/842 771/866
f 740/835 741/836 742/837
f 740/835 742/837 747/842
f 48/2052 45/2050 1459/2049
f 1459/2807 84/2806 1040/2802
f 1459/2049 45/2050 84/2051
f 1040/2802 84/2806 227/2805
f 1043/2748 630/2752 1460/2753
f 1043/2748 292/2751 630/2752
f 105/2055 1460/2056 102/2057
f 1460/2056 630/2058 102/2057
f 835/930 834/929 801/896
f 801/896 834/929 810/905
f 801/896 799/894 800/895
f 801/896 810/905 799/894
f 1304/1613 1303/1612 1348/1672
f 1304/1613 1300/1609 1303/1612
f 1322/1644 831/1643 1321/1642
f 1230/1502 1278/1562 1229/1501
f 1230/1502 1229/1501 1227/1499
f 1278/1562 771/1565 747/1566
f 1278/1562 1228/1500 1229/1501
f 1278/1562 747/1566 1228/1500
f 834/1674 1348/1672 810/1676
f 1348/1672 1303/1612 1302/1611
f 1348/1672 1302/1611 1301/1610
f 1348/1672 1301/1610 810/1676
f 1303/1612 1300/1609 1302/1611
f 1227/1499 1229/1501 1228/1500
f 1227/1499 1237/1509 1238/1510
f 1227/1499 1226/1498 1237/1509
f 1227/1499 1228/1500 1225/1497
f 1227/1499 1225/1497 1226/1498
f 1302/1611 1300/1609 1301/1610
f 1300/1609 1310/1620 1309/1619
f 1300/1609 1309/1619 1299/1608
f 1300/1609 1298/1607 1301/1610
f 1300/1609 1299/1608 1298/1607
f 31/53 74/97 34/56
f 31/53 34/56 33/55
f 1639/2349 1613/2348 1424/2351
f 1656/2382 1427/2384 1620/2381
f 95/118 97/120 131/155
f 95/118 96/119 97/120
f 1946/3173 1968/3196 1952/3179
f 1946/3173 1947/3174 1931/3146
f 1946/3173 1952/3179 1947/3174
f 515/552 516/553 532/569
f 515/552 460/497 514/551
f 515/552 514/551 516/553
f 1606/2266 1607/2267 1605/2265
f 1606/2266 1604/2264 294/2278
f 1606/2266 1605/2265 1604/2264
f 1607/3142 1928/3143 1605/3148
f 1968/3196 1933/3149 1952/3179
f 1963/3190 1964/3191 1961/3188
f 1963/3190 2008/3249 1965/3192
f 1963/3190 1965/3192 1964/3191
f 486/523 484/521 494/531
f 486/3862 521/3861 2317/3860
f 486/523 494/531 521/558
f 532/569 516/553 463/500
f 1617/2296 462/2295 456/2297
f 1617/2296 293/2308 1616/2294
f 1617/2296 1616/2294 462/2295
f 456/493 462/499 457/494
f 768/863 782/877 741/836
f 768/1533 1251/1532 782/1531
f 1961/3188 2002/3239 1960/3187
f 1961/3188 1964/3191 2002/3239
f 484/521 482/519 593/631
f 484/521 593/631 494/531
f 831/1643 845/1641 1321/1642
f 831/926 800/895 845/940
f 741/836 782/877 770/865
f 741/836 770/865 769/864
f 741/836 743/838 742/837
f 741/836 769/864 743/838
f 1251/1532 1238/1510 782/1531
f 1189/1453 1191/1455 1190/1454
f 1189/3000 1187/3002 1878/2998
f 1189/1453 1188/1450 1187/1449
f 1189/1453 1190/1454 1188/1450
f 1191/2352 1424/2351 1190/2353
f 2008/3435 1957/3434 2016/3431
f 2008/3435 2016/3431 1965/3436
f 2317/3860 412/3858 534/3859
f 2317/3860 521/3861 412/3858
f 1199/1465 1197/1463 1198/1464
f 1199/2385 1198/2386 1427/2384
f 1197/3075 1908/3073 1195/3077
f 1197/1463 1195/1459 1196/1461
f 1197/1463 1196/1461 1198/1464
f 1321/1642 845/1641 1310/1620
f 800/895 833/928 845/940
f 800/895 832/927 833/928
f 800/895 799/894 798/893
f 800/895 798/893 832/927
f 1238/1510 770/1530 782/1531
f 1238/1510 1237/1509 770/1530
f 1857/2965 1858/2967 74/2966
f 1857/2965 1873/2993 1858/2967
f 1887/3040 1888/3042 1903/3068
f 1887/3040 131/3041 1888/3042
f 1310/1620 845/1641 833/1640
f 1310/1620 833/1640 1309/1619
f 1928/3143 1931/3146 1936/3152
f 1928/3143 1936/3152 1605/3148
f 2002/3239 2004/3241 1960/3187
f 2002/3239 1986/3223 2004/3241
f 2002/3239 2001/3238 1986/3223
f 2002/3239 1964/3191 2001/3238
f 239/266 237/264 240/267
f 239/266 256/283 255/282
f 239/266 255/282 254/281
f 239/266 254/281 235/262
f 239/266 235/262 237/264
f 240/267 274/301 273/300
f 240/267 275/302 274/301
f 240/267 241/268 275/302
f 240/267 237/264 241/268
f 593/631 482/519 594/632
f 593/631 594/632 579/617
f 593/631 579/617 592/630
f 593/631 592/630 494/531
f 457/494 466/503 460/497
f 457/494 462/499 466/503
f 74/2966 1858/2967 73/2968
f 74/97 73/96 34/56
f 1873/2993 1878/2998 1712/3004
f 1873/2993 1712/3004 1710/3005
f 1873/2993 1710/3005 1709/3006
f 1873/2993 1709/3006 1858/2967
f 294/2278 1604/2264 1613/2277
f 1931/3146 1947/3174 1948/3175
f 1931/3146 1948/3175 1936/3152
f 1926/3139 1960/3187 1983/3220
f 1926/3139 1983/3220 1929/3144
f 453/490 586/624 482/519
f 453/490 458/495 586/624
f 293/2308 1620/2306 1616/2294
f 460/497 513/550 514/551
f 460/497 466/503 513/550
f 1903/3068 1719/3079 1908/3073
f 1903/3068 1717/3080 1719/3079
f 1903/3068 1716/3081 1717/3080
f 1903/3068 1888/3042 1716/3081
f 131/3041 130/3043 1888/3042
f 131/155 97/120 130/154
f 1878/2998 1187/3002 1712/3004
f 1960/3187 2004/3241 1983/3220
f 482/519 586/624 594/632
f 1908/3073 1719/3079 1195/3077
f 770/1530 1237/1509 769/1528
f 833/1640 832/1638 1309/1619
f 747/1566 746/1567 1228/1500
f 747/842 742/837 746/841
f 1947/3174 1952/3179 1935/3151
f 1947/3174 1949/3176 1948/3175
f 1947/3174 1954/3181 1949/3176
f 1947/3174 1953/3180 1954/3181
f 1947/3174 1935/3151 1953/3180
f 514/551 465/502 516/553
f 514/551 513/550 512/549
f 514/551 512/549 518/555
f 514/551 518/555 517/554
f 514/551 517/554 465/502
f 810/1676 1301/1610 809/1677
f 810/905 809/904 799/894
f 1929/3144 1983/3220 1984/3221
f 1929/3144 1984/3221 1932/3147
f 458/495 588/626 586/624
f 458/495 461/498 588/626
f 1237/1509 1242/1514 769/1528
f 1237/1509 1226/1498 1242/1514
f 1983/3220 2004/3241 1986/3223
f 1983/3220 1985/3222 1984/3221
f 1983/3220 1986/3223 1985/3222
f 1705/2523 256/2524 284/2525
f 1705/2671 255/2655 256/2676
f 594/632 586/624 579/617
f 1706/2526 283/2527 273/2528
f 1706/2625 273/2630 274/2609
f 586/624 580/618 579/617
f 586/624 588/626 580/618
f 1309/1619 832/1638 1313/1624
f 1309/1619 1313/1624 1299/1608
f 42/64 84/107 45/67
f 42/64 64/87 84/107
f 42/64 33/55 64/87
f 1604/2264 1605/2265 1603/2263
f 1604/2264 1424/2276 1613/2277
f 1604/2264 1425/2262 1424/2276
f 1604/2264 1603/2263 1425/2262
f 1605/3148 1936/3152 1603/3165
f 102/690 630/691 99/692
f 1616/2294 478/2293 462/2295
f 1616/2294 1620/2306 1427/2307
f 1616/2294 1427/2307 1428/2292
f 1616/2294 1428/2292 478/2293
f 462/499 478/515 466/503
f 99/692 630/691 121/693
f 99/692 121/693 96/694
f 1187/2540 64/2539 1712/2538
f 1187/1449 1188/1450 64/1451
f 84/259 64/261 234/260
f 84/259 233/258 227/251
f 84/259 234/260 233/258
f 1952/3179 1933/3149 1935/3151
f 516/553 465/502 463/500
f 630/691 657/732 121/693
f 630/691 292/722 656/731
f 630/691 656/731 657/732
f 1195/2553 1719/2552 121/2554
f 1195/1459 121/1460 1196/1461
f 1228/1500 1220/1492 1225/1497
f 1228/1500 746/1567 1222/1494
f 1228/1500 1222/1494 1220/1492
f 1933/3149 1932/3147 1934/3150
f 1933/3149 1934/3150 1935/3151
f 463/500 464/501 461/498
f 463/500 465/502 464/501
f 1301/1610 1298/1607 1293/1602
f 1301/1610 1295/1604 809/1677
f 1301/1610 1293/1602 1295/1604
f 1712/2538 64/2539 1711/2537
f 1712/2538 1711/2537 1710/2536
f 1719/2552 1718/2551 121/2554
f 1719/2552 1717/2550 1718/2551
f 64/2539 63/2534 1711/2537
f 64/87 33/55 63/86
f 64/1451 1188/1450 234/1452
f 1424/1785 1425/1786 1190/1787
f 1984/3221 2003/3240 1932/3147
f 1984/3221 1985/3222 2003/3240
f 1986/3223 1987/3224 1985/3222
f 1986/3223 2001/3238 1994/3231
f 1986/3223 1994/3231 1988/3225
f 1986/3223 1988/3225 1987/3224
f 1945/3170 1971/3203 1957/3184
f 1945/3170 533/3172 537/3202
f 1945/3170 537/3202 1971/3203
f 527/564 534/571 535/572
f 527/564 537/574 533/570
f 527/564 535/572 537/574
f 579/617 580/618 577/615
f 579/617 583/621 592/630
f 579/617 576/614 583/621
f 579/617 577/615 576/614
f 588/626 461/498 589/627
f 588/626 589/627 580/618
f 1427/1789 1198/1790 1428/1791
f 121/2554 1718/2551 120/2548
f 121/145 120/144 96/119
f 121/1460 657/1462 1196/1461
f 1957/3434 1972/3429 2016/3431
f 1957/3184 1971/3203 1972/3204
f 534/3859 412/3858 536/3857
f 534/571 536/573 535/572
f 1936/3152 1948/3175 1943/3166
f 1936/3152 1943/3166 1603/3165
f 466/503 479/516 513/550
f 466/503 478/515 479/516
f 1948/3175 1949/3176 1950/3177
f 1948/3175 1950/3177 1943/3166
f 513/550 510/547 512/549
f 513/550 479/516 510/547
f 1710/2536 1711/2537 1708/2533
f 1710/2536 1708/2533 1709/2535
f 1932/3147 2003/3240 1934/3150
f 461/498 464/501 589/627
f 1717/2550 1715/2547 1718/2551
f 1717/2550 1716/2549 1715/2547
f 742/837 744/839 746/841
f 742/837 743/838 744/839
f 1711/2537 63/2534 1708/2533
f 1718/2551 1715/2547 120/2548
f 799/894 809/904 796/891
f 799/894 796/891 798/893
f 1858/2967 1713/2969 73/2968
f 1858/2967 1709/3006 1713/2969
f 33/55 61/84 63/86
f 33/55 34/56 61/84
f 63/2534 61/2529 1708/2533
f 290/317 227/251 284/311
f 291/318 283/310 292/319
f 120/144 118/142 96/119
f 120/2548 1715/2547 118/2543
f 96/119 118/142 97/120
f 1888/3042 130/3043 1720/3044
f 1888/3042 1720/3044 1716/3081
f 1190/1787 1425/1786 1426/1788
f 1190/2269 1426/2260 1188/2268
f 1949/3176 1954/3181 1951/3178
f 1949/3176 1951/3178 1950/3177
f 1985/3222 1998/3235 2003/3240
f 1985/3222 1987/3224 1998/3235
f 284/311 227/251 229/254
f 1964/3191 1999/3236 2001/3238
f 1964/3191 1965/3192 1966/3193
f 1964/3191 1966/3193 1999/3236
f 494/531 592/630 590/628
f 494/531 522/559 521/558
f 494/531 590/628 522/559
f 283/310 299/326 292/319
f 580/618 589/627 582/620
f 580/618 582/620 577/615
f 512/549 511/548 518/555
f 512/549 510/547 511/548
f 1198/1790 1429/1792 1428/1791
f 1198/2299 1196/2298 1429/2290
f 73/96 67/90 34/56
f 73/2968 1713/2969 76/2970
f 73/96 76/99 67/90
f 1137/2435 1525/2436 1105/2437
f 1137/2435 1522/2434 1525/2436
f 1137/1378 1105/1337 1125/1358
f 1137/2435 1133/2433 1522/2434
f 1137/1378 1125/1358 1133/1373
f 1954/3181 1953/3180 1955/3182
f 1954/3181 1955/3182 1951/3178
f 348/2652 349/2650 1748/2651
f 348/376 313/358 349/377
f 2001/3238 1999/3236 1994/3231
f 592/630 583/621 590/628
f 382/2607 1731/2605 383/2604
f 382/415 383/416 322/396
f 518/555 519/556 517/554
f 518/555 511/548 519/556
f 1177/2135 1145/2167 1528/2136
f 1177/1430 1165/1410 1145/1389
f 1177/2135 1528/2136 1527/2134
f 1177/1430 1173/1425 1165/1410
f 1177/2135 1527/2134 1173/2131
f 130/154 97/120 124/148
f 130/3043 133/3045 1720/3044
f 130/154 124/148 133/157
f 1709/2535 1708/2533 1707/2531
f 1709/3006 1707/3007 1713/2969
f 1525/2436 1563/2438 1105/2437
f 1525/2128 1523/2123 1563/2204
f 1525/2128 1522/2122 1523/2123
f 1105/2217 1563/2204 1103/2194
f 1105/1337 1104/1336 1125/1358
f 1105/1337 1103/1334 1104/1336
f 2003/3240 2006/3243 1934/3150
f 2003/3240 1998/3235 2006/3243
f 1748/2651 254/2656 255/2655
f 1748/2651 1746/2646 254/2656
f 1748/2651 349/2650 1746/2646
f 1731/2605 274/2609 275/2610
f 1731/2605 275/2610 1729/2600
f 1731/2605 1729/2600 383/2604
f 589/627 464/501 596/634
f 589/627 596/634 582/620
f 1145/2167 1534/2151 1528/2136
f 1145/2167 1143/2157 1534/2151
f 1145/1389 1165/1410 1144/1388
f 1145/1389 1144/1388 1143/1386
f 1528/2136 1534/2151 1530/2138
f 1528/2136 1530/2138 1527/2134
f 1716/2549 1714/2544 1715/2547
f 1716/3081 1720/3044 1714/3082
f 34/56 62/85 61/84
f 34/56 67/90 62/85
f 1708/2533 61/2529 1707/2531
f 1425/2262 1603/2263 1602/2261
f 1425/2262 1602/2261 1426/2260
f 1603/3165 1943/3166 1942/3163
f 1603/3165 1942/3163 1602/3171
f 1563/2204 1523/2123 1562/2203
f 1563/2204 1562/2203 1103/2194
f 1534/2151 1535/2152 1530/2138
f 1534/2151 1143/2157 1535/2152
f 1428/2292 542/2291 478/2293
f 1428/2292 1429/2290 542/2291
f 478/515 477/514 479/516
f 478/515 542/579 477/514
f 1715/2547 1714/2544 118/2543
f 97/120 118/142 119/143
f 97/120 119/143 124/148
f 61/2529 62/2530 1707/2531
f 1133/2433 1521/2431 1522/2434
f 1133/1373 1125/1358 1124/1357
f 1133/2433 1138/2429 1521/2431
f 1133/1373 1124/1357 1138/1380
f 1953/3180 1935/3151 1939/3159
f 1953/3180 1939/3159 1956/3183
f 1953/3180 1956/3183 1955/3182
f 1994/3231 1999/3236 1988/3225
f 583/621 576/614 590/628
f 517/554 473/510 465/502
f 517/554 520/557 473/510
f 517/554 519/556 520/557
f 1173/1425 1164/1409 1165/1410
f 1173/2131 1527/2134 1526/2132
f 1173/1425 1178/1432 1164/1409
f 1173/2131 1526/2132 1178/2133
f 118/2543 1714/2544 119/2545
f 1522/2122 1520/2120 1523/2123
f 1522/2122 1521/2121 1520/2120
f 1125/1358 1122/1355 1124/1357
f 1125/1358 1104/1336 1122/1355
f 1939/3159 1935/3151 690/3157
f 1939/3159 1940/3161 1956/3183
f 1939/3159 688/3160 1940/3161
f 1939/3159 690/3157 688/3160
f 473/510 470/507 465/502
f 473/510 520/557 475/512
f 473/510 475/512 474/511
f 473/510 474/511 470/507
f 1165/1410 1164/1409 1162/1407
f 1165/1410 1162/1407 1144/1388
f 1527/2134 1530/2138 1529/2137
f 1527/2134 1529/2137 1526/2132
f 1935/3151 1934/3150 1937/3154
f 1935/3151 1937/3154 938/3155
f 1935/3151 1938/3156 690/3157
f 1935/3151 938/3155 1938/3156
f 465/502 468/505 464/501
f 465/502 469/506 468/505
f 465/502 470/507 471/508
f 465/502 471/508 469/506
f 1523/2123 1524/2124 1562/2203
f 1523/2123 1520/2120 1524/2124
f 1530/2138 1535/2152 1531/2141
f 1530/2138 1531/2141 1529/2137
f 1713/2542 1707/2531 76/2541
f 1943/3166 1950/3177 1942/3163
f 479/516 477/514 510/547
f 1720/2556 133/2555 1714/2544
f 67/90 76/99 79/102
f 67/90 79/102 62/85
f 1950/3177 1951/3178 1942/3163
f 510/547 477/514 511/548
f 124/148 119/143 136/160
f 124/148 136/160 133/157
f 1225/1497 1218/1490 1226/1498
f 1225/1497 1220/1492 1218/1490
f 76/99 83/106 79/102
f 76/2541 1707/2531 83/2532
f 79/102 83/106 62/85
f 62/2530 83/2532 1707/2531
f 1934/3150 2006/3243 1937/3154
f 464/501 468/505 596/634
f 119/2545 1714/2544 140/2546
f 119/143 140/164 136/160
f 1714/2544 133/2555 140/2546
f 136/160 140/164 133/157
f 1298/1607 1299/1608 1015/1600
f 1298/1607 1015/1600 1293/1602
f 1138/2429 1518/2430 1521/2431
f 1138/1380 1124/1357 1132/1372
f 1138/2429 1132/2432 1518/2430
f 1178/1432 1172/1424 1164/1409
f 1178/3282 1526/3283 1498/3284
f 1178/2048 1498/2046 1172/2043
f 1426/2260 1602/2261 1601/2259
f 1426/2260 1601/2259 1600/2256
f 1426/2260 1600/2256 1188/2268
f 1602/3171 1942/3163 1601/3168
f 1521/2121 1518/2118 1520/2120
f 1124/1357 1122/1355 1123/1356
f 1124/1357 1123/1356 1132/1372
f 227/251 222/246 229/254
f 227/251 233/258 228/252
f 227/251 228/252 226/250
f 227/251 226/250 222/246
f 229/382 222/379 332/360
f 299/723 384/720 292/722
f 299/421 366/399 384/418
f 292/722 653/725 656/731
f 292/722 652/721 653/725
f 292/722 384/720 652/721
f 1164/1409 1163/1408 1162/1407
f 1164/1409 1172/1424 1163/1408
f 1526/2132 1529/2137 1498/2139
f 1429/2290 538/2289 542/2291
f 1429/2290 1615/2286 538/2289
f 1429/2290 1196/2298 1615/2286
f 542/579 538/575 477/514
f 1562/2203 1433/2202 1103/2194
f 1562/2203 1524/2124 1433/2202
f 1104/1336 1103/1334 1102/1332
f 1104/1336 1102/1332 1121/1353
f 1104/1336 1119/1351 1122/1355
f 1104/1336 1121/1353 1119/1351
f 1998/3235 1990/3227 2006/3243
f 1998/3235 1987/3224 1990/3227
f 582/620 596/634 578/616
f 582/620 578/616 577/615
f 1535/2152 1143/2157 1430/2155
f 1535/2152 1430/2155 1531/2141
f 1144/1388 1141/1383 1143/1386
f 1144/1388 1161/1405 1141/1383
f 1144/1388 1162/1407 1159/1403
f 1144/1388 1159/1403 1161/1405
f 1942/3163 1951/3178 1955/3182
f 1942/3163 1955/3182 1956/3183
f 1942/3163 1941/3162 1601/3168
f 1942/3163 1940/3161 1941/3162
f 1942/3163 1956/3183 1940/3161
f 1103/1334 1100/1330 1102/1332
f 1103/2194 1561/2191 1100/2207
f 1103/2194 905/2193 1561/2191
f 1103/2194 1433/2202 905/2193
f 2006/3243 2005/3242 1937/3154
f 2006/3243 1990/3227 2005/3242
f 1988/3225 1999/3236 2000/3237
f 1988/3225 1989/3226 1987/3224
f 1988/3225 2000/3237 1997/3234
f 1988/3225 1997/3234 1996/3233
f 1988/3225 1992/3229 1989/3226
f 1988/3225 1996/3233 1992/3229
f 1965/3436 2016/3431 933/3437
f 1965/3192 933/3194 1966/3193
f 521/3861 523/3868 412/3858
f 521/558 522/559 523/560
f 576/614 591/629 590/628
f 576/614 577/615 575/613
f 576/614 587/625 591/629
f 576/614 573/611 587/625
f 576/614 574/612 573/611
f 576/614 575/613 574/612
f 596/634 468/505 595/633
f 596/634 595/633 578/616
f 1143/1386 1141/1383 1140/1382
f 1143/2157 1140/2161 1536/2159
f 1143/2157 1536/2159 915/2158
f 1143/2157 915/2158 1430/2155
f 511/548 477/514 519/556
f 477/514 520/557 519/556
f 477/514 538/575 476/513
f 477/514 475/512 520/557
f 477/514 476/513 475/512
f 332/360 333/361 331/359
f 332/360 222/379 333/361
f 366/399 365/398 367/400
f 366/399 367/400 384/418
f 1600/2256 1601/2259 1456/2257
f 1600/2256 1457/2258 1188/2268
f 1600/2256 1456/2257 1457/2258
f 1601/3168 1941/3162 1456/3213
f 1100/1330 863/1333 1101/1331
f 1100/2207 1551/2181 863/2206
f 1100/1330 1101/1331 1102/1332
f 1100/2207 1561/2191 1551/2181
f 863/2206 1551/2181 862/2195
f 863/969 862/968 861/967
f 863/1333 861/1335 1101/1331
f 862/968 859/965 861/967
f 862/2195 1549/2179 859/2196
f 862/2195 1551/2181 1549/2179
f 859/2196 1545/2175 864/2212
f 859/2196 1549/2179 1545/2175
f 859/965 864/970 860/966
f 859/965 860/966 861/967
f 2016/3273 932/3274 933/3275
f 2016/3431 2081/3430 932/3432
f 2016/3431 1972/3429 2081/3430
f 412/3969 523/3970 408/3971
f 412/447 408/443 406/441
f 412/3858 406/3855 536/3857
f 868/2197 1559/2189 871/2164
f 868/979 871/982 869/980
f 868/979 870/981 873/984
f 868/2197 873/2216 1557/2187
f 868/979 869/980 870/981
f 868/2197 1557/2187 1559/2189
f 871/982 872/983 869/980
f 871/2164 1538/2162 872/2163
f 871/2164 1559/2189 1538/2162
f 872/1385 1140/1382 1142/1384
f 872/2163 1538/2162 1140/2161
f 872/1385 1142/1384 869/1387
f 1140/1382 1141/1383 1142/1384
f 1140/2161 1538/2162 1536/2159
f 1615/2286 553/2288 538/2289
f 1615/2286 1196/2298 1458/2287
f 1615/2286 1458/2287 553/2288
f 538/575 553/591 476/513
f 1520/2120 1518/2118 1517/2117
f 1520/2120 1517/2117 1515/2112
f 1520/2120 1515/2112 1524/2124
f 1102/1332 1101/1331 900/1363
f 1102/1332 900/1363 1121/1353
f 1999/3236 1966/3193 2000/3237
f 590/628 591/629 522/559
f 1141/1383 910/1415 1142/1384
f 1141/1383 1161/1405 910/1415
f 1529/2137 1497/2140 1498/2139
f 1529/2137 1511/2142 1497/2140
f 1529/2137 1531/2141 1511/2142
f 1122/1355 1119/1351 1123/1356
f 1101/1331 861/1335 900/1363
f 1545/2175 1547/2177 864/2212
f 1545/2175 1549/2179 1548/2178
f 1545/2175 1546/2176 1547/2177
f 1545/2175 1548/2178 1546/2176
f 860/966 864/970 313/971
f 860/1369 331/1365 861/1335
f 860/1369 313/1371 331/1365
f 864/2212 1547/2177 865/2213
f 864/970 865/972 313/971
f 873/984 870/981 322/985
f 873/2216 1555/2185 1557/2187
f 873/2216 867/2215 1555/2185
f 873/984 322/985 867/986
f 870/1421 869/1387 365/1417
f 870/1421 365/1417 322/1423
f 1557/2187 1558/2188 1559/2189
f 1557/2187 1555/2185 1556/2186
f 1557/2187 1556/2186 1558/2188
f 1142/1384 910/1415 869/1387
f 1162/1407 1163/1408 1159/1403
f 769/1528 1242/1514 776/1529
f 769/864 776/871 743/838
f 1941/3162 1940/3161 688/3160
f 1941/3162 1455/3214 1456/3213
f 1941/3162 598/3215 1455/3214
f 1941/3162 688/3160 598/3215
f 1188/1450 1194/1458 234/1452
f 1188/1473 1203/1470 1194/1469
f 1188/1473 1208/1478 1203/1470
f 1188/2268 1457/2258 1208/2270
f 234/2023 1194/2028 1494/2027
f 234/2023 1494/2027 1493/2024
f 234/2023 1493/2024 233/2025
f 1561/2191 1560/2190 1551/2181
f 1561/2191 905/2193 1560/2190
f 1551/2181 1550/2180 1549/2179
f 1551/2181 1560/2190 1550/2180
f 861/1335 331/1365 898/1364
f 861/1335 898/1364 900/1363
f 1549/2179 1550/2180 1548/2178
f 1966/3193 1967/3195 2000/3237
f 1966/3193 933/3194 1967/3195
f 522/559 591/629 524/561
f 522/559 524/561 523/560
f 1559/2189 1539/2166 1538/2162
f 1559/2189 1558/2188 1539/2166
f 869/1387 907/1416 365/1417
f 869/1387 910/1415 907/1416
f 1538/2162 1537/2160 1536/2159
f 1538/2162 1539/2166 1537/2160
f 1536/2159 1537/2160 915/2158
f 657/1462 1202/1468 1196/1461
f 657/2033 1496/2037 1202/2038
f 657/2033 1495/2035 1496/2037
f 657/2033 656/2034 1495/2035
f 1196/1583 1202/1579 1280/1581
f 1196/2298 1284/2300 1458/2287
f 1196/1583 1280/1581 1284/1588
f 476/513 474/511 475/512
f 476/513 553/591 551/589
f 476/513 551/589 549/586
f 476/513 549/586 474/511
f 832/1638 839/1639 1313/1624
f 832/927 798/893 839/934
f 746/1567 750/1571 1222/1494
f 746/841 744/839 750/845
f 1194/1469 1203/1470 1204/1471
f 1194/2028 1204/2029 1494/2027
f 1987/3224 1989/3226 1990/3227
f 1547/2177 1543/2173 865/2213
f 1547/2177 1544/2174 1543/2173
f 1547/2177 1546/2176 1544/2174
f 1555/2185 867/2215 1553/2183
f 1555/2185 1553/2183 1554/2184
f 1555/2185 1554/2184 1556/2186
f 577/615 578/616 575/613
f 1202/1579 1279/1580 1280/1581
f 1202/2038 1496/2037 1279/2039
f 809/1677 1295/1604 813/1681
f 809/904 813/908 796/891
f 1203/1470 1205/1472 1204/1471
f 1203/1470 1207/1477 1205/1472
f 1203/1470 1208/1478 1207/1477
f 1457/1878 1456/1877 1208/1875
f 1456/1877 1455/1873 1208/1875
f 313/971 865/972 314/973
f 313/340 314/341 315/342
f 313/358 315/378 349/377
f 865/2213 1543/2173 866/2214
f 865/972 866/974 314/973
f 866/2214 1553/2183 867/2215
f 866/974 867/977 320/976
f 866/2214 1543/2173 1540/2170
f 866/2214 1540/2170 1553/2183
f 866/974 317/975 314/973
f 866/974 320/976 317/975
f 867/977 322/978 320/976
f 322/349 321/348 320/347
f 322/396 383/416 321/417
f 1458/1884 1284/1880 553/1883
f 553/1883 1284/1880 551/1879
f 1280/1581 1279/1580 1281/1582
f 1280/1581 1281/1582 1283/1587
f 1280/1581 1283/1587 1284/1588
f 1518/2118 1132/2115 1517/2117
f 1132/1372 1123/1356 1135/1376
f 1132/2115 1135/2116 1517/2117
f 1493/2024 1494/2027 727/2032
f 1493/2024 880/2026 233/2025
f 1493/2024 727/2032 880/2026
f 331/359 333/361 334/362
f 331/1365 334/1366 898/1364
f 365/398 368/401 367/400
f 365/1417 907/1416 368/1418
f 1495/2035 790/2042 1496/2037
f 1495/2035 656/2034 891/2036
f 1495/2035 891/2036 790/2042
f 1498/2046 1497/2044 1172/2043
f 1172/1424 1175/1428 1163/1408
f 1172/2043 1497/2044 1175/2045
f 1494/2027 1204/2029 728/2030
f 1494/2027 728/2030 727/2032
f 1455/1873 597/1874 1208/1875
f 1455/1873 598/1876 597/1874
f 1543/2173 1541/2171 1540/2170
f 1543/2173 1544/2174 1541/2171
f 1540/2170 1552/2182 1553/2183
f 1540/2170 1541/2171 1542/2172
f 1540/2170 1542/2172 1552/2182
f 1553/2183 1552/2182 1554/2184
f 551/1879 1284/1880 599/1881
f 551/1879 599/1881 549/1882
f 1496/2037 791/2040 1279/2039
f 1496/2037 790/2042 791/2040
f 1242/1514 1226/1498 1241/1513
f 1242/1514 1241/1513 776/1529
f 1204/1471 1205/1472 749/1474
f 1204/2029 749/2031 728/2030
f 314/341 317/344 316/343
f 314/341 316/343 315/342
f 317/344 320/347 319/346
f 317/344 318/345 316/343
f 317/344 319/346 318/345
f 320/347 321/348 319/346
f 1279/1580 812/1584 1281/1582
f 1279/2039 791/2040 812/2041
f 1313/1624 1312/1623 1299/1608
f 1313/1624 839/1639 1312/1623
f 1226/1498 1234/1506 1241/1513
f 1226/1498 1218/1490 1234/1506
f 1205/1472 1207/1477 1206/1475
f 1205/1472 1206/1475 749/1474
f 233/1974 880/1975 1472/1976
f 233/1974 1472/1976 228/1978
f 656/1979 1473/1980 891/1981
f 656/1979 653/1983 1473/1980
f 1281/1582 1282/1585 1283/1587
f 1281/1582 812/1584 1282/1585
f 1299/1608 1312/1623 1307/1616
f 1299/1608 1307/1616 1015/1600
f 880/1975 882/1977 1472/1976
f 880/996 874/987 882/999
f 880/996 727/995 874/987
f 1937/3154 2005/3242 1995/3232
f 1937/3154 1995/3232 937/3167
f 1937/3154 937/3167 938/3155
f 468/505 585/623 595/633
f 468/505 481/518 585/623
f 468/505 469/506 481/518
f 891/1981 1473/1980 893/1982
f 891/1012 893/1015 885/1003
f 891/1012 885/1003 790/1011
f 1208/1478 597/1517 1221/1493
f 1208/1478 1221/1493 1207/1477
f 1284/1588 1294/1603 599/1627
f 1284/1588 1283/1587 1294/1603
f 728/823 749/844 729/824
f 728/823 729/824 726/821
f 728/823 726/821 727/822
f 597/636 598/637 15/638
f 597/1517 1245/1518 1221/1493
f 597/1517 1246/1519 1245/1518
f 597/1517 1247/1520 1246/1519
f 597/1517 14/1521 1247/1520
f 597/636 15/638 14/639
f 598/793 688/778 701/796
f 598/793 701/796 700/795
f 598/793 700/795 692/782
f 598/793 692/782 15/792
f 688/778 699/790 701/796
f 688/778 692/782 699/790
f 688/778 685/775 692/782
f 688/778 690/780 689/779
f 688/778 689/779 687/777
f 688/778 687/777 685/775
f 1990/3227 1991/3228 2005/3242
f 1990/3227 1989/3226 1991/3228
f 578/616 595/633 581/619
f 578/616 581/619 575/613
f 474/511 549/586 541/578
f 474/511 541/578 539/576
f 474/511 539/576 509/546
f 474/511 509/546 497/534
f 474/511 495/532 470/507
f 474/511 496/533 495/532
f 474/511 497/534 496/533
f 599/640 17/641 549/642
f 599/1627 1294/1603 1315/1628
f 599/1627 1315/1628 1316/1629
f 599/1627 1316/1629 1317/1630
f 599/1627 1317/1630 18/1631
f 599/640 18/643 17/641
f 549/586 540/577 541/578
f 549/586 509/546 540/577
f 549/586 17/587 509/546
f 791/886 792/887 812/907
f 791/886 789/884 792/887
f 791/886 790/885 789/884
f 2005/3242 1991/3228 1995/3232
f 595/633 585/623 581/619
f 701/796 699/790 700/795
f 2000/3237 1967/3195 1997/3234
f 591/629 587/625 524/561
f 541/578 540/577 539/576
f 743/838 776/871 781/876
f 743/838 781/876 745/840
f 743/838 745/840 744/839
f 1207/1477 1221/1493 1212/1484
f 1207/1477 1209/1479 1206/1475
f 1207/1477 1212/1484 1209/1479
f 700/795 699/790 692/782
f 539/576 540/577 509/546
f 1283/1587 1288/1594 1294/1603
f 1283/1587 1282/1585 1285/1589
f 1283/1587 1285/1589 1288/1594
f 798/893 844/939 839/934
f 798/893 797/892 844/939
f 798/893 796/891 797/892
f 749/1474 1206/1475 777/1476
f 749/844 777/872 729/824
f 1221/1493 1245/1518 1212/1484
f 692/782 685/775 15/792
f 933/3194 929/3197 1967/3195
f 933/1075 932/1074 929/1071
f 523/560 524/561 528/565
f 523/3970 528/3972 408/3971
f 509/546 17/587 497/534
f 1294/1603 1288/1594 1315/1628
f 812/1584 840/1586 1282/1585
f 812/907 792/887 840/935
f 1472/2395 226/2396 228/2397
f 1472/2395 882/2399 1489/2398
f 1472/2395 1489/2398 226/2396
f 1967/3195 1969/3198 1997/3234
f 1967/3195 929/3197 1969/3198
f 524/561 587/625 529/566
f 524/561 529/566 528/565
f 1473/2401 653/2402 652/2403
f 1473/2401 1491/2404 893/2405
f 1473/2401 652/2403 1491/2404
f 776/1529 1241/1513 781/1527
f 1206/1475 1209/1479 777/1476
f 882/2399 879/2400 1489/2398
f 882/999 874/987 879/994
f 254/2656 1746/2646 231/2649
f 254/281 231/256 235/262
f 932/3432 2081/3430 930/3433
f 932/1074 930/1072 929/1071
f 408/443 404/439 406/441
f 408/3971 528/3972 404/3973
f 275/2610 655/2603 1729/2600
f 275/739 241/734 655/728
f 893/2405 1491/2404 890/2406
f 893/1015 890/1010 885/1003
f 1282/1585 840/1586 1285/1589
f 839/1639 844/1637 1312/1623
f 1123/1356 1128/1361 1135/1376
f 1123/1356 1117/1349 1128/1361
f 1123/1356 1119/1351 1117/1349
f 222/246 226/250 220/244
f 222/379 221/386 333/361
f 222/246 220/244 221/245
f 384/720 646/713 652/721
f 384/418 367/400 390/425
f 384/720 390/719 646/713
f 1163/1408 1175/1428 1168/1413
f 1163/1408 1168/1413 1157/1401
f 1163/1408 1157/1401 1159/1403
f 1517/2117 1135/2116 1519/2119
f 1517/2117 1519/2119 1515/2112
f 1135/2116 1128/2109 1519/2119
f 2081/3430 1972/3429 2080/3427
f 2081/3430 2082/3438 930/3433
f 2081/3430 2080/3427 2082/3438
f 406/3855 2316/3854 536/3857
f 406/3855 405/3852 2316/3854
f 406/441 404/439 405/440
f 1497/2044 1499/2047 1175/2045
f 1497/2140 1511/2142 1499/2153
f 1175/2102 1499/2100 1168/2098
f 1241/1513 1240/1512 781/1527
f 1241/1513 1234/1506 1240/1512
f 1312/1623 844/1637 1311/1622
f 1312/1623 1311/1622 1307/1616
f 777/872 752/847 729/824
f 777/1476 1209/1479 752/1480
f 690/3157 1938/3156 691/3158
f 690/780 691/781 689/779
f 1997/3234 1969/3198 1996/3233
f 1972/3204 1971/3203 1973/3205
f 1972/3429 1974/3426 2080/3427
f 1972/3204 1973/3205 1974/3206
f 1971/3203 537/3202 1973/3205
f 537/574 535/572 543/580
f 537/3202 548/3210 1973/3205
f 537/574 543/580 548/585
f 535/572 536/573 543/580
f 536/3857 2316/3854 544/3863
f 536/573 544/581 543/580
f 587/625 573/611 529/566
f 470/507 472/509 471/508
f 470/507 495/532 472/509
f 840/935 792/887 815/910
f 840/1586 815/1590 1285/1589
f 159/183 156/180 158/182
f 159/2869 1034/2868 156/2867
f 159/1240 158/1238 1034/1239
f 144/1226 1027/1225 141/1224
f 144/168 141/165 143/167
f 144/2816 143/2814 1027/2815
f 156/180 157/181 158/182
f 156/2867 1034/2868 1829/2866
f 156/2867 1829/2866 160/2865
f 156/180 160/184 157/181
f 158/1238 1032/1236 1034/1239
f 158/1238 157/1234 1032/1236
f 1034/2868 1032/2902 1829/2866
f 729/824 752/847 730/825
f 729/824 730/825 726/821
f 1991/3228 1989/3226 1995/3232
f 581/619 585/623 575/613
f 792/887 793/888 815/910
f 792/887 789/884 793/888
f 141/1224 1027/1225 1025/1221
f 141/165 142/166 143/167
f 141/1224 1025/1221 142/1220
f 1027/2815 143/2814 1811/2813
f 1027/2815 1811/2813 1025/2849
f 143/2814 145/2812 1811/2813
f 143/167 142/166 145/169
f 1938/3156 946/3246 691/3158
f 1938/3156 938/3155 945/3248
f 1938/3156 945/3248 946/3246
f 1969/3198 929/3197 923/3199
f 1969/3198 1970/3200 1996/3233
f 1969/3198 923/3199 1970/3200
f 529/566 530/567 528/565
f 529/566 573/611 531/568
f 529/566 531/568 530/567
f 471/508 565/603 469/506
f 471/508 472/509 566/604
f 471/508 566/604 565/603
f 160/2865 1829/2866 1828/2862
f 160/2865 1828/2862 169/2861
f 160/184 169/193 161/185
f 160/184 161/185 157/181
f 1829/2866 1845/2897 1828/2862
f 1829/2866 1032/2902 1845/2897
f 1811/2813 145/2812 1810/2810
f 1811/2813 1810/2810 1827/2844
f 1811/2813 1827/2844 1025/2849
f 145/2812 154/2808 1810/2810
f 145/169 146/170 154/178
f 145/169 142/166 146/170
f 169/2861 1828/2862 1697/2863
f 169/2861 1697/2863 1700/2864
f 169/2511 1700/2505 161/2510
f 1828/2862 1845/2897 1697/2863
f 1212/1484 1245/1518 1215/1487
f 1212/1484 1211/1483 1209/1479
f 1212/1484 1215/1487 1211/1483
f 1995/3232 1993/3230 937/3167
f 1995/3232 1989/3226 1993/3230
f 929/1071 930/1072 927/1069
f 929/1071 927/1069 923/1065
f 528/3972 394/3974 404/3973
f 528/565 530/567 394/429
f 585/623 584/622 575/613
f 585/623 481/518 584/622
f 1288/1594 1291/1597 1315/1628
f 1288/1594 1285/1589 1287/1593
f 1288/1594 1287/1593 1291/1597
f 154/2808 1679/2809 1810/2810
f 154/2808 1682/2811 1679/2809
f 154/2469 146/2468 1682/2463
f 1810/2810 1679/2809 1827/2844
f 750/845 744/839 751/846
f 750/1571 751/1482 1214/1486
f 750/1571 1214/1486 1222/1494
f 1245/1518 1246/1519 1215/1487
f 691/3158 946/3246 707/3247
f 691/781 707/802 689/779
f 938/1083 937/1082 936/1081
f 938/3155 936/3250 945/3248
f 937/3167 1993/3230 935/3244
f 937/1082 935/1080 926/1068
f 937/1082 926/1068 936/1081
f 1989/3226 1992/3229 1982/3219
f 1989/3226 1982/3219 1993/3230
f 1996/3233 1982/3219 1992/3229
f 1996/3233 1970/3200 1982/3219
f 573/611 574/612 554/592
f 573/611 554/592 531/568
f 575/613 554/592 574/612
f 575/613 584/622 554/592
f 481/518 469/506 488/525
f 481/518 490/527 584/622
f 481/518 489/526 490/527
f 481/518 488/525 489/526
f 469/506 565/603 488/525
f 472/509 567/605 566/604
f 472/509 495/532 567/605
f 1315/1628 1291/1597 1316/1629
f 813/908 814/909 796/891
f 813/1681 1290/1596 814/1592
f 813/1681 1295/1604 1290/1596
f 1700/2505 1697/2502 1699/2504
f 1700/2505 1702/2507 161/2510
f 1700/2505 1699/2504 1702/2507
f 1697/2863 1845/2897 1844/2896
f 1697/2502 1698/2503 1699/2504
f 1697/2863 1844/2896 1698/2912
f 157/1234 162/1235 1032/1236
f 157/181 161/185 162/186
f 1032/2902 1033/2903 1845/2897
f 1032/1236 162/1235 1033/1237
f 946/1098 945/1097 944/1096
f 946/1098 944/1096 707/1099
f 226/3104 1489/3105 220/3100
f 652/3112 646/3108 1491/3113
f 566/604 564/602 565/603
f 566/604 567/605 564/602
f 142/1220 1025/1221 147/1222
f 142/166 147/171 146/170
f 1025/2849 1827/2844 1026/2850
f 1025/1221 1026/1223 147/1222
f 1682/2463 1680/2461 1679/2460
f 1682/2463 146/2468 1684/2465
f 1682/2463 1684/2465 1680/2461
f 1679/2809 1826/2843 1827/2844
f 1679/2460 1680/2461 1681/2462
f 1679/2809 1681/2859 1826/2843
f 161/2510 1702/2507 163/2519
f 161/185 163/187 162/186
f 1845/2897 1843/2895 1844/2896
f 1845/2897 1033/2903 1843/2895
f 1489/2013 879/2014 1490/2015
f 1489/3105 1490/3106 220/3100
f 930/3591 2082/3589 2152/3588
f 930/3591 2152/3588 927/3592
f 2080/3427 1974/3426 1481/3422
f 2080/3427 1483/3428 2082/3438
f 2080/3427 1481/3422 1483/3428
f 2316/3854 1486/3856 544/3863
f 2316/3854 1488/3853 1486/3856
f 2316/3854 405/3852 1488/3853
f 404/439 403/438 405/440
f 404/439 394/429 403/438
f 1491/2018 1492/2019 890/2020
f 1491/3113 646/3108 1492/3114
f 146/2468 148/2472 1684/2465
f 146/170 147/171 148/172
f 1827/2844 1826/2843 1825/2842
f 1827/2844 1825/2842 1026/2850
f 945/1097 943/1094 944/1096
f 945/3248 936/3250 943/3251
f 879/2014 878/2016 1490/2015
f 879/994 874/987 878/992
f 349/2650 350/2647 1746/2646
f 349/377 315/378 350/380
f 383/2604 1729/2600 385/2602
f 383/416 385/419 321/417
f 890/2020 1492/2019 889/2021
f 890/1010 889/1008 885/1003
f 565/603 564/602 563/601
f 565/603 563/601 488/525
f 707/802 706/801 689/779
f 707/1099 944/1096 705/1095
f 707/802 705/800 706/801
f 1993/3230 1982/3219 935/3244
f 1970/3200 925/3201 1982/3219
f 1970/3200 923/3199 925/3201
f 1746/2646 1747/2648 231/2649
f 1746/2646 350/2647 1747/2648
f 1974/3426 1975/3421 1481/3422
f 1974/3206 1973/3205 1975/3207
f 544/3863 1486/3856 545/3864
f 544/581 545/582 543/580
f 1729/2600 1730/2601 385/2602
f 1729/2600 655/2603 1730/2601
f 531/568 506/543 530/567
f 531/568 554/592 506/543
f 584/622 490/527 554/592
f 567/605 558/596 564/602
f 567/605 495/532 570/608
f 567/605 570/608 558/596
f 2082/3589 1482/3586 2152/3588
f 2082/3589 1483/3590 1482/3586
f 1481/2001 1479/1997 1483/2003
f 1481/2001 1480/1998 1479/1997
f 1481/3422 2077/3419 1480/3417
f 1481/3422 1975/3421 2077/3419
f 1486/2009 1488/2011 1484/2005
f 1486/2009 1484/2005 1485/2007
f 1486/3856 1485/3867 2318/3865
f 1486/3856 2318/3865 545/3864
f 405/3852 403/3851 1487/3849
f 405/3852 1487/3849 1488/3853
f 781/1527 1240/1512 778/1526
f 781/876 778/873 745/840
f 752/1480 1209/1479 1210/1481
f 752/847 751/846 730/825
f 752/1480 1210/1481 751/1482
f 1209/1479 1211/1483 1210/1481
f 1128/2109 1513/2106 1519/2119
f 1128/2109 1134/2107 1513/2106
f 1128/1361 1117/1349 1134/1374
f 1519/2119 1513/2106 1515/2112
f 935/3244 1982/3219 925/3201
f 935/1080 925/1067 926/1068
f 490/527 506/543 554/592
f 490/527 489/526 506/543
f 1499/2100 1509/2095 1168/2098
f 1499/2100 1511/2103 1509/2095
f 1168/2098 1509/2095 1174/2097
f 1168/1413 1174/1426 1157/1401
f 1285/1589 815/1590 1286/1591
f 1285/1589 1286/1591 1287/1593
f 815/910 793/888 814/909
f 815/1590 814/1592 1286/1591
f 844/1637 841/1636 1311/1622
f 844/939 797/892 841/936
f 751/846 744/839 730/825
f 751/1482 1210/1481 1214/1486
f 923/1065 927/1069 924/1066
f 923/1065 924/1066 925/1067
f 530/567 395/430 394/429
f 530/567 506/543 395/430
f 814/909 793/888 796/891
f 814/1592 1290/1596 1286/1591
f 1222/1494 1214/1486 1213/1485
f 1222/1494 1213/1485 1220/1492
f 689/779 706/801 687/777
f 944/1096 941/1092 705/1095
f 944/1096 943/1094 942/1093
f 944/1096 942/1093 941/1092
f 564/602 562/600 563/601
f 564/602 558/596 559/597
f 564/602 559/597 562/600
f 495/532 496/533 570/608
f 1295/1604 1289/1595 1290/1596
f 1295/1604 1293/1602 1289/1595
f 1240/1512 1234/1506 1235/1507
f 1240/1512 1235/1507 778/1526
f 927/3592 2152/3588 721/3593
f 927/1069 721/1077 924/1066
f 394/429 396/431 403/438
f 394/429 395/430 396/431
f 1311/1622 1308/1617 1307/1616
f 1311/1622 841/1636 1308/1617
f 744/839 732/827 730/825
f 744/839 745/840 732/827
f 706/801 705/800 703/798
f 706/801 703/798 687/777
f 333/361 335/363 334/362
f 333/361 221/386 335/363
f 334/362 335/363 336/364
f 334/1366 336/1379 1130/1367
f 334/1366 1130/1367 898/1364
f 368/401 369/402 367/400
f 368/401 370/403 369/402
f 368/1418 1170/1419 370/1431
f 368/1418 907/1416 1170/1419
f 367/400 369/402 390/425
f 570/608 556/594 558/596
f 570/608 496/533 556/594
f 796/891 793/888 795/890
f 796/891 795/890 797/892
f 1234/1506 1218/1490 1235/1507
f 925/1067 924/1066 926/1068
f 506/543 489/526 395/430
f 1307/1616 1308/1617 1015/1600
f 730/825 732/827 731/826
f 730/825 731/826 726/821
f 936/3250 934/3252 943/3251
f 936/1081 926/1068 931/1073
f 936/3250 931/3253 934/3252
f 878/2016 876/2017 1490/2015
f 878/992 874/987 876/989
f 1490/3106 876/3107 220/3100
f 2152/3588 2151/3587 721/3593
f 2152/3588 1482/3586 2151/3587
f 548/3210 1977/3209 1973/3205
f 548/585 543/580 547/584
f 548/3210 1978/3211 1977/3209
f 548/3210 547/3212 1978/3211
f 403/438 396/431 407/442
f 403/3851 407/3850 1487/3849
f 889/2021 1492/2019 886/2022
f 889/1008 886/1004 885/1003
f 1492/3114 646/3108 886/3115
f 488/525 563/601 400/435
f 488/525 491/528 489/526
f 488/525 400/435 491/528
f 793/888 794/889 795/890
f 793/888 789/884 794/889
f 1214/1486 1210/1481 1213/1485
f 221/245 220/244 212/236
f 221/1845 212/1841 335/1840
f 390/719 643/709 646/713
f 390/1854 369/1849 643/1850
f 1290/1596 1289/1595 1286/1591
f 1220/1492 1213/1485 1218/1490
f 1210/1481 1211/1483 1213/1485
f 705/1095 941/1092 704/1091
f 705/800 704/799 703/798
f 943/1094 934/1079 942/1093
f 563/601 562/600 400/435
f 558/596 557/595 559/597
f 558/596 556/594 557/595
f 1286/1591 1289/1595 1287/1593
f 1293/1602 1015/1600 1289/1595
f 924/1066 721/1077 719/1078
f 924/1066 928/1070 926/1068
f 924/1066 717/1076 928/1070
f 924/1066 719/1078 717/1076
f 721/3593 2151/3587 720/3584
f 721/816 720/815 719/814
f 396/431 395/430 399/434
f 396/431 409/444 407/442
f 396/431 399/434 409/444
f 395/430 489/526 397/432
f 395/430 398/433 399/434
f 395/430 397/432 398/433
f 1483/2003 1479/1997 1482/2002
f 1488/2011 1487/2010 1484/2005
f 220/244 218/242 212/236
f 220/3100 876/3107 875/3101
f 220/3100 875/3101 218/3102
f 1479/1997 1480/1998 947/1999
f 1479/1997 947/1999 1482/2002
f 1484/2005 950/2006 1485/2007
f 1484/2005 1487/2010 950/2006
f 646/713 643/709 645/712
f 646/3108 887/3110 886/3115
f 646/3108 645/3109 887/3110
f 1215/1487 1216/1488 1211/1483
f 1215/1487 1246/1519 1223/1495
f 1215/1487 1223/1495 1216/1488
f 926/1068 928/1070 931/1073
f 2151/3587 1482/3586 720/3584
f 1480/3417 2077/3419 2007/3418
f 1480/1998 948/2000 947/1999
f 1480/3417 2075/3415 948/3413
f 1480/3417 2007/3418 2075/3415
f 1485/3906 2315/3902 2318/3907
f 1485/2007 950/2006 952/2008
f 1485/3906 952/3910 2320/3905
f 1485/3906 2320/3905 2315/3902
f 407/3850 409/3848 1487/3849
f 489/526 491/528 397/432
f 1291/1597 1296/1605 1316/1629
f 1291/1597 1287/1593 1292/1598
f 1291/1597 1292/1598 1296/1605
f 745/840 778/873 732/827
f 1211/1483 1216/1488 1213/1485
f 1246/1519 1247/1520 1223/1495
f 941/1092 942/1093 940/1087
f 941/1092 940/1087 704/1091
f 559/597 560/598 562/600
f 559/597 557/595 560/598
f 1316/1629 1296/1605 1317/1630
f 1287/1593 1289/1595 1292/1598
f 797/892 795/890 841/936
f 231/2649 1747/2648 1444/2667
f 231/2649 1444/2667 230/2669
f 231/256 230/255 213/237
f 231/256 213/237 235/262
f 1747/2648 350/2647 1131/2668
f 1747/2648 1131/2668 1444/2667
f 350/1375 315/1368 1131/1370
f 385/2602 1730/2601 1171/2622
f 385/1427 1171/1422 321/1420
f 1730/2601 655/2603 1445/2621
f 1730/2601 1445/2621 1171/2622
f 655/2603 654/2623 1445/2621
f 655/728 638/704 654/727
f 655/728 241/734 638/704
f 928/1070 717/1076 934/1079
f 928/1070 934/1079 931/1073
f 719/814 720/815 718/813
f 719/814 718/813 717/812
f 399/434 413/448 409/444
f 399/434 398/433 413/448
f 397/432 400/435 398/433
f 397/3263 491/3264 400/3265
f 1513/2106 1134/2107 1514/2108
f 1513/2106 1514/2108 1515/2112
f 1134/1374 1117/1349 1110/1342
f 1134/2107 1110/2110 1514/2108
f 1515/2112 1514/2108 1516/2113
f 1515/2112 1516/2113 1524/2124
f 1511/2103 1510/2096 1509/2095
f 1511/2142 1512/2143 1510/2156
f 1511/2142 1531/2141 1512/2143
f 1509/2095 1510/2096 1174/2097
f 1174/1426 1150/1394 1157/1401
f 1174/2097 1510/2096 1150/2099
f 778/873 779/874 732/827
f 778/1526 1235/1507 779/1525
f 1117/1349 1113/1345 1110/1342
f 1117/1349 1119/1351 1113/1345
f 720/3584 1482/3586 949/3581
f 720/3584 949/3581 718/3583
f 335/1840 1443/1838 336/1837
f 335/1840 212/1841 1443/1838
f 336/1379 1131/1370 1130/1367
f 336/1837 1444/1839 1131/1843
f 336/1837 1443/1838 1444/1839
f 370/1846 1446/1848 369/1849
f 370/1431 1170/1419 1171/1422
f 370/1846 1171/1852 1445/1847
f 370/1846 1445/1847 1446/1848
f 369/1849 1446/1848 643/1850
f 409/3848 951/3802 1487/3849
f 409/3848 413/3847 951/3802
f 1157/1401 1150/1394 1153/1397
f 1157/1401 1153/1397 1159/1403
f 841/1636 842/1635 1308/1617
f 841/936 795/890 842/937
f 687/777 703/798 702/797
f 687/777 702/797 698/788
f 687/777 698/788 686/776
f 687/777 686/776 685/775
f 212/1841 214/1842 1443/1838
f 212/236 213/237 214/238
f 212/236 218/242 207/231
f 212/236 211/235 213/237
f 212/236 207/231 211/235
f 1130/1367 1131/1370 315/1368
f 1130/1367 315/1368 898/1364
f 1170/1419 321/1420 1171/1422
f 1170/1419 907/1416 321/1420
f 643/1850 1446/1848 648/1851
f 643/709 648/715 638/704
f 643/709 180/710 645/712
f 643/709 638/704 642/708
f 643/709 642/708 180/710
f 496/533 555/593 556/594
f 496/533 501/538 555/593
f 496/533 498/535 501/538
f 496/533 497/534 498/535
f 874/987 875/988 876/989
f 874/987 727/995 877/990
f 874/987 877/990 875/988
f 1444/1839 214/1842 230/1844
f 1444/1839 1443/1838 214/1842
f 230/255 214/238 213/237
f 1482/2002 947/1999 949/2004
f 2077/3419 1975/3421 1976/3420
f 2077/3419 1976/3420 2007/3418
f 1975/3207 1973/3205 1976/3208
f 545/3864 2318/3865 546/3866
f 545/582 546/583 543/580
f 2318/3907 2315/3902 546/3908
f 1445/1847 654/1853 648/1851
f 1445/1847 648/1851 1446/1848
f 654/727 638/704 648/715
f 1487/2010 951/2012 950/2006
f 885/1003 886/1004 887/1005
f 885/1003 888/1006 790/1011
f 885/1003 887/1005 888/1006
f 703/798 704/799 702/797
f 947/1100 948/1101 949/1102
f 950/1103 951/1104 952/1105
f 556/594 555/593 557/595
f 1213/1485 1217/1489 1218/1490
f 1213/1485 1216/1488 1217/1489
f 1223/1495 1247/1520 1249/1523
f 1223/1495 1249/1523 1253/1537
f 1223/3342 1253/3338 1224/3341
f 1223/1495 1224/1496 1216/1488
f 1296/1605 1319/1633 1317/1630
f 1296/1605 1323/1647 1319/1633
f 1296/3299 1297/3298 1323/3293
f 1296/1605 1292/1598 1297/1606
f 1289/1595 1015/1600 1013/1599
f 1289/1595 1013/1599 1292/1598
f 1247/1520 1248/1522 1249/1523
f 1247/1520 14/1521 1248/1522
f 942/1093 934/1079 940/1087
f 717/812 718/813 716/811
f 717/1076 715/1084 934/1079
f 717/812 716/811 715/810
f 948/3413 2073/3411 949/3414
f 948/3413 2074/3412 2073/3411
f 948/3413 2075/3415 2074/3412
f 952/3781 951/3802 2263/3762
f 952/3781 2267/3766 2320/3872
f 952/3781 2263/3762 2267/3766
f 398/433 410/445 413/448
f 398/433 400/435 401/436
f 398/433 401/436 410/445
f 562/600 560/598 400/435
f 1317/1630 1319/1633 1318/1632
f 1317/1630 1318/1632 18/1631
f 704/799 708/803 702/797
f 704/1091 940/1087 708/1090
f 949/3581 2067/3582 718/3583
f 949/3414 2073/3411 2078/3423
f 949/3581 2078/3585 2067/3582
f 1542/2172 1541/2171 323/2192
f 1542/2172 323/2192 1552/2182
f 318/345 323/350 316/343
f 318/345 319/346 323/350
f 951/3802 413/3847 2313/3840
f 951/3802 2266/3765 2263/3762
f 951/3802 2313/3840 2266/3765
f 557/595 555/593 561/599
f 557/595 561/599 560/598
f 718/3441 2067/3405 716/3424
f 1541/2171 1544/2174 904/2198
f 1541/2171 904/2198 323/2192
f 316/1029 904/1028 315/1023
f 316/1029 323/1030 904/1028
f 1552/2182 323/2192 914/2199
f 1552/2182 914/2199 1554/2184
f 319/1042 914/1041 323/1043
f 319/1042 321/1036 914/1041
f 413/3847 410/3788 2313/3840
f 1253/1537 1249/1523 1250/1524
f 1253/3338 1621/3335 2035/3336
f 1253/3338 1250/3339 1621/3335
f 1253/3338 2035/3336 1224/3341
f 1323/1647 1320/1634 1319/1633
f 1323/3293 1566/3285 1623/3288
f 1323/3293 1623/3288 1320/3294
f 1323/3293 1297/3298 1566/3285
f 1218/2942 1848/2943 1849/2944
f 1218/3315 1849/3311 1239/3314
f 1218/2942 1219/2945 1848/2943
f 1218/1490 1236/1508 1235/1507
f 1218/1490 1239/1511 1236/1508
f 1218/1490 1217/1489 1219/1491
f 1249/1523 1248/1522 1250/1524
f 1319/1633 1320/1634 1318/1632
f 1015/2946 998/2947 1000/2948
f 1015/1205 1004/1190 998/1184
f 1015/2946 1000/2948 1010/2949
f 1015/1600 1308/1617 1014/1618
f 1015/1600 1014/1618 1004/1621
f 1015/1600 1010/1601 1013/1599
f 1849/3311 1848/3312 2022/3313
f 1849/3311 2022/3313 1239/3314
f 934/1079 715/1084 939/1085
f 934/1079 939/1085 940/1087
f 2073/3411 2071/3409 2078/3423
f 2073/3411 2074/3412 2072/3410
f 2073/3411 2072/3410 2071/3409
f 1544/2174 903/2200 904/2198
f 1544/2174 1546/2176 903/2200
f 315/1023 904/1028 903/1027
f 315/1023 903/1027 896/1019
f 315/1023 896/1019 898/1021
f 2075/3415 2076/3416 2074/3412
f 2075/3415 2007/3418 2138/3524
f 2075/3415 2138/3524 2076/3416
f 914/2199 913/2201 1554/2184
f 914/1041 321/1036 913/1040
f 2320/3872 2267/3766 2278/3779
f 2320/3905 2321/3903 2315/3902
f 2320/3872 2278/3779 2321/3873
f 1554/2184 913/2201 1556/2186
f 321/1036 906/1032 913/1040
f 321/1036 907/1033 906/1032
f 2263/3762 2266/3765 2262/3761
f 2263/3762 2261/3760 2267/3766
f 2263/3762 2262/3761 2261/3760
f 400/435 402/437 401/436
f 400/435 560/598 402/437
f 998/1184 999/1185 1000/1186
f 998/1184 1004/1190 999/1185
f 2078/3423 2068/3406 2067/3405
f 2078/3423 2071/3409 2068/3406
f 2266/3765 2313/3840 2265/3764
f 2266/3765 2265/3764 2262/3761
f 1848/3312 2024/3317 2023/3316
f 1848/3312 1219/3343 2024/3317
f 1848/3312 2023/3316 2022/3313
f 1000/1186 1001/1187 1002/1188
f 1000/1186 1002/1188 1010/1196
f 1000/1186 999/1185 1001/1187
f 903/2200 1546/2176 896/2208
f 2074/3412 2076/3416 2072/3410
f 2267/3766 2261/3760 2278/3779
f 913/2201 906/2210 1556/2186
f 2024/3317 2025/3318 2023/3316
f 2024/3317 1219/3343 2025/3318
f 1546/2176 1548/2178 896/2208
f 1556/2186 906/2210 1558/2188
f 1002/1188 1001/1187 1003/1189
f 1002/1188 1003/1189 1010/1196
f 1699/2504 1698/2503 1701/2506
f 1699/2504 1701/2506 1702/2507
f 1698/2912 1844/2896 1701/2913
f 2025/3318 2026/3319 2023/3316
f 2025/3318 2027/3320 2026/3319
f 2025/3318 1219/3343 2027/3320
f 2067/3405 2065/3403 716/3424
f 2067/3405 2068/3406 2066/3404
f 2067/3405 2066/3404 2065/3403
f 2313/3840 410/3788 2284/3786
f 2313/3840 2298/3808 2265/3764
f 2313/3953 2284/3954 2298/3955
f 1003/1189 1001/1187 1005/1191
f 1003/1189 1005/1191 1006/1192
f 1003/1189 1006/1192 1010/1196
f 1680/2461 1683/2464 1681/2462
f 1680/2461 1684/2465 1683/2464
f 1681/2859 1683/2860 1826/2843
f 1702/2507 164/2518 163/2519
f 1702/2507 1701/2506 1703/2508
f 1702/2507 1703/2508 164/2518
f 1844/2896 1843/2895 1842/2894
f 1844/2896 1842/2894 1701/2913
f 715/810 716/811 714/809
f 715/1084 713/1086 939/1085
f 715/810 714/809 713/808
f 896/1019 897/1020 898/1021
f 896/2208 1548/2178 897/2209
f 906/2210 908/2169 1558/2188
f 906/1032 907/1033 908/1034
f 401/436 411/446 410/445
f 401/436 402/437 414/449
f 401/436 414/449 411/446
f 1684/2465 148/2472 149/2471
f 1684/2465 149/2471 1685/2466
f 1684/2465 1685/2466 1683/2464
f 1826/2843 1824/2841 1825/2842
f 1826/2843 1683/2860 1824/2841
f 1110/2110 1109/2111 1514/2108
f 1110/1342 1106/1338 1109/1341
f 1110/1342 1113/1345 1106/1338
f 1514/2108 1109/2111 1516/2113
f 2071/3409 2072/3410 2070/3408
f 2071/3409 2070/3408 2068/3406
f 2007/3245 1976/3208 1977/3209
f 2007/3549 2126/3552 2138/3556
f 2007/3549 2149/3551 2126/3552
f 2007/3549 2135/3550 2149/3551
f 2007/3832 1977/3830 2135/3831
f 1976/3208 1973/3205 1977/3209
f 546/3908 2315/3902 547/3909
f 546/583 547/584 543/580
f 2315/3902 2321/3903 2271/3904
f 2315/3844 2271/3770 2279/3780
f 2315/3897 2279/3898 2197/3899
f 2315/3844 2197/3677 547/3662
f 2262/3761 2260/3759 2261/3760
f 2262/3761 2265/3764 2260/3759
f 1510/2096 1149/2101 1150/2099
f 1510/2096 1512/2104 1149/2101
f 1150/1394 1146/1390 1153/1397
f 1150/1394 1149/1393 1146/1390
f 727/995 613/993 877/990
f 727/822 726/821 722/817
f 727/995 722/1002 19/997
f 727/995 19/997 613/993
f 716/3424 2065/3403 714/3401
f 410/3788 411/3750 2284/3786
f 790/1011 888/1006 623/1009
f 790/885 785/880 789/884
f 790/1011 23/1013 785/1018
f 790/1011 623/1009 23/1013
f 898/1021 899/1022 900/1024
f 898/1021 897/1020 899/1022
f 1548/2178 1550/2180 897/2209
f 2072/3410 2076/3416 2140/3526
f 2072/3605 2140/3607 2128/3602
f 2072/3410 2142/3529 2070/3408
f 2072/3605 2128/3602 2142/3604
f 2261/3760 2268/3767 2278/3779
f 2261/3760 2264/3763 2268/3767
f 2261/3760 2260/3759 2259/3758
f 2261/3760 2259/3758 2264/3763
f 1558/2188 908/2169 1539/2166
f 907/1033 910/1037 909/1035
f 907/1033 909/1035 908/1034
f 1843/2895 1033/2903 1035/2901
f 1843/2895 1035/2901 1841/2893
f 1843/2895 1841/2893 1842/2894
f 1560/2190 901/2205 1550/2180
f 1560/2190 905/2193 901/2205
f 900/1024 899/1022 901/1025
f 900/1024 901/1025 902/1026
f 900/1363 902/1354 1121/1353
f 939/1085 713/1086 940/1087
f 1550/2180 899/2211 897/2209
f 1550/2180 901/2205 899/2211
f 2068/3406 2069/3407 2066/3404
f 2068/3406 2070/3408 2069/3407
f 2138/3556 2126/3552 2076/3557
f 2321/3873 2278/3779 2271/3770
f 2265/3764 2298/3808 2277/3778
f 2265/3764 2277/3778 2260/3759
f 1539/2166 911/2165 1537/2160
f 1539/2166 908/2169 909/2168
f 1539/2166 909/2168 911/2165
f 402/437 560/598 414/449
f 910/1037 911/1038 909/1035
f 910/1037 912/1039 911/1038
f 910/1415 1161/1405 912/1406
f 1537/2160 911/2165 915/2158
f 1825/2842 1028/2848 1026/2850
f 1825/2842 1823/2840 1028/2848
f 1825/2842 1824/2841 1823/2840
f 163/187 164/188 162/186
f 162/1235 1035/1241 1033/1237
f 162/1235 165/1242 1035/1241
f 162/186 164/188 165/189
f 698/788 702/797 709/804
f 698/788 709/804 694/784
f 698/788 694/784 686/776
f 218/3102 875/3101 219/3103
f 218/242 219/243 207/231
f 2076/3557 2127/3558 2140/3559
f 2076/3557 2126/3552 2127/3558
f 2278/3779 2268/3767 2270/3769
f 2278/3779 2270/3769 2271/3770
f 645/3109 647/3111 887/3110
f 645/712 180/710 647/714
f 501/538 571/609 555/593
f 501/538 500/537 571/609
f 501/538 498/535 500/537
f 147/1222 1026/1223 1028/1227
f 147/171 149/173 148/172
f 147/1222 1028/1227 150/1228
f 147/171 150/174 149/173
f 702/797 708/803 709/804
f 877/990 614/991 875/988
f 877/990 613/993 614/991
f 888/1006 887/1005 624/1007
f 888/1006 624/1007 623/1009
f 555/593 571/609 561/599
f 901/1025 905/1031 902/1026
f 875/1780 614/1769 219/1778
f 887/1732 647/1730 624/1721
f 911/1038 912/1039 915/1044
f 779/874 780/875 732/827
f 779/1525 1235/1507 1236/1508
f 779/3348 1236/3347 780/3345
f 732/827 780/875 733/828
f 732/827 733/828 731/826
f 1216/1488 1224/1496 1217/1489
f 708/1090 940/1087 710/1089
f 708/803 710/805 709/804
f 219/1778 1420/1775 225/1777
f 219/1778 1421/1779 1420/1775
f 219/243 225/249 207/231
f 219/1778 614/1769 1421/1779
f 1121/1353 1120/1352 1119/1351
f 1121/1353 902/1354 1120/1352
f 1161/1405 1160/1404 912/1406
f 1161/1405 1159/1403 1160/1404
f 647/1730 651/1728 1382/1727
f 647/1730 1382/1727 1384/1731
f 647/714 180/710 651/718
f 647/1730 1384/1731 624/1721
f 561/599 568/606 560/598
f 561/599 571/609 568/606
f 1292/1598 1013/1599 1297/1606
f 1308/1617 842/1635 1014/1618
f 795/890 843/938 842/937
f 795/890 806/901 843/938
f 795/890 794/889 806/901
f 842/1204 843/1200 1014/1203
f 1621/3335 2034/3333 2035/3336
f 1621/3353 1250/3354 723/3355
f 1621/2316 723/2317 1622/2318
f 1621/3335 1622/3334 2034/3333
f 905/1812 1433/1805 902/1809
f 2140/3526 2127/3503 2125/3501
f 2140/3526 2125/3501 2128/3504
f 2268/3767 2269/3768 2270/3769
f 2268/3767 2264/3763 2269/3768
f 915/1804 912/1801 1430/1797
f 1623/3288 1566/3285 2017/3287
f 1623/3307 787/3308 1320/3309
f 1623/2320 1624/2321 787/2322
f 1623/3288 2017/3287 1624/3289
f 940/1087 713/1086 712/1088
f 940/1087 712/1088 710/1089
f 2065/3403 2066/3404 2060/3392
f 2065/3403 2060/3392 714/3401
f 2284/3786 2246/3741 2298/3808
f 2284/3786 411/3750 2246/3741
f 560/598 569/607 414/449
f 560/598 568/606 569/607
f 1224/3357 2035/3358 1244/3359
f 1224/1496 1244/1516 1217/1489
f 1119/1351 1114/1346 1113/1345
f 1119/1351 1120/1352 1118/1350
f 1119/1351 1118/1350 1114/1346
f 902/1809 1433/1805 1129/1807
f 902/1354 1129/1362 1120/1352
f 912/1801 1169/1798 1430/1797
f 912/1406 1160/1404 1169/1414
f 1159/1403 1153/1397 1154/1398
f 1159/1403 1158/1402 1160/1404
f 1159/1403 1154/1398 1158/1402
f 1297/3298 1011/3301 1566/3285
f 1297/1606 1013/1599 1011/1626
f 2035/3358 1564/3360 1244/3359
f 2035/3336 2034/3333 1564/3337
f 1566/2221 1011/2222 1567/2223
f 1566/3285 1567/3286 2017/3287
f 713/808 714/809 696/786
f 713/808 696/786 712/807
f 2126/3502 2125/3501 2127/3503
f 2126/3552 2149/3551 2129/3553
f 2126/3502 2129/3505 2122/3498
f 2126/3502 2122/3498 2125/3501
f 2271/3770 2270/3769 2269/3768
f 2271/3770 2273/3772 2279/3780
f 2271/3770 2272/3771 2273/3772
f 2271/3770 2269/3768 2272/3771
f 414/449 415/450 411/446
f 414/449 569/607 415/450
f 1420/1775 27/1776 225/1777
f 1420/1775 1421/1779 27/1776
f 225/3276 27/3277 13/3278
f 225/249 13/253 207/231
f 2066/3404 2069/3407 2139/3525
f 2066/3404 2139/3525 2060/3392
f 2298/3950 2319/3951 2277/3952
f 2298/3808 2246/3741 2319/3870
f 1382/1727 651/1728 1383/1729
f 1382/1727 1383/1729 1384/1731
f 651/2394 16/2393 1383/2391
f 651/718 180/710 16/724
f 1109/1341 1106/1338 1108/1340
f 1109/2111 1108/2114 1516/2113
f 1106/1338 1113/1345 1107/1339
f 1106/1338 1107/1339 1108/1340
f 1113/1345 1114/1346 1107/1339
f 1516/2113 1504/2125 1524/2124
f 1516/2113 1108/2114 1504/2125
f 1524/2124 1434/2130 1433/2202
f 1524/2124 1504/2125 1503/2126
f 1524/2124 1503/2126 1434/2130
f 1433/1805 1434/1806 1129/1807
f 714/3401 2060/3392 696/3399
f 411/3750 415/3745 2246/3741
f 1430/2155 1431/2148 1531/2141
f 1430/1797 1169/1798 1431/1799
f 1531/2141 1532/2144 1512/2143
f 1531/2141 1533/2145 1532/2144
f 1531/2141 1431/2148 1533/2145
f 1512/2104 1147/2105 1149/2101
f 1512/2143 1532/2144 1147/2146
f 1153/1397 1146/1390 1148/1392
f 1153/1397 1148/1392 1154/1398
f 1149/1393 1147/1391 1146/1390
f 1146/1390 1147/1391 1148/1392
f 726/821 725/820 722/817
f 726/821 731/826 725/820
f 1250/1796 1248/1793 27/1795
f 1250/3354 27/3356 723/3355
f 2070/3597 2063/3599 2069/3600
f 2070/3597 2142/3598 2063/3599
f 2260/3759 2277/3778 2258/3757
f 2260/3759 2258/3757 2259/3758
f 1320/2390 1383/2391 1318/2392
f 1320/3309 787/3308 1383/3310
f 789/884 785/880 788/883
f 789/884 788/883 794/889
f 1248/1793 14/1794 27/1795
f 1318/2392 1383/2391 16/2393
f 1622/2318 723/2317 725/2319
f 1622/3258 725/3255 2009/3257
f 1622/3334 2009/3332 2034/3333
f 1624/2321 788/2323 787/2322
f 1624/3262 2010/3260 788/3259
f 1624/3289 2017/3287 2010/3290
f 1035/1241 165/1242 1036/1243
f 1035/2901 1036/2900 1841/2893
f 1236/3347 1239/3314 780/3345
f 1239/3314 2022/3313 780/3345
f 1004/1190 1014/1203 843/1200
f 1004/1190 843/1200 999/1185
f 1028/1227 1029/1229 150/1228
f 1028/2848 1823/2840 1029/2846
f 1701/2913 1842/2894 1704/2909
f 1701/2506 1704/2509 1703/2508
f 164/188 166/190 165/189
f 164/2518 1703/2508 166/2512
f 725/820 723/818 722/817
f 725/820 731/826 759/854
f 725/3255 759/3256 2009/3257
f 710/805 711/806 709/804
f 710/805 712/807 711/806
f 2069/3600 2063/3599 2139/3601
f 2128/3504 2125/3501 2124/3500
f 2128/3602 2064/3603 2142/3604
f 2128/3602 2124/3606 2064/3603
f 2129/3553 2149/3551 2052/3560
f 2129/3505 2052/3384 2122/3498
f 1978/3211 1979/3216 1977/3209
f 1978/3211 547/3212 1979/3216
f 2273/3772 2274/3773 2279/3780
f 2273/3772 2272/3771 2274/3773
f 2264/3763 2280/3782 2269/3768
f 2264/3942 2259/3939 2326/3941
f 2264/3942 2326/3941 2280/3943
f 2277/3778 2319/3870 2258/3757
f 568/606 571/609 572/610
f 568/606 572/610 569/607
f 788/883 785/880 787/882
f 788/883 822/917 794/889
f 788/3259 2010/3260 822/3261
f 149/173 150/174 151/175
f 149/2471 151/2470 1685/2466
f 1683/2860 1686/2856 1824/2841
f 1683/2464 1685/2466 1686/2467
f 2022/3313 2023/3316 780/3345
f 709/804 711/806 694/784
f 571/609 500/537 572/610
f 999/1185 843/1200 1001/1187
f 1842/2894 1838/2890 1704/2909
f 1842/2894 1841/2893 1838/2890
f 2023/3316 2026/3319 780/3345
f 722/817 723/818 724/819
f 722/2870 724/2871 19/2872
f 686/776 694/784 684/774
f 686/776 684/774 685/775
f 1120/1352 1129/1362 1126/1359
f 1120/1352 1126/1359 1118/1350
f 1129/1807 1434/1806 1126/1808
f 1169/1414 1160/1404 1166/1411
f 1169/1798 1166/1800 1431/1799
f 1160/1404 1158/1402 1166/1411
f 498/535 499/536 500/537
f 498/535 497/534 499/536
f 785/880 786/881 787/882
f 785/2817 23/2818 786/2819
f 1001/1187 843/1200 1005/1191
f 1824/2841 1686/2856 1820/2837
f 1824/2841 1820/2837 1823/2840
f 780/875 753/848 733/828
f 780/3345 2026/3319 753/3329
f 733/828 753/848 734/829
f 733/828 734/829 731/826
f 2026/3319 2027/3320 2028/3321
f 2026/3319 2028/3321 753/3329
f 723/1784 27/1776 724/1782
f 13/33 14/34 15/35
f 13/47 27/48 14/49
f 13/644 15/648 601/647
f 13/644 601/647 600/645
f 13/644 600/645 232/646
f 13/253 232/257 207/231
f 15/792 685/775 601/791
f 27/1776 1421/1779 724/1782
f 1383/1729 787/1736 786/1734
f 1383/1729 786/1734 1384/1731
f 16/36 17/37 18/38
f 16/3978 18/3979 2328/3980
f 16/653 550/656 17/657
f 16/653 432/655 550/656
f 16/653 605/654 432/655
f 16/724 180/710 605/726
f 17/587 550/588 497/534
f 1005/1191 843/1200 816/1201
f 1005/1191 1007/1193 1006/1192
f 1005/1191 816/1201 1007/1193
f 806/901 816/911 843/938
f 806/901 807/902 816/911
f 806/901 794/889 807/902
f 601/791 685/775 600/789
f 694/784 711/806 695/785
f 694/784 695/785 693/783
f 694/784 693/783 684/774
f 712/807 696/786 695/785
f 712/807 695/785 711/806
f 569/607 504/541 415/450
f 569/607 572/610 504/541
f 500/537 504/541 572/610
f 500/537 502/539 504/541
f 500/537 499/536 502/539
f 550/588 432/467 497/534
f 696/786 693/783 695/785
f 696/3399 2060/3392 919/3398
f 696/3399 919/3398 697/3400
f 696/786 697/787 693/783
f 2125/3501 2122/3498 2124/3500
f 2052/3560 2149/3551 1079/3561
f 2052/3384 1079/3523 1077/3375
f 2052/3384 2047/3378 2122/3498
f 2052/3384 1077/3375 2045/3376
f 2052/3384 2045/3376 2047/3378
f 2274/3773 1089/3777 2279/3780
f 2274/3773 1087/3776 1089/3777
f 2274/3773 2276/3775 1087/3776
f 2274/3773 2275/3774 2276/3775
f 2274/3773 2272/3771 2275/3774
f 2269/3768 2280/3782 2272/3771
f 415/450 504/541 502/539
f 415/3745 552/3738 2246/3741
f 415/450 505/542 552/590
f 415/450 502/539 505/542
f 165/1242 167/1244 1036/1243
f 165/189 166/190 167/191
f 685/775 683/773 600/789
f 685/775 684/774 683/773
f 497/534 432/467 430/465
f 497/534 430/465 499/536
f 150/1228 1029/1229 152/1230
f 150/174 152/176 151/175
f 1217/3346 1244/3323 1219/3343
f 1013/1202 1010/1196 1011/1197
f 1703/2508 1704/2509 1696/2501
f 1703/2508 1696/2501 166/2512
f 1219/3343 1244/3323 2027/3320
f 1564/2218 1565/2219 1244/2220
f 1564/3337 2034/3333 1565/3344
f 1244/3323 2029/3322 2027/3320
f 1244/3323 1565/3344 2029/3322
f 600/789 683/773 602/794
f 600/645 602/649 232/646
f 1079/3561 2149/3551 1078/3555
f 1079/1296 1078/1295 1077/1294
f 2149/3551 2137/3554 1078/3555
f 2149/3551 2135/3550 2137/3554
f 2279/3780 1089/3777 1088/3871
f 2279/3898 1088/3901 2296/3900
f 2279/3898 2296/3900 2197/3899
f 1089/1309 1087/1307 1088/1308
f 432/467 429/464 430/465
f 432/655 605/654 429/658
f 1567/3286 1011/3301 2020/3295
f 1567/3286 2020/3295 2017/3287
f 1011/1197 1010/1196 1006/1192
f 1011/3301 1006/3306 1008/3305
f 1011/3301 1008/3305 2020/3295
f 1685/2466 1678/2459 1686/2467
f 1685/2466 151/2470 1678/2459
f 1704/2909 1838/2890 1695/2911
f 1704/2509 1695/2500 1696/2501
f 2027/3320 2029/3322 2028/3321
f 1108/1340 1107/1339 1111/1343
f 1108/2114 1111/2127 1504/2125
f 1107/1339 1114/1346 1112/1344
f 1107/1339 1112/1344 1111/1343
f 213/237 216/240 235/262
f 213/237 215/239 216/240
f 213/237 211/235 215/239
f 638/704 241/734 639/705
f 638/704 639/705 640/706
f 638/704 640/706 642/708
f 1147/1391 1151/1395 1148/1392
f 1147/2146 1532/2144 1151/2147
f 1148/1392 1152/1396 1154/1398
f 1148/1392 1151/1395 1152/1396
f 1006/1192 1007/1193 1008/1194
f 1686/2856 1677/2858 1820/2837
f 1686/2467 1678/2459 1677/2458
f 2060/3392 2139/3525 2057/3389
f 2060/3392 2059/3391 919/3398
f 2060/3392 2057/3389 2059/3391
f 2122/3498 2047/3378 2123/3499
f 2122/3498 2123/3499 2124/3500
f 2045/3376 1077/3375 2044/3374
f 2045/3376 2044/3374 2047/3378
f 2276/3775 2323/3875 1087/3776
f 2276/3775 2275/3774 2323/3875
f 2272/3771 2314/3841 2275/3774
f 2272/3771 2280/3782 2314/3841
f 2246/3741 2286/3789 2319/3870
f 2246/3741 552/3738 2243/3734
f 2246/3741 2243/3734 2286/3789
f 1979/3216 1980/3217 1977/3209
f 1979/3660 547/3662 2185/3661
f 1979/3660 2184/3659 1980/3657
f 1979/3660 2185/3661 2184/3659
f 235/262 236/263 237/264
f 235/262 216/240 236/263
f 241/268 237/264 242/269
f 241/734 242/733 639/705
f 1036/2900 1037/2899 1841/2893
f 1036/1243 167/1244 1037/1245
f 724/2871 1422/2873 19/2872
f 724/1782 1421/1779 1422/1781
f 2139/3525 2063/3395 2057/3389
f 1077/1294 1078/1295 1076/1293
f 1077/3375 1075/3373 2044/3374
f 1077/1294 1076/1293 1075/1292
f 1087/1307 1086/1306 1088/1308
f 1087/1307 1085/1305 1086/1306
f 1087/3936 2323/3937 1085/3938
f 2319/3870 2286/3789 2258/3757
f 786/2819 23/2818 1385/2820
f 786/1734 1385/1733 1384/1731
f 1029/2846 1823/2840 1030/2847
f 1029/1229 1030/1231 152/1230
f 1037/2899 1840/2892 1841/2893
f 1037/2899 1038/2898 1840/2892
f 1037/1245 167/1244 1038/1246
f 1030/1231 1031/1232 152/1230
f 1030/2847 1822/2839 1031/2845
f 1030/2847 1823/2840 1822/2839
f 1841/2893 1840/2892 1838/2890
f 1038/2898 1839/2891 1840/2892
f 1038/1246 167/1244 168/1247
f 1038/2898 1833/2884 1839/2891
f 1038/2898 168/2905 1833/2884
f 1114/1346 1115/1347 1112/1344
f 1114/1346 1118/1350 1116/1348
f 1114/1346 1116/1348 1115/1347
f 2047/3378 2044/3374 2141/3528
f 2047/3378 2141/3528 2123/3499
f 1078/3527 2137/3522 1074/3521
f 1078/1295 1074/1291 1076/1293
f 1088/3871 1084/3805 2296/3804
f 1088/1308 1086/1306 1084/1304
f 2275/3956 2255/3957 2323/3958
f 2275/3956 2314/3959 2255/3957
f 1154/1398 1152/1396 1155/1399
f 1154/1398 1156/1400 1158/1402
f 1154/1398 1155/1399 1156/1400
f 1031/1232 153/1233 152/1230
f 1031/2845 1822/2839 1821/2838
f 1031/2845 1821/2838 1815/2831
f 1031/2845 1815/2831 153/2852
f 1823/2840 1820/2837 1822/2839
f 1840/2892 1839/2891 1838/2890
f 167/191 166/190 168/192
f 19/2872 1422/2873 20/2874
f 19/39 20/40 21/41
f 19/1968 21/1965 883/1964
f 19/997 883/1000 881/998
f 19/997 881/998 613/993
f 23/2818 25/2821 1385/2820
f 23/1973 894/1969 24/1971
f 23/1013 892/1014 894/1016
f 23/43 24/44 25/45
f 23/1013 623/1009 892/1014
f 152/176 153/177 151/175
f 1822/2839 1820/2837 1821/2838
f 1839/2891 1834/2885 1838/2890
f 1839/2891 1833/2884 1834/2885
f 697/3594 919/3595 678/3596
f 697/787 678/767 693/783
f 505/542 425/460 552/590
f 505/542 502/539 425/460
f 1821/2838 1820/2837 1816/2832
f 1821/2838 1816/2832 1815/2831
f 1421/1779 1409/1763 1422/1781
f 1421/1779 614/1769 1409/1763
f 1111/1343 1112/1344 1139/1381
f 1111/2083 1139/2080 1504/2082
f 1112/1344 1115/1347 1139/1381
f 919/3398 2059/3391 918/3402
f 919/1054 918/1052 678/1053
f 2137/3522 2135/3518 2136/3519
f 2137/3522 2136/3519 1074/3521
f 2135/3831 1977/3830 2134/3829
f 2135/3518 1057/3517 2136/3519
f 2135/3518 2134/3516 1057/3517
f 2197/3677 2296/3804 2295/3803
f 2197/3677 2188/3665 547/3662
f 2197/3677 2295/3803 1064/3668
f 2197/3677 1064/3668 2188/3665
f 2296/3804 1084/3805 2295/3803
f 552/3738 922/3736 2243/3734
f 552/1064 425/1063 922/1062
f 1151/2074 1501/2072 1152/2073
f 1151/2147 1532/2144 1501/2154
f 1152/2073 1501/2072 1155/2071
f 1384/1731 1371/1715 624/1721
f 1384/1731 1385/1733 1371/1715
f 693/783 678/767 677/766
f 693/783 677/766 682/772
f 693/783 682/772 684/774
f 2142/3529 2058/3390 2063/3395
f 2142/3529 2064/3396 2058/3390
f 2044/3374 1075/3373 2043/3370
f 2044/3374 2043/3370 2141/3528
f 1076/1293 1073/1290 1075/1292
f 1076/1293 1074/1291 1073/1290
f 1086/1306 1083/1303 1084/1304
f 1086/1306 1085/1305 1083/1303
f 2323/3875 2256/3755 1085/3846
f 2323/3875 2255/3754 2256/3755
f 2259/3758 2258/3757 2257/3756
f 2259/3939 2257/3940 2326/3941
f 502/539 424/459 425/460
f 502/539 503/540 424/459
f 502/539 499/536 503/540
f 677/766 678/767 676/765
f 677/766 676/765 674/763
f 677/766 674/763 682/772
f 2063/3395 2056/3388 2057/3389
f 2063/3395 2058/3390 2056/3388
f 2258/3757 2286/3789 2241/3732
f 2258/3757 2241/3732 2257/3756
f 424/459 423/458 425/460
f 424/459 421/456 423/458
f 424/459 503/540 421/456
f 1118/1350 1126/1359 1127/1360
f 1118/1350 1127/1360 1116/1348
f 1977/3209 1980/3217 1981/3218
f 1977/3830 1981/3688 2134/3829
f 547/3662 2186/3663 2185/3661
f 547/3662 2188/3665 2186/3663
f 1158/1402 1167/1412 1166/1411
f 1158/1402 1156/1400 1167/1412
f 1504/2082 1139/2080 1502/2075
f 1504/2125 1502/2129 1503/2126
f 1532/2144 1500/2150 1501/2154
f 1532/2144 1533/2145 1500/2150
f 1422/1781 1409/1763 1415/1770
f 1422/2873 1423/2875 20/2874
f 1422/1781 1415/1770 1423/1783
f 614/1769 610/1762 1409/1763
f 614/674 613/673 610/670
f 1434/1806 1435/1810 1126/1808
f 1434/2084 1503/2081 1435/2077
f 237/264 236/263 238/265
f 237/264 243/270 242/269
f 237/264 238/265 244/271
f 237/264 246/273 243/270
f 237/264 244/271 246/273
f 1431/1799 1166/1800 1432/1802
f 1431/2148 1432/2149 1533/2145
f 624/1721 1371/1715 620/1714
f 624/684 620/680 623/683
f 1385/1733 1377/1722 1371/1715
f 1385/2820 25/2821 1386/2822
f 1385/1733 1386/1735 1377/1722
f 1838/2890 1837/2889 1695/2911
f 1838/2890 1834/2885 1837/2889
f 166/2512 1696/2501 1693/2498
f 166/190 170/194 168/192
f 166/2512 1693/2498 170/2513
f 2029/3350 1565/3351 2036/3352
f 2029/3322 2030/3324 2028/3321
f 2029/3322 2036/3349 2030/3324
f 1565/3344 2034/3333 2033/3331
f 1565/3344 2033/3331 2036/3349
f 1139/2080 1115/2079 1502/2075
f 1115/1347 1116/1348 1136/1377
f 1115/2079 1136/2076 1502/2075
f 1126/1808 1435/1810 1127/1811
f 2124/3500 2123/3499 2130/3506
f 2124/3606 2130/3608 2064/3603
f 2280/3943 2282/3944 2314/3946
f 2280/3943 2326/3941 2282/3944
f 1166/1800 1167/1803 1432/1802
f 1501/2072 1500/2069 1155/2071
f 1155/1399 1176/1429 1156/1400
f 1155/2071 1500/2069 1176/2068
f 2020/3295 1008/3305 2021/3303
f 2020/3295 2018/3291 2017/3287
f 2020/3295 2021/3303 2018/3291
f 1008/1194 1007/1193 1009/1195
f 1008/3305 1009/3304 2021/3303
f 151/175 153/177 155/179
f 151/2470 1675/2456 1678/2459
f 151/2470 155/2477 1675/2456
f 1820/2837 1677/2858 1819/2836
f 1820/2837 1819/2836 1816/2832
f 1116/1348 1127/1360 1136/1377
f 1156/1400 1176/1429 1167/1412
f 684/774 682/772 683/773
f 1503/2081 1502/2075 1435/2077
f 2057/3389 2053/3385 2059/3391
f 2057/3389 2056/3388 2053/3385
f 2286/3789 2243/3734 2233/3724
f 2286/3789 2233/3724 2241/3732
f 1533/2145 1432/2149 1500/2150
f 499/536 430/465 503/540
f 2034/3333 2009/3332 2033/3331
f 2017/3287 2018/3291 2010/3290
f 1696/2501 1695/2500 1693/2498
f 168/2905 1183/2904 1833/2884
f 168/1441 170/1442 1183/1443
f 1502/2075 1136/2076 1435/2077
f 1136/2076 1127/2078 1435/2077
f 2059/3391 2079/3425 918/3402
f 2059/3391 2053/3385 2061/3393
f 2059/3391 2061/3393 2079/3425
f 2243/3734 922/3736 2244/3735
f 2243/3734 2231/3722 2233/3724
f 2243/3734 2244/3735 2231/3722
f 1432/2067 1176/2068 1500/2069
f 1432/2067 1167/2070 1176/2068
f 153/2852 1815/2831 1179/2851
f 153/1433 1179/1434 155/1435
f 1678/2459 1675/2456 1677/2458
f 1695/2911 1837/2889 1694/2907
f 1695/2500 1694/2499 1693/2498
f 1677/2858 1676/2854 1819/2836
f 1677/2458 1675/2456 1676/2457
f 1075/1292 1073/1290 1072/1288
f 1075/3373 1072/3371 2043/3370
f 1074/1291 1058/1289 1073/1290
f 1074/3521 2136/3519 1058/3520
f 1084/1304 1083/1303 1065/1302
f 1084/3805 1065/3806 2295/3803
f 1085/1305 1082/1301 1083/1303
f 1085/3846 2256/3755 1082/3845
f 1073/1290 1058/1289 1072/1288
f 1083/1303 1082/1301 1065/1302
f 1833/2884 1388/2882 1834/2885
f 1833/2884 1183/2904 1832/2883
f 1833/2884 1832/2883 1388/2882
f 676/765 678/767 679/768
f 676/765 679/768 675/764
f 676/765 675/764 674/763
f 2123/3499 2131/3507 2130/3506
f 2123/3499 2141/3528 2131/3507
f 2136/3519 1057/3517 1058/3520
f 2295/3803 1065/3806 1064/3668
f 2314/3841 2282/3784 2254/3753
f 2314/3841 2254/3753 2255/3754
f 423/458 426/461 425/460
f 423/458 422/457 426/461
f 423/458 421/456 422/457
f 1815/2831 1816/2832 1350/2829
f 1815/2831 1814/2830 1179/2851
f 1815/2831 1350/2829 1814/2830
f 678/1053 918/1052 679/1051
f 2056/3388 2058/3390 2055/3387
f 2056/3388 2055/3387 2053/3385
f 2241/3732 2240/3731 2257/3756
f 2241/3732 2233/3724 2240/3731
f 425/1063 426/1061 922/1062
f 683/773 682/772 681/771
f 683/773 681/771 671/760
f 683/773 671/760 602/794
f 2058/3390 2064/3396 2055/3387
f 2257/3940 2240/3947 2326/3941
f 430/465 431/466 503/540
f 430/465 417/452 431/466
f 430/465 429/464 417/452
f 1834/2885 1835/2886 1837/2889
f 1834/2885 1388/2882 1835/2886
f 918/1052 917/1050 679/1051
f 918/3402 2079/3425 917/3541
f 2130/3608 2144/3609 2064/3603
f 2130/3506 2131/3507 2143/3531
f 2130/3506 2143/3531 2144/3533
f 1980/3657 2184/3659 2183/3658
f 1980/3657 2183/3658 2179/3653
f 1980/3657 2182/3656 1981/3688
f 1980/3657 2179/3653 2182/3656
f 2185/3661 2201/3682 2184/3659
f 2185/3661 2297/3807 2201/3682
f 2185/3661 2186/3663 2187/3664
f 2185/3661 2187/3664 2297/3807
f 2282/3944 2326/3941 2283/3945
f 2282/3784 2253/3752 2254/3753
f 2282/3784 2283/3785 2253/3752
f 922/1062 426/1061 921/1060
f 922/3736 921/3737 2244/3735
f 1816/2832 1819/2836 1817/2833
f 1816/2832 1817/2833 1350/2829
f 216/240 217/241 236/263
f 216/240 215/239 217/241
f 639/705 242/733 641/707
f 639/705 641/707 640/706
f 753/3329 2028/3321 748/3325
f 753/848 748/843 734/829
f 2028/3321 2030/3324 748/3325
f 734/829 735/830 731/826
f 734/829 748/843 735/830
f 807/902 811/906 816/911
f 807/902 794/889 808/903
f 807/902 808/903 811/906
f 1007/1193 816/1201 811/1198
f 1007/1193 811/1198 1009/1195
f 2053/3385 2055/3387 2051/3383
f 2053/3385 2051/3383 2050/3382
f 2053/3385 2054/3386 2061/3393
f 2053/3385 2050/3382 2054/3386
f 2233/3724 2235/3726 2240/3731
f 2233/3724 2234/3725 2235/3726
f 2233/3724 2231/3722 2232/3723
f 2233/3724 2232/3723 2234/3725
f 731/826 735/830 759/854
f 2009/3332 759/3340 2032/3330
f 2009/3332 2032/3330 2033/3331
f 2064/3396 2011/3397 2055/3387
f 2064/3396 2144/3533 2011/3397
f 2326/3941 2240/3947 2250/3948
f 2326/3941 2250/3948 2283/3945
f 794/889 822/917 808/903
f 2010/3290 2019/3292 822/3296
f 2010/3290 2018/3291 2019/3292
f 2055/3387 2011/3397 2051/3383
f 2131/3610 2046/3612 2143/3613
f 2131/3610 2141/3611 2046/3612
f 2254/3753 2253/3752 2252/3751
f 2254/3753 2252/3751 2255/3754
f 2240/3731 2235/3726 2250/3746
f 2144/3533 2143/3531 2012/3532
f 2144/3614 2012/3615 2011/3616
f 236/263 217/241 238/265
f 242/733 243/735 641/707
f 2283/3785 2303/3817 2253/3752
f 2283/3945 2250/3948 2303/3949
f 759/854 735/830 758/853
f 759/3340 758/3328 2032/3330
f 679/1051 917/1050 675/1045
f 426/1061 422/1055 921/1060
f 822/917 821/916 808/903
f 822/3296 2019/3292 821/3297
f 682/772 674/763 681/771
f 917/1050 916/1046 675/1045
f 917/3541 2133/3510 916/3514
f 917/3573 2079/3571 2133/3572
f 921/1060 422/1055 920/1057
f 921/3737 920/3740 2245/3739
f 921/3737 2245/3739 2244/3735
f 503/540 431/466 421/456
f 674/763 675/764 673/762
f 674/763 669/758 681/771
f 674/763 673/762 669/758
f 2143/3531 2013/3372 2012/3532
f 2143/3531 2046/3377 2013/3372
f 2253/3752 2303/3817 2247/3742
f 2253/3752 2247/3742 2252/3751
f 421/456 420/455 422/457
f 421/456 431/466 416/451
f 421/456 416/451 420/455
f 2051/3383 2011/3397 2014/3381
f 2051/3383 2014/3381 2050/3382
f 2011/3266 2012/3267 2013/3268
f 2011/3269 2013/3270 2014/3271
f 2141/3528 2043/3370 2046/3377
f 2255/3754 2252/3751 2256/3755
f 2250/3746 2235/3726 2236/3727
f 2250/3746 2247/3742 2303/3817
f 2250/3746 2236/3727 2247/3742
f 2235/3726 2234/3725 2236/3727
f 675/1045 916/1046 673/1047
f 422/1055 420/1056 920/1057
f 2030/3324 2036/3349 2031/3326
f 2030/3324 2031/3326 748/3325
f 2036/3349 2033/3331 2031/3326
f 2033/3331 2032/3330 2031/3326
f 2043/3370 1072/3371 1070/3369
f 2043/3370 2042/3368 2046/3377
f 2043/3370 1070/3369 2042/3368
f 2256/3755 1080/3842 1082/3845
f 2256/3755 2252/3751 2248/3743
f 2256/3755 2248/3743 1080/3842
f 2018/3291 2021/3303 1012/3300
f 2018/3291 1012/3300 2019/3292
f 2021/3303 1009/3304 1012/3300
f 1009/1195 811/1198 1012/1199
f 748/843 757/852 735/830
f 748/3325 2031/3326 757/3327
f 811/906 808/903 820/915
f 811/1198 820/1206 1012/1199
f 735/830 757/852 758/853
f 808/903 821/916 820/915
f 1837/2889 1835/2886 1694/2907
f 2032/3330 758/3328 2031/3326
f 2014/3271 2013/3270 2015/3272
f 2014/3381 2015/3366 2041/3367
f 2014/3381 2041/3367 2050/3382
f 2236/3727 2238/3729 2247/3742
f 2236/3727 2237/3728 2238/3729
f 2236/3727 2234/3725 2237/3728
f 2019/3292 1012/3300 821/3297
f 1819/2836 1676/2854 1817/2833
f 681/771 669/758 671/760
f 1409/1763 610/1762 1408/1761
f 1409/1763 1408/1761 1415/1770
f 1371/1715 1370/1713 620/1714
f 1371/1715 1377/1722 1370/1713
f 431/466 417/452 416/451
f 758/3328 757/3327 2031/3326
f 669/758 673/762 670/759
f 669/758 670/759 671/760
f 217/241 215/239 238/265
f 641/707 243/735 640/706
f 416/451 418/453 420/455
f 416/451 417/452 418/453
f 821/3297 1012/3300 820/3302
f 1058/1289 1053/1284 1072/1288
f 1058/1269 1057/1268 1053/1264
f 1065/1302 1082/1301 1060/1297
f 1065/1279 1060/1274 1064/1278
f 1072/1288 1053/1284 1070/1286
f 1082/1301 1080/1298 1060/1297
f 916/1046 670/1048 673/1047
f 916/1046 672/1049 670/1048
f 916/3514 2133/3510 672/3511
f 2013/3372 2046/3377 2042/3368
f 2013/3372 2042/3368 2015/3366
f 1057/1268 1054/1265 1053/1264
f 1057/3517 2134/3516 1054/3515
f 1064/1278 1060/1274 1062/1276
f 1064/3668 1062/3667 2188/3665
f 2252/3751 2247/3742 2248/3743
f 2247/3742 2238/3729 2248/3743
f 920/1057 420/1056 418/1058
f 920/1057 418/1058 419/1059
f 920/3740 419/3747 2245/3739
f 602/794 671/760 603/770
f 602/649 603/650 232/646
f 2079/3571 2061/3574 2085/3568
f 2079/3571 2104/3570 2133/3572
f 2079/3571 2085/3568 2104/3570
f 2244/3735 2288/3791 2231/3722
f 2244/3926 2245/3925 2223/3922
f 2244/3926 2223/3922 2288/3927
f 429/464 428/463 417/452
f 429/658 605/654 428/659
f 2054/3386 2083/3442 2061/3393
f 2054/3386 2147/3538 2083/3442
f 2054/3386 2050/3382 2147/3538
f 2015/3366 2042/3368 2038/3362
f 2015/3366 2039/3364 2041/3367
f 2015/3366 2038/3362 2039/3364
f 2238/3729 2249/3744 2248/3743
f 2238/3729 2237/3728 2239/3730
f 2238/3729 2239/3730 2249/3744
f 2232/3723 2231/3722 2230/3721
f 2232/3723 2230/3721 2285/3787
f 2232/3723 2285/3787 2234/3725
f 2061/3393 2083/3442 2084/3443
f 2061/3393 2084/3443 2085/3444
f 2042/3368 1070/3369 2038/3362
f 2184/3659 2202/3683 2183/3658
f 2184/3659 2201/3682 2202/3683
f 2248/3743 2249/3744 1080/3842
f 2231/3722 2228/3719 2230/3721
f 2231/3722 2288/3791 2228/3719
f 20/40 22/42 21/41
f 20/2874 1423/2875 22/2876
f 883/1964 21/1965 884/1966
f 883/1000 884/1001 881/998
f 21/1965 22/1967 884/1966
f 2083/3442 2121/3496 2084/3443
f 2083/3442 2147/3538 2121/3496
f 2230/3721 2228/3719 2229/3720
f 2230/3721 2229/3720 2285/3787
f 894/1969 895/1970 24/1971
f 894/1016 892/1014 895/1017
f 24/44 26/46 25/45
f 24/1971 895/1970 26/1972
f 25/2821 26/2823 1386/2822
f 881/2521 611/2520 613/2522
f 881/1448 884/1447 1186/1446
f 881/2521 1186/2516 611/2520
f 671/760 670/759 672/761
f 671/760 672/761 680/769
f 671/760 680/769 603/770
f 417/452 419/454 418/453
f 417/452 427/462 419/454
f 417/452 428/463 427/462
f 892/2479 623/2480 622/2478
f 892/1440 1182/1438 895/1439
f 892/2479 622/2478 1182/2473
f 1693/2498 1694/2499 1692/2497
f 1693/2498 1691/2496 170/2513
f 1693/2498 1692/2497 1691/2496
f 2084/3443 2121/3496 2087/3446
f 2084/3443 2086/3445 2085/3444
f 2084/3443 2087/3446 2086/3445
f 238/265 215/239 245/272
f 238/265 245/272 244/271
f 243/735 247/736 640/706
f 243/270 246/273 247/274
f 2228/3719 2227/3718 2229/3720
f 2228/3719 2288/3791 2226/3717
f 2228/3719 2226/3717 2227/3718
f 1675/2456 1674/2455 1676/2457
f 1675/2456 155/2477 1673/2454
f 1675/2456 1673/2454 1674/2455
f 2050/3382 2041/3367 2147/3538
f 2234/3725 2285/3787 2237/3728
f 1694/2907 1835/2886 1692/2906
f 1676/2854 1674/2853 1817/2833
f 2121/3496 2147/3538 2145/3536
f 2121/3496 2145/3536 2087/3446
f 2147/3538 2041/3367 2062/3394
f 2147/3542 2062/3543 2145/3544
f 2285/3787 2229/3720 2311/3838
f 2285/3787 2242/3733 2237/3728
f 2285/3787 2311/3838 2242/3733
f 2229/3720 2227/3718 2311/3838
f 2133/3510 2132/3509 672/3511
f 2133/3510 2104/3466 2132/3509
f 207/231 232/257 288/315
f 207/231 288/315 205/229
f 207/231 210/234 211/235
f 207/231 209/233 210/234
f 207/231 208/232 209/233
f 207/231 205/229 206/230
f 207/231 206/230 208/232
f 180/710 193/729 605/726
f 180/204 178/202 193/217
f 180/710 642/708 644/711
f 180/710 644/711 636/701
f 180/710 636/701 635/699
f 180/204 179/203 178/202
f 180/710 635/699 179/700
f 2245/3739 419/3747 2251/3748
f 2245/3925 2251/3924 2223/3922
f 613/673 611/671 610/670
f 215/239 224/248 245/272
f 215/239 223/247 224/248
f 215/239 211/235 223/247
f 640/706 247/736 650/717
f 640/706 650/717 649/716
f 640/706 649/716 642/708
f 623/683 620/680 622/682
f 610/1762 612/1737 1408/1761
f 610/670 611/671 612/672
f 620/1714 1370/1713 621/1689
f 620/680 621/681 622/682
f 170/1442 1184/1444 1183/1443
f 170/1442 1185/1445 1184/1444
f 170/2513 1691/2496 1185/2514
f 1183/2904 1184/2878 1832/2883
f 155/1435 1179/1434 1180/1436
f 155/1435 1180/1436 1181/1437
f 155/2477 1181/2475 1673/2454
f 1179/2851 1814/2830 1180/2825
f 1423/1783 1415/1770 1398/1751
f 1423/2875 1830/2877 22/2876
f 1423/2875 1398/2879 1830/2877
f 1386/1735 1360/1703 1377/1722
f 1386/2822 26/2823 1812/2824
f 1386/2822 1812/2824 1360/2826
f 2183/3658 2202/3683 2305/3820
f 2183/3658 2203/3685 2179/3653
f 2183/3658 2305/3820 2203/3685
f 2201/3682 2304/3818 2202/3683
f 2201/3883 2297/3886 2167/3884
f 2201/3883 2167/3884 2304/3885
f 1835/2886 1836/2887 1692/2906
f 1835/2886 1388/2882 1836/2887
f 2085/3444 2086/3445 2120/3495
f 2085/3568 2120/3569 2104/3570
f 2041/3367 2039/3364 2062/3394
f 2237/3728 2242/3733 2239/3730
f 2288/3791 2224/3715 2226/3717
f 2288/3791 2223/3714 2224/3715
f 1817/2833 1674/2853 1818/2834
f 1817/2833 1818/2834 1350/2829
f 672/3511 2132/3509 680/3512
f 419/3747 427/3749 2251/3748
f 1415/1770 1408/1761 1398/1751
f 2086/3445 2087/3446 2088/3447
f 2086/3445 2088/3447 2120/3495
f 2226/3717 2225/3716 2227/3718
f 2226/3717 2224/3715 2225/3716
f 1377/1722 1360/1703 1370/1713
f 884/2579 22/2580 1184/2581
f 884/1447 1184/1444 1186/1446
f 22/2876 1830/2877 1184/2878
f 1408/1761 1396/1749 1398/1751
f 1408/1761 1406/1759 1396/1749
f 1408/1761 612/1737 1406/1759
f 1370/1713 1360/1703 1358/1701
f 1370/1713 1358/1701 1368/1711
f 1370/1713 1368/1711 621/1689
f 895/2576 1180/2577 26/2578
f 895/1439 1182/1438 1180/1436
f 26/2823 1180/2825 1812/2824
f 1832/2883 1184/2878 1831/2881
f 1832/2883 1831/2881 1388/2882
f 1814/2830 1813/2828 1180/2825
f 1814/2830 1350/2829 1813/2828
f 2062/3394 2039/3364 2040/3365
f 2062/3394 2040/3365 2145/3536
f 2242/3733 2281/3783 2239/3730
f 2242/3733 2311/3838 2281/3783
f 1184/1444 1185/1445 1186/1446
f 1184/2878 1830/2877 1831/2881
f 1186/2516 1185/2514 615/2515
f 1186/2516 615/2515 611/2520
f 1182/1438 1181/1437 1180/1436
f 1182/2473 625/2474 1181/2475
f 1182/2473 622/2478 625/2474
f 1180/2825 1813/2828 1812/2824
f 2039/3364 2037/3361 2040/3365
f 2039/3364 2038/3362 2037/3361
f 2239/3730 2281/3783 2322/3874
f 2239/3730 2322/3874 2249/3744
f 2087/3446 2145/3536 2089/3448
f 2087/3446 2089/3448 2088/3447
f 2145/3545 2040/3546 2092/3547
f 2145/3536 2092/3451 2089/3448
f 2311/3838 2227/3718 2287/3790
f 2311/3965 2327/3964 2281/3960
f 2311/3965 2287/3966 2327/3964
f 2227/3718 2225/3716 2287/3790
f 288/748 660/742 663/745
f 288/748 289/747 660/742
f 288/1142 663/1141 855/1134
f 288/315 232/257 289/316
f 288/955 855/956 205/957
f 2040/3365 2037/3361 2049/3380
f 2040/3365 2049/3380 2146/3537
f 2040/3546 2146/3548 2092/3547
f 1053/1284 1055/1285 1070/1286
f 1053/1264 1054/1265 1055/1266
f 224/248 248/275 245/272
f 224/248 223/247 248/275
f 245/272 248/275 244/271
f 247/736 250/737 650/717
f 247/274 246/273 250/277
f 650/717 250/737 649/716
f 1060/1297 1080/1298 1061/1299
f 1060/1274 1061/1275 1062/1276
f 2281/3960 2310/3961 2322/3962
f 2281/3960 2302/3963 2310/3961
f 2281/3960 2327/3964 2302/3963
f 193/729 659/741 658/740
f 193/729 658/740 606/730
f 193/1181 194/1173 659/1180
f 193/729 606/730 605/726
f 193/217 178/202 194/218
f 1185/2514 1691/2496 1690/2492
f 1185/2514 1690/2492 615/2515
f 1070/3369 2048/3379 2038/3362
f 1070/3369 1071/3534 2048/3379
f 1070/1286 1055/1285 1071/1287
f 1080/3928 2249/3929 2325/3930
f 1080/3928 2325/3930 1081/3934
f 1080/1298 1081/1300 1061/1299
f 1181/2475 1672/2450 1673/2454
f 1181/2475 625/2474 1672/2450
f 1830/2877 1397/2880 1831/2881
f 1830/2877 1398/2879 1397/2880
f 2104/3466 664/3508 2132/3509
f 2104/3466 2120/3495 2091/3450
f 2104/3466 2100/3459 664/3508
f 2104/3466 2094/3453 2100/3459
f 2104/3466 2091/3450 2094/3453
f 1054/3515 2134/3516 2115/3485
f 1054/1265 1056/1267 1055/1266
f 1054/3515 2115/3485 1056/3486
f 1062/3667 2189/3666 2188/3665
f 1062/1276 1061/1275 1063/1277
f 1062/3667 1063/3669 2189/3666
f 2223/3922 2251/3924 667/3923
f 2223/3714 2221/3712 2224/3715
f 2223/3922 667/3923 2324/3916
f 2223/3922 2324/3916 2217/3921
f 2223/3714 2217/3708 2221/3712
f 1812/2824 1813/2828 1359/2827
f 1812/2824 1359/2827 1360/2826
f 2037/3361 1045/3363 2049/3380
f 2037/3361 2038/3362 1045/3363
f 2134/3829 1981/3688 2115/3828
f 2188/3665 2189/3666 2186/3663
f 2322/3933 1069/3931 2249/3929
f 2322/3874 2310/3837 1069/3836
f 2132/3509 664/3508 661/3513
f 2132/3575 661/3578 2150/3576
f 2132/3575 2150/3576 680/3577
f 2146/3562 2049/3566 1048/3563
f 2146/3537 2093/3452 2092/3451
f 2146/3562 1048/3563 2118/3564
f 2146/3537 2102/3461 2093/3452
f 2146/3537 2118/3492 2102/3461
f 2302/3816 2308/3825 2310/3837
f 2302/3816 2211/3699 2308/3825
f 2302/3963 2327/3964 2220/3968
f 2302/3816 2220/3711 2292/3799
f 2302/3816 2292/3799 2211/3699
f 2251/3748 666/3794 667/3795
f 2251/3748 2290/3793 666/3794
f 2251/3748 427/3749 2290/3793
f 1831/2881 1397/2880 1388/2882
f 1813/2828 1350/2829 1359/2827
f 2120/3495 2088/3447 2091/3450
f 2049/3380 1045/3363 1047/3497
f 2049/3566 1047/3567 1048/3563
f 2038/3362 2048/3379 1045/3363
f 2249/3929 1069/3931 2325/3930
f 2310/3837 2309/3835 1069/3836
f 2310/3837 2308/3825 2309/3835
f 2224/3715 2221/3712 2225/3716
f 1692/2906 1836/2887 1419/2908
f 1692/2497 1419/2494 1691/2496
f 223/247 211/235 248/275
f 649/716 250/737 642/708
f 1674/2853 1381/2855 1818/2834
f 1674/2455 1673/2454 1381/2452
f 664/749 662/744 661/743
f 664/2417 1660/2412 662/2414
f 664/3508 2100/3459 1660/3491
f 1045/1256 1046/1257 1047/1258
f 1045/1273 1059/1270 1046/1272
f 1045/3363 2048/3379 1059/3530
f 1981/3688 2182/3656 2180/3654
f 1981/3688 2301/3814 2115/3828
f 1981/3688 2180/3654 2301/3814
f 2182/3656 2179/3653 2180/3654
f 2187/3664 2186/3663 2312/3839
f 2187/3664 2312/3839 2297/3807
f 2186/3663 2189/3666 2199/3680
f 2186/3663 2199/3680 2312/3839
f 1069/3836 2309/3835 1068/3834
f 1069/1283 1068/1282 1066/1280
f 1069/3931 1066/3932 2325/3930
f 667/756 666/752 665/751
f 667/2428 665/2425 1666/2424
f 667/3923 1666/3919 2324/3916
f 660/742 662/744 663/745
f 660/742 661/743 662/744
f 660/742 604/746 661/743
f 660/742 289/747 604/746
f 2088/3447 2090/3449 2091/3450
f 2088/3447 2089/3448 2090/3449
f 2225/3716 2221/3712 2289/3792
f 2225/3716 2289/3792 2287/3790
f 658/750 659/753 665/751
f 658/750 665/751 666/752
f 658/750 666/752 607/754
f 658/750 607/754 606/755
f 662/948 848/943 663/947
f 662/2414 1660/2412 848/2411
f 663/947 848/943 850/945
f 663/1141 850/1139 855/1134
f 659/953 852/949 665/954
f 659/953 853/950 852/949
f 659/1180 194/1173 853/1178
f 665/2425 852/2422 1666/2424
f 1388/2882 1410/2888 1836/2887
f 1388/1741 1397/1750 1392/1745
f 1388/1741 1389/1742 1390/1743
f 1388/2882 1390/2910 1410/2888
f 1388/1741 1392/1745 1389/1742
f 661/3578 1721/3579 2150/3576
f 661/2560 604/2559 1721/2558
f 666/3794 2290/3793 668/3796
f 666/752 668/757 607/754
f 1350/2829 1818/2834 1372/2835
f 1350/1693 1353/1696 1359/1702
f 1350/1693 1351/1694 1352/1695
f 1350/1693 1352/1695 1353/1696
f 1350/2829 1372/2835 1351/2857
f 248/275 211/235 297/324
f 248/1954 297/1955 974/1953
f 248/1954 974/1953 253/1949
f 248/275 253/280 244/271
f 250/737 296/738 642/708
f 250/277 269/296 296/323
f 250/277 251/278 269/296
f 250/277 246/273 251/278
f 211/235 210/234 297/324
f 642/708 296/738 644/711
f 232/646 603/650 289/651
f 1047/1258 1046/1257 1048/1259
f 1046/1272 1059/1270 1049/1271
f 1046/1257 1049/1260 1048/1259
f 1068/3834 2309/3835 2308/3825
f 1068/1282 1067/1281 1066/1280
f 1068/3834 2308/3825 1067/3678
f 605/654 606/660 428/659
f 680/3577 2150/3576 603/3580
f 2100/3459 1662/3467 1660/3491
f 2100/3459 2101/3460 1662/3467
f 2100/3459 2097/3456 2101/3460
f 2100/3459 2094/3453 2097/3456
f 2324/3916 1667/3917 2306/3918
f 2324/3916 1666/3919 1667/3917
f 2324/3916 2306/3918 2219/3920
f 2324/3916 2219/3920 2217/3921
f 427/3749 428/3797 2290/3793
f 1836/2887 1410/2888 1419/2908
f 2150/3576 1721/3579 603/3580
f 2290/3793 428/3797 668/3796
f 1818/2834 1381/2855 1372/2835
f 1397/1750 1398/1751 1392/1745
f 2048/3379 1071/3534 1059/3530
f 1071/3534 1055/3535 1059/3530
f 1081/3934 2325/3930 1066/3932
f 1081/3934 1066/3932 1061/3935
f 1359/1702 1353/1696 1360/1703
f 603/650 604/652 289/651
f 603/2557 1721/2558 604/2559
f 1055/1266 1056/1267 1059/1270
f 1061/1275 1066/1280 1063/1277
f 428/659 606/660 607/661
f 428/2561 607/2562 668/2563
f 1059/1270 1056/1267 1049/1271
f 2202/3879 2168/3881 2305/3882
f 2202/3879 2304/3880 2168/3881
f 1066/1280 1067/1281 1063/1277
f 297/324 210/234 304/331
f 297/1133 304/1131 974/1129
f 1056/3486 2115/3485 2113/3481
f 1056/3486 2113/3481 1049/3483
f 1063/3669 2190/3670 2189/3666
f 1063/3669 1067/3678 2190/3670
f 296/738 637/702 644/711
f 296/1172 269/1168 637/1170
f 1691/2496 1419/2494 1690/2492
f 1673/2454 1672/2450 1381/2452
f 1398/1751 1396/1749 1392/1745
f 1360/1703 1353/1696 1358/1701
f 1396/1749 1406/1759 1394/1747
f 1396/1749 1394/1747 1392/1745
f 1358/1701 1356/1699 1368/1711
f 1358/1701 1353/1696 1356/1699
f 1406/1759 612/1737 1387/1739
f 1406/1759 1405/1758 1394/1747
f 1406/1759 1402/1755 1405/1758
f 1406/1759 1387/1739 1402/1755
f 210/234 209/233 304/331
f 644/711 637/702 636/701
f 1368/1711 1349/1690 621/1689
f 1368/1711 1356/1699 1367/1710
f 1368/1711 1367/1710 1364/1707
f 1368/1711 1364/1707 1349/1690
f 611/671 615/675 612/672
f 2091/3450 2090/3449 2093/3452
f 2091/3450 2093/3452 2094/3453
f 2221/3712 2220/3711 2289/3792
f 2221/3712 2217/3708 2220/3711
f 622/682 621/681 625/685
f 2090/3449 2089/3448 2092/3451
f 2090/3449 2092/3451 2093/3452
f 2115/3828 2301/3814 2114/3810
f 2115/3485 2114/3484 2113/3481
f 2189/3666 2191/3671 2199/3680
f 2189/3666 2190/3670 2191/3671
f 2289/3967 2327/3964 2287/3966
f 2289/3967 2220/3968 2327/3964
f 612/672 615/675 616/676
f 612/1737 616/1738 1387/1739
f 621/681 626/686 625/685
f 621/1689 1349/1690 626/1691
f 304/1897 209/1896 975/1894
f 304/1131 975/1130 974/1129
f 2301/3814 2180/3654 2181/3655
f 2301/3814 2181/3655 2114/3810
f 2199/3680 2294/3801 2312/3839
f 2199/3680 2191/3671 2294/3801
f 637/702 634/698 636/701
f 637/1170 269/1168 634/1169
f 1418/1773 1419/1774 1410/1764
f 1418/2495 1417/2493 1419/2494
f 1418/1773 1410/1764 1417/1772
f 1419/2494 1417/2493 1690/2492
f 2179/3653 2177/3651 2180/3654
f 2179/3653 2176/3650 2177/3651
f 2179/3653 2203/3685 2176/3650
f 2297/3807 2312/3839 2293/3800
f 2297/3807 2293/3800 2173/3647
f 2297/3807 2173/3647 2167/3639
f 1381/1726 1380/1725 1372/1716
f 1381/2452 1379/2451 1380/2453
f 1381/2452 1672/2450 1379/2451
f 1380/1725 1379/1724 1372/1716
f 1390/1743 1389/1742 1391/1744
f 1390/1743 1391/1744 1410/1764
f 1389/1742 1393/1746 1391/1744
f 1389/1742 1392/1745 1393/1746
f 1049/3483 2113/3481 1050/3482
f 1049/1260 1050/1261 1048/1259
f 1067/3678 2198/3679 2190/3670
f 1067/3678 2308/3825 2198/3679
f 1352/1695 1351/1694 1354/1697
f 1352/1695 1354/1697 1355/1698
f 1352/1695 1355/1698 1353/1696
f 1351/1694 1372/1716 1354/1697
f 1391/1744 1399/1752 1410/1764
f 1391/1744 1395/1748 1399/1752
f 1391/1744 1393/1746 1395/1748
f 2180/3654 2177/3651 2181/3655
f 2312/3887 2294/3888 2293/3889
f 1354/1697 1372/1716 1361/1704
f 1354/1697 1361/1704 1357/1700
f 1354/1697 1357/1700 1355/1698
f 209/1896 1461/1891 975/1894
f 209/1896 208/1895 1461/1891
f 636/701 634/698 631/695
f 636/701 631/695 635/699
f 974/1129 975/1130 973/1128
f 974/1129 973/1128 972/1127
f 974/1953 972/1952 253/1949
f 269/1168 632/1167 634/1169
f 269/1168 270/1166 632/1167
f 269/296 251/278 270/297
f 975/1894 1461/1891 973/1893
f 634/698 632/696 631/695
f 1392/1745 1394/1747 1393/1746
f 1353/1696 1355/1698 1356/1699
f 1394/1747 1405/1758 1395/1748
f 1394/1747 1395/1748 1393/1746
f 1356/1699 1357/1700 1367/1710
f 1356/1699 1355/1698 1357/1700
f 1405/1758 1402/1755 1395/1748
f 2113/3481 2114/3484 2112/3480
f 2113/3481 2111/3479 1050/3482
f 2113/3481 2112/3480 2111/3479
f 2190/3670 2192/3672 2191/3671
f 2190/3670 2198/3679 2193/3673
f 2190/3670 2193/3673 2192/3672
f 1367/1710 1357/1700 1364/1707
f 1662/2415 1661/2413 1660/2412
f 1662/3467 2101/3460 2097/3456
f 1662/3467 2097/3456 1663/3462
f 1662/2415 1663/2416 1661/2413
f 1048/1259 1050/1261 1051/1262
f 1048/3563 1051/3565 2118/3564
f 2308/3825 2299/3809 2198/3679
f 2308/3911 2211/3912 2299/3913
f 1667/3822 2219/3710 2306/3823
f 1667/2426 1666/2424 1665/2423
f 1667/3822 1668/3821 2219/3710
f 1667/2426 1665/2423 1668/2427
f 1410/1764 1399/1752 1417/1772
f 848/2411 1660/2412 1661/2413
f 848/943 849/944 850/945
f 848/2411 1661/2413 849/2410
f 852/2422 1665/2423 1666/2424
f 852/949 853/950 854/951
f 852/2422 854/2421 1665/2423
f 1372/1716 1379/1724 1361/1704
f 1399/1752 1395/1748 1400/1753
f 1399/1752 1416/1771 1417/1772
f 1399/1752 1400/1753 1416/1771
f 1361/1704 1362/1705 1357/1700
f 1361/1704 1379/1724 1378/1723
f 1361/1704 1378/1723 1362/1705
f 1395/1748 1402/1755 1401/1754
f 1395/1748 1401/1754 1400/1753
f 972/1127 973/1128 971/1126
f 972/1952 970/1950 253/1949
f 972/1127 971/1126 970/1125
f 270/1166 992/1165 632/1167
f 270/297 251/278 285/312
f 270/1166 285/1164 992/1165
f 1357/1700 1363/1706 1364/1707
f 1357/1700 1362/1705 1363/1706
f 1417/2493 1416/2491 1690/2492
f 1379/2451 1672/2450 1378/2449
f 855/956 856/958 205/957
f 855/1134 850/1139 977/1135
f 855/1134 977/1135 856/1136
f 205/229 200/224 206/230
f 205/957 856/958 198/959
f 205/229 198/222 200/224
f 850/945 849/944 851/946
f 850/1139 851/1123 968/1122
f 850/1139 968/1122 977/1135
f 2093/3452 2102/3461 2095/3454
f 2093/3452 2095/3454 2094/3453
f 2220/3711 2214/3703 2292/3799
f 2220/3711 2217/3708 2214/3703
f 853/1178 194/1173 994/1175
f 853/950 307/952 854/951
f 853/1178 990/1161 307/1162
f 853/1178 994/1175 990/1161
f 178/202 195/219 194/218
f 178/202 179/203 172/196
f 178/202 171/195 195/219
f 178/202 172/196 171/195
f 194/1173 195/1174 994/1175
f 1663/3462 2097/3456 2098/3457
f 1663/2416 1659/2408 1661/2413
f 1663/3462 2098/3457 2099/3458
f 1663/3462 2099/3458 1659/3463
f 2097/3456 2096/3455 2098/3457
f 2097/3456 2094/3453 2096/3455
f 2114/3810 2181/3655 2208/3693
f 2114/3810 2208/3693 2112/3815
f 2176/3650 2174/3648 2177/3651
f 2176/3650 2203/3685 2170/3644
f 2176/3650 2170/3644 2174/3648
f 2173/3647 2293/3800 2169/3641
f 2173/3647 2156/3624 2167/3639
f 2173/3647 2169/3641 2156/3624
f 2191/3671 2200/3681 2294/3801
f 2191/3671 2192/3672 2200/3681
f 2219/3710 1668/3821 2218/3709
f 2219/3710 2218/3709 2215/3704
f 2219/3710 2215/3704 2217/3708
f 1668/3821 2216/3705 2218/3709
f 1668/2427 1665/2423 1664/2418
f 1668/3821 1664/3707 2216/3705
f 2181/3655 2177/3651 2208/3693
f 2294/3888 2200/3890 2293/3889
f 1050/1261 1052/1263 1051/1262
f 1050/3482 2111/3479 1052/3490
f 2198/3679 2299/3809 2196/3676
f 2198/3679 2196/3676 2193/3673
f 1690/2492 617/2517 615/2515
f 1690/2492 1416/2491 1689/2485
f 1690/2492 1689/2485 617/2517
f 1402/1755 1387/1739 1403/1756
f 1402/1755 1403/1756 1401/1754
f 1364/1707 1365/1708 1349/1690
f 1364/1707 1363/1706 1365/1708
f 1672/2450 625/2474 627/2476
f 1672/2450 1671/2443 1378/2449
f 1672/2450 627/2476 1671/2443
f 615/675 617/677 616/676
f 625/685 626/686 627/687
f 1416/1771 1400/1753 1412/1766
f 1416/2491 1412/2490 1689/2485
f 849/2410 1661/2413 1659/2408
f 849/2410 1659/2408 851/2407
f 2098/3457 2096/3455 2099/3458
f 2218/3709 2216/3705 2215/3704
f 854/2421 1664/2418 1665/2423
f 854/2421 307/2419 1664/2418
f 1378/1723 1374/1718 1362/1705
f 1378/2449 1671/2443 1374/2448
f 2099/3458 1469/3464 1659/3463
f 2099/3458 2096/3455 2116/3488
f 2099/3458 2116/3488 1469/3464
f 2216/3705 1664/3707 306/3706
f 2216/3705 2213/3702 2215/3704
f 2216/3705 306/3706 2213/3702
f 616/1738 618/1740 1387/1739
f 616/676 617/677 618/678
f 1387/1739 618/1740 1403/1756
f 626/1691 1349/1690 628/1692
f 626/686 628/688 627/687
f 1349/1690 1365/1708 628/1692
f 2177/3651 2174/3648 2208/3693
f 2293/3889 2200/3890 2169/3891
f 2095/3454 2102/3461 2103/3465
f 2095/3454 2096/3455 2094/3453
f 2095/3454 2103/3465 2116/3488
f 2095/3454 2116/3488 2096/3455
f 2102/3461 2105/3468 2103/3465
f 2102/3461 2118/3492 2105/3468
f 1461/1891 961/1892 973/1893
f 1461/1891 208/1895 961/1892
f 631/695 632/696 633/697
f 631/695 633/697 635/699
f 2292/3799 2214/3703 2212/3700
f 2292/3799 2212/3700 2209/3696
f 2292/3799 2209/3696 2211/3699
f 2214/3703 2213/3702 2212/3700
f 2214/3703 2217/3708 2215/3704
f 2214/3703 2215/3704 2213/3702
f 851/2407 1659/2408 1469/2409
f 851/1957 1469/1956 970/1950
f 851/1123 970/1125 960/1113
f 851/1123 960/1113 958/1111
f 851/1123 958/1111 968/1122
f 2103/3465 2105/3468 1093/3469
f 2103/3465 1467/3487 2116/3488
f 2103/3465 1093/3469 1467/3487
f 2105/3468 1092/3470 1093/3469
f 2105/3468 2118/3492 2119/3493
f 2105/3468 2119/3493 2106/3471
f 2105/3468 2106/3471 1092/3470
f 973/1128 961/1114 971/1126
f 632/1167 992/1165 633/1153
f 2209/3696 2212/3700 1099/3698
f 2209/3696 2210/3697 2211/3699
f 2209/3696 1099/3698 1098/3695
f 2209/3696 2207/3692 2210/3697
f 2209/3696 1098/3695 2207/3692
f 2212/3700 1471/3701 1099/3698
f 2212/3700 2213/3702 1471/3701
f 1664/2418 307/2419 306/2420
f 307/334 285/312 306/333
f 307/1162 984/1152 285/1164
f 307/1162 983/1150 984/1152
f 307/1162 990/1161 983/1150
f 208/1895 206/1898 961/1892
f 253/1317 1093/1319 1092/1316
f 253/1949 1465/1945 1093/1948
f 253/1949 970/1950 1466/1946
f 253/1317 1092/1316 267/1315
f 253/1949 1466/1946 1465/1945
f 253/280 267/294 244/271
f 251/1327 1098/1326 1099/1329
f 251/1962 1099/1961 1470/1958
f 251/278 295/322 285/312
f 251/1327 252/1325 1098/1326
f 251/1962 1470/1958 295/1960
f 251/278 246/273 252/279
f 635/699 633/697 179/700
f 1400/1753 1407/1760 1412/1766
f 1400/1753 1401/1754 1407/1760
f 971/1126 961/1114 960/1113
f 971/1126 960/1113 970/1125
f 992/1165 984/1152 633/1153
f 992/1165 285/1164 984/1152
f 1362/1705 1374/1718 1369/1712
f 1362/1705 1369/1712 1363/1706
f 1051/3494 2110/3478 2118/3492
f 1051/3494 1052/3490 2110/3478
f 2299/3913 2211/3912 2205/3914
f 2299/3809 2205/3689 2196/3676
f 961/1892 206/1898 959/1899
f 961/1114 959/1112 960/1113
f 633/1153 984/1152 188/1151
f 633/697 188/703 179/700
f 1469/3464 2116/3488 2148/3539
f 1469/1956 1468/1951 970/1950
f 1469/3464 2148/3539 1468/3540
f 2116/3488 1467/3487 2148/3539
f 1093/1948 1465/1945 1467/1947
f 2118/3492 2117/3489 2119/3493
f 2118/3492 2110/3478 2117/3489
f 2203/3685 2305/3820 2165/3635
f 2203/3685 2165/3635 2170/3644
f 2305/3820 2168/3640 2165/3635
f 2304/3818 2167/3639 2158/3626
f 2304/3818 2158/3626 2168/3640
f 2167/3639 2156/3624 2158/3626
f 2211/3699 2210/3697 2291/3798
f 2211/3912 2291/3915 2205/3914
f 1099/1961 1471/1959 1470/1958
f 2213/3702 306/3706 2222/3713
f 2213/3702 2222/3713 1471/3701
f 306/333 285/312 305/332
f 306/3706 305/3833 2222/3713
f 970/1950 1468/1951 1466/1946
f 2119/3493 2117/3489 2106/3471
f 2210/3697 2207/3692 2291/3798
f 285/312 295/322 305/332
f 2106/3471 1091/3472 1092/3470
f 2106/3471 2117/3489 2107/3473
f 2106/3471 2107/3473 1091/3472
f 2207/3692 1098/3695 1096/3691
f 2207/3692 2206/3690 2291/3798
f 2207/3692 1096/3691 2206/3690
f 1689/2485 1412/2490 1687/2481
f 1689/2485 619/2486 617/2517
f 1689/2485 1687/2481 1688/2483
f 1689/2485 1688/2483 619/2486
f 1671/2443 1670/2442 1374/2448
f 1671/2443 627/2476 629/2444
f 1671/2443 1669/2439 1670/2442
f 1671/2443 629/2444 1669/2439
f 2111/3479 2108/3474 1052/3490
f 2111/3479 2112/3480 2109/3477
f 2111/3479 2109/3477 2108/3474
f 2193/3673 2196/3676 2195/3675
f 2193/3673 2194/3674 2192/3672
f 2193/3673 2195/3675 2194/3674
f 1412/2490 1407/2489 1687/2481
f 2208/3693 2175/3649 2112/3815
f 2208/3693 2174/3648 2175/3649
f 2200/3681 2192/3672 2300/3813
f 2200/3890 2300/3892 2169/3891
f 1374/2448 1670/2442 1369/2447
f 2148/3539 1467/3487 1468/3540
f 1092/1316 1091/1313 267/1315
f 1052/3490 2108/3474 2110/3478
f 2196/3676 2205/3689 2195/3675
f 1098/1326 252/1325 1096/1323
f 2222/3713 305/3833 1471/3701
f 617/677 619/679 618/678
f 1468/3279 1467/3280 1466/3281
f 1465/1945 1466/1946 1467/1947
f 2112/3815 2175/3649 2109/3827
f 2192/3672 2194/3674 2300/3813
f 1470/1958 1471/1959 295/1960
f 1471/1959 305/1963 295/1960
f 627/687 628/688 629/689
f 1403/1756 618/1740 1404/1757
f 1403/1756 1404/1757 1401/1754
f 2117/3489 2110/3478 2107/3473
f 2291/3798 2206/3690 2205/3689
f 1365/1708 1366/1709 628/1692
f 1365/1708 1363/1706 1366/1709
f 2107/3473 2108/3474 1091/3472
f 2107/3473 2110/3478 2108/3474
f 2168/3640 2161/3629 2165/3635
f 2168/3640 2158/3626 2161/3629
f 2206/3690 1096/3691 2195/3675
f 2206/3690 2195/3675 2205/3689
f 618/1740 1413/1767 1404/1757
f 618/2488 619/2486 1413/2487
f 628/2446 1375/2445 629/2444
f 628/1692 1366/1709 1375/1719
f 2174/3648 2172/3646 2175/3649
f 2174/3648 2170/3644 2172/3646
f 2169/3641 2300/3813 2157/3625
f 2169/3641 2157/3625 2156/3624
f 1401/1754 1404/1757 1407/1760
f 1363/1706 1369/1712 1366/1709
f 206/1898 200/1900 959/1899
f 960/1113 959/1112 958/1111
f 267/1315 1091/1313 280/1310
f 267/294 280/307 244/271
f 252/1325 268/1320 1096/1323
f 252/279 246/273 268/295
f 984/1152 983/1150 188/1151
f 179/203 188/212 172/196
f 959/1899 200/1900 957/1901
f 959/1112 957/1110 958/1111
f 1091/3472 2108/3474 1090/3475
f 1091/1313 1090/1311 280/1310
f 1096/3691 1095/3694 2195/3675
f 1096/1323 268/1320 1095/1322
f 188/212 187/211 172/196
f 188/1151 983/1150 187/1149
f 1407/2489 1411/2482 1687/2481
f 1407/1760 1404/1757 1411/1765
f 1687/2481 1411/2482 1688/2483
f 1670/2442 1373/2441 1369/2447
f 1670/2442 1669/2439 1373/2441
f 1369/1712 1373/1717 1366/1709
f 968/1122 969/1124 977/1135
f 968/1122 958/1111 953/1106
f 968/1122 953/1106 969/1124
f 2165/3635 2166/3636 2170/3644
f 2165/3635 2161/3629 2164/3633
f 2165/3635 2164/3633 2166/3636
f 2158/3626 2156/3624 2155/3623
f 2158/3626 2159/3627 2161/3629
f 2158/3626 2155/3623 2159/3627
f 990/1161 994/1175 991/1163
f 990/1161 981/1145 983/1150
f 990/1161 991/1163 981/1145
f 1404/1757 1413/1767 1411/1765
f 619/2486 1688/2483 1414/2484
f 619/2486 1414/2484 1413/2487
f 629/2444 1376/2440 1669/2439
f 629/2444 1375/2445 1376/2440
f 1366/1709 1373/1717 1375/1719
f 1688/2483 1411/2482 1414/2484
f 1411/1765 1413/1767 1414/1768
f 2108/3474 2109/3477 1462/3476
f 2108/3474 1462/3476 1090/3475
f 2195/3675 2307/3824 2194/3674
f 2195/3675 1095/3694 2307/3824
f 1669/2439 1376/2440 1373/2441
f 1373/1717 1376/1720 1375/1719
f 2175/3649 1462/3819 2109/3827
f 2175/3649 2172/3646 2178/3652
f 2175/3649 2178/3652 1462/3819
f 2300/3893 2194/3896 2307/3894
f 2300/3813 2160/3628 2157/3625
f 2300/3893 2307/3894 2160/3895
f 280/1310 1090/1311 1022/1312
f 280/1310 1022/1312 244/1318
f 268/1320 1094/1321 1095/1322
f 268/1320 246/1328 1094/1321
f 1090/1311 1023/1314 1022/1312
f 1090/1912 1462/1910 1023/1909
f 1095/1322 1094/1321 1097/1324
f 1095/3694 1097/3843 2307/3824
f 856/1136 977/1135 857/1137
f 856/958 857/960 198/959
f 977/1135 978/1138 857/1137
f 977/1135 969/1124 978/1138
f 2172/3646 2170/3644 2171/3645
f 2172/3646 2171/3645 2178/3652
f 2170/3644 2166/3636 2171/3645
f 2156/3624 2157/3625 2154/3620
f 2156/3624 2154/3620 2155/3623
f 2157/3625 2160/3628 2154/3620
f 994/1175 195/1174 196/1176
f 994/1175 995/1177 991/1163
f 994/1175 196/1176 995/1177
f 195/219 171/195 196/220
f 198/222 199/223 200/224
f 198/959 857/960 201/961
f 198/222 201/225 199/223
f 171/195 172/196 173/197
f 171/195 174/198 196/220
f 171/195 173/197 174/198
f 200/1900 199/1902 957/1901
f 172/196 187/211 173/197
f 958/1111 957/1110 953/1106
f 983/1150 981/1145 187/1149
f 957/1901 199/1902 954/1903
f 957/1110 954/1107 953/1106
f 1022/1217 1023/1218 1021/1216
f 1022/1217 1021/1216 244/1215
f 2161/3629 2162/3630 2164/3633
f 2161/3629 2159/3627 2162/3630
f 1094/1994 246/1992 1478/1993
f 1094/1994 1478/1993 1097/1995
f 187/211 190/214 173/197
f 187/1149 981/1145 190/1147
f 1023/1909 1462/1910 1021/1911
f 2178/3652 1021/3826 1462/3819
f 2178/3652 2171/3645 1021/3826
f 244/271 249/276 246/273
f 244/1215 1021/1216 1020/1214
f 244/1215 1020/1214 278/1212
f 244/271 278/305 249/276
f 246/1992 1474/1984 1478/1993
f 246/1992 271/1985 1474/1984
f 246/273 249/276 271/298
f 2160/3628 2307/3824 1478/3622
f 2160/3628 1478/3622 2154/3620
f 1097/3975 1478/3976 2307/3977
f 1021/3826 2171/3645 1020/3812
f 1478/3622 1474/3621 2154/3620
f 2171/3645 1019/3811 1020/3812
f 2171/3645 2166/3636 1442/3687
f 2171/3645 1442/3687 1019/3811
f 2154/3620 1474/3621 1475/3618
f 2154/3620 2153/3617 2155/3623
f 2154/3620 1475/3618 2153/3617
f 857/960 858/962 201/961
f 857/2061 978/2062 858/2063
f 969/1124 976/1132 978/1138
f 969/1124 953/1106 955/1108
f 969/1124 955/1108 976/1132
f 991/1163 995/1177 993/1171
f 991/1163 982/1146 981/1145
f 991/1163 993/1171 982/1146
f 196/220 174/198 197/221
f 196/2064 197/2065 995/2066
f 1020/1214 1019/1213 278/1212
f 1474/1984 271/1985 1475/1986
f 201/225 202/226 199/223
f 201/961 858/962 203/963
f 201/225 203/227 202/226
f 174/198 173/197 175/199
f 174/198 176/200 197/221
f 174/198 175/199 176/200
f 278/1212 1019/1213 1018/1211
f 278/1212 1018/1211 279/1207
f 278/305 279/306 249/276
f 2166/3636 1441/3637 1442/3687
f 2166/3636 2164/3633 1441/3637
f 2155/3623 2153/3617 2204/3686
f 2155/3623 2204/3686 2159/3627
f 271/1985 1476/1987 1475/1986
f 271/1985 272/1988 1476/1987
f 271/298 249/276 272/299
f 1442/1823 1018/1822 1019/1824
f 1442/1823 1441/1821 1018/1822
f 2153/3617 1475/3618 1476/3619
f 2153/3617 1476/3619 2204/3686
f 1441/3637 2164/3633 1438/3638
f 1441/1821 1017/1818 1018/1822
f 1441/1821 1438/1817 1017/1818
f 2164/3633 2162/3630 1436/3634
f 2164/3633 1436/3634 1438/3638
f 2162/3630 2159/3627 1439/3631
f 2162/3630 1437/3684 1436/3634
f 2162/3630 1439/3631 1437/3684
f 2159/3627 2204/3686 2163/3632
f 2159/3627 2163/3632 1439/3631
f 2204/3876 1476/3877 1477/3878
f 2204/3686 1477/3643 2163/3632
f 1018/1211 1017/1210 279/1207
f 1476/1987 272/1988 1477/1989
f 978/1138 979/1140 858/1144
f 978/1138 976/1132 979/1140
f 995/1177 197/1183 996/1179
f 995/1177 996/1179 993/1171
f 279/1207 1017/1210 1016/1208
f 279/1207 1016/1208 249/1209
f 272/1988 1440/1990 1477/1989
f 272/1988 249/1991 1440/1990
f 1438/1817 1016/1816 1017/1818
f 1438/1817 1436/1813 1016/1816
f 2163/3632 1477/3643 1440/3642
f 2163/3632 1440/3642 1439/3631
f 199/1902 202/1904 954/1903
f 1436/1813 1024/1815 1016/1816
f 1436/1813 1437/1814 1024/1815
f 1439/1819 1024/1815 1437/1814
f 1439/1819 1440/1820 1024/1815
f 173/197 190/214 175/199
f 1016/1208 1024/1219 249/1209
f 249/1991 1024/1996 1440/1990
f 953/1106 954/1107 955/1108
f 981/1145 982/1146 190/1147
f 954/1903 202/1904 956/1905
f 954/1107 956/1109 955/1108
f 190/214 191/215 175/199
f 190/1147 982/1146 191/1148
f 858/962 298/964 203/963
f 858/1921 979/1920 298/1917
f 197/221 176/200 186/210
f 197/1930 186/1926 996/1929
f 203/227 298/325 286/313
f 203/227 204/228 202/226
f 203/227 286/313 204/228
f 176/200 175/199 177/201
f 176/200 181/205 186/210
f 176/200 177/201 181/205
f 976/1132 965/1119 979/1140
f 976/1132 955/1108 962/1115
f 976/1132 962/1115 965/1119
f 993/1171 996/1179 987/1158
f 993/1171 985/1154 982/1146
f 993/1171 987/1158 985/1154
f 979/1920 980/1913 298/1917
f 979/1140 965/1119 980/1143
f 996/1929 186/1926 997/1922
f 996/1179 997/1182 987/1158
f 298/325 303/330 286/313
f 298/1917 980/1913 303/1915
f 202/1904 204/1906 956/1905
f 175/199 191/215 177/201
f 186/210 181/205 189/213
f 186/1926 189/1923 997/1922
f 955/1108 956/1109 962/1115
f 982/1146 985/1154 191/1148
f 956/1905 204/1906 963/1907
f 956/1109 963/1116 962/1115
f 191/215 192/216 177/201
f 191/1148 985/1154 192/1156
f 286/313 287/314 204/228
f 286/313 303/330 287/314
f 181/205 177/201 182/206
f 181/205 182/206 189/213
f 965/1119 964/1118 980/1143
f 965/1119 962/1115 964/1118
f 987/1158 986/1157 985/1154
f 987/1158 997/1182 986/1157
f 204/1906 300/1908 963/1907
f 204/228 287/314 300/327
f 177/201 192/216 183/207
f 177/201 183/207 182/206
f 980/1913 966/1914 303/1915
f 980/1143 964/1118 966/1120
f 962/1115 963/1116 300/1117
f 962/1115 300/1117 964/1118
f 985/1154 183/1155 192/1156
f 985/1154 986/1157 183/1155
f 997/1922 189/1923 988/1924
f 997/1182 988/1159 986/1157
f 303/330 301/328 287/314
f 303/1915 966/1914 301/1916
f 189/213 182/206 184/208
f 189/1923 184/1925 988/1924
f 964/1118 300/1117 966/1120
f 986/1157 988/1159 183/1155
f 287/314 301/328 300/327
f 182/206 183/207 184/208
f 966/1914 967/1918 301/1916
f 966/1120 300/1117 967/1121
f 988/1159 989/1160 183/1155
f 988/1924 184/1925 989/1927
f 301/328 302/329 300/327
f 301/1916 967/1918 302/1919
f 300/2924 302/2925 967/2926
f 183/207 185/209 184/208
f 183/2927 989/2928 185/2929
f 184/1925 185/1928 989/1927
f 1582/2238 1581/2237 1571/2227
f 1582/2792 1571/2789 1625/2790
f 1582/2792 1625/2790 1580/2788
f 1587/2243 1597/2253 1598/2254
f 1642/2735 1587/2737 1598/2736
f 1596/2734 1642/2735 1598/2736
f 2366/4042 2336/4047 2364/4040
f 2366/4042 2329/4044 2336/4047
f 2366/4042 2364/4040 2365/4041
f 2366/4042 2365/4041 2367/4043
f 2366/4042 2367/4043 2329/4044
f 2336/4047 2342/4050 2364/4040
f 2336/3988 2337/3989 2342/3994
f 2336/3988 2329/3981 2331/3983
f 2336/3988 2331/3983 2337/3989
f 2365/4041 2364/4040 2363/4037
f 2365/4041 2351/4052 2367/4043
f 2365/4041 2363/4037 2355/4054
f 2365/4041 2355/4054 2351/4052
f 2342/4050 2345/4051 2364/4040
f 2342/3994 2344/3996 2345/3997
f 2342/3994 2343/3995 2344/3996
f 2342/3994 2337/3989 2343/3995
f 2364/4040 2346/4038 2363/4037
f 2364/4040 2345/4051 2346/4038
f 2329/4044 2367/4043 2332/4045
f 2329/3981 2332/3984 2330/3982
f 2329/3981 2330/3982 2331/3983
f 2367/4043 2368/4046 2332/4045
f 2367/4043 2350/4053 2368/4046
f 2367/4043 2351/4052 2350/4053
f 2363/4037 2346/4038 2348/4039
f 2363/4037 2348/4039 2356/4061
f 2363/4037 2356/4061 2355/4054
f 2345/3998 2344/3999 2346/4000
f 2346/4000 2347/4001 2348/4002
f 2346/4000 2344/3999 2347/4001
f 2348/4002 2347/4001 2349/4003
f 2348/4039 2349/4062 2356/4061
f 2332/4045 2368/4046 2334/4048
f 2332/3984 2334/3986 2333/3985
f 2332/3984 2333/3985 2330/3982
f 2368/4046 2362/4049 2334/4048
f 2368/4046 2350/4053 2362/4049
f 2334/4029 2362/4028 2335/4025
f 2334/3986 2335/3987 2333/3985
f 2362/4028 2361/4024 2335/4025
f 2362/4049 2353/4055 2361/4056
f 2362/4049 2350/4053 2353/4055
f 2335/4025 2361/4024 2339/4021
f 2335/3987 2339/3991 2338/3990
f 2335/3987 2338/3990 2333/3985
f 2361/4024 2358/4018 2339/4021
f 2361/4056 2354/4057 2358/4058
f 2361/4056 2353/4055 2354/4057
f 2339/4021 2358/4018 2340/4020
f 2339/3991 2340/3992 2338/3990
f 2358/4018 2359/4019 2340/4020
f 2358/4058 2354/4057 2359/4059
f 2340/4020 2359/4019 2341/4022
f 2340/3992 2341/3993 2338/3990
f 2359/4019 2360/4023 2341/4022
f 2359/4059 2354/4057 2360/4060
f 2341/4022 2360/4023 2338/4026
f 2360/4023 2354/4027 2338/4026
f 2338/4013 2354/4012 2333/4011
f 2354/4012 2353/4010 2333/4011
f 2333/4011 2353/4010 2330/4007
f 2353/4010 2350/4004 2330/4007
f 2330/4007 2350/4004 2331/4006
f 2350/4004 2351/4005 2331/4006
f 2344/4034 2343/4031 2347/4030
f 2347/4030 2357/4032 2349/4033
f 2347/4030 2343/4031 2357/4032
f 2349/4017 2357/4016 2356/4015
f 2343/4031 2352/4035 2357/4032
f 2343/4031 2337/4036 2352/4035
f 2356/4015 2357/4016 2352/4008
f 2356/4015 2352/4008 2355/4014
f 2331/4006 2351/4005 2352/4008
f 2331/4006 2352/4008 2337/4009
f 2351/4005 2355/4014 2352/4008
f 2406/4124 2404/4122 2376/4129
f 2406/4124 2376/4129 2369/4126
f 2406/4124 2405/4123 2404/4122
f 2406/4124 2407/4125 2405/4123
f 2406/4124 2369/4126 2407/4125
f 2376/4129 2404/4122 2382/4132
f 2376/4070 2382/4076 2377/4071
f 2376/4070 2370/4064 2369/4063
f 2376/4070 2377/4071 2370/4064
f 2382/4132 2404/4122 2385/4133
f 2382/4076 2385/4079 2384/4078
f 2382/4076 2384/4078 2383/4077
f 2382/4076 2383/4077 2377/4071
f 2404/4122 2405/4123 2403/4119
f 2404/4122 2403/4119 2386/4121
f 2404/4122 2386/4121 2385/4133
f 2405/4123 2395/4136 2403/4119
f 2405/4123 2407/4125 2391/4135
f 2405/4123 2391/4135 2395/4136
f 2403/4119 2388/4120 2386/4121
f 2403/4119 2396/4143 2388/4120
f 2403/4119 2395/4136 2396/4143
f 2369/4126 2372/4127 2407/4125
f 2369/4063 2371/4065 2372/4066
f 2369/4063 2370/4064 2371/4065
f 2407/4125 2372/4127 2408/4128
f 2407/4125 2408/4128 2390/4134
f 2407/4125 2390/4134 2391/4135
f 2385/4080 2386/4081 2384/4082
f 2386/4081 2388/4084 2387/4083
f 2386/4081 2387/4083 2384/4082
f 2388/4084 2389/4085 2387/4083
f 2388/4120 2396/4143 2389/4144
f 2372/4127 2374/4130 2408/4128
f 2372/4066 2373/4067 2374/4068
f 2372/4066 2371/4065 2373/4067
f 2408/4128 2374/4130 2402/4131
f 2408/4128 2402/4131 2390/4134
f 2374/4111 2375/4107 2402/4110
f 2374/4068 2373/4067 2375/4069
f 2402/4110 2375/4107 2401/4106
f 2402/4131 2401/4137 2393/4138
f 2402/4131 2393/4138 2390/4134
f 2375/4107 2379/4103 2401/4106
f 2375/4069 2378/4072 2379/4073
f 2375/4069 2373/4067 2378/4072
f 2401/4106 2379/4103 2398/4100
f 2401/4137 2398/4140 2394/4139
f 2401/4137 2394/4139 2393/4138
f 2379/4103 2380/4101 2398/4100
f 2379/4073 2378/4072 2380/4074
f 2398/4100 2380/4101 2399/4102
f 2398/4140 2399/4141 2394/4139
f 2380/4101 2381/4104 2399/4102
f 2380/4074 2378/4072 2381/4075
f 2399/4102 2381/4104 2400/4105
f 2399/4141 2400/4142 2394/4139
f 2381/4104 2378/4108 2400/4105
f 2400/4105 2378/4108 2394/4109
f 2378/4095 2373/4093 2394/4094
f 2394/4094 2373/4093 2393/4092
f 2373/4093 2371/4089 2393/4092
f 2393/4092 2371/4089 2390/4086
f 2384/4116 2387/4112 2383/4114
f 2387/4112 2389/4115 2397/4113
f 2387/4112 2397/4113 2383/4114
f 2389/4099 2396/4097 2397/4098
f 2371/4089 2370/4087 2390/4086
f 2390/4086 2370/4087 2391/4088
f 2383/4114 2397/4113 2392/4117
f 2383/4114 2392/4117 2377/4118
f 2396/4097 2392/4090 2397/4098
f 2396/4097 2395/4096 2392/4090
f 2370/4087 2392/4090 2391/4088
f 2370/4087 2377/4091 2392/4090
f 2391/4088 2392/4090 2395/4096
