mtllib material.mtl
o material
v -0.543834 -0.383710 -0.031244
v -0.409096 -0.463772 0.076156
v -0.551644 -0.422765 -0.046865
v -0.536023 -0.432528 -0.041007
v -0.550383 -0.422395 -0.059893
v -0.534762 -0.434111 -0.048176
v -0.170863 -0.311459 0.082014
v -0.166958 -0.299743 0.089825
v -0.295838 -0.291932 0.064440
v -0.520401 -0.315365 -0.005858
v -0.496968 -0.252878 -0.011716
v -0.487205 -0.243114 -0.023433
v 0.073227 -0.334892 0.124974
v 0.100565 -0.325128 0.124974
v 0.125951 -0.311459 0.095683
v 0.409096 -0.463772 0.076156
v 0.543834 -0.383710 -0.031244
v 0.551644 -0.422765 -0.046865
v 0.532117 -0.383710 -0.037102
v 0.512590 -0.346608 -0.015622
v 0.541881 -0.522354 -0.050771
v 0.123998 -0.348561 0.119116
v 0.125951 -0.325128 0.085920
v 0.120092 -0.344656 0.109353
v -0.532117 -0.383710 -0.037102
v -0.541881 -0.522354 -0.050771
v -0.512590 -0.346608 -0.015622
v 0.116187 -0.106423 0.087873
v 0.000976 -0.252878 0.123022
v -0.116187 -0.106423 0.087873
v -0.114234 -0.120093 0.089825
v 0.114234 -0.120093 0.089825
v 0.108376 -0.096660 0.087873
v 0.069322 -0.094707 0.099589
v -0.069365 -0.093200 0.100192
v 0.104471 -0.118140 0.103494
v 0.514543 -0.344656 0.000000
v 0.559455 -0.416906 -0.056629
v 0.543834 -0.440339 -0.037102
v 0.545786 -0.522354 -0.039054
v 0.528212 -0.543834 -0.027338
v 0.448150 -0.569219 0.050771
v 0.516495 -0.561408 -0.019527
v 0.541881 -0.434481 -0.033196
v 0.440339 -0.575077 0.056629
v 0.524306 -0.571172 -0.019527
v -0.723484 -0.088849 -0.078109
v -0.690288 0.008787 -0.103494
v -0.569219 -0.081038 -0.087873
v -0.666855 -0.102518 -0.078109
v -0.750822 -0.069322 -0.080062
v -0.748869 0.024409 -0.101542
v -0.592652 -0.104471 -0.082014
v -0.637564 -0.008787 -0.103494
v -0.532117 -0.123998 -0.085920
v -0.768397 -0.043936 -0.082014
v -0.797688 0.034173 -0.097636
v -0.778160 0.045889 -0.099589
v -0.516495 -0.065416 -0.087873
v -0.813309 0.086896 -0.095683
v -0.555550 -0.051747 -0.085920
v -0.580935 -0.028314 -0.091778
v -0.651233 0.034173 -0.097636
v -0.621942 0.012693 -0.097636
v -0.524306 -0.053700 -0.083967
v -0.508684 -0.034173 -0.089825
v -0.514543 -0.006835 -0.089825
v -0.495015 0.000976 -0.099589
v -0.506732 0.020504 -0.115211
v 0.723484 -0.088849 -0.078109
v 0.569219 -0.081038 -0.087873
v 0.690288 0.008787 -0.103494
v 0.666855 -0.102518 -0.078109
v 0.750822 -0.069322 -0.080062
v 0.748869 0.024409 -0.101542
v 0.592652 -0.104471 -0.082014
v 0.637564 -0.008787 -0.103494
v 0.532117 -0.123998 -0.085920
v 0.768397 -0.043936 -0.082014
v 0.797688 0.034173 -0.097636
v 0.778160 0.045889 -0.099589
v 0.516495 -0.065416 -0.087873
v 0.813309 0.086896 -0.095683
v 0.555550 -0.051747 -0.085920
v 0.580935 -0.028314 -0.091778
v 0.651233 0.034173 -0.097636
v 0.621942 0.012693 -0.097636
v 0.524306 -0.053700 -0.083967
v 0.508684 -0.034173 -0.089825
v 0.514543 -0.006835 -0.089825
v 0.495015 0.000976 -0.099589
v 0.506732 0.020504 -0.115211
v -0.512590 -0.571172 -0.019527
v -0.444245 -0.571172 0.048818
v -0.520401 -0.563361 -0.025385
v -0.545786 -0.434481 -0.037102
v -0.448150 -0.578983 0.044913
v -0.536023 -0.524306 -0.039054
v -0.440339 -0.575077 0.048818
v -0.541881 -0.432528 -0.050771
v 0.444245 -0.571172 0.048818
v 0.512590 -0.571172 -0.019527
v 0.520401 -0.563361 -0.025385
v 0.545786 -0.434481 -0.037102
v 0.448150 -0.578983 0.044913
v 0.536023 -0.524306 -0.039054
v 0.440339 -0.575077 0.048818
v 0.541881 -0.432528 -0.050771
v -0.750822 -0.073227 -0.064440
v -0.789877 -0.059558 -0.066393
v -0.768397 -0.047842 -0.066393
v -0.850411 0.141572 -0.080062
v -0.762539 -0.112282 -0.064440
v -0.723484 -0.092754 -0.062487
v -0.723484 -0.153289 -0.062487
v -0.672713 -0.182580 -0.060534
v -0.631706 -0.192343 -0.060534
v -0.664902 -0.104471 -0.064440
v -0.592652 -0.104471 -0.066393
v -0.539928 -0.118140 -0.068345
v -0.537975 -0.204060 -0.064440
v -0.848458 0.073227 -0.074203
v -0.592652 -0.206012 -0.062487
v -0.866033 0.120092 -0.080062
v -0.869938 0.155242 -0.082014
v -0.536023 -0.217729 -0.066393
v -0.532117 -0.125951 -0.070298
v -0.844553 0.153289 -0.076156
v -0.866033 0.166958 -0.080062
v -0.846506 0.172816 -0.080062
v -0.696146 0.159147 -0.078109
v -0.653186 0.147431 -0.074203
v -0.639517 -0.202107 -0.064440
v -0.709815 0.145478 -0.076156
v -0.672713 0.127903 -0.074203
v -0.621942 0.135714 -0.074203
v -0.627801 0.094707 -0.070298
v -0.590699 0.096660 -0.070298
v -0.588746 0.043936 -0.066393
v -0.551644 0.055653 -0.068345
v -0.539928 0.006835 -0.064440
v -0.756680 -0.133762 -0.068345
v -0.737153 -0.155242 -0.066393
v -0.707862 -0.174769 -0.066393
v -0.785971 -0.086896 -0.070298
v -0.776208 -0.110329 -0.070298
v -0.801593 -0.057605 -0.072251
v -0.674666 -0.192343 -0.066393
v -0.598510 -0.213823 -0.068345
v -0.791829 -0.088849 -0.076156
v 0.637564 0.153289 -0.074203
v 0.672713 0.161100 -0.074203
v 0.639517 0.155242 -0.146454
v 0.676619 0.163052 -0.146454
v 0.846506 0.182580 -0.078109
v 0.846506 0.182580 -0.148407
v 0.608273 0.143525 -0.146454
v 0.608273 0.139620 -0.072251
v 0.858222 0.180627 -0.148407
v 0.571172 0.123998 -0.146454
v 0.573124 0.120092 -0.072251
v 0.541881 0.102518 -0.146454
v 0.549692 0.102518 -0.072251
v 0.522354 0.075180 -0.072251
v 0.516495 0.073227 -0.146454
v 0.635612 0.147431 -0.068345
v 0.553597 0.098613 -0.064440
v 0.782066 -0.114234 -0.064440
v 0.795735 -0.092754 -0.072251
v 0.793782 -0.088849 -0.064440
v 0.809404 -0.059558 -0.066393
v 0.811357 -0.067369 -0.082014
v 0.844553 0.018551 -0.076156
v 0.860175 0.071274 -0.068345
v 0.856269 0.051747 -0.074203
v 0.852364 0.034173 -0.085920
v 0.813309 -0.069322 -0.148407
v 0.799640 -0.096660 -0.146454
v 0.787924 -0.122045 -0.146454
v 0.799640 -0.096660 -0.148407
v 0.871891 0.114234 -0.080062
v 0.871891 0.112282 -0.148407
v 0.766444 -0.143525 -0.097636
v 0.877749 0.157194 -0.148407
v 0.877749 0.157194 -0.078109
v 0.766444 -0.149383 -0.146454
v 0.760586 -0.141572 -0.062487
v 0.744964 -0.168911 -0.095683
v 0.744964 -0.174769 -0.146454
v 0.739106 -0.165005 -0.062487
v 0.869938 0.131809 -0.068345
v 0.873844 0.168911 -0.074203
v -0.639517 0.147431 -0.146454
v -0.610226 0.137667 -0.146454
v -0.676619 0.155242 -0.146454
v -0.846506 0.174769 -0.148407
v -0.856269 0.172816 -0.148407
v -0.573124 0.116187 -0.148407
v -0.575077 0.108376 -0.072251
v -0.547739 0.098613 -0.148407
v -0.553597 0.090802 -0.072251
v -0.522354 0.069322 -0.146454
v -0.530164 0.063464 -0.072251
v -0.867986 0.166958 -0.148407
v 0.621942 0.135714 -0.074203
v 0.639517 0.147431 -0.146454
v 0.653186 0.147431 -0.074203
v 0.610226 0.137667 -0.146454
v 0.676619 0.155242 -0.146454
v 0.696146 0.159147 -0.078109
v 0.846506 0.172816 -0.080062
v 0.846506 0.174769 -0.148407
v 0.856269 0.172816 -0.148407
v 0.573124 0.116187 -0.148407
v 0.575077 0.108376 -0.072251
v 0.866033 0.166958 -0.080062
v 0.867986 0.166958 -0.148407
v 0.871891 0.155242 -0.148407
v 0.869938 0.155242 -0.082014
v 0.629753 0.202107 -0.031244
v 0.588746 0.206012 -0.029291
v 0.584841 0.215776 -0.019527
v 0.686382 0.206012 -0.021480
v 0.557503 0.202107 -0.031244
v 0.526259 0.209918 -0.021480
v 0.520401 0.192343 -0.033196
v 0.491110 0.198201 -0.023433
v 0.481346 0.174769 -0.037102
v 0.461819 0.180627 -0.023433
v 0.444245 0.155242 -0.035149
v 0.479394 0.223587 -0.011716
v 0.500874 0.235303 -0.015622
v 0.534070 0.237256 -0.019527
v 0.516495 0.270452 -0.013669
v 0.684430 0.223587 -0.021480
v 0.762539 0.209918 -0.021480
v 0.549692 0.270452 -0.021480
v 0.530164 0.293885 -0.013669
v 0.592652 0.293885 -0.025385
v 0.586793 0.256783 -0.025385
v 0.758633 0.229445 -0.025385
v 0.536023 0.307554 -0.015622
v 0.600462 0.317318 -0.021480
v 0.653186 0.323176 -0.025385
v 0.660997 0.346608 -0.021480
v 0.739106 0.370041 -0.025385
v 0.741059 0.391521 -0.021480
v 0.787924 0.409096 -0.027338
v 0.821120 0.457914 -0.029291
v 0.815262 0.223587 -0.033196
v 0.813309 0.211871 -0.031244
v 0.840647 0.221634 -0.039054
v 0.821120 0.448150 -0.031244
v 0.866033 0.237256 -0.050771
v 0.616084 0.276310 -0.039054
v 0.627801 0.291932 -0.041007
v 0.500874 0.264594 -0.005858
v 0.850411 0.487205 -0.037102
v 0.625848 0.266547 -0.037102
v 0.516495 0.297790 -0.005858
v 0.520401 0.311459 -0.007811
v 0.428623 0.161100 -0.017575
v 0.787924 0.206012 -0.029291
v 0.811357 0.418859 -0.037102
v 0.811357 0.237256 -0.041007
v 0.862127 0.252878 -0.060534
v 0.893371 0.258736 -0.068345
v 0.836742 0.452055 -0.041007
v 0.746917 0.202107 -0.027338
v 0.891418 0.245067 -0.070298
v 0.908993 0.258736 -0.082014
v 0.914851 0.276310 -0.087873
v 0.871891 0.227492 -0.064440
v 0.924615 0.272405 -0.105447
v 0.924615 0.286074 -0.107400
v 0.930473 0.289979 -0.148407
v 0.754728 0.424717 -0.025385
v 0.696146 0.389568 -0.023433
v 0.627801 0.356372 -0.025385
v 0.573124 0.327081 -0.023433
v 0.809404 0.473535 -0.035149
v 0.856269 0.528212 -0.042960
v 0.530164 0.321223 -0.019527
v 0.873844 0.537975 -0.044913
v 0.879702 0.584841 -0.058582
v 0.889466 0.584841 -0.058582
v 0.889466 0.629753 -0.074203
v 0.895324 0.629753 -0.076156
v 0.889466 0.676619 -0.091778
v 0.516495 0.323176 -0.011716
v 0.895324 0.674666 -0.095683
v 0.883607 0.707862 -0.103494
v 0.887513 0.721531 -0.113258
v 0.725437 0.432528 -0.035149
v 0.703957 0.434481 -0.050771
v 0.731295 0.467677 -0.058582
v 0.750822 0.481346 -0.054676
v 0.668808 0.403237 -0.046865
v 0.678571 0.393474 -0.031244
v 0.621942 0.370041 -0.041007
v 0.563361 0.338798 -0.033196
v 0.764491 0.463772 -0.042960
v 0.797688 0.485252 -0.048818
v 0.834789 0.522354 -0.050771
v 0.864080 0.573124 -0.062487
v 0.744964 0.495015 -0.062487
v 0.873844 0.616084 -0.076156
v 0.881655 0.662950 -0.089825
v 0.875797 0.725437 -0.115211
v 0.877749 0.741059 -0.119116
v 0.518448 0.327081 -0.027338
v 0.881655 0.744964 -0.123022
v 0.871891 0.758633 -0.130832
v 0.875797 0.760586 -0.132785
v 0.616084 0.375899 -0.058582
v 0.543834 0.338798 -0.046865
v 0.662950 0.407143 -0.064440
v 0.696146 0.436434 -0.068345
v -0.629753 0.202107 -0.031244
v -0.584841 0.215776 -0.019527
v -0.588746 0.206012 -0.029291
v -0.686382 0.206012 -0.021480
v -0.557503 0.202107 -0.031244
v -0.526259 0.209918 -0.021480
v -0.520401 0.192343 -0.033196
v -0.491110 0.198201 -0.023433
v -0.481346 0.174769 -0.037102
v -0.461819 0.180627 -0.023433
v -0.444245 0.155242 -0.035149
v -0.479394 0.223587 -0.011716
v -0.500874 0.235303 -0.015622
v -0.534070 0.237256 -0.019527
v -0.516495 0.270452 -0.013669
v -0.684430 0.223587 -0.021480
v -0.762539 0.209918 -0.021480
v -0.549692 0.270452 -0.021480
v -0.530164 0.293885 -0.013669
v -0.592652 0.293885 -0.025385
v -0.586793 0.256783 -0.025385
v -0.758633 0.229445 -0.025385
v -0.536023 0.307554 -0.015622
v -0.600462 0.317318 -0.021480
v -0.653186 0.323176 -0.025385
v -0.660997 0.346608 -0.021480
v -0.739106 0.370041 -0.025385
v -0.741059 0.391521 -0.021480
v -0.787924 0.409096 -0.027338
v -0.821120 0.457914 -0.029291
v -0.815262 0.223587 -0.033196
v -0.813309 0.211871 -0.031244
v -0.840647 0.221634 -0.039054
v -0.821120 0.448150 -0.031244
v -0.866033 0.237256 -0.050771
v -0.616084 0.276310 -0.039054
v -0.627801 0.291932 -0.041007
v -0.500874 0.264594 -0.005858
v -0.850411 0.487205 -0.037102
v -0.625848 0.266547 -0.037102
v -0.516495 0.297790 -0.005858
v -0.520401 0.311459 -0.007811
v -0.428623 0.161100 -0.017575
v -0.787924 0.206012 -0.029291
v -0.811357 0.418859 -0.037102
v -0.811357 0.237256 -0.041007
v -0.862127 0.252878 -0.060534
v -0.893371 0.258736 -0.068345
v -0.836742 0.452055 -0.041007
v -0.746917 0.202107 -0.027338
v -0.891418 0.245067 -0.070298
v -0.908993 0.258736 -0.082014
v -0.914851 0.276310 -0.087873
v -0.871891 0.227492 -0.064440
v -0.924615 0.272405 -0.105447
v -0.924615 0.286074 -0.107400
v -0.930473 0.289979 -0.148407
v -0.754728 0.424717 -0.025385
v -0.696146 0.389568 -0.023433
v -0.627801 0.356372 -0.025385
v -0.573124 0.327081 -0.023433
v -0.809404 0.473535 -0.035149
v -0.856269 0.528212 -0.042960
v -0.530164 0.321223 -0.019527
v -0.873844 0.537975 -0.044913
v -0.879702 0.584841 -0.058582
v -0.889466 0.584841 -0.058582
v -0.889466 0.629753 -0.074203
v -0.895324 0.629753 -0.076156
v -0.889466 0.676619 -0.091778
v -0.516495 0.323176 -0.011716
v -0.895324 0.674666 -0.095683
v -0.883607 0.707862 -0.103494
v -0.887513 0.721531 -0.113258
v -0.725437 0.432528 -0.035149
v -0.731295 0.467677 -0.058582
v -0.703957 0.434481 -0.050771
v -0.750822 0.481346 -0.054676
v -0.668808 0.403237 -0.046865
v -0.678571 0.393474 -0.031244
v -0.621942 0.370041 -0.041007
v -0.563361 0.338798 -0.033196
v -0.764491 0.463772 -0.042960
v -0.797688 0.485252 -0.048818
v -0.834789 0.522354 -0.050771
v -0.864080 0.573124 -0.062487
v -0.744964 0.495015 -0.062487
v -0.873844 0.616084 -0.076156
v -0.881655 0.662950 -0.089825
v -0.875796 0.725437 -0.115211
v -0.877749 0.741059 -0.119116
v -0.518448 0.327081 -0.027338
v -0.881655 0.744964 -0.123022
v -0.871891 0.758633 -0.130832
v -0.875796 0.760586 -0.132785
v -0.616084 0.375899 -0.058582
v -0.543834 0.338798 -0.046865
v -0.662950 0.407143 -0.064440
v -0.696146 0.436434 -0.068345
v 0.450103 0.348561 0.001953
v 0.444245 0.356372 0.023433
v 0.500874 0.385663 0.035149
v 0.413001 0.340750 0.007811
v 0.477441 0.385663 0.046865
v 0.498921 0.413001 0.064440
v 0.524306 0.416906 0.056629
v 0.479394 0.344656 -0.007811
v 0.436434 0.327081 -0.031244
v 0.487205 0.334892 -0.021480
v 0.407143 0.336845 -0.015622
v 0.446197 0.317318 -0.056629
v 0.418859 0.313412 -0.062487
v 0.405190 0.327081 -0.037102
v 0.500874 0.346608 0.000000
v 0.524306 0.387616 0.037102
v 0.385663 0.317318 -0.062487
v 0.514543 0.334892 -0.011716
v 0.373947 0.305601 -0.097636
v 0.516495 0.342703 0.001953
v 0.543834 0.426670 0.062487
v 0.366136 0.332939 -0.052724
v 0.383710 0.340750 -0.025385
v 0.356372 0.321223 -0.078109
v 0.414954 0.303649 -0.101542
v 0.385663 0.299743 -0.124974
v 0.397379 0.338798 -0.003905
v 0.496968 0.332939 -0.041007
v 0.450103 0.311459 -0.091778
v 0.426670 0.301696 -0.136691
v 0.520401 0.334892 -0.019527
v 0.360277 0.305601 -0.115211
v 0.463772 0.309507 -0.142549
v 0.485252 0.323176 -0.087873
v 0.491110 0.321223 -0.146454
v 0.518448 0.340750 -0.064440
v 0.612179 0.381757 -0.148407
v 0.612179 0.387616 -0.082014
v 0.532117 0.342703 -0.037102
v 0.657091 0.409096 -0.148407
v 0.655139 0.414954 -0.085920
v 0.690288 0.436434 -0.148407
v 0.688335 0.442292 -0.087873
v 0.610226 0.381757 -0.056629
v 0.657091 0.414954 -0.060534
v 0.690288 0.444245 -0.066393
v 0.491110 0.409096 0.080062
v 0.469630 0.377852 0.064440
v 0.434481 0.344656 0.042960
v 0.711768 0.463772 -0.148407
v 0.711768 0.471583 -0.091778
v 0.715673 0.473535 -0.070298
v 0.616084 0.377852 -0.035149
v 0.561408 0.344656 -0.027338
v 0.401285 0.323176 0.027338
v 0.662950 0.409096 -0.041007
v 0.504779 0.438386 0.089825
v 0.510637 0.440339 0.078109
v 0.727390 0.489157 -0.148407
v 0.727390 0.496968 -0.095683
v 0.698099 0.440339 -0.046865
v 0.532117 0.446197 0.072251
v 0.383710 0.321223 0.015622
v 0.725437 0.473535 -0.052724
v 0.510637 0.467677 0.097636
v 0.516495 0.469630 0.087873
v 0.534070 0.475488 0.082014
v 0.504779 0.432528 0.103494
v 0.516495 0.530164 0.101542
v 0.510637 0.530164 0.107400
v 0.506732 0.557503 0.109353
v 0.504779 0.555550 0.113258
v 0.510637 0.559455 0.113258
v -0.450103 0.348561 0.001953
v -0.500874 0.385663 0.035149
v -0.444245 0.356372 0.023433
v -0.413001 0.340750 0.007811
v -0.477441 0.385663 0.046865
v -0.498921 0.413001 0.064440
v -0.524306 0.416906 0.056629
v -0.479394 0.344656 -0.007811
v -0.436434 0.327081 -0.031244
v -0.487205 0.334892 -0.021480
v -0.407143 0.336845 -0.015622
v -0.446197 0.317318 -0.056629
v -0.418859 0.313412 -0.062487
v -0.405190 0.327081 -0.037102
v -0.500874 0.346608 0.000000
v -0.524306 0.387616 0.037102
v -0.385663 0.317318 -0.062487
v -0.514543 0.334892 -0.011716
v -0.373947 0.305601 -0.097636
v -0.516495 0.342703 0.001953
v -0.543834 0.426670 0.062487
v -0.366136 0.332939 -0.052724
v -0.383710 0.340750 -0.025385
v -0.356372 0.321223 -0.078109
v -0.414954 0.303649 -0.101542
v -0.385663 0.299743 -0.124974
v -0.397379 0.338798 -0.003905
v -0.496968 0.332939 -0.041007
v -0.450103 0.311459 -0.091778
v -0.426670 0.301696 -0.136691
v -0.520401 0.334892 -0.019527
v -0.360277 0.305601 -0.115211
v -0.463772 0.309507 -0.142549
v -0.485252 0.323176 -0.087873
v -0.491110 0.321223 -0.146454
v -0.518448 0.340750 -0.064440
v -0.612179 0.381757 -0.148407
v -0.612179 0.387616 -0.082014
v -0.532117 0.342703 -0.037102
v -0.657091 0.409096 -0.148407
v -0.655139 0.414954 -0.085920
v -0.690288 0.436434 -0.148407
v -0.688335 0.442292 -0.087873
v -0.610226 0.381757 -0.056629
v -0.657091 0.414954 -0.060534
v -0.690288 0.444245 -0.066393
v -0.491110 0.409096 0.080062
v -0.469630 0.377852 0.064440
v -0.434481 0.344656 0.042960
v -0.711768 0.463772 -0.148407
v -0.711768 0.471583 -0.091778
v -0.715673 0.473535 -0.070298
v -0.616084 0.377852 -0.035149
v -0.561408 0.344656 -0.027338
v -0.401285 0.323176 0.027338
v -0.662950 0.409096 -0.041007
v -0.504779 0.438386 0.089825
v -0.510637 0.440339 0.078109
v -0.727390 0.489157 -0.148407
v -0.727390 0.496968 -0.095683
v -0.698099 0.440339 -0.046865
v -0.532117 0.446197 0.072251
v -0.383710 0.321223 0.015622
v -0.725437 0.473535 -0.052724
v -0.510637 0.467677 0.097636
v -0.516495 0.469630 0.087873
v -0.534070 0.475488 0.082014
v -0.504779 0.432528 0.103494
v -0.516495 0.530164 0.101542
v -0.510637 0.530164 0.107400
v -0.510637 0.463772 0.109353
v -0.506732 0.557503 0.109353
v -0.510637 0.528212 0.113258
v -0.504779 0.555550 0.113258
v -0.510637 0.559455 0.113258
v -0.616084 0.375899 -0.148407
v -0.660997 0.403237 -0.148407
v -0.694193 0.430576 -0.148407
v -0.717626 0.457914 -0.148407
v -0.733248 0.485252 -0.148407
v -0.743011 0.510637 -0.148407
v -0.735200 0.512590 -0.148407
v -0.744964 0.536023 -0.148407
v -0.737153 0.536023 -0.148407
v -0.743011 0.567266 -0.148407
v -0.735200 0.565313 -0.148407
v -0.737153 0.596557 -0.148407
v -0.729342 0.594604 -0.148407
v -0.729342 0.627801 -0.148407
v -0.721531 0.623895 -0.148407
v -0.709815 0.668808 -0.148407
v -0.703957 0.666855 -0.148407
v -0.493063 0.313412 -0.144502
v -0.465725 0.301696 -0.140596
v -0.428623 0.293885 -0.134738
v -0.387616 0.291932 -0.123022
v -0.360277 0.295838 -0.113258
v -0.709815 0.674666 -0.142549
v -0.703957 0.674666 -0.142549
v 0.508684 -0.073227 -0.087873
v 0.496968 -0.036125 -0.089825
v 0.516495 -0.073227 -0.148407
v 0.528212 -0.110329 -0.148407
v 0.506732 -0.040031 -0.148407
v 0.485252 0.016598 -0.148407
v 0.485252 -0.030267 -0.050771
v 0.493063 -0.049794 -0.062487
v 0.516495 -0.118140 -0.085920
v 0.551644 -0.233350 -0.148407
v 0.498921 -0.077133 -0.064440
v 0.481346 -0.051747 -0.027338
v 0.526259 -0.225540 -0.070298
v 0.555550 -0.258736 -0.146454
v 0.532117 -0.252878 -0.064440
v 0.473535 -0.040031 -0.017575
v 0.446197 0.051747 -0.083967
v 0.457914 0.067369 -0.148407
v 0.424717 0.118140 -0.148407
v 0.424717 0.051747 -0.042960
v 0.407143 0.104471 -0.095683
v 0.383710 0.143525 -0.107400
v 0.373947 0.184532 -0.148407
v 0.409096 0.045889 -0.013669
v 0.393474 0.090802 -0.050771
v 0.350514 0.178674 -0.107400
v 0.330987 0.227492 -0.148407
v 0.377852 0.098613 -0.056629
v 0.356372 0.129856 -0.060534
v 0.307554 0.219681 -0.109353
v 0.321223 0.168911 -0.064440
v 0.291932 0.260689 -0.148407
v 0.377852 0.077133 -0.017575
v 0.454008 -0.049794 0.007811
v 0.391521 0.034173 0.013669
v 0.266547 0.252878 -0.113258
v 0.465725 -0.061511 -0.003905
v 0.377852 0.092754 -0.046865
v 0.375899 0.098613 -0.044913
v 0.375899 0.104471 -0.050771
v 0.237256 0.293885 -0.148407
v 0.221634 0.274358 -0.107400
v 0.422765 -0.053700 0.035149
v 0.202107 0.247020 -0.062487
v 0.260689 0.221634 -0.080062
v 0.262641 0.219681 -0.074203
v 0.186485 0.317318 -0.148407
v 0.360277 0.059558 0.007811
v 0.334892 0.071274 -0.005858
v 0.366136 0.018551 0.033196
v 0.373947 -0.063464 0.064440
v -0.760586 -0.139620 -0.099589
v -0.782066 -0.120093 -0.148407
v -0.762539 -0.145478 -0.148407
v -0.741059 -0.161100 -0.099589
v -0.741059 -0.168911 -0.148407
v -0.795735 -0.092754 -0.148407
v -0.805498 -0.063464 -0.080062
v -0.807451 -0.065416 -0.148407
v -0.832837 0.010740 -0.082014
v -0.858222 0.081038 -0.148407
v -0.856269 0.081038 -0.082014
v -0.867986 0.120092 -0.148407
v -0.871891 0.155242 -0.148407
v 0.795735 -0.092754 -0.148407
v 0.807451 -0.065416 -0.148407
v 0.782066 -0.120093 -0.148407
v 0.858222 0.081038 -0.148407
v 0.867986 0.120092 -0.148407
v 0.873844 0.168911 -0.148407
v 0.547739 0.098613 -0.148407
v 0.131809 -0.145478 0.080062
v 0.155242 -0.116187 0.072251
v 0.170863 -0.145478 0.115211
v 0.196249 -0.104471 0.099589
v 0.143525 -0.176721 0.117163
v 0.108376 -0.188438 0.089825
v 0.303649 0.030267 0.023433
v 0.233350 -0.075180 0.093731
v 0.293885 -0.008787 0.060534
v 0.330987 0.034173 0.031244
v 0.342703 0.063464 -0.005858
v 0.206012 -0.118140 0.111305
v 0.133762 -0.213823 0.121069
v 0.110329 -0.272405 0.113258
v 0.245067 -0.096660 0.105447
v 0.282169 -0.059558 0.087873
v 0.330987 -0.008787 0.056629
v 0.202107 -0.147431 0.117163
v 0.297790 -0.088849 0.095683
v 0.243114 -0.123998 0.111305
v 0.163052 -0.178674 0.119116
v 0.159147 -0.149383 0.119116
v 0.182580 -0.104471 0.101542
v 0.133762 -0.137667 0.091778
v 0.114234 -0.165005 0.099589
v 0.166958 -0.094707 0.080062
v 0.198201 -0.114234 0.117163
v 0.127903 -0.186485 0.121069
v 0.227492 -0.067369 0.097636
v 0.094707 -0.211871 0.109353
v 0.311459 0.043936 0.033196
v 0.276310 -0.026362 0.082014
v 0.069322 -0.098613 0.109353
v 0.116187 -0.098613 0.095683
v 0.098613 -0.096660 0.103494
v 0.153289 0.198201 0.007811
v 0.159147 0.260689 -0.046865
v 0.104471 0.268499 -0.042960
v 0.067369 0.254830 -0.027338
v 0.000976 0.256783 -0.023433
v 0.000976 0.291932 -0.056629
v 0.067369 0.288027 -0.058582
v 0.000976 0.202107 0.013669
v 0.157194 0.165005 0.029291
v -0.153289 0.198201 0.007811
v -0.067369 0.254830 -0.027338
v -0.157194 0.165005 0.029291
v 0.116187 0.122045 0.052724
v 0.000976 0.147431 0.042960
v -0.116187 0.122045 0.052724
v -0.147431 0.127903 0.050771
v -0.131809 0.106423 0.062487
v 0.147431 0.127903 0.050771
v 0.131809 0.106423 0.062487
v -0.094707 0.077133 0.074204
v 0.094707 0.077133 0.074204
v 0.000976 0.081038 0.072251
v -0.104471 0.268499 -0.042960
v -0.067369 0.288027 -0.058582
v -0.159147 0.260689 -0.046865
v -0.108376 0.075180 0.074204
v 0.108376 0.075180 0.074204
v 0.000976 -0.041984 0.107400
v 0.186485 0.190391 0.001953
v 0.192343 0.227492 -0.031244
v 0.207965 0.254830 -0.056629
v -0.186485 0.190391 0.001953
v -0.192343 0.227492 -0.031244
v -0.207965 0.254830 -0.056629
v 0.200154 0.221634 -0.023433
v -0.200154 0.221634 -0.023433
v -0.211870 0.233350 -0.042960
v -0.213823 0.143525 0.019527
v -0.303649 0.067369 0.025385
v -0.245067 0.122045 0.019527
v 0.211871 0.233350 -0.042960
v 0.213823 0.143525 0.019527
v 0.303649 0.067369 0.025385
v 0.245067 0.122045 0.019527
v 0.264594 0.045889 0.044913
v 0.342703 0.071274 0.007811
v 0.354419 0.061511 0.017575
v 0.325128 0.034173 0.042960
v 0.362230 0.020504 0.042960
v 0.329034 -0.008787 0.070298
v 0.282169 -0.063464 0.101542
v 0.245067 -0.082991 0.111305
v 0.270452 -0.100565 0.113258
v 0.319270 -0.084943 0.099589
v 0.358325 -0.059558 0.082014
v 0.385663 -0.045889 0.064440
v 0.223587 -0.125951 0.123022
v 0.174769 -0.159147 0.126927
v 0.227492 0.004882 0.060534
v 0.131809 0.055653 0.070298
v 0.125951 0.075180 0.068345
v 0.280216 0.094707 0.023433
v 0.389568 0.036125 0.021480
v 0.139620 -0.196249 0.128880
v 0.147431 -0.207965 0.128880
v 0.120092 -0.254830 0.126927
v 0.375899 -0.071274 0.076156
v 0.106423 -0.248972 0.123022
v 0.184532 -0.172816 0.123022
v 0.000976 0.332939 -0.105447
v 0.186485 0.293885 -0.093731
v 0.108376 0.309507 -0.093731
v 0.065416 0.325128 -0.105447
v 0.217729 0.151336 0.009764
v -0.186485 0.293885 -0.093731
v -0.108376 0.309507 -0.093731
v -0.065416 0.325128 -0.105447
v 0.272405 0.260689 -0.107400
v 0.209918 0.172816 -0.003905
v 0.227492 0.280216 -0.097636
v 0.049794 0.356372 -0.146454
v 0.112282 0.346608 -0.146454
v 0.209918 0.198201 -0.021480
v -0.049794 0.356372 -0.146454
v 0.241161 0.223587 -0.056629
v 0.245067 0.227492 -0.062487
v 0.266547 0.243114 -0.080062
v -0.112282 0.346608 -0.146454
v 0.000976 0.360277 -0.146454
v -0.227492 0.280216 -0.097636
v -0.217729 0.151336 0.009764
v -0.272405 0.260689 -0.107400
v -0.266547 0.243114 -0.080062
v -0.209918 0.172816 -0.003905
v -0.245067 0.227492 -0.062487
v -0.241161 0.223587 -0.056629
v -0.209918 0.198201 -0.021480
v 0.237256 -0.139620 0.117163
v 0.286074 -0.116187 0.105447
v 0.190391 0.323176 -0.146454
v -0.190391 0.323176 -0.146454
v 0.280216 0.245067 -0.097636
v 0.313412 0.223587 -0.101542
v 0.266547 0.223587 -0.076156
v 0.327081 0.174769 -0.060534
v 0.323176 0.168911 -0.058582
v 0.360277 0.135714 -0.052724
v 0.358325 0.131809 -0.052724
v 0.381757 0.108376 -0.050771
v 0.383710 0.104471 -0.046865
v 0.405190 0.116187 -0.083967
v 0.354419 0.184532 -0.099589
v 0.385663 0.147431 -0.097636
v 0.241161 0.299743 -0.146454
v 0.295838 0.266547 -0.146454
v -0.241161 0.299743 -0.146454
v 0.334892 0.231398 -0.146454
v -0.280216 0.245067 -0.097636
v -0.313412 0.223587 -0.101542
v -0.266547 0.223587 -0.076156
v -0.327081 0.174769 -0.060534
v -0.262641 0.219681 -0.074203
v -0.323176 0.168911 -0.058582
v -0.360277 0.135714 -0.052724
v -0.354419 0.184532 -0.099589
v -0.295838 0.266547 -0.146454
v -0.385663 0.147431 -0.097636
v -0.381757 0.108376 -0.050771
v -0.405190 0.116187 -0.083967
v -0.383710 0.104471 -0.046865
v -0.375899 0.104471 -0.050771
v 0.377852 0.190391 -0.146454
v -0.334892 0.231398 -0.146454
v -0.377852 0.190391 -0.146454
v 0.424717 0.131809 -0.146454
v -0.424717 0.131809 -0.146454
v -0.534070 -0.108376 -0.146454
v -0.524306 -0.071274 -0.146454
v -0.512590 -0.036125 -0.146454
v -0.491110 0.018551 -0.146454
v -0.549692 -0.227492 -0.107400
v -0.557503 -0.229445 -0.144502
v 0.534070 -0.108376 -0.146454
v 0.524306 -0.071274 -0.146454
v 0.512590 -0.036125 -0.146454
v 0.491110 0.018551 -0.146454
v 0.549692 -0.227492 -0.107400
v 0.557503 -0.229445 -0.144502
v 0.536023 -0.217729 -0.066393
v 0.537975 -0.204060 -0.064440
v 0.532117 -0.125951 -0.070298
v 0.928520 0.323176 -0.148407
v 0.924615 0.327081 -0.148407
v 0.932425 0.329034 -0.148407
v 0.686382 0.280216 -0.148407
v 0.694193 0.293885 -0.148407
v 0.692240 0.286074 -0.148407
v 0.682477 0.288027 -0.148407
v 0.674666 0.289979 -0.148407
v 0.674666 0.297790 -0.148407
v 0.723484 0.317318 -0.148407
v 0.770349 0.254830 -0.148407
v 0.772302 0.262641 -0.148407
v 0.813309 0.252878 -0.148407
v 0.811357 0.260689 -0.148407
v 0.858222 0.258736 -0.148407
v 0.858222 0.266547 -0.148407
v 0.891418 0.268499 -0.148407
v 0.889466 0.278263 -0.148407
v 0.924615 0.286074 -0.148407
v 0.920709 0.297790 -0.148407
v 0.928520 0.307554 -0.148407
v 0.725437 0.307554 -0.146454
v 0.766444 0.334892 -0.146454
v 0.764491 0.342703 -0.148407
v 0.799640 0.362230 -0.146454
v 0.795735 0.370041 -0.148407
v 0.828931 0.393474 -0.146454
v 0.823073 0.399332 -0.148407
v 0.852364 0.424717 -0.146454
v 0.846506 0.430576 -0.148407
v 0.871891 0.457914 -0.146454
v 0.866033 0.463772 -0.148407
v 0.889466 0.495015 -0.146454
v 0.881655 0.498921 -0.148407
v 0.895324 0.534070 -0.148407
v 0.903135 0.530164 -0.146454
v 0.910946 0.565313 -0.146454
v 0.903135 0.567266 -0.148407
v 0.914851 0.600462 -0.146454
v 0.907040 0.600462 -0.148407
v 0.916804 0.633659 -0.146454
v 0.907040 0.631706 -0.148407
v 0.912898 0.664902 -0.146454
v 0.905087 0.662950 -0.148407
v 0.908993 0.694193 -0.146454
v 0.899229 0.692240 -0.148407
v 0.901182 0.723484 -0.146454
v 0.893371 0.719579 -0.148407
v 0.893371 0.746917 -0.146454
v 0.885560 0.743011 -0.148407
v 0.881655 0.764491 -0.146454
v 0.875797 0.758633 -0.148407
v 0.871891 0.772302 -0.146454
v 0.871891 0.762539 -0.148407
v 0.860175 0.762539 -0.148407
v 0.867986 0.760586 -0.148407
v 0.770349 0.567266 -0.148407
v 0.770349 0.598510 -0.148407
v 0.778160 0.569219 -0.148407
v 0.762539 0.596557 -0.148407
v 0.758633 0.627801 -0.148407
v 0.750822 0.623895 -0.148407
v 0.741059 0.655139 -0.148407
v 0.735200 0.651233 -0.148407
v 0.737153 0.660997 -0.148407
v 0.731295 0.657091 -0.148407
v 0.770349 0.537975 -0.148407
v 0.778160 0.537975 -0.148407
v 0.772302 0.504779 -0.148407
v 0.766444 0.498921 -0.148407
v 0.778160 0.502826 -0.148407
v 0.780113 0.495015 -0.148407
v 0.805498 0.514543 -0.148407
v 0.801593 0.520401 -0.148407
v 0.823073 0.532117 -0.148407
v 0.817215 0.537975 -0.148407
v 0.832837 0.549692 -0.148407
v 0.825026 0.553597 -0.148407
v 0.848458 0.590699 -0.148407
v 0.840647 0.592652 -0.148407
v 0.860175 0.631706 -0.148407
v 0.852364 0.633659 -0.148407
v 0.867986 0.674666 -0.148407
v 0.860175 0.674666 -0.148407
v 0.869938 0.713720 -0.148407
v 0.862127 0.713720 -0.148407
v 0.867986 0.752775 -0.148407
v 0.858222 0.750822 -0.148407
v 0.934378 0.307554 -0.146454
v -0.840647 0.592652 -0.148407
v -0.860175 0.631706 -0.148407
v -0.852364 0.633659 -0.148407
v -0.867986 0.674666 -0.148407
v -0.860175 0.674666 -0.148407
v -0.869938 0.713720 -0.148407
v -0.862127 0.713720 -0.148407
v -0.867986 0.752775 -0.148407
v -0.858222 0.750822 -0.148407
v -0.867986 0.760586 -0.148407
v -0.860175 0.762539 -0.148407
v -0.871891 0.762539 -0.148407
v -0.780113 0.495015 -0.148407
v -0.805498 0.514543 -0.148407
v -0.778160 0.502826 -0.148407
v -0.766444 0.498921 -0.148407
v -0.772302 0.504779 -0.148407
v -0.770349 0.537975 -0.148407
v -0.778160 0.537975 -0.148407
v -0.778160 0.569219 -0.148407
v -0.770349 0.567266 -0.148407
v -0.770349 0.598510 -0.148407
v -0.762539 0.596557 -0.148407
v -0.758633 0.627801 -0.148407
v -0.750822 0.623895 -0.148407
v -0.741059 0.655139 -0.148407
v -0.735200 0.651233 -0.148407
v -0.737153 0.660997 -0.148407
v -0.731295 0.657091 -0.148407
v -0.801593 0.520401 -0.148407
v -0.823073 0.532117 -0.148407
v -0.817215 0.537975 -0.148407
v -0.832837 0.549692 -0.148407
v -0.825026 0.553597 -0.148407
v -0.848458 0.590699 -0.148407
v -0.871891 0.772302 -0.146454
v -0.875796 0.758633 -0.148407
v -0.881655 0.764491 -0.146454
v -0.885560 0.743011 -0.148407
v -0.893371 0.746917 -0.146454
v -0.893371 0.719579 -0.148407
v -0.901182 0.723484 -0.146454
v -0.899229 0.692240 -0.148407
v -0.908993 0.694193 -0.146454
v -0.905087 0.662950 -0.148407
v -0.912898 0.664902 -0.146454
v -0.907040 0.631706 -0.148407
v -0.916804 0.633659 -0.146454
v -0.907040 0.600462 -0.148407
v -0.914851 0.600462 -0.146454
v -0.903135 0.567266 -0.148407
v -0.910946 0.565313 -0.146454
v -0.895324 0.534070 -0.148407
v -0.903135 0.530164 -0.146454
v -0.881655 0.498921 -0.148407
v -0.889466 0.495015 -0.146454
v -0.866033 0.463772 -0.148407
v -0.871891 0.457914 -0.146454
v -0.846506 0.430576 -0.148407
v -0.852364 0.424717 -0.146454
v -0.823073 0.399332 -0.148407
v -0.828931 0.393474 -0.146454
v -0.795735 0.370041 -0.148407
v -0.799640 0.362230 -0.146454
v -0.764491 0.342703 -0.148407
v -0.766444 0.334892 -0.146454
v -0.723484 0.317318 -0.148407
v -0.725437 0.307554 -0.146454
v -0.694193 0.293885 -0.148407
v -0.674666 0.297790 -0.148407
v -0.770349 0.254830 -0.148407
v -0.692240 0.286074 -0.148407
v -0.686382 0.280216 -0.148407
v -0.772302 0.262641 -0.148407
v -0.813309 0.252878 -0.148407
v -0.811357 0.260689 -0.148407
v -0.858222 0.258736 -0.148407
v -0.858222 0.266547 -0.148407
v -0.891418 0.268499 -0.148407
v -0.889466 0.278263 -0.148407
v -0.924615 0.286074 -0.148407
v -0.920709 0.297790 -0.148407
v -0.928520 0.307554 -0.148407
v -0.924615 0.327081 -0.148407
v -0.928520 0.323176 -0.148407
v -0.932425 0.329034 -0.148407
v -0.682477 0.288027 -0.148407
v -0.674666 0.289979 -0.148407
v -0.934378 0.307554 -0.146454
v 0.813309 0.260689 -0.072251
v 0.856269 0.266547 -0.078109
v 0.770349 0.262641 -0.066393
v 0.858222 0.262641 -0.056629
v 0.893371 0.276310 -0.072251
v 0.815262 0.252878 -0.046865
v 0.889466 0.280216 -0.087873
v 0.914851 0.288027 -0.083967
v 0.920709 0.297790 -0.109353
v 0.768397 0.254830 -0.042960
v 0.680524 0.286074 -0.072251
v 0.662950 0.280216 -0.046865
v 0.850411 0.248972 -0.039054
v 0.784018 0.241161 -0.027338
v 0.631706 0.270452 -0.025385
v 0.889466 0.260689 -0.056629
v -0.813309 0.260689 -0.072251
v -0.856269 0.266547 -0.078109
v -0.770349 0.262641 -0.066393
v -0.858222 0.262641 -0.056629
v -0.893371 0.276310 -0.072251
v -0.815262 0.252878 -0.046865
v -0.889466 0.280216 -0.087873
v -0.914851 0.288027 -0.083967
v -0.920709 0.297790 -0.109353
v -0.768397 0.254830 -0.042960
v -0.680524 0.286074 -0.072251
v -0.662950 0.280216 -0.046865
v -0.850411 0.248972 -0.039054
v -0.784018 0.241161 -0.027338
v -0.631706 0.270452 -0.025385
v -0.889466 0.260689 -0.056629
v -0.073227 -0.346608 0.128880
v -0.094707 -0.211871 0.109353
v -0.100565 -0.325128 0.124974
v -0.043936 -0.395427 0.136691
v 0.000976 -0.422765 0.146454
v -0.106423 -0.116187 0.101542
v -0.022456 -0.479394 0.144502
v 0.000976 -0.491110 0.148407
v -0.082991 -0.549692 0.142549
v -0.123998 -0.348561 0.119116
v -0.182580 -0.452055 0.121069
v -0.041984 -0.571172 0.146454
v 0.000976 -0.588746 0.148407
v -0.127903 -0.522354 0.130832
v -0.184532 -0.459866 0.121069
v -0.137667 -0.342703 0.121069
v -0.100145 -0.325418 0.115322
v -0.041984 -0.584841 0.142549
v -0.157194 -0.325128 0.111305
v -0.166538 -0.307844 0.103605
v -0.239209 -0.311459 0.103494
v -0.221634 -0.362230 0.109353
v -0.272405 -0.368088 0.099589
v -0.327081 -0.329034 0.089825
v -0.323176 -0.362230 0.089825
v -0.313412 -0.299743 0.085920
v -0.379805 -0.252878 0.056629
v -0.358325 -0.344656 0.076156
v -0.385663 -0.317318 0.060534
v -0.424717 -0.268499 0.035149
v -0.448150 -0.248972 0.019527
v -0.235303 -0.301696 0.099589
v -0.416906 -0.206012 0.023433
v -0.383710 -0.211871 0.033196
v -0.397379 -0.178674 0.019527
v -0.428623 -0.174769 0.011716
v -0.403237 -0.135714 0.013669
v -0.436434 -0.139620 0.005858
v -0.375899 -0.202107 0.031244
v -0.385663 -0.170863 0.017575
v -0.391521 -0.135714 0.009764
v -0.358325 -0.233350 0.050771
v -0.358325 -0.252878 0.058582
v -0.332939 -0.266547 0.068345
v -0.303649 -0.291932 0.082014
v -0.295838 -0.288027 0.082014
v -0.233350 -0.297790 0.093731
v -0.393474 -0.116187 0.019527
v -0.436434 -0.079085 0.005858
v -0.332939 -0.127903 0.042960
v -0.489157 -0.239209 -0.009764
v -0.483299 -0.207965 -0.019527
v -0.491110 -0.207965 -0.019527
v -0.510637 -0.243114 -0.015622
v -0.493063 -0.170863 -0.029291
v -0.481346 -0.166958 -0.033196
v 0.000976 -0.598510 0.144502
v -0.487205 -0.069322 -0.050771
v -0.498921 -0.116187 -0.041007
v -0.514543 -0.079085 -0.048818
v -0.500874 -0.057605 -0.050771
v -0.504779 -0.036125 -0.056629
v -0.088849 -0.559455 0.134738
v -0.385663 -0.139620 0.003905
v -0.381757 -0.129856 0.005858
v -0.387616 -0.123998 0.007811
v -0.082991 -0.555550 0.121069
v -0.120092 -0.526259 0.076156
v -0.122045 -0.522354 0.117163
v -0.082991 -0.557503 0.080062
v -0.157194 -0.487205 0.072251
v -0.163052 -0.483299 0.111305
v -0.182580 -0.457914 0.068345
v -0.186485 -0.455961 0.107400
v -0.198201 -0.440339 0.066393
v -0.204060 -0.436434 0.107400
v -0.038078 -0.580935 0.085920
v -0.038078 -0.582888 0.126927
v 0.000976 -0.596557 0.123022
v 0.000976 -0.592652 0.083967
v -0.258736 -0.430576 0.058582
v -0.262641 -0.428623 0.097636
v -0.342703 -0.416906 0.039054
v -0.346608 -0.414954 0.074204
v -0.366136 -0.409096 0.062487
v 0.000976 -0.592652 0.130832
v -0.081038 -0.549692 0.130832
v 0.000976 -0.588746 0.136691
v -0.356372 -0.418859 0.033196
v -0.041984 -0.571172 0.134738
v 0.038078 -0.580935 0.085920
v 0.038078 -0.582888 0.126927
v -0.381757 -0.385663 0.060534
v 0.082991 -0.555550 0.121069
v 0.204060 -0.446197 0.064440
v 0.258736 -0.430576 0.058582
v 0.260689 -0.438386 0.058582
v 0.342703 -0.416906 0.039054
v 0.342703 -0.424717 0.039054
v 0.352467 -0.424717 0.035149
v 0.198201 -0.440339 0.066393
v 0.190391 -0.461819 0.066393
v 0.182580 -0.457914 0.068345
v 0.157194 -0.487205 0.072251
v 0.163052 -0.493063 0.070298
v 0.120092 -0.526259 0.076156
v 0.123998 -0.532117 0.074204
v 0.082991 -0.557503 0.080062
v 0.084943 -0.561408 0.080062
v 0.040031 -0.586793 0.083967
v 0.356372 -0.418859 0.033196
v 0.364183 -0.432528 0.031244
v 0.360277 -0.438386 0.033196
v 0.370041 -0.452055 0.029291
v 0.364183 -0.455961 0.033196
v 0.368088 -0.487205 0.033196
v 0.373947 -0.489157 0.031244
v 0.368088 -0.555550 0.041007
v 0.360277 -0.561408 0.044913
v 0.358325 -0.621942 0.056629
v 0.348561 -0.629753 0.060534
v 0.346608 -0.668808 0.070298
v 0.000976 -0.598510 0.085920
v -0.040031 -0.586793 0.083967
v 0.338798 -0.666855 0.074204
v 0.332939 -0.703957 0.082014
v 0.325128 -0.705910 0.087873
v 0.309507 -0.744964 0.105447
v 0.301696 -0.746917 0.113258
v 0.303649 -0.758633 0.109353
v 0.293885 -0.762539 0.113258
v -0.512590 -0.621942 -0.027338
v -0.536023 -0.584841 -0.046865
v -0.526259 -0.598510 -0.076156
v -0.500874 -0.633659 -0.054676
v -0.541881 -0.565313 -0.091778
v -0.549692 -0.551644 -0.058582
v -0.551644 -0.532117 -0.103494
v -0.559455 -0.514543 -0.068345
v -0.565313 -0.491110 -0.113258
v -0.571172 -0.436434 -0.085920
v -0.577030 -0.413001 -0.128880
v -0.578983 -0.338798 -0.134738
v -0.573124 -0.342703 -0.093731
v -0.545786 -0.522354 -0.039054
v -0.530164 -0.571172 -0.027338
v -0.559455 -0.416906 -0.056629
v -0.561408 -0.354419 -0.064440
v -0.573124 -0.297790 -0.140596
v -0.563361 -0.278263 -0.097636
v -0.547739 -0.288027 -0.052724
v -0.489157 -0.629753 0.009764
v -0.483299 -0.653186 0.001953
v -0.539928 -0.250925 -0.058582
v -0.397379 -0.702004 0.085920
v -0.395427 -0.719579 0.080062
v -0.563361 -0.258736 -0.144502
v -0.555550 -0.235303 -0.105447
v -0.536023 -0.227492 -0.060534
v -0.559455 -0.239209 -0.146454
v -0.514543 -0.344656 0.000000
v -0.543834 -0.440339 -0.037102
v -0.528212 -0.543834 -0.027338
v -0.448150 -0.569219 0.050771
v -0.516495 -0.561408 -0.019527
v -0.541881 -0.434481 -0.033196
v -0.432528 -0.383710 0.052724
v -0.426670 -0.348561 0.050771
v -0.440339 -0.575077 0.056629
v -0.371994 -0.641470 0.101542
v -0.413001 -0.647328 0.072251
v -0.348561 -0.721531 0.117163
v -0.348561 -0.746917 0.115211
v -0.524306 -0.571172 -0.019527
v -0.317318 -0.760586 0.128880
v -0.420812 -0.342703 0.052724
v -0.381757 -0.375899 0.078109
v -0.385663 -0.385663 0.072251
v -0.391521 -0.438386 0.074204
v -0.342703 -0.409096 0.091778
v -0.336845 -0.399332 0.095683
v -0.366136 -0.414954 0.074204
v -0.309507 -0.754728 0.130832
v -0.344656 -0.698099 0.115211
v -0.303649 -0.764491 0.132785
v -0.370041 -0.420812 0.072251
v -0.260689 -0.416906 0.115211
v -0.276310 -0.377852 0.105447
v -0.221634 -0.370041 0.117163
v -0.383710 -0.541881 0.087873
v -0.327081 -0.370041 0.089825
v -0.383710 -0.323176 0.056629
v -0.430576 -0.264594 0.019527
v -0.487205 -0.243114 -0.017575
v -0.444245 -0.247020 0.005858
v -0.200154 -0.426670 0.123022
v -0.153289 -0.371994 0.123022
v -0.145478 -0.340750 0.121069
v -0.176721 -0.428623 0.126927
v -0.184532 -0.446197 0.124974
v -0.213823 -0.438386 0.115211
v -0.159147 -0.327081 0.107400
v -0.262641 -0.438386 0.103494
v -0.207965 -0.448150 0.111305
v -0.348561 -0.422765 0.078109
v -0.194296 -0.461819 0.111305
v -0.168911 -0.493063 0.113258
v -0.129856 -0.532117 0.119116
v 0.512590 -0.621942 -0.027338
v 0.526259 -0.598510 -0.076156
v 0.536023 -0.584841 -0.046865
v 0.500874 -0.633659 -0.054676
v 0.541881 -0.565313 -0.091778
v 0.549692 -0.551644 -0.058582
v 0.551644 -0.532117 -0.103494
v 0.559455 -0.514543 -0.068345
v 0.565313 -0.491110 -0.113258
v 0.571172 -0.436434 -0.085920
v 0.577030 -0.413001 -0.128880
v 0.578983 -0.338798 -0.134738
v 0.573124 -0.342703 -0.093731
v 0.530164 -0.571172 -0.027338
v 0.561408 -0.354419 -0.064440
v 0.573124 -0.297790 -0.140596
v 0.563361 -0.278263 -0.097636
v 0.547739 -0.288027 -0.052724
v 0.489157 -0.629753 0.009764
v 0.483299 -0.653186 0.001953
v 0.539928 -0.250925 -0.058582
v 0.563361 -0.258736 -0.144502
v 0.555550 -0.235303 -0.105447
v 0.536023 -0.227492 -0.060534
v 0.559455 -0.239209 -0.146454
v 0.397379 -0.702004 0.085920
v 0.395427 -0.719579 0.080062
v 0.348561 -0.746917 0.115211
v 0.846506 0.438386 -0.091778
v 0.866033 0.473535 -0.093731
v 0.881655 0.504779 -0.095683
v 0.864080 0.479394 -0.066393
v 0.879702 0.514543 -0.070298
v 0.842600 0.444245 -0.062487
v 0.821120 0.405190 -0.089825
v 0.817215 0.411048 -0.058582
v 0.891418 0.545786 -0.074203
v 0.893371 0.539928 -0.099589
v 0.791829 0.373947 -0.089825
v 0.785971 0.379805 -0.056629
v 0.875797 0.522354 -0.052724
v 0.858222 0.487205 -0.046865
v 0.887513 0.555550 -0.058582
v 0.754728 0.344656 -0.089825
v 0.748869 0.350514 -0.056629
v 0.778160 0.387616 -0.035149
v 0.711768 0.319270 -0.083967
v 0.741059 0.358325 -0.035149
v 0.690288 0.317318 -0.054676
v 0.670761 0.299743 -0.080062
v 0.645375 0.291932 -0.056629
v 0.657091 0.291932 -0.085920
v 0.639517 0.282169 -0.056629
v 0.668808 0.317318 -0.037102
v 0.660997 0.284121 -0.093731
v -0.866033 0.473535 -0.093731
v -0.846506 0.438386 -0.091778
v -0.881655 0.504779 -0.095683
v -0.864080 0.479394 -0.066393
v -0.879702 0.514543 -0.070298
v -0.842600 0.444245 -0.062487
v -0.821120 0.405190 -0.089825
v -0.817215 0.411048 -0.058582
v -0.891418 0.545786 -0.074203
v -0.893371 0.539928 -0.099589
v -0.791829 0.373947 -0.089825
v -0.785971 0.379805 -0.056629
v -0.875796 0.522354 -0.052724
v -0.858222 0.487205 -0.046865
v -0.887513 0.555550 -0.058582
v -0.754728 0.344656 -0.089825
v -0.748869 0.350514 -0.056629
v -0.778160 0.387616 -0.035149
v -0.711768 0.319270 -0.083967
v -0.741059 0.358325 -0.035149
v -0.690288 0.317318 -0.054676
v -0.670761 0.299743 -0.080062
v -0.645375 0.291932 -0.056629
v -0.657091 0.291932 -0.085920
v -0.639517 0.282169 -0.056629
v -0.668808 0.317318 -0.037102
v -0.660997 0.284121 -0.093731
v -0.282169 -0.141572 0.048818
v -0.325128 -0.131809 0.033196
v -0.278263 -0.135714 0.054676
v -0.231398 -0.155242 0.070298
v -0.239209 -0.163052 0.064440
v -0.186485 -0.182580 0.078109
v -0.198201 -0.192343 0.074204
v -0.153289 -0.213823 0.083967
v -0.163052 -0.178674 0.119116
v -0.202107 -0.147431 0.117163
v -0.243114 -0.123998 0.111305
v -0.336845 -0.090802 0.080062
v -0.336845 -0.110329 0.046865
v -0.413001 -0.079085 0.007811
v -0.329034 -0.123998 0.029291
v -0.389568 -0.114234 0.009764
v -0.133762 -0.213823 0.121069
v -0.428623 -0.067369 0.029291
v -0.442292 -0.073227 -0.013669
v -0.465725 -0.061511 -0.003905
v -0.487205 -0.059558 -0.058582
v -0.481346 -0.051747 -0.027338
v -0.129856 -0.254830 0.083967
v -0.110329 -0.272405 0.113258
v -0.493063 -0.049794 -0.062487
v -0.112282 -0.321223 0.083967
v -0.102518 -0.325128 0.101542
v -0.079085 -0.334892 0.111305
v -0.373947 -0.063464 0.064440
v -0.422765 -0.053700 0.035149
v -0.454008 -0.049794 0.007811
v -0.473535 -0.040031 -0.017575
v -0.485252 -0.030267 -0.050771
v -0.330987 -0.268499 0.046865
v -0.368088 -0.239209 0.027338
v -0.358325 -0.237256 0.027338
v -0.342703 -0.272405 0.048818
v -0.303649 -0.295838 0.070298
v -0.233350 -0.299743 0.082014
v -0.366136 -0.141572 0.017575
v -0.352467 -0.129856 0.017575
v -0.338798 -0.141572 0.033196
v -0.350514 -0.155242 0.033196
v -0.317318 -0.161100 0.054676
v -0.332939 -0.176721 0.052724
v -0.295838 -0.149383 0.052724
v -0.266547 -0.174769 0.072251
v -0.288027 -0.186485 0.074204
v -0.305601 -0.204060 0.072251
v -0.370041 -0.120093 -0.001953
v -0.360277 -0.170863 0.031244
v -0.381757 -0.127903 -0.007811
v -0.344656 -0.196249 0.048818
v -0.317318 -0.223587 0.070298
v -0.268499 -0.231398 0.089825
v -0.250925 -0.215776 0.089825
v -0.276310 -0.250925 0.085920
v -0.383710 -0.209918 0.007811
v -0.371994 -0.209918 0.009764
v -0.393474 -0.180627 -0.003905
v -0.381757 -0.182580 -0.001953
v -0.397379 -0.135714 -0.011716
v -0.385663 -0.139620 -0.009764
v -0.391521 -0.118140 -0.009764
v -0.375899 -0.110329 -0.001953
v -0.375899 -0.161100 0.011716
v -0.366136 -0.190391 0.025385
v -0.352467 -0.215776 0.042960
v -0.325128 -0.245067 0.062487
v -0.288027 -0.268499 0.078109
v -0.165005 -0.293885 0.097636
v -0.147431 -0.295838 0.095683
v -0.133762 -0.305601 0.085920
v -0.229445 -0.284121 0.091778
v -0.223587 -0.270452 0.097636
v -0.170863 -0.278263 0.101542
v -0.170863 -0.247020 0.093731
v -0.202107 -0.243114 0.099589
v -0.194296 -0.219681 0.087873
v -0.233350 -0.204060 0.085920
v -0.219681 -0.192343 0.078109
v -0.166958 -0.227492 0.082014
v -0.217729 -0.254830 0.099589
v 0.055653 -0.106423 0.107400
v 0.123998 0.049794 0.082014
v 0.123998 0.049794 0.066393
v 0.055653 -0.106423 0.091778
v 0.123998 0.067369 0.080062
v 0.123998 0.065416 0.064440
v 0.127903 0.053700 0.062487
v -0.055653 -0.106423 0.107400
v -0.123998 0.049794 0.066393
v -0.123998 0.049794 0.082014
v -0.055653 -0.106423 0.091778
v -0.123998 0.067369 0.080062
v -0.123998 0.065416 0.064440
v -0.127903 0.053700 0.062487
v 0.616084 0.375899 -0.148407
v 0.660997 0.403237 -0.148407
v 0.694193 0.430576 -0.148407
v 0.717626 0.457914 -0.148407
v 0.733248 0.485252 -0.148407
v 0.743011 0.510637 -0.148407
v 0.735200 0.512590 -0.148407
v 0.744964 0.536023 -0.148407
v 0.737153 0.536023 -0.148407
v 0.743011 0.567266 -0.148407
v 0.735200 0.565313 -0.148407
v 0.737153 0.596557 -0.148407
v 0.729342 0.594604 -0.148407
v 0.729342 0.627801 -0.148407
v 0.721531 0.623895 -0.148407
v 0.709815 0.668808 -0.148407
v 0.703957 0.666855 -0.148407
v 0.493063 0.313412 -0.144502
v 0.465725 0.301696 -0.140596
v 0.428623 0.293885 -0.134738
v 0.387616 0.291932 -0.123022
v 0.360277 0.295838 -0.113258
v 0.709815 0.674666 -0.142549
v 0.703957 0.674666 -0.142549
v -0.090802 -0.563361 0.121069
v -0.123998 -0.532117 0.074204
v -0.084943 -0.561408 0.080062
v -0.163052 -0.493063 0.070298
v -0.190391 -0.461819 0.066393
v -0.204060 -0.446197 0.064440
v -0.043936 -0.594604 0.128880
v 0.000976 -0.608273 0.126927
v 0.000976 -0.606321 0.136691
v -0.260689 -0.438386 0.058582
v -0.342703 -0.424717 0.039054
v -0.360277 -0.424717 0.064440
v -0.352467 -0.424717 0.035149
v 0.168911 -0.493063 0.113258
v 0.194296 -0.461819 0.111305
v 0.207965 -0.448150 0.111305
v 0.129856 -0.532117 0.119116
v 0.090802 -0.563361 0.121069
v 0.043936 -0.594604 0.128880
v 0.088849 -0.559455 0.134738
v 0.262641 -0.438386 0.103494
v 0.348561 -0.422765 0.078109
v 0.360277 -0.424717 0.064440
v 0.366136 -0.414954 0.074204
v 0.041984 -0.584841 0.142549
v 0.127903 -0.522354 0.130832
v -0.352467 -0.625848 0.087873
v -0.360277 -0.561408 0.044913
v -0.364183 -0.547739 0.074204
v -0.348561 -0.629753 0.060534
v -0.368088 -0.487205 0.033196
v -0.371994 -0.473535 0.064440
v -0.338798 -0.666855 0.074204
v -0.336845 -0.692240 0.109353
v -0.325128 -0.705910 0.087873
v -0.364183 -0.455961 0.033196
v -0.370041 -0.442292 0.062487
v -0.301696 -0.746917 0.113258
v -0.291932 -0.760586 0.126927
v -0.293885 -0.762539 0.113258
v -0.289979 -0.768397 0.121069
v -0.360277 -0.438386 0.033196
v -0.362230 -0.426670 0.062487
v -0.371994 -0.547739 0.083967
v -0.360277 -0.627801 0.097636
v -0.358325 -0.621942 0.056629
v -0.368088 -0.555550 0.041007
v -0.346608 -0.668808 0.070298
v -0.373947 -0.489157 0.031244
v -0.332939 -0.703957 0.082014
v -0.309507 -0.744964 0.105447
v -0.303649 -0.758633 0.109353
v -0.370041 -0.452055 0.029291
v 0.352467 -0.625848 0.087873
v 0.364183 -0.547739 0.074204
v 0.371994 -0.473535 0.064440
v 0.336845 -0.692240 0.109353
v 0.370041 -0.442292 0.062487
v 0.291932 -0.760586 0.126927
v 0.289979 -0.768397 0.121069
v 0.362230 -0.426670 0.062487
v -0.692240 0.293885 -0.083967
v -0.709815 0.309507 -0.070298
v -0.760586 0.334892 -0.087873
v -0.799640 0.364183 -0.087873
v -0.791829 0.370041 -0.052724
v -0.744964 0.338798 -0.046865
v -0.825026 0.403237 -0.054676
v -0.828931 0.397379 -0.087873
v -0.672713 0.301696 -0.042960
v -0.854317 0.430576 -0.089825
v -0.850411 0.438386 -0.056629
v -0.780113 0.377852 -0.027338
v -0.666855 0.288027 -0.052724
v -0.817215 0.413001 -0.031244
v -0.871891 0.473535 -0.060534
v -0.873844 0.465725 -0.091778
v -0.844553 0.448150 -0.035149
v -0.867986 0.483299 -0.041007
v -0.889466 0.510637 -0.066393
v -0.739106 0.350514 -0.027338
v -0.883607 0.518448 -0.046865
v -0.637564 0.291932 -0.031244
v -0.657091 0.313412 -0.023433
v -0.825026 0.442292 -0.021480
v -0.862127 0.496968 -0.029291
v -0.731295 0.362230 -0.015622
v -0.883607 0.547739 -0.039054
v -0.895324 0.551644 -0.052724
v 0.354419 0.223587 0.039054
v 0.340750 0.248972 0.025385
v 0.395427 0.272405 0.048818
v 0.293885 0.219681 0.009764
v 0.315365 0.258736 0.009764
v 0.452055 0.286074 0.078109
v 0.448150 0.311459 0.070298
v 0.254830 0.172816 0.007811
v 0.266547 0.157194 0.017575
v 0.346608 0.284121 0.013669
v 0.370041 0.288027 0.021480
v 0.358325 0.309507 0.005858
v 0.399332 0.295838 0.035149
v 0.442292 0.327081 0.052724
v 0.500874 0.338798 0.101542
v 0.229445 0.151336 0.009764
v 0.219681 0.170863 -0.001953
v 0.319270 0.282169 0.005858
v 0.327081 0.315365 0.001953
v 0.309507 0.319270 -0.003905
v 0.368088 0.207965 0.044913
v 0.485252 0.352467 0.091778
v 0.508684 0.387616 0.105447
v 0.528212 0.397379 0.117163
v 0.518448 0.424717 0.111305
v 0.313412 0.352467 -0.003905
v 0.536023 0.455961 0.126927
v 0.522354 0.459866 0.115211
v 0.528212 0.510637 0.121069
v 0.541881 0.483299 0.126927
v 0.291932 0.368088 -0.009764
v 0.248972 0.127903 0.015622
v 0.303649 0.395427 -0.009764
v 0.288027 0.403237 -0.015622
v 0.286074 0.348561 -0.017575
v 0.303649 0.297790 -0.009764
v 0.305601 0.270452 -0.005858
v 0.522354 0.526259 0.115211
v 0.282169 0.137667 0.019527
v 0.541881 0.414954 0.123022
v 0.293885 0.239209 -0.005858
v 0.282169 0.379805 -0.021480
v 0.293885 0.428623 -0.023433
v 0.534070 0.512590 0.121069
v 0.532117 0.366136 0.111305
v 0.340750 0.336845 -0.003905
v 0.387616 0.315365 0.007811
v 0.223587 0.151336 0.000000
v 0.370041 0.327081 -0.005858
v 0.250925 0.190391 -0.009764
v 0.219681 0.186485 -0.015622
v 0.325128 0.360277 -0.007811
v 0.247020 0.123998 0.009764
v 0.215776 0.172816 -0.017575
v 0.219681 0.149383 -0.003905
v 0.227492 0.198201 -0.029291
v 0.254830 0.211871 -0.037102
v 0.219681 0.194296 -0.035149
v 0.248972 0.215776 -0.064440
v -0.395427 0.272405 0.048818
v -0.452055 0.286074 0.078109
v -0.448150 0.311459 0.070298
v -0.354419 0.223587 0.039054
v -0.340750 0.248972 0.025385
v -0.293885 0.219681 0.009764
v -0.315365 0.258736 0.009764
v -0.254830 0.172816 0.007811
v -0.266547 0.157194 0.017575
v -0.346608 0.284121 0.013669
v -0.370041 0.288027 0.021480
v -0.358325 0.309507 0.005858
v -0.399332 0.295838 0.035149
v -0.442292 0.327081 0.052724
v -0.500874 0.338798 0.101542
v -0.229445 0.151336 0.009764
v -0.219681 0.170863 -0.001953
v -0.319270 0.282169 0.005858
v -0.327081 0.315365 0.001953
v -0.309507 0.319270 -0.003905
v -0.368088 0.207965 0.044913
v -0.485252 0.352467 0.091778
v -0.528212 0.397379 0.117163
v -0.508684 0.387616 0.105447
v -0.518448 0.424717 0.111305
v -0.313412 0.352467 -0.003905
v -0.536023 0.455961 0.126927
v -0.522354 0.459866 0.115211
v -0.528212 0.510637 0.121069
v -0.541881 0.483299 0.126927
v -0.291932 0.368088 -0.009764
v -0.248972 0.127903 0.015622
v -0.303649 0.395427 -0.009764
v -0.288027 0.403237 -0.015622
v -0.286074 0.348561 -0.017575
v -0.303649 0.297790 -0.009764
v -0.305601 0.270452 -0.005858
v -0.522354 0.526259 0.115211
v -0.282169 0.137667 0.019527
v -0.541881 0.414954 0.123022
v -0.293885 0.239209 -0.005858
v -0.282169 0.379805 -0.021480
v -0.293885 0.428623 -0.023433
v -0.534070 0.512590 0.121069
v -0.532117 0.366136 0.111305
v -0.340750 0.336845 -0.003905
v -0.387616 0.315365 0.007811
v -0.223587 0.151336 0.000000
v -0.370041 0.327081 -0.005858
v -0.250925 0.190391 -0.009764
v -0.219681 0.186485 -0.015622
v -0.325128 0.360277 -0.007811
v -0.247020 0.123998 0.009764
v -0.215776 0.172816 -0.017575
v -0.219681 0.149383 -0.003905
v -0.227492 0.198201 -0.029291
v -0.254830 0.211871 -0.037102
v -0.219681 0.194296 -0.035149
v -0.248972 0.215776 -0.064440
v 0.495015 -0.008787 -0.087873
v 0.487205 0.014645 -0.105447
v 0.465725 0.049794 -0.080062
v 0.485252 0.030267 -0.146454
v 0.461819 0.073227 -0.146454
v 0.504779 -0.036125 -0.056629
v 0.432528 0.118140 -0.146454
v 0.422765 0.116187 -0.105447
v 0.514543 -0.075180 -0.076156
v 0.514543 -0.079085 -0.048818
v 0.471583 -0.038078 -0.003905
v 0.498921 -0.034173 -0.054676
v 0.430576 0.053700 -0.033196
v 0.444245 0.055653 -0.058582
v 0.459866 0.047842 -0.076156
v 0.413001 0.047842 -0.005858
v 0.483299 -0.051747 -0.013669
v 0.450103 -0.038078 0.019527
v 0.397379 0.092754 -0.039054
v 0.418859 0.108376 -0.097636
v 0.457914 -0.053700 0.017575
v 0.375899 0.079085 -0.009764
v 0.377852 0.094707 -0.025385
v 0.424717 -0.043936 0.041007
v 0.500874 -0.057605 -0.050771
v 0.420812 -0.065416 0.046865
v -0.495015 -0.008787 -0.087873
v -0.465725 0.049794 -0.080062
v -0.487205 0.014645 -0.105447
v -0.485252 0.030267 -0.146454
v -0.461819 0.073227 -0.146454
v -0.432528 0.118140 -0.146454
v -0.422765 0.116187 -0.105447
v -0.514543 -0.075180 -0.076156
v 0.553597 0.379805 0.058582
v 0.559455 0.426670 0.072251
v 0.567266 0.413001 0.089825
v 0.565313 0.448150 0.089825
v 0.553597 0.360277 0.068345
v 0.528212 0.323176 0.009764
v 0.524306 0.332939 0.003905
v 0.539928 0.383710 0.042960
v 0.553597 0.465725 0.080062
v 0.559455 0.479394 0.091778
v 0.561408 0.481346 0.103494
v 0.524306 0.325128 -0.007811
v 0.526259 0.311459 -0.001953
v 0.567266 0.444245 0.107400
v 0.545786 0.510637 0.097636
v 0.545786 0.514543 0.109353
v 0.520401 0.551644 0.109353
v 0.526259 0.528212 0.099589
v 0.553597 0.495015 0.123022
v 0.512590 0.557503 0.119116
v 0.524306 0.307554 0.015622
v 0.530164 0.532117 0.124974
v 0.561408 0.459866 0.126927
v 0.563361 0.395427 0.103494
v 0.534070 0.317318 0.066393
v 0.551644 0.354419 0.091778
v 0.522354 0.297790 0.001953
v 0.563361 0.428623 0.121069
v 0.541881 0.500874 0.134738
v -0.553597 0.379805 0.058582
v -0.567266 0.413001 0.089825
v -0.559455 0.426670 0.072251
v -0.565313 0.448150 0.089825
v -0.553597 0.360277 0.068345
v -0.528212 0.323176 0.009764
v -0.524306 0.332939 0.003905
v -0.539928 0.383710 0.042960
v -0.553597 0.465725 0.080062
v -0.559455 0.479394 0.091778
v -0.561408 0.481346 0.103494
v -0.524306 0.325128 -0.007811
v -0.526259 0.311459 -0.001953
v -0.567266 0.444245 0.107400
v -0.545786 0.510637 0.097636
v -0.545786 0.514543 0.109353
v -0.520401 0.551644 0.109353
v -0.526259 0.528212 0.099589
v -0.553597 0.495015 0.123022
v -0.512590 0.557503 0.119116
v -0.524306 0.307554 0.015622
v -0.530164 0.532117 0.124974
v -0.561408 0.459866 0.126927
v -0.563361 0.395427 0.103494
v -0.534070 0.317318 0.066393
v -0.551644 0.354419 0.091778
v -0.522354 0.297790 0.001953
v -0.563361 0.428623 0.121069
v -0.541881 0.500874 0.134738
v 0.305601 0.293885 -0.083967
v 0.299743 0.391521 -0.062487
v 0.280216 0.336845 -0.064440
v 0.288027 0.395427 -0.056629
v 0.289979 0.272405 -0.083967
v 0.299743 0.440339 -0.046865
v 0.293885 0.438386 -0.044913
v 0.303649 0.268499 -0.087873
v 0.289979 0.256783 -0.087873
v 0.297790 0.442292 -0.046865
v -0.305601 0.293885 -0.083967
v -0.280216 0.336845 -0.064440
v -0.299743 0.391521 -0.062487
v -0.288027 0.395427 -0.056629
v -0.289979 0.272405 -0.083967
v -0.299743 0.440339 -0.046865
v -0.293885 0.438386 -0.044913
v -0.303649 0.268499 -0.087873
v -0.289979 0.256783 -0.087873
v -0.297790 0.442292 -0.046865
v -0.377852 -0.551644 0.076156
v -0.366136 -0.627801 0.089825
v -0.383710 -0.471583 0.064440
v -0.350514 -0.680524 0.101542
v -0.332939 -0.721531 0.111305
v -0.381757 -0.438386 0.060534
v -0.307554 -0.754728 0.123022
v -0.364183 -0.432528 0.031244
v -0.373947 -0.418859 0.060534
v -0.383710 -0.543834 0.076156
v -0.397379 -0.440339 0.064440
v 0.377852 -0.551644 0.076156
v 0.366136 -0.627801 0.089825
v 0.383710 -0.471583 0.064440
v 0.350514 -0.680524 0.101542
v 0.332939 -0.721531 0.111305
v 0.381757 -0.438386 0.060534
v 0.307554 -0.754728 0.123022
v 0.373947 -0.418859 0.060534
v 0.366136 -0.409096 0.062487
v 0.110329 -0.096660 0.101542
v 0.118140 -0.106423 0.101542
v 0.729342 0.598510 -0.115211
v 0.735200 0.602415 -0.099589
v 0.725437 0.629753 -0.109353
v 0.721531 0.625848 -0.123022
v 0.735200 0.569219 -0.107400
v 0.744964 0.600462 -0.082014
v 0.731295 0.635612 -0.099589
v 0.705910 0.668808 -0.126927
v 0.739106 0.575077 -0.089825
v 0.750822 0.553597 -0.066393
v 0.741059 0.547739 -0.082014
v 0.737153 0.541881 -0.101542
v 0.748869 0.530164 -0.062487
v 0.739106 0.524306 -0.078109
v 0.735200 0.520401 -0.097636
v 0.709815 0.672713 -0.123022
v 0.705910 0.676619 -0.130832
v 0.703957 0.666855 -0.138643
v 0.741059 0.500874 -0.056629
v 0.731295 0.500874 -0.074203
v -0.729342 0.598510 -0.115211
v -0.725437 0.629753 -0.109353
v -0.735200 0.602415 -0.099589
v -0.721531 0.625848 -0.123022
v -0.735200 0.569219 -0.107400
v -0.744964 0.600462 -0.082014
v -0.731295 0.635612 -0.099589
v -0.705910 0.668808 -0.126927
v -0.739106 0.575077 -0.089825
v -0.750822 0.553597 -0.066393
v -0.741059 0.547739 -0.082014
v -0.737153 0.541881 -0.101542
v -0.748869 0.530164 -0.062487
v -0.739106 0.524306 -0.078109
v -0.735200 0.520401 -0.097636
v -0.709815 0.672713 -0.123022
v -0.705910 0.676619 -0.130832
v -0.703957 0.666855 -0.138643
v -0.741059 0.500874 -0.056629
v -0.731295 0.500874 -0.074203
v 0.539928 0.366136 0.058582
v 0.555550 0.424717 0.083967
v 0.536023 0.379805 0.050771
v 0.514543 0.330987 0.003905
v 0.516495 0.321223 0.007811
v 0.553597 0.397379 0.085920
v 0.516495 0.309507 0.011716
v 0.557503 0.430576 0.099589
v 0.557503 0.457914 0.103494
v 0.553597 0.461819 0.093731
v 0.549692 0.485252 0.105447
v 0.537975 0.500874 0.103494
v 0.543834 0.424717 0.076156
v 0.522354 0.528212 0.109353
v 0.541881 0.471583 0.093731
v 0.555550 0.463772 0.117163
v 0.543834 0.366136 0.089825
v 0.526259 0.327081 0.066393
v 0.553597 0.407143 0.105447
v 0.555550 0.434481 0.115211
v 0.506732 0.284121 0.015622
v 0.547739 0.483299 0.121069
v 0.534070 0.346608 0.101542
v 0.543834 0.381757 0.111305
v 0.547739 0.405190 0.119116
v -0.539928 0.366136 0.058582
v -0.536023 0.379805 0.050771
v -0.555550 0.424717 0.083967
v -0.514543 0.330987 0.003905
v -0.516495 0.321223 0.007811
v -0.553597 0.397379 0.085920
v -0.516495 0.309507 0.011716
v -0.557503 0.430576 0.099589
v -0.557503 0.457914 0.103494
v -0.553597 0.461819 0.093731
v -0.549692 0.485252 0.105447
v -0.537975 0.500874 0.103494
v -0.543834 0.424717 0.076156
v -0.522354 0.528212 0.109353
v -0.541881 0.471583 0.093731
v -0.555550 0.463772 0.117163
v -0.543834 0.366136 0.089825
v -0.526259 0.327081 0.066393
v -0.553597 0.407143 0.105447
v -0.555550 0.434481 0.115211
v -0.506732 0.284121 0.015622
v -0.547739 0.483299 0.121069
v -0.534070 0.346608 0.101542
v -0.543834 0.381757 0.111305
v -0.547739 0.405190 0.119116
v 0.598510 -0.231398 -0.099589
v 0.598510 -0.221634 -0.062487
v 0.600462 -0.237256 -0.144502
v 0.641470 -0.221634 -0.095683
v 0.641470 -0.227492 -0.146454
v 0.641470 -0.209918 -0.060534
v 0.676619 -0.215776 -0.146454
v 0.676619 -0.207965 -0.095683
v 0.678571 -0.196249 -0.058582
v 0.711768 -0.180627 -0.060534
v 0.711768 -0.190391 -0.095683
v 0.711768 -0.198201 -0.146454
v 0.590699 -0.217729 -0.054676
v 0.625848 -0.202107 -0.050771
v 0.504779 -0.006835 -0.085920
v 0.500874 0.010740 -0.068345
v 0.500874 0.016598 -0.105447
v 0.506732 -0.008787 -0.064440
v 0.520401 -0.061511 -0.074203
v 0.520401 -0.059558 -0.056629
v 0.506732 0.047842 -0.074203
v 0.502826 0.051747 -0.146454
v 0.498921 0.030267 -0.146454
v 0.510637 0.041984 -0.064440
v 0.528212 0.071274 -0.064440
v 0.928520 0.266547 -0.146454
v 0.936331 0.288027 -0.109353
v 0.928520 0.268499 -0.103494
v 0.936331 0.286074 -0.146454
v 0.946095 0.323176 -0.126927
v 0.946095 0.323176 -0.146454
v 0.950000 0.332939 -0.144502
v 0.926567 0.272405 -0.087873
v 0.948047 0.334892 -0.132785
v 0.914851 0.245067 -0.146454
v 0.914851 0.247020 -0.097636
v 0.899229 0.225540 -0.146454
v 0.910946 0.254830 -0.074203
v 0.897276 0.227492 -0.087873
v 0.895324 0.237256 -0.066393
v 0.932425 0.291932 -0.095683
v 0.873844 0.221634 -0.056629
v 0.914851 0.270452 -0.072251
v 0.895324 0.248972 -0.058582
v 0.875797 0.213823 -0.082014
v 0.875797 0.209918 -0.146454
v 0.846506 0.206012 -0.050771
v 0.848458 0.198201 -0.080062
v 0.848458 0.196249 -0.146454
v 0.842600 0.217729 -0.031244
v 0.871891 0.233350 -0.044913
v 0.811357 0.192343 -0.050771
v 0.815262 0.186485 -0.078109
v 0.809404 0.204060 -0.025385
v 0.817215 0.186485 -0.146454
v 0.772302 0.192343 -0.031244
v 0.772302 0.186485 -0.046865
v 0.772302 0.178674 -0.146454
v 0.772302 0.180627 -0.076156
v 0.702004 0.178674 -0.070298
v 0.702004 0.178674 -0.146454
v 0.702004 0.188438 -0.033196
v 0.629753 0.184532 -0.146454
v 0.629753 0.184532 -0.062487
v 0.588746 0.184532 -0.146454
v 0.588746 0.184532 -0.062487
v 0.557503 0.180627 -0.146454
v 0.557503 0.178674 -0.062487
v 0.518448 0.166958 -0.062487
v 0.518448 0.166958 -0.146454
v 0.481346 0.149383 -0.064440
v 0.485252 0.153289 -0.146454
v 0.448150 0.131809 -0.062487
v 0.444245 0.129856 -0.146454
v 0.418859 0.118140 -0.044913
v 0.629753 0.194296 -0.027338
v 0.559455 0.192343 -0.027338
v 0.590699 0.196249 -0.027338
v 0.522354 0.182580 -0.029291
v 0.485252 0.163052 -0.033196
v 0.448150 0.145478 -0.031244
v 0.744964 0.204060 -0.013669
v 0.422765 0.141572 -0.019527
v 0.389568 0.114234 -0.011716
v 0.371994 0.102518 0.009764
v 0.489157 0.252878 0.029291
v 0.454008 0.217729 0.052724
v 0.514543 0.291932 0.089825
v 0.776208 0.206012 -0.015622
v 0.682477 0.204060 -0.013669
v 0.477441 0.219681 -0.001953
v 0.504779 0.262641 0.001953
v 0.483299 0.288027 0.095683
v 0.340750 0.077133 0.013669
v 0.516495 0.321223 0.109353
v 0.536023 0.329034 0.103494
v 0.418859 0.221634 0.060534
v 0.360277 0.163052 0.041007
v 0.539928 0.364183 0.121069
v 0.549692 0.368088 0.115211
v 0.553597 0.407143 0.130832
v 0.543834 0.409096 0.134738
v 0.553597 0.438386 0.136691
v 0.549692 0.473535 0.138643
v -0.928520 0.266547 -0.146454
v -0.928520 0.268499 -0.103494
v -0.936331 0.288027 -0.109353
v -0.936331 0.286074 -0.146454
v -0.946095 0.323176 -0.126927
v -0.946095 0.323176 -0.146454
v -0.950000 0.332939 -0.144502
v -0.926567 0.272405 -0.087873
v -0.948047 0.334892 -0.132785
v -0.914851 0.245067 -0.146454
v -0.914851 0.247020 -0.097636
v -0.899229 0.225540 -0.146454
v -0.910946 0.254830 -0.074203
v -0.897276 0.227492 -0.087873
v -0.895324 0.237256 -0.066393
v -0.932425 0.291932 -0.095683
v -0.873844 0.221634 -0.056629
v -0.914851 0.270452 -0.072251
v -0.895324 0.248972 -0.058582
v -0.875796 0.213823 -0.082014
v -0.875796 0.209918 -0.146454
v -0.846506 0.206012 -0.050771
v -0.848458 0.198201 -0.080062
v -0.848458 0.196249 -0.146454
v -0.842600 0.217729 -0.031244
v -0.871891 0.233350 -0.044913
v -0.811357 0.192343 -0.050771
v -0.815262 0.186485 -0.078109
v -0.809404 0.204060 -0.025385
v -0.817215 0.186485 -0.146454
v -0.772302 0.192343 -0.031244
v -0.772302 0.186485 -0.046865
v -0.772302 0.178674 -0.146454
v -0.772302 0.180627 -0.076156
v -0.702004 0.178674 -0.070298
v -0.702004 0.178674 -0.146454
v -0.702004 0.188438 -0.033196
v -0.629753 0.184532 -0.146454
v -0.629753 0.184532 -0.062487
v -0.588746 0.184532 -0.146454
v -0.588746 0.184532 -0.062487
v -0.557503 0.180627 -0.146454
v -0.557503 0.178674 -0.062487
v -0.518448 0.166958 -0.062487
v -0.518448 0.166958 -0.146454
v -0.481346 0.149383 -0.064440
v -0.485252 0.153289 -0.146454
v -0.448150 0.131809 -0.062487
v -0.444245 0.129856 -0.146454
v -0.418859 0.118140 -0.044913
v -0.377852 0.094707 -0.025385
v -0.629753 0.194296 -0.027338
v -0.559455 0.192343 -0.027338
v -0.590699 0.196249 -0.027338
v -0.522354 0.182580 -0.029291
v -0.485252 0.163052 -0.033196
v -0.448150 0.145478 -0.031244
v -0.744964 0.204060 -0.013669
v -0.422765 0.141572 -0.019527
v -0.389568 0.114234 -0.011716
v -0.371994 0.102518 0.009764
v -0.342703 0.071274 0.007811
v -0.489157 0.252878 0.029291
v -0.454008 0.217729 0.052724
v -0.514543 0.291932 0.089825
v -0.776208 0.206012 -0.015622
v -0.682477 0.204060 -0.013669
v -0.578983 0.209918 -0.013669
v -0.477441 0.219681 -0.001953
v -0.504779 0.262641 0.001953
v -0.483299 0.288027 0.095683
v -0.340750 0.077133 0.013669
v -0.280216 0.094707 0.023433
v -0.516495 0.321223 0.109353
v -0.536023 0.329034 0.103494
v -0.418859 0.221634 0.060534
v -0.360277 0.163052 0.041007
v -0.539928 0.364183 0.121069
v -0.549692 0.368088 0.115211
v -0.553597 0.407143 0.130832
v -0.543834 0.409096 0.134738
v -0.553597 0.438386 0.136691
v -0.549692 0.473535 0.138643
v 0.000976 -0.245067 0.111305
v -0.106423 -0.116187 0.087873
v -0.108376 -0.106423 0.101542
v -0.106423 -0.106423 0.087873
v 0.106423 -0.116187 0.101542
v 0.106423 -0.116187 0.087873
v 0.108376 -0.106423 0.101542
v 0.106423 -0.106423 0.087873
v -0.731295 -0.069322 -0.074203
v -0.754728 -0.041984 -0.074203
v -0.756680 -0.043936 -0.060534
v -0.733248 -0.069322 -0.058582
v -0.789877 0.038078 -0.083967
v -0.809404 0.086896 -0.072251
v -0.805498 0.084943 -0.083967
v -0.854317 0.151336 -0.068345
v -0.772302 -0.026362 -0.056629
v -0.743011 -0.073227 -0.054676
v -0.596557 -0.225540 -0.099589
v -0.598510 -0.231398 -0.148407
v -0.641470 -0.221634 -0.148407
v -0.639517 -0.213823 -0.097636
v -0.672713 -0.204060 -0.099589
v -0.674666 -0.211871 -0.148407
v -0.707862 -0.184532 -0.099589
v -0.709815 -0.192343 -0.148407
v -0.551644 -0.233350 -0.148407
v -0.116187 -0.120093 0.101542
v 0.000976 -0.252878 0.132785
v -0.118140 -0.106423 0.101542
v -0.110372 -0.095153 0.102145
v 0.000976 -0.243114 0.132785
v -0.104471 -0.118140 0.103494
v -0.106423 -0.110329 0.101542
v -0.100565 -0.104471 0.101542
v -0.069365 -0.097106 0.109956
v 0.116187 -0.120093 0.101542
v 0.106423 -0.110329 0.101542
v 0.100565 -0.104471 0.101542
v 0.362230 0.323176 -0.044913
v 0.381757 0.330987 -0.021480
v 0.350514 0.348561 -0.029291
v 0.334892 0.327081 -0.064440
v 0.313412 0.334892 -0.082014
v 0.332939 0.366136 -0.033196
v 0.327081 0.315365 -0.091778
v 0.354419 0.309507 -0.074203
v 0.383710 0.307554 -0.056629
v 0.403237 0.317318 -0.033196
v 0.409096 0.327081 -0.011716
v 0.373947 0.295838 -0.093731
v 0.342703 0.305601 -0.101542
v 0.436434 0.317318 -0.025385
v 0.416906 0.303649 -0.058582
v 0.448150 0.336845 0.005858
v 0.479394 0.334892 -0.001953
v 0.487205 0.325128 -0.017575
v 0.500874 0.336845 0.003905
v 0.504779 0.327081 -0.011716
v 0.448150 0.307554 -0.054676
v 0.414954 0.293885 -0.099589
v 0.498921 0.377852 0.042960
v 0.522354 0.377852 0.042960
v 0.524306 0.413001 0.068345
v 0.534070 0.440339 0.082014
v 0.506732 0.407143 0.070298
v 0.524306 0.465725 0.093731
v 0.317318 0.389568 -0.037102
v 0.301696 0.366136 -0.076156
v 0.518448 0.434481 0.083967
v 0.485252 0.377852 0.050771
v 0.452055 0.346608 0.023433
v 0.418859 0.330987 0.005858
v 0.397379 0.329034 -0.009764
v 0.299743 0.407143 -0.064440
v 0.305601 0.420812 -0.041007
v 0.452055 0.301696 -0.089825
v 0.498921 0.323176 -0.039054
v 0.489157 0.315365 -0.083967
v 0.522354 0.332939 -0.064440
v 0.616084 0.377852 -0.082014
v 0.520401 0.463772 0.097636
v -0.362230 0.323176 -0.044913
v -0.350514 0.348561 -0.029291
v -0.381757 0.330987 -0.021480
v -0.334892 0.327081 -0.064440
v -0.313412 0.334892 -0.082014
v -0.332939 0.366136 -0.033196
v -0.327081 0.315365 -0.091778
v -0.354419 0.309507 -0.074203
v -0.383710 0.307554 -0.056629
v -0.403237 0.317318 -0.033196
v -0.409096 0.327081 -0.011716
v -0.373947 0.295838 -0.093731
v -0.342703 0.305601 -0.101542
v -0.436434 0.317318 -0.025385
v -0.416906 0.303649 -0.058582
v -0.448150 0.336845 0.005858
v -0.479394 0.334892 -0.001953
v -0.487205 0.325128 -0.017575
v -0.500874 0.336845 0.003905
v -0.504779 0.327081 -0.011716
v -0.448150 0.307554 -0.054676
v -0.414954 0.293885 -0.099589
v -0.498921 0.377852 0.042960
v -0.522354 0.377852 0.042960
v -0.524306 0.413001 0.068345
v -0.534070 0.440339 0.082014
v -0.506732 0.407143 0.070298
v -0.524306 0.465725 0.093731
v -0.317318 0.389568 -0.037102
v -0.301696 0.366136 -0.076156
v -0.518448 0.434481 0.083967
v -0.485252 0.377852 0.050771
v -0.452055 0.346608 0.023433
v -0.418859 0.330987 0.005858
v -0.397379 0.329034 -0.009764
v -0.299743 0.407143 -0.064440
v -0.305601 0.420812 -0.041007
v -0.452055 0.301696 -0.089825
v -0.498921 0.323176 -0.039054
v -0.489157 0.315365 -0.083967
v -0.522354 0.332939 -0.064440
v -0.616084 0.377852 -0.082014
v -0.520401 0.463772 0.097636
v -0.600462 -0.237256 -0.144502
v -0.598510 -0.231398 -0.099589
v -0.598510 -0.221634 -0.062487
v -0.641470 -0.221634 -0.095683
v -0.641470 -0.227492 -0.146454
v -0.641470 -0.209918 -0.060534
v -0.676619 -0.215776 -0.146454
v -0.676619 -0.207965 -0.095683
v -0.678571 -0.196249 -0.058582
v -0.711768 -0.180627 -0.060534
v -0.711768 -0.190391 -0.095683
v -0.711768 -0.198201 -0.146454
v -0.739106 -0.165005 -0.062487
v -0.744964 -0.168911 -0.095683
v -0.744964 -0.174769 -0.146454
v -0.590699 -0.217729 -0.054676
v -0.625848 -0.202107 -0.050771
v -0.725437 -0.159147 -0.052724
v -0.682477 -0.178674 -0.050771
v -0.760586 -0.141572 -0.062487
v -0.768397 -0.112282 -0.054676
v -0.782066 -0.114234 -0.064440
v -0.793782 -0.088849 -0.064440
v -0.795735 -0.092754 -0.072251
v -0.809404 -0.059558 -0.066393
v -0.811357 -0.067369 -0.082014
v -0.844553 0.018551 -0.076156
v -0.860175 0.071274 -0.068345
v -0.856269 0.051747 -0.074203
v -0.852364 0.034173 -0.085920
v -0.813309 -0.069322 -0.148407
v -0.799640 -0.096660 -0.146454
v -0.787924 -0.122045 -0.146454
v -0.799640 -0.096660 -0.148407
v -0.871891 0.114234 -0.080062
v -0.871891 0.112282 -0.148407
v -0.766444 -0.143525 -0.097636
v -0.877749 0.157194 -0.148407
v -0.877749 0.157194 -0.078109
v -0.766444 -0.149383 -0.146454
v -0.869938 0.131809 -0.068345
v -0.873844 0.168911 -0.074203
v -0.793782 -0.063464 -0.056629
v -0.700051 0.028314 -0.089825
v -0.657091 0.030267 -0.089825
v -0.700051 0.028314 -0.083967
v -0.660997 0.034173 -0.074203
v -0.645375 0.026362 -0.072251
v -0.641470 0.036125 -0.060534
v -0.700051 0.040031 -0.080062
v -0.770349 0.075180 -0.072251
v -0.784018 0.092754 -0.062487
v -0.610226 0.008787 -0.058582
v -0.637564 0.012693 -0.087873
v -0.647328 0.016598 -0.093731
v -0.633659 0.000976 -0.089825
v -0.606321 -0.008787 -0.070298
v -0.586793 -0.018551 -0.058582
v -0.612179 -0.012693 -0.085920
v -0.602415 -0.016598 -0.070298
v -0.537975 0.028314 -0.060534
v -0.590699 0.118140 -0.064440
v -0.567266 -0.043936 -0.056629
v -0.520401 -0.059558 -0.056629
v -0.563361 -0.051747 -0.058582
v -0.553597 0.098613 -0.064440
v -0.528212 0.071274 -0.064440
v -0.635612 0.147431 -0.068345
v -0.510637 0.041984 -0.064440
v -0.506732 -0.008787 -0.064440
v -0.854317 0.174769 -0.072251
v -0.686382 -0.098613 -0.052724
v -0.438386 -0.569219 0.042960
v 0.536023 -0.432528 -0.041007
v 0.438386 -0.569219 0.042960
v 0.536023 -0.434481 -0.046865
v -0.227492 -0.284121 0.105447
v 0.131809 0.055653 0.082014
v 0.127903 0.075180 0.080062
v -0.131809 0.055653 0.082014
v -0.131809 0.055653 0.070298
v -0.127903 0.075180 0.080062
v -0.125951 0.075180 0.068345
v 0.043936 -0.395427 0.121069
v 0.073227 -0.346608 0.128880
v 0.043936 -0.395427 0.136691
v 0.073227 -0.346608 0.111305
v 0.022456 -0.477441 0.136691
v 0.022456 -0.479394 0.144502
v -0.487205 -0.493063 0.013669
v -0.481346 -0.491110 0.007811
v -0.477441 -0.495015 0.009764
v -0.475488 -0.498921 0.017575
v -0.467677 -0.495015 0.013669
v -0.463772 -0.496968 0.025385
v -0.469630 -0.493063 0.029291
v -0.108376 -0.096660 0.087873
v 0.045889 -0.000976 0.087873
v 0.112282 0.075180 0.080062
v 0.047842 -0.000976 0.105447
v 0.000976 -0.049794 0.101542
v 0.000976 -0.049794 0.113258
v 0.112282 0.071274 0.064440
v -0.047842 -0.000976 0.105447
v -0.112282 0.075180 0.080062
v -0.045889 -0.000976 0.087873
v -0.112282 0.071274 0.064440
v -0.873844 0.168911 -0.148407
v -0.858222 0.180627 -0.148407
v -0.846506 0.182580 -0.078109
v -0.637564 0.153289 -0.074203
v -0.639517 0.155242 -0.146454
v -0.672713 0.161100 -0.074203
v -0.676619 0.163052 -0.146454
v -0.846506 0.182580 -0.148407
v -0.608273 0.143525 -0.146454
v -0.608273 0.139620 -0.072251
v -0.571172 0.123998 -0.146454
v -0.573124 0.120092 -0.072251
v -0.541881 0.102518 -0.146454
v -0.549692 0.102518 -0.072251
v -0.522354 0.075180 -0.072251
v -0.516495 0.073227 -0.146454
v 0.063464 -0.108376 0.107400
v -0.268499 -0.377852 0.082014
v -0.321223 -0.370041 0.066393
v -0.268499 -0.371994 0.082014
v -0.221634 -0.370041 0.087873
v -0.319270 -0.364183 0.068345
v -0.348561 -0.344656 0.054676
v -0.354419 -0.352467 0.052724
v -0.379805 -0.313412 0.037102
v -0.385663 -0.317318 0.033196
v -0.414954 -0.264594 0.009764
v -0.223587 -0.364183 0.089825
v -0.159147 -0.327081 0.091778
v -0.155242 -0.332939 0.091778
v -0.125951 -0.325128 0.085920
v -0.170863 -0.315365 0.093731
v -0.098613 -0.096660 0.103494
v -0.063464 -0.108376 0.107400
v 0.565313 -0.342703 -0.097636
v 0.567266 -0.299743 -0.142549
v 0.573124 -0.338798 -0.138643
v 0.553597 -0.282169 -0.097636
v 0.551644 -0.330987 -0.068345
v 0.551644 -0.422765 -0.058582
v 0.561408 -0.436434 -0.089825
v 0.569219 -0.413001 -0.128880
v 0.547739 -0.512590 -0.070298
v 0.557503 -0.489157 -0.113258
v 0.537975 -0.549692 -0.060534
v 0.508684 -0.254830 -0.027338
v 0.512590 -0.346608 -0.011716
v 0.512590 -0.313412 -0.017575
v 0.526259 -0.543834 -0.037102
v 0.514543 -0.571172 -0.027338
v 0.524306 -0.584841 -0.050771
v 0.502826 -0.619990 -0.031244
v 0.409096 -0.465725 0.066393
v 0.430576 -0.578983 0.048818
v 0.487205 -0.209918 -0.033196
v 0.510637 -0.186485 -0.074203
v 0.487205 -0.161100 -0.042960
v 0.545786 -0.530164 -0.103494
v 0.323176 -0.329034 0.078109
v 0.235303 -0.311459 0.095683
v 0.313412 -0.301696 0.076156
v 0.270452 -0.368088 0.091778
v 0.321223 -0.362230 0.080062
v 0.221634 -0.362230 0.099589
v 0.354419 -0.346608 0.068345
v 0.157194 -0.325128 0.101542
v 0.375899 -0.254830 0.042960
v 0.383710 -0.319270 0.050771
v 0.422765 -0.268499 0.023433
v 0.446197 -0.250925 0.007811
v 0.420812 -0.207965 0.007811
v 0.393474 -0.198201 0.007811
v 0.401285 -0.174769 0.003905
v 0.426670 -0.174769 -0.001953
v 0.403237 -0.135714 0.001953
v 0.426670 -0.120093 -0.001953
v 0.475488 -0.209918 -0.029291
v 0.487205 -0.243114 -0.017575
v 0.471583 -0.166958 -0.041007
v 0.487205 -0.245067 -0.023433
v 0.498921 -0.266547 -0.019527
v 0.422765 -0.348561 0.039054
v 0.430576 -0.383710 0.042960
v 0.381757 -0.385663 0.060534
v 0.397379 -0.440339 0.064440
v 0.436434 -0.258736 0.005858
v 0.383710 -0.327081 0.048818
v 0.391521 -0.364183 0.062487
v 0.323176 -0.371994 0.082014
v 0.332939 -0.399332 0.085920
v 0.272405 -0.377852 0.097636
v 0.258736 -0.416906 0.105447
v 0.219681 -0.371994 0.107400
v 0.198201 -0.426670 0.115211
v 0.340750 -0.405190 0.082014
v 0.153289 -0.371994 0.113258
v 0.176721 -0.428623 0.117163
v 0.481346 -0.082991 -0.060534
v 0.383710 -0.543834 0.076156
v 0.143525 -0.342703 0.113258
v 0.151336 -0.334892 0.109353
v 0.379805 -0.641470 0.087873
v 0.354419 -0.713720 0.103494
v 0.321223 -0.750822 0.119116
v 0.442292 -0.073227 -0.013669
v 0.413001 -0.079085 0.007811
v 0.389568 -0.114234 0.009764
v 0.487205 -0.059558 -0.058582
v 0.184532 -0.444245 0.113258
v 0.346608 -0.414954 0.074204
v 0.336845 -0.110329 0.046865
v 0.204060 -0.436434 0.107400
v 0.186485 -0.455961 0.107400
v 0.262641 -0.428623 0.097636
v 0.155242 -0.332939 0.091778
v 0.840647 0.588746 -0.113258
v 0.856269 0.616084 -0.091778
v 0.854317 0.633659 -0.117163
v 0.844553 0.582888 -0.085920
v 0.826978 0.555550 -0.109353
v 0.864080 0.655139 -0.099589
v 0.862127 0.678571 -0.123022
v 0.862127 0.604368 -0.070298
v 0.871891 0.653186 -0.083967
v 0.840647 0.555550 -0.058582
v 0.828931 0.551644 -0.080062
v 0.866033 0.696146 -0.109353
v 0.871891 0.703957 -0.099589
v 0.867986 0.743011 -0.115211
v 0.862127 0.717626 -0.124974
v 0.860175 0.752775 -0.126927
v 0.860175 0.762539 -0.132785
v 0.809404 0.528212 -0.105447
v 0.869938 0.758633 -0.117163
v 0.809404 0.522354 -0.072251
v 0.866033 0.770349 -0.134738
v 0.871891 0.768397 -0.124974
v 0.785971 0.506732 -0.103494
v 0.784018 0.496968 -0.064440
v 0.778160 0.504779 -0.105447
v -0.840647 0.588746 -0.113258
v -0.854317 0.633659 -0.117163
v -0.856269 0.616084 -0.091778
v -0.844553 0.582888 -0.085920
v -0.826978 0.555550 -0.109353
v -0.864080 0.655139 -0.099589
v -0.862127 0.678571 -0.123022
v -0.862127 0.604368 -0.070298
v -0.871891 0.653186 -0.083967
v -0.840647 0.555550 -0.058582
v -0.828931 0.551644 -0.080062
v -0.866033 0.696146 -0.109353
v -0.871891 0.703957 -0.099589
v -0.867986 0.743011 -0.115211
v -0.862127 0.717626 -0.124974
v -0.860175 0.752775 -0.126927
v -0.860175 0.762539 -0.132785
v -0.809404 0.528212 -0.105447
v -0.869938 0.758633 -0.117163
v -0.809404 0.522354 -0.072251
v -0.817215 0.512590 -0.044913
v -0.866033 0.770349 -0.134738
v -0.871891 0.768397 -0.124974
v -0.785971 0.506732 -0.103494
v -0.784018 0.496968 -0.064440
v -0.803546 0.506732 -0.054676
v -0.782066 0.479394 -0.039054
v -0.778160 0.504779 -0.105447
v 0.040031 -0.381757 0.130832
v 0.038078 -0.381757 0.115211
v 0.020504 -0.479394 0.134738
v 0.100565 -0.327081 0.115211
v -0.022456 -0.477441 0.136691
v -0.038078 -0.381757 0.115211
v -0.040031 -0.381757 0.130832
v -0.073227 -0.334892 0.124974
v -0.020504 -0.479394 0.134738
v -0.680524 0.110329 -0.070298
v -0.739106 0.129856 -0.072251
v -0.719579 0.139620 -0.074203
v -0.674666 0.114234 -0.072251
v -0.639517 0.079085 -0.068345
v 0.680524 0.110329 -0.070298
v 0.719579 0.139620 -0.074203
v 0.739106 0.129856 -0.072251
v 0.844553 0.153289 -0.076156
v 0.674666 0.114234 -0.072251
v 0.639517 0.079085 -0.068345
v 0.268499 -0.377852 0.082014
v 0.268499 -0.371994 0.082014
v 0.321223 -0.370041 0.066393
v 0.221634 -0.370041 0.087873
v 0.319270 -0.364183 0.068345
v 0.348561 -0.344656 0.054676
v 0.354419 -0.352467 0.052724
v 0.379805 -0.313412 0.037102
v 0.385663 -0.317318 0.033196
v 0.414954 -0.264594 0.009764
v 0.422765 -0.270452 0.005858
v 0.440339 -0.248972 -0.003905
v 0.444245 -0.252878 -0.005858
v 0.487205 -0.243114 -0.023433
v -0.348561 -0.211871 0.060534
v -0.368088 -0.182580 0.039054
v -0.375899 -0.153289 0.025385
v -0.321223 -0.243114 0.080062
v -0.360277 -0.163052 0.042960
v -0.338798 -0.190391 0.064440
v -0.311459 -0.219681 0.083967
v -0.289979 -0.270452 0.091778
v -0.282169 -0.250925 0.097636
v -0.325128 -0.170863 0.066393
v -0.297790 -0.198201 0.085920
v -0.272405 -0.229445 0.099589
v -0.366136 -0.137667 0.025385
v -0.346608 -0.147431 0.042960
v -0.221634 -0.270452 0.111305
v -0.254830 -0.211871 0.099589
v -0.215776 -0.252878 0.111305
v -0.204060 -0.241161 0.111305
v -0.280216 -0.182580 0.083967
v -0.309507 -0.157194 0.064440
v -0.330987 -0.133762 0.042960
v -0.157194 -0.247020 0.095683
v -0.159147 -0.215776 0.089825
v -0.188438 -0.207965 0.089825
v -0.188438 -0.188438 0.083967
v -0.221634 -0.182580 0.082014
v -0.233350 -0.163052 0.076156
v -0.262641 -0.172816 0.082014
v -0.135714 -0.256783 0.093731
v -0.139620 -0.303649 0.099589
v -0.125951 -0.311459 0.095683
v -0.161100 -0.307554 0.099589
v -0.288027 -0.145478 0.062487
v -0.280216 -0.141572 0.064440
v -0.229445 -0.200154 0.097636
v -0.182580 -0.239209 0.107400
v -0.174769 -0.276310 0.113258
v -0.153289 -0.288027 0.109353
v -0.165005 -0.297790 0.107400
v -0.360277 -0.127903 0.021480
v -0.286074 -0.116187 0.105447
v -0.237256 -0.139620 0.117163
v -0.184532 -0.172816 0.123022
v -0.360277 -0.090802 0.078109
v -0.440339 -0.069322 0.029291
v -0.473535 -0.063464 -0.003905
v -0.147431 -0.207965 0.128880
v -0.420812 -0.065416 0.046865
v -0.120092 -0.254830 0.126927
v -0.375899 -0.071274 0.076156
v -0.457914 -0.053700 0.017575
v -0.483299 -0.051747 -0.013669
v -0.319270 -0.084943 0.099589
v 0.514543 0.002929 -0.072251
v 0.526259 -0.051747 -0.068345
v 0.516495 0.036125 -0.072251
v -0.221634 -0.362230 0.099589
v -0.157194 -0.325128 0.101542
v -0.270452 -0.368088 0.091778
v -0.354419 -0.346608 0.068345
v -0.321223 -0.362230 0.080062
v -0.426670 -0.174769 -0.001953
v -0.403237 -0.135714 0.001953
v -0.401285 -0.174769 0.003905
v -0.426670 -0.120093 -0.001953
v -0.420812 -0.207965 0.007811
v -0.393474 -0.198201 0.007811
v -0.471583 -0.166958 -0.041007
v -0.481346 -0.082991 -0.060534
v -0.475488 -0.209918 -0.029291
v -0.446197 -0.250925 0.007811
v -0.375899 -0.254830 0.042960
v -0.422765 -0.268499 0.023433
v -0.383710 -0.319270 0.050771
v -0.323176 -0.329034 0.078109
v -0.313412 -0.301696 0.076156
v -0.487205 -0.209918 -0.033196
v -0.487205 -0.245067 -0.023433
v -0.508684 -0.254830 -0.027338
v -0.235303 -0.311459 0.095683
v -0.487205 -0.161100 -0.042960
v -0.498921 -0.077133 -0.064440
v -0.516495 -0.118140 -0.085920
v -0.508684 -0.073227 -0.087873
v -0.235303 -0.305601 0.087873
v -0.496968 -0.036125 -0.089825
v -0.528212 -0.110329 -0.148407
v -0.516495 -0.073227 -0.148407
v -0.506732 -0.040031 -0.148407
v -0.485252 0.016598 -0.148407
v 0.221634 -0.362230 0.109353
v 0.157194 -0.325128 0.111305
v 0.323176 -0.362230 0.089825
v 0.358325 -0.344656 0.076156
v 0.272405 -0.368088 0.099589
v 0.321223 0.397379 -0.039054
v 0.309507 0.409096 -0.064440
v 0.323176 0.403237 -0.019527
v 0.338798 0.377852 -0.021480
v 0.332939 0.373947 -0.039054
v 0.313412 0.366136 -0.080062
v 0.323176 0.336845 -0.093731
v 0.340750 0.338798 -0.070298
v 0.356372 0.360277 -0.031244
v 0.342703 0.317318 -0.103494
v 0.303649 0.409096 -0.068345
v 0.305601 0.448150 -0.046865
v 0.319270 0.420812 -0.039054
v 0.301696 0.448150 -0.048818
v 0.313412 0.424717 -0.015622
v 0.377852 0.344656 -0.011716
v 0.321223 0.397379 -0.001953
v 0.301696 0.442292 -0.021480
v 0.305601 0.422765 -0.007811
v 0.293885 0.444245 -0.031244
v -0.323176 0.403237 -0.019527
v -0.319270 0.420812 -0.039054
v -0.321223 0.397379 -0.039054
v -0.309507 0.409096 -0.064440
v -0.313412 0.366136 -0.080062
v -0.305601 0.448150 -0.046865
v -0.332939 0.373947 -0.039054
v -0.338798 0.377852 -0.021480
v -0.323176 0.336845 -0.093731
v -0.340750 0.338798 -0.070298
v -0.356372 0.360277 -0.031244
v -0.342703 0.317318 -0.103494
v -0.303649 0.409096 -0.068345
v -0.301696 0.448150 -0.048818
v -0.313412 0.424717 -0.015622
v -0.377852 0.344656 -0.011716
v -0.321223 0.397379 -0.001953
v -0.301696 0.442292 -0.021480
v -0.305601 0.422765 -0.007811
v -0.293885 0.444245 -0.031244
v 0.487205 -0.493063 0.013669
v 0.481346 -0.491110 0.007811
v 0.477441 -0.495015 0.009764
v 0.475488 -0.498921 0.017575
v 0.467677 -0.495015 0.013669
v 0.463772 -0.496968 0.025385
v -0.109909 -0.321513 0.093842
v -0.537975 -0.114234 -0.062487
v -0.588746 -0.096660 -0.074203
v -0.590699 -0.098613 -0.056629
v -0.534070 -0.114234 -0.074203
v -0.664902 -0.096660 -0.072251
v -0.664902 -0.096660 -0.058582
v -0.700051 -0.086896 -0.072251
v -0.700051 -0.086896 -0.058582
v -0.532117 -0.131809 -0.056629
v -0.524306 -0.127903 -0.072251
v -0.539928 -0.188438 -0.050771
v -0.536023 -0.211871 -0.052724
v -0.528212 -0.188438 -0.062487
v -0.569219 -0.082991 -0.078109
v -0.608273 -0.026362 -0.085920
v -0.686382 0.014645 -0.093731
v -0.756680 0.030267 -0.091778
v -0.766444 0.049794 -0.087873
v -0.520401 -0.061511 -0.074203
v -0.561408 -0.061511 -0.076156
v -0.582888 -0.049794 -0.078109
v -0.504779 -0.006835 -0.085920
v -0.750822 0.032220 -0.085920
v -0.571172 -0.043936 -0.064440
v -0.588746 -0.022456 -0.070298
v -0.532117 -0.526259 -0.044913
v -0.510637 -0.565313 -0.033196
v -0.508684 -0.571172 -0.031244
v -0.440339 -0.575077 0.037102
v -0.444245 -0.580935 0.037102
v -0.450103 -0.582888 0.033196
v 0.532117 -0.526259 -0.044913
v 0.510637 -0.565313 -0.033196
v 0.508684 -0.571172 -0.031244
v 0.440339 -0.575077 0.037102
v 0.444245 -0.580935 0.037102
v 0.450103 -0.582888 0.033196
v 0.295838 0.278263 -0.093731
v 0.301696 0.391521 -0.070298
v 0.307554 0.293885 -0.091778
v 0.303649 0.266547 -0.095683
v 0.295838 0.395427 -0.070298
v 0.299743 0.442292 -0.048818
v 0.291932 0.444245 -0.050771
v 0.289979 0.397379 -0.066393
v 0.278263 0.397379 -0.060534
v 0.274358 0.336845 -0.070298
v 0.282169 0.264594 -0.087873
v 0.272405 0.375899 -0.056629
v 0.288027 0.438386 -0.046865
v 0.278263 0.413001 -0.050771
v 0.270452 0.334892 -0.060534
v -0.295838 0.278263 -0.093731
v -0.307554 0.293885 -0.091778
v -0.301696 0.391521 -0.070298
v -0.303649 0.266547 -0.095683
v -0.295838 0.395427 -0.070298
v -0.299743 0.442292 -0.048818
v -0.291932 0.444245 -0.050771
v -0.289979 0.397379 -0.066393
v -0.278263 0.397379 -0.060534
v -0.274358 0.336845 -0.070298
v -0.282169 0.264594 -0.087873
v -0.272405 0.375899 -0.056629
v 0.227492 -0.284121 0.105447
v 0.233350 -0.297790 0.093731
v 0.166958 -0.309507 0.103494
v 0.922662 0.311459 -0.124974
v 0.930473 0.329034 -0.123022
v 0.924615 0.329034 -0.126927
v 0.924615 0.303649 -0.101542
v 0.944142 0.336845 -0.144502
v 0.944142 0.336845 -0.132785
v -0.922662 0.311459 -0.124974
v -0.924615 0.329034 -0.126927
v -0.930473 0.329034 -0.123022
v -0.924615 0.303649 -0.101542
v -0.944142 0.336845 -0.144502
v -0.944142 0.336845 -0.132785
v 0.700051 0.028314 -0.089825
v 0.700051 0.028314 -0.083967
v 0.657091 0.030267 -0.089825
v 0.660997 0.034173 -0.074203
v 0.645375 0.026362 -0.072251
v 0.641470 0.036125 -0.060534
v 0.700051 0.040031 -0.080062
v 0.770349 0.075180 -0.072251
v 0.805498 0.084943 -0.083967
v 0.784018 0.092754 -0.062487
v 0.854317 0.151336 -0.068345
v 0.610226 0.008787 -0.058582
v 0.637564 0.012693 -0.087873
v 0.647328 0.016598 -0.093731
v 0.633659 0.000976 -0.089825
v 0.606321 -0.008787 -0.070298
v 0.586793 -0.018551 -0.058582
v 0.612179 -0.012693 -0.085920
v 0.602415 -0.016598 -0.070298
v 0.588746 -0.022456 -0.070298
v 0.608273 -0.026362 -0.085920
v 0.571172 -0.043936 -0.064440
v 0.582888 -0.049794 -0.078109
v 0.567266 -0.043936 -0.056629
v -0.225540 -0.364183 0.103494
v -0.272405 -0.371994 0.095683
v -0.321223 -0.364183 0.083967
v -0.377852 -0.319270 0.052724
v -0.418859 -0.262641 0.019527
v 0.223587 -0.364183 0.089825
v 0.225540 -0.364183 0.103494
v 0.272405 -0.371994 0.095683
v 0.321223 -0.364183 0.083967
v 0.159147 -0.327081 0.091778
v 0.327081 -0.370041 0.089825
v 0.383710 -0.323176 0.056629
v 0.377852 -0.319270 0.052724
v 0.276310 -0.377852 0.105447
v 0.221634 -0.370041 0.117163
v 0.159147 -0.327081 0.107400
v 0.370041 -0.420812 0.072251
v 0.377852 -0.440339 0.072251
v 0.379805 -0.469630 0.074204
v 0.371994 -0.547739 0.083967
v 0.383710 -0.541881 0.087873
v 0.391521 -0.438386 0.074204
v 0.360277 -0.627801 0.097636
v 0.344656 -0.698099 0.115211
v 0.309507 -0.754728 0.130832
v 0.303649 -0.764491 0.132785
v 0.432528 -0.383710 0.052724
v 0.385663 -0.385663 0.072251
v 0.426670 -0.348561 0.050771
v 0.496968 -0.252878 -0.011716
v 0.420812 -0.342703 0.052724
v 0.381757 -0.375899 0.078109
v 0.430576 -0.264594 0.019527
v 0.444245 -0.247020 0.005858
v 0.336845 -0.399332 0.095683
v 0.260689 -0.416906 0.115211
v 0.520401 -0.315365 -0.005858
v 0.516495 -0.266547 -0.015622
v 0.510637 -0.243114 -0.015622
v 0.200154 -0.426670 0.123022
v 0.371994 -0.641470 0.101542
v 0.342703 -0.409096 0.091778
v 0.413001 -0.647328 0.072251
v 0.348561 -0.721531 0.117163
v 0.317318 -0.760586 0.128880
v 0.153289 -0.371994 0.123022
v 0.145478 -0.340750 0.121069
v 0.176721 -0.428623 0.126927
v 0.184532 -0.446197 0.124974
v 0.213823 -0.438386 0.115211
v 0.137667 -0.342703 0.121069
v 0.184532 -0.459866 0.121069
v 0.418859 -0.262641 0.019527
v 0.170863 -0.311459 0.082014
v 0.233350 -0.299743 0.082014
v 0.161100 -0.307554 0.099589
v 0.303649 -0.295838 0.070298
v 0.295838 -0.288027 0.082014
v 0.165005 -0.297790 0.107400
v 0.110329 -0.323176 0.093731
v 0.139620 -0.303649 0.099589
v 0.332939 -0.266547 0.068345
v 0.342703 -0.272405 0.048818
v 0.000976 -0.041984 0.113258
v 0.664902 -0.104471 -0.064440
v 0.592652 -0.104471 -0.066393
v 0.723484 -0.092754 -0.062487
v 0.539928 -0.118140 -0.068345
v 0.325128 0.377852 -0.019527
v 0.311459 0.393474 -0.011716
v 0.309507 0.409096 -0.023433
v 0.299743 0.426670 -0.023433
v 0.348561 0.348561 -0.017575
v 0.373947 0.334892 -0.015622
v -0.325128 0.377852 -0.019527
v -0.309507 0.409096 -0.023433
v -0.311459 0.393474 -0.011716
v -0.299743 0.426670 -0.023433
v -0.348561 0.348561 -0.017575
v -0.373947 0.334892 -0.015622
v 0.368088 -0.239209 0.027338
v 0.383710 -0.209918 0.007811
v 0.375899 -0.202107 0.031244
v 0.358325 -0.233350 0.050771
v 0.385663 -0.170863 0.017575
v 0.393474 -0.180627 -0.003905
v 0.368088 -0.182580 0.039054
v 0.348561 -0.211871 0.060534
v 0.375899 -0.153289 0.025385
v 0.321223 -0.243114 0.080062
v 0.360277 -0.163052 0.042960
v 0.338798 -0.190391 0.064440
v 0.385663 -0.139620 0.003905
v 0.381757 -0.129856 0.005858
v 0.311459 -0.219681 0.083967
v 0.289979 -0.270452 0.091778
v 0.282169 -0.250925 0.097636
v 0.325128 -0.170863 0.066393
v 0.297790 -0.198201 0.085920
v 0.272405 -0.229445 0.099589
v 0.366136 -0.137667 0.025385
v 0.346608 -0.147431 0.042960
v 0.221634 -0.270452 0.111305
v 0.254830 -0.211871 0.099589
v 0.215776 -0.252878 0.111305
v 0.204060 -0.241161 0.111305
v 0.280216 -0.182580 0.083967
v 0.309507 -0.157194 0.064440
v 0.330987 -0.133762 0.042960
v 0.360277 -0.127903 0.021480
v 0.332939 -0.127903 0.042960
v 0.280216 -0.141572 0.064440
v 0.288027 -0.145478 0.062487
v 0.262641 -0.172816 0.082014
v 0.233350 -0.163052 0.076156
v 0.229445 -0.200154 0.097636
v 0.174769 -0.276310 0.113258
v 0.221634 -0.182580 0.082014
v 0.188438 -0.188438 0.083967
v 0.188438 -0.207965 0.089825
v 0.159147 -0.215776 0.089825
v 0.157194 -0.247020 0.095683
v 0.182580 -0.239209 0.107400
v 0.135714 -0.256783 0.093731
v 0.153289 -0.288027 0.109353
v 0.391521 -0.135714 0.009764
v 0.387616 -0.123998 0.007811
v 0.436434 -0.079085 0.005858
v 0.360277 -0.090802 0.078109
v 0.440339 -0.069322 0.029291
v 0.473535 -0.063464 -0.003905
v 0.487205 -0.069322 -0.050771
v 0.082991 -0.549692 0.142549
v 0.182580 -0.452055 0.121069
v 0.041984 -0.571172 0.146454
v 0.239209 -0.311459 0.103494
v 0.327081 -0.329034 0.089825
v 0.313412 -0.299743 0.085920
v 0.379805 -0.252878 0.056629
v 0.385663 -0.317318 0.060534
v 0.424717 -0.268499 0.035149
v 0.448150 -0.248972 0.019527
v 0.235303 -0.301696 0.099589
v 0.416906 -0.206012 0.023433
v 0.383710 -0.211871 0.033196
v 0.397379 -0.178674 0.019527
v 0.428623 -0.174769 0.011716
v 0.403237 -0.135714 0.013669
v 0.436434 -0.139620 0.005858
v 0.393474 -0.116187 0.019527
v 0.358325 -0.252878 0.058582
v 0.303649 -0.291932 0.082014
v 0.489157 -0.239209 -0.009764
v 0.483299 -0.207965 -0.019527
v 0.491110 -0.207965 -0.019527
v 0.493063 -0.170863 -0.029291
v 0.481346 -0.166958 -0.033196
v 0.498921 -0.116187 -0.041007
v 0.502826 -0.184532 -0.046865
v 0.524306 -0.127903 -0.072251
v -0.440339 -0.248972 -0.003905
v 0.329034 -0.123998 0.029291
v 0.375899 -0.110329 -0.001953
v 0.391521 -0.118140 -0.009764
v 0.278263 -0.135714 0.054676
v 0.336845 -0.090802 0.080062
v 0.231398 -0.155242 0.070298
v 0.186485 -0.182580 0.078109
v 0.153289 -0.213823 0.083967
v 0.428623 -0.067369 0.029291
v 0.129856 -0.254830 0.083967
v 0.112282 -0.321223 0.083967
v 0.102518 -0.325128 0.101542
v -0.383710 -0.327081 0.048818
v -0.422765 -0.270452 0.005858
v -0.436434 -0.258736 0.005858
v -0.444245 -0.252878 -0.005858
v 0.924615 0.270452 -0.148407
v 0.912898 0.250925 -0.148407
v 0.910946 0.252878 -0.099589
v 0.895324 0.231398 -0.148407
v 0.891418 0.233350 -0.089825
v 0.873844 0.215776 -0.148407
v 0.871891 0.219681 -0.083967
v 0.844553 0.213823 -0.054676
v 0.846506 0.206012 -0.082014
v 0.846506 0.202107 -0.148407
v 0.811357 0.202107 -0.052724
v 0.813309 0.194296 -0.080062
v 0.815262 0.192343 -0.148407
v 0.770349 0.184532 -0.148407
v 0.770349 0.194296 -0.050771
v 0.770349 0.188438 -0.080062
v 0.700051 0.186485 -0.074203
v 0.702004 0.184532 -0.148407
v 0.700051 0.194296 -0.041007
v 0.629753 0.190391 -0.148407
v 0.629753 0.192343 -0.064440
v 0.588746 0.192343 -0.148407
v 0.588746 0.194296 -0.064440
v 0.555550 0.192343 -0.146454
v 0.553597 0.190391 -0.062487
v 0.514543 0.180627 -0.146454
v 0.516495 0.178674 -0.062487
v 0.481346 0.166958 -0.146454
v 0.479394 0.163052 -0.064440
v 0.442292 0.145478 -0.064440
v 0.444245 0.149383 -0.146454
v 0.414954 0.127903 -0.041007
v 0.381757 0.110329 -0.025385
v 0.338798 0.079085 0.000000
v 0.364183 0.110329 0.005858
v 0.399332 0.133762 -0.009764
v 0.477441 0.260689 0.048818
v 0.452055 0.229445 0.050771
v 0.514543 0.311459 0.091778
v -0.924615 0.270452 -0.148407
v -0.912898 0.250925 -0.148407
v -0.910946 0.252878 -0.099589
v -0.895324 0.231398 -0.148407
v -0.891418 0.233350 -0.089825
v -0.873844 0.215776 -0.148407
v -0.871891 0.219681 -0.083967
v -0.844553 0.213823 -0.054676
v -0.846506 0.206012 -0.082014
v -0.846506 0.202107 -0.148407
v -0.811357 0.202107 -0.052724
v -0.813309 0.194296 -0.080062
v -0.815262 0.192343 -0.148407
v -0.770349 0.184532 -0.148407
v -0.770349 0.194296 -0.050771
v -0.770349 0.188438 -0.080062
v -0.700051 0.186485 -0.074203
v -0.702004 0.184532 -0.148407
v -0.700051 0.194296 -0.041007
v -0.629753 0.190391 -0.148407
v -0.629753 0.192343 -0.064440
v -0.588746 0.192343 -0.148407
v -0.588746 0.194296 -0.064440
v -0.555550 0.192343 -0.146454
v -0.553597 0.190391 -0.062487
v -0.514543 0.180627 -0.146454
v -0.516495 0.178674 -0.062487
v -0.481346 0.166958 -0.146454
v -0.479394 0.163052 -0.064440
v -0.442292 0.145478 -0.064440
v -0.444245 0.149383 -0.146454
v -0.414954 0.127903 -0.041007
v -0.381757 0.110329 -0.025385
v -0.375899 0.098613 -0.044913
v -0.338798 0.079085 0.000000
v -0.364183 0.110329 0.005858
v -0.399332 0.133762 -0.009764
v -0.334892 0.071274 -0.005858
v -0.477441 0.260689 0.048818
v -0.452055 0.229445 0.050771
v -0.514543 0.311459 0.091778
v 0.692240 0.293885 -0.083967
v 0.893371 0.721531 -0.128880
v 0.885560 0.744964 -0.128880
v 0.899229 0.694193 -0.123022
v 0.903135 0.664902 -0.117163
v 0.897276 0.694193 -0.109353
v 0.901182 0.664902 -0.101542
v 0.891418 0.721531 -0.119116
v 0.905087 0.635612 -0.111305
v 0.903135 0.637564 -0.093731
v 0.905087 0.606321 -0.107400
v 0.903135 0.610226 -0.087873
v 0.901182 0.575077 -0.103494
v 0.899229 0.578983 -0.080062
v 0.899229 0.610226 -0.074203
v 0.899229 0.637564 -0.085920
v 0.895324 0.582888 -0.066393
v -0.893371 0.721531 -0.128880
v -0.885560 0.744964 -0.128880
v -0.899229 0.694193 -0.123022
v -0.903135 0.664902 -0.117163
v -0.897276 0.694193 -0.109353
v -0.901182 0.664902 -0.101542
v -0.891418 0.721531 -0.119116
v -0.905087 0.635612 -0.111305
v -0.903135 0.637564 -0.093731
v -0.905087 0.606321 -0.107400
v -0.903135 0.610226 -0.087873
v -0.901182 0.575077 -0.103494
v -0.899229 0.578983 -0.080062
v -0.899229 0.610226 -0.074203
v -0.899229 0.637564 -0.085920
v -0.895324 0.582888 -0.066393
v -0.498921 0.030267 -0.146454
v -0.506732 0.030267 -0.146454
v -0.510637 0.049794 -0.146454
v -0.502826 0.051747 -0.146454
v -0.457914 0.067369 -0.148407
v -0.424717 0.118140 -0.148407
v -0.442292 0.135714 -0.148407
v -0.483299 0.159147 -0.148407
v -0.373947 0.184532 -0.148407
v -0.516495 0.174769 -0.148407
v -0.330987 0.227492 -0.148407
v -0.555550 0.186485 -0.148407
v -0.291932 0.260689 -0.148407
v -0.237256 0.293885 -0.148407
v -0.186485 0.317318 -0.148407
v -0.114234 0.338798 -0.148407
v -0.047842 0.350514 -0.148407
v 0.000976 0.354419 -0.148407
v 0.047842 0.350514 -0.148407
v 0.114234 0.338798 -0.148407
v 0.442292 0.135714 -0.148407
v 0.483299 0.159147 -0.148407
v 0.516495 0.174769 -0.148407
v 0.555550 0.186485 -0.148407
v 0.942189 0.325128 -0.146454
v -0.942189 0.325128 -0.146454
v 0.506732 0.030267 -0.146454
v 0.510637 0.049794 -0.146454
v 0.522354 0.069322 -0.146454
v -0.176721 -0.428623 0.117163
v -0.153289 -0.371994 0.113258
v -0.141572 -0.344656 0.099589
v -0.143525 -0.342703 0.113258
v -0.184532 -0.444245 0.113258
v 0.141572 -0.344656 0.099589
v -0.891418 0.748869 -0.124974
v -0.879702 0.766444 -0.128880
v -0.889466 0.748869 -0.119116
v -0.901182 0.723484 -0.128880
v -0.899229 0.725437 -0.117163
v -0.908993 0.696146 -0.123022
v -0.907040 0.698099 -0.109353
v -0.897276 0.725437 -0.109353
v -0.912898 0.666855 -0.117163
v -0.910946 0.668808 -0.101542
v -0.914851 0.637564 -0.113258
v -0.912898 0.641470 -0.093731
v -0.914851 0.606321 -0.107400
v -0.912898 0.610226 -0.085920
v -0.910946 0.573124 -0.103494
v -0.908993 0.578983 -0.078109
v -0.903135 0.537975 -0.097636
v -0.901182 0.545786 -0.072251
v -0.889466 0.737153 -0.109353
v -0.907040 0.670761 -0.091778
v -0.907040 0.643422 -0.080062
v -0.907040 0.614132 -0.070298
v -0.903135 0.698099 -0.099589
v -0.903135 0.582888 -0.060534
v -0.901182 0.643422 -0.072251
v -0.901182 0.674666 -0.085920
v -0.899229 0.614132 -0.060534
v -0.897276 0.703957 -0.095683
v -0.891418 0.502826 -0.093731
v -0.463772 -0.444245 0.033196
v -0.457914 -0.442292 0.029291
v -0.504779 -0.344656 -0.001953
v -0.512590 -0.346608 0.000000
v -0.510637 -0.313412 -0.009764
v -0.516495 -0.266547 -0.015622
v -0.508684 -0.274358 -0.017575
v -0.452055 -0.485252 0.033196
v -0.457914 -0.483299 0.037102
v -0.463772 -0.483299 0.033196
v -0.475488 -0.489157 0.025385
v -0.483299 -0.491110 0.015622
v -0.524306 -0.231398 -0.058582
v -0.516495 -0.209918 -0.050771
v -0.502826 -0.184532 -0.046865
v -0.221634 0.209918 -0.027338
v -0.252878 0.227492 -0.046865
v -0.211870 0.196249 -0.013669
v -0.278263 0.256783 -0.044913
v -0.266547 0.231398 -0.021480
v -0.247020 0.211871 -0.021480
v -0.268499 0.213823 0.001953
v -0.248972 0.196249 -0.003905
v -0.286074 0.245067 0.001953
v -0.286074 0.260689 -0.013669
v -0.272405 0.336845 -0.037102
v -0.286074 0.276310 -0.039054
v -0.270452 0.334892 -0.060534
v -0.293885 0.286074 -0.011716
v -0.280216 0.348561 -0.009764
v -0.276310 0.379805 -0.013669
v -0.278263 0.407143 -0.021480
v -0.278263 0.413001 -0.050771
v -0.286074 0.434481 -0.023433
v -0.288027 0.438386 -0.046865
v -0.286074 0.407143 -0.007811
v -0.299743 0.274358 0.003905
v -0.514543 -0.272405 -0.031244
v -0.518448 -0.315365 -0.025385
v 0.514543 -0.272405 -0.031244
v 0.518448 -0.315365 -0.025385
v 0.774255 0.477441 -0.056629
v 0.766444 0.485252 -0.070298
v 0.787924 0.491110 -0.076156
v 0.760586 0.481346 -0.058582
v 0.869938 0.750822 -0.130832
v 0.869938 0.715673 -0.124974
v 0.869938 0.676619 -0.123022
v 0.862127 0.631706 -0.119116
v 0.873844 0.692240 -0.109353
v 0.871891 0.651233 -0.099589
v 0.864080 0.610226 -0.089825
v 0.848458 0.584841 -0.113258
v 0.852364 0.573124 -0.082014
v 0.834789 0.549692 -0.109353
v 0.832837 0.539928 -0.076156
v 0.813309 0.520401 -0.105447
v 0.807451 0.506732 -0.070298
v 0.780113 0.493063 -0.105447
v -0.774255 0.477441 -0.056629
v -0.787924 0.491110 -0.076156
v -0.766444 0.485252 -0.070298
v -0.760586 0.481346 -0.058582
v -0.869938 0.715673 -0.124974
v -0.869938 0.750822 -0.130832
v -0.869938 0.676619 -0.123022
v -0.862127 0.631706 -0.119116
v -0.873844 0.692240 -0.109353
v -0.871891 0.651233 -0.099589
v -0.864080 0.610226 -0.089825
v -0.848458 0.584841 -0.113258
v -0.852364 0.573124 -0.082014
v -0.834789 0.549692 -0.109353
v -0.832837 0.539928 -0.076156
v -0.813309 0.520401 -0.105447
v -0.807451 0.506732 -0.070298
v -0.780113 0.493063 -0.105447
v 0.930473 0.309507 -0.123022
v 0.930473 0.323176 -0.124974
v -0.930473 0.309507 -0.123022
v -0.930473 0.323176 -0.124974
v 0.524306 -0.231398 -0.058582
v 0.397379 -0.135714 -0.011716
v -0.120092 -0.344656 0.109353
v -0.514543 0.002929 -0.072251
v -0.526259 -0.051747 -0.068345
v -0.516495 0.036125 -0.072251
v 0.530164 0.063464 -0.072251
v 0.553597 0.090802 -0.072251
v -0.500874 0.016598 -0.105447
v -0.500874 0.010740 -0.068345
v -0.506732 0.047842 -0.074203
v 0.096660 -0.098613 0.087873
v 0.061511 -0.108376 0.091778
v -0.096660 -0.098613 0.087873
v -0.061511 -0.108376 0.091778
v 0.518448 0.459866 0.105447
v 0.512590 0.432528 0.089825
v 0.512590 0.428623 0.099589
v 0.500874 0.403237 0.078109
v 0.498921 0.397379 0.089825
v 0.477441 0.364183 0.076156
v 0.477441 0.371994 0.060534
v 0.442292 0.338798 0.035149
v 0.405190 0.317318 0.019527
v -0.518448 0.459866 0.105447
v -0.512590 0.432528 0.089825
v -0.512590 0.428623 0.099589
v -0.500874 0.403237 0.078109
v -0.498921 0.397379 0.089825
v -0.477441 0.364183 0.076156
v -0.477441 0.371994 0.060534
v -0.442292 0.338798 0.035149
v -0.405190 0.317318 0.019527
v 0.766444 0.495015 -0.109353
v -0.766444 0.495015 -0.109353
v -0.573124 -0.338798 -0.138643
v -0.567266 -0.299743 -0.142549
v -0.555550 -0.258736 -0.146454
v -0.569219 -0.413001 -0.128880
v -0.557503 -0.489157 -0.113258
v -0.545786 -0.530164 -0.103494
v -0.534070 -0.565313 -0.091778
v -0.518448 -0.596557 -0.076156
v -0.496968 -0.629753 -0.056629
v -0.475488 -0.659044 -0.033196
v -0.471583 -0.655139 -0.033196
v -0.403237 -0.713720 0.023433
v -0.401285 -0.709815 0.027338
v -0.366136 -0.737153 0.058582
v -0.362230 -0.733248 0.058582
v -0.327081 -0.754728 0.087873
v -0.329034 -0.760586 0.087873
v -0.307554 -0.770349 0.103494
v -0.307554 -0.760586 0.101542
v -0.299743 -0.762539 0.107400
v -0.295838 -0.772302 0.115211
v -0.430576 -0.578983 0.048818
v -0.407835 -0.465355 0.065082
v -0.498921 -0.266547 -0.019527
v -0.526259 -0.543834 -0.037102
v -0.510637 -0.563361 -0.025385
v -0.514543 -0.571172 -0.027338
v -0.479394 -0.633659 0.000000
v -0.391521 -0.700051 0.080062
v -0.379805 -0.641470 0.087873
v -0.354419 -0.713720 0.103494
v -0.346608 -0.739106 0.105447
v -0.321223 -0.750822 0.119116
v -0.502826 -0.619990 -0.031244
v -0.537975 -0.549692 -0.060534
v -0.524306 -0.584841 -0.050771
v -0.389568 -0.715673 0.072251
v -0.475488 -0.649281 -0.011716
v -0.561408 -0.436434 -0.089825
v -0.565313 -0.342703 -0.097636
v -0.551644 -0.330987 -0.068345
v -0.512590 -0.346608 -0.011716
v -0.430576 -0.383710 0.042960
v -0.512590 -0.313412 -0.017575
v -0.422765 -0.348561 0.039054
v -0.391521 -0.364183 0.062487
v -0.532117 -0.252878 -0.064440
v -0.340750 -0.405190 0.082014
v -0.332939 -0.399332 0.085920
v -0.553597 -0.282169 -0.097636
v -0.526259 -0.225540 -0.070298
v -0.510637 -0.186485 -0.074203
v -0.258736 -0.416906 0.105447
v -0.198201 -0.426670 0.115211
v -0.219681 -0.371994 0.107400
v -0.272405 -0.377852 0.097636
v -0.151336 -0.334892 0.109353
v -0.364183 -0.735200 0.082014
v -0.330987 -0.752775 0.103494
v -0.407143 -0.705910 0.041007
v -0.309507 -0.758633 0.113258
v -0.547739 -0.512590 -0.070298
v 0.655139 0.280216 -0.076156
v 0.645375 0.274358 -0.054676
v 0.813309 0.252878 -0.087873
v 0.858222 0.260689 -0.078109
v 0.891418 0.270452 -0.087873
v 0.813309 0.248972 -0.060534
v 0.897276 0.270452 -0.080062
v 0.768397 0.254830 -0.087873
v 0.768397 0.252878 -0.064440
v 0.764491 0.243114 -0.042960
v -0.655139 0.280216 -0.076156
v -0.645375 0.274358 -0.054676
v -0.813309 0.252878 -0.087873
v -0.858222 0.260689 -0.078109
v -0.891418 0.270452 -0.087873
v -0.813309 0.248972 -0.060534
v -0.897276 0.270452 -0.080062
v -0.768397 0.254830 -0.087873
v -0.768397 0.252878 -0.064440
v -0.764491 0.243114 -0.042960
v 0.510637 -0.313412 -0.009764
v 0.508684 -0.274358 -0.017575
v 0.512590 -0.346608 0.000000
v 0.504779 -0.344656 -0.001953
v 0.463772 -0.444245 0.033196
v 0.457914 -0.483299 0.037102
v 0.457914 -0.442292 0.029291
v 0.452055 -0.485252 0.033196
v 0.475488 -0.489157 0.025385
v 0.463772 -0.483299 0.033196
v 0.469630 -0.493063 0.029291
v 0.483299 -0.491110 0.015622
v -0.073227 -0.334892 0.107400
v -0.588746 0.043936 -0.070298
v -0.627801 0.094707 -0.074203
v -0.539928 0.006835 -0.068345
v 0.588746 0.043936 -0.070298
v 0.588746 0.043936 -0.066393
v 0.627801 0.094707 -0.074203
v 0.627801 0.094707 -0.070298
v 0.539928 0.006835 -0.064440
v 0.539928 0.006835 -0.068345
v 0.073227 -0.334892 0.107400
v -0.116187 -0.098613 0.095683
v -0.471583 -0.038078 -0.003905
v -0.450103 -0.038078 0.019527
v -0.424717 -0.043936 0.041007
v -0.413001 0.047842 -0.005858
v -0.389568 0.036125 0.021480
v -0.430576 0.053700 -0.033196
v -0.397379 0.092754 -0.039054
v -0.498921 -0.034173 -0.054676
v -0.444245 0.055653 -0.058582
v -0.459866 0.047842 -0.076156
v -0.418859 0.108376 -0.097636
v -0.375899 0.079085 -0.009764
v -0.385663 -0.045889 0.064440
v -0.354419 0.061511 0.017575
v -0.362230 0.020504 0.042960
v -0.358325 -0.059558 0.082014
v -0.329034 -0.008787 0.070298
v -0.325128 0.034173 0.042960
v -0.159147 -0.149383 0.119116
v -0.133762 -0.137667 0.091778
v -0.182580 -0.104471 0.101542
v -0.114234 -0.165005 0.099589
v -0.166958 -0.094707 0.080062
v -0.198201 -0.114234 0.117163
v -0.127903 -0.186485 0.121069
v -0.227492 -0.067369 0.097636
v -0.311459 0.043936 0.033196
v -0.276310 -0.026362 0.082014
v -0.245067 -0.082991 0.111305
v -0.139620 -0.196249 0.128880
v -0.174769 -0.159147 0.126927
v -0.282169 -0.063464 0.101542
v -0.223587 -0.125951 0.123022
v -0.106423 -0.248972 0.123022
v -0.270452 -0.100565 0.113258
v -0.227492 0.004882 0.060534
v -0.264594 0.045889 0.044913
v -0.680524 0.110329 -0.074203
v -0.739106 0.129856 -0.076156
v -0.639517 0.079085 -0.072251
v 0.680524 0.110329 -0.074203
v 0.739106 0.129856 -0.076156
v 0.639517 0.079085 -0.072251
v 0.940236 0.327081 -0.126927
v -0.940236 0.327081 -0.126927
v 0.731295 0.653186 -0.117163
v 0.711768 0.668808 -0.132785
v 0.735200 0.662950 -0.132785
v 0.733248 0.643422 -0.107400
v -0.733248 0.643422 -0.107400
v -0.731295 0.653186 -0.117163
v -0.711768 0.668808 -0.132785
v -0.735200 0.662950 -0.132785
v -0.356372 0.129856 -0.060534
v -0.321223 0.168911 -0.064440
v -0.358325 0.131809 -0.052724
v -0.377852 0.098613 -0.056629
v -0.260689 0.221634 -0.080062
v -0.377852 0.092754 -0.046865
v 0.330987 0.381757 -0.009764
v 0.315365 0.397379 -0.001953
v 0.327081 0.366136 0.003905
v 0.352467 0.358325 -0.011716
v 0.342703 0.338798 0.005858
v 0.368088 0.332939 0.003905
v 0.356372 0.313412 0.015622
v 0.305601 0.397379 0.000000
v -0.330987 0.381757 -0.009764
v -0.315365 0.397379 -0.001953
v -0.327081 0.366136 0.003905
v -0.352467 0.358325 -0.011716
v -0.342703 0.338798 0.005858
v -0.368088 0.332939 0.003905
v -0.356372 0.313412 0.015622
v -0.305601 0.397379 0.000000
v 0.762539 -0.145478 -0.148407
v 0.741059 -0.168911 -0.148407
v 0.709815 -0.192343 -0.148407
v 0.674666 -0.211871 -0.148407
v 0.641470 -0.221634 -0.148407
v 0.598510 -0.231398 -0.148407
v 0.596557 -0.225540 -0.099589
v 0.598510 -0.213823 -0.068345
v 0.639517 -0.213823 -0.097636
v 0.672713 -0.204060 -0.099589
v 0.639517 -0.202107 -0.064440
v 0.674666 -0.192343 -0.066393
v 0.707862 -0.174769 -0.066393
v 0.707862 -0.184532 -0.099589
v 0.737153 -0.155242 -0.066393
v 0.741059 -0.161100 -0.099589
v 0.760586 -0.139620 -0.099589
v 0.756680 -0.133762 -0.068345
v 0.776208 -0.110329 -0.070298
v 0.791829 -0.088849 -0.076156
v 0.805498 -0.063464 -0.080062
v 0.832837 0.010740 -0.082014
v 0.856269 0.081038 -0.082014
v 0.785971 -0.086896 -0.070298
v 0.801593 -0.057605 -0.072251
v 0.848458 0.073227 -0.074203
v 0.866033 0.120092 -0.080062
v 0.750822 -0.073227 -0.064440
v 0.768397 -0.047842 -0.066393
v 0.789877 -0.059558 -0.066393
v 0.850411 0.141572 -0.080062
v 0.762539 -0.112282 -0.064440
v 0.723484 -0.153289 -0.062487
v 0.672713 -0.182580 -0.060534
v 0.631706 -0.192343 -0.060534
v 0.592652 -0.206012 -0.062487
v 0.709815 0.145478 -0.076156
v 0.672713 0.127903 -0.074203
v 0.590699 0.096660 -0.070298
v 0.551644 0.055653 -0.068345
v -0.674666 0.114234 -0.076156
v 0.674666 0.114234 -0.076156
v 0.358325 -0.237256 0.027338
v 0.381757 -0.127903 -0.007811
v 0.370041 -0.120093 -0.001953
v 0.385663 -0.139620 -0.009764
v 0.381757 -0.182580 -0.001953
v 0.371994 -0.209918 0.009764
v 0.366136 -0.141572 0.017575
v 0.375899 -0.161100 0.011716
v 0.360277 -0.170863 0.031244
v 0.366136 -0.190391 0.025385
v 0.344656 -0.196249 0.048818
v 0.352467 -0.215776 0.042960
v 0.317318 -0.223587 0.070298
v 0.325128 -0.245067 0.062487
v 0.330987 -0.268499 0.046865
v 0.276310 -0.250925 0.085920
v 0.288027 -0.268499 0.078109
v 0.295838 -0.291932 0.064440
v 0.223587 -0.270452 0.097636
v 0.229445 -0.284121 0.091778
v 0.166958 -0.299743 0.089825
v 0.170863 -0.315365 0.093731
v 0.235303 -0.305601 0.087873
v 0.250925 -0.215776 0.089825
v 0.288027 -0.186485 0.074204
v 0.305601 -0.204060 0.072251
v 0.268499 -0.231398 0.089825
v 0.332939 -0.176721 0.052724
v 0.317318 -0.161100 0.054676
v 0.350514 -0.155242 0.033196
v 0.338798 -0.141572 0.033196
v 0.352467 -0.129856 0.017575
v 0.266547 -0.174769 0.072251
v 0.295838 -0.149383 0.052724
v 0.325128 -0.131809 0.033196
v 0.233350 -0.204060 0.085920
v 0.217729 -0.254830 0.099589
v 0.202107 -0.243114 0.099589
v 0.282169 -0.141572 0.048818
v 0.239209 -0.163052 0.064440
v 0.219681 -0.192343 0.078109
v 0.170863 -0.278263 0.101542
v 0.194296 -0.219681 0.087873
v 0.198201 -0.192343 0.074204
v 0.166958 -0.227492 0.082014
v 0.170863 -0.247020 0.093731
v 0.133762 -0.305601 0.085920
v 0.165005 -0.293885 0.097636
v 0.147431 -0.295838 0.095683
v -0.672713 0.127903 -0.076156
v -0.709815 0.145478 -0.078109
v 0.672713 0.127903 -0.076156
v 0.709815 0.145478 -0.078109
v 0.764491 0.537975 -0.066393
v 0.756680 0.553597 -0.072251
v 0.760586 0.582888 -0.080062
v 0.754728 0.580935 -0.082014
v 0.748869 0.612179 -0.093731
v 0.754728 0.526259 -0.068345
v 0.762539 0.504779 -0.062487
v 0.744964 0.571172 -0.109353
v 0.739106 0.600462 -0.115211
v 0.743011 0.602415 -0.103494
v 0.748869 0.575077 -0.093731
v 0.733248 0.629753 -0.113258
v 0.729342 0.627801 -0.123022
v 0.750822 0.547739 -0.085920
v 0.746917 0.541881 -0.103494
v 0.748869 0.522354 -0.082014
v 0.744964 0.516495 -0.099589
v 0.709815 0.676619 -0.132785
v 0.739106 0.493063 -0.078109
v 0.735200 0.489157 -0.097636
v 0.723484 0.467677 -0.074203
v 0.719579 0.463772 -0.093731
v 0.694193 0.434481 -0.089825
v 0.660997 0.407143 -0.085920
v -0.764491 0.537975 -0.066393
v -0.760586 0.582888 -0.080062
v -0.756680 0.553597 -0.072251
v -0.754728 0.580935 -0.082014
v -0.748869 0.612179 -0.093731
v -0.754728 0.526259 -0.068345
v -0.762539 0.504779 -0.062487
v -0.744964 0.571172 -0.109353
v -0.743011 0.602415 -0.103494
v -0.739106 0.600462 -0.115211
v -0.748869 0.575077 -0.093731
v -0.733248 0.629753 -0.113258
v -0.729342 0.627801 -0.123022
v -0.750822 0.547739 -0.085920
v -0.746917 0.541881 -0.103494
v -0.748869 0.522354 -0.082014
v -0.744964 0.516495 -0.099589
v -0.709815 0.676619 -0.132785
v -0.739106 0.493063 -0.078109
v -0.735200 0.489157 -0.097636
v -0.723484 0.467677 -0.074203
v -0.719579 0.463772 -0.093731
v -0.694193 0.434481 -0.089825
v -0.660997 0.407143 -0.085920
v -0.551644 0.055653 -0.070298
v 0.551644 0.055653 -0.070298
v -0.323176 -0.371994 0.082014
v 0.079085 -0.334892 0.111305
v 0.549692 0.450103 0.126927
v 0.483299 0.288027 0.083967
v 0.418859 0.221634 0.054676
v 0.360277 0.163052 0.033196
v 0.309507 0.116187 0.017575
v 0.284121 0.100565 0.013669
v 0.282169 0.094707 0.007811
v 0.243114 0.120092 0.007811
v -0.549692 0.450103 0.126927
v -0.483299 0.288027 0.083967
v -0.418859 0.221634 0.054676
v -0.360277 0.163052 0.033196
v -0.309507 0.116187 0.017575
v -0.284121 0.100565 0.013669
v -0.282169 0.094707 0.007811
v -0.243114 0.120092 0.007811
v 0.317318 0.332939 -0.089825
v 0.338798 0.313412 -0.105447
v 0.307554 0.364183 -0.082014
v -0.317318 0.332939 -0.089825
v -0.338798 0.313412 -0.105447
v -0.307554 0.364183 -0.082014
v 0.739106 0.655139 -0.115211
v 0.739106 0.649281 -0.103494
v 0.778160 0.573124 -0.107400
v 0.770349 0.602415 -0.115211
v 0.768397 0.606321 -0.091778
v 0.776208 0.577030 -0.078109
v 0.758633 0.629753 -0.121069
v 0.754728 0.633659 -0.105447
v 0.780113 0.539928 -0.074203
v 0.774255 0.543833 -0.060534
v 0.774255 0.502826 -0.072251
v 0.772302 0.508684 -0.052724
v 0.772302 0.489157 -0.052724
v 0.762539 0.606321 -0.080062
v 0.746917 0.643422 -0.111305
v 0.735200 0.662950 -0.136691
v 0.748869 0.635612 -0.095683
v 0.766444 0.575077 -0.066393
v 0.764491 0.481346 -0.042960
v 0.766444 0.534070 -0.054676
v -0.739106 0.655139 -0.115211
v -0.739106 0.649281 -0.103494
v -0.770349 0.602415 -0.115211
v -0.758633 0.629753 -0.121069
v -0.778160 0.573124 -0.107400
v -0.768397 0.606321 -0.091778
v -0.776208 0.577030 -0.078109
v -0.754728 0.633659 -0.105447
v -0.780113 0.539928 -0.074203
v -0.774255 0.543833 -0.060534
v -0.774255 0.502826 -0.072251
v -0.772302 0.508684 -0.052724
v -0.772302 0.489157 -0.052724
v -0.762539 0.606321 -0.080062
v -0.746917 0.643422 -0.111305
v -0.735200 0.662950 -0.136691
v -0.748869 0.635612 -0.095683
v -0.766444 0.575077 -0.066393
v 0.327081 -0.754728 0.087873
v 0.364183 -0.735200 0.082014
v 0.362230 -0.733248 0.058582
v 0.407143 -0.705910 0.041007
v 0.330987 -0.752775 0.103494
v 0.401285 -0.709815 0.027338
v 0.471583 -0.655139 -0.033196
v 0.307554 -0.760586 0.101542
v 0.309507 -0.758633 0.113258
v 0.389568 -0.715673 0.072251
v 0.475488 -0.649281 -0.011716
v 0.496968 -0.629753 -0.056629
v 0.346608 -0.739106 0.105447
v 0.518448 -0.596557 -0.076156
v 0.534070 -0.565313 -0.091778
v 0.510637 -0.563361 -0.025385
v 0.479394 -0.633659 0.000000
v 0.391521 -0.700051 0.080062
v 0.475488 -0.659044 -0.033196
v 0.403237 -0.713720 0.023433
v 0.366136 -0.737153 0.058582
v 0.329034 -0.760586 0.087873
v 0.307554 -0.770349 0.103494
v 0.299743 -0.762539 0.107400
v 0.295838 -0.772302 0.115211
v -0.221634 0.153289 0.015622
v -0.213823 0.174769 0.003905
v -0.518448 0.459866 0.123022
v -0.512590 0.426670 0.119116
v -0.493063 0.401285 0.095683
v -0.502826 0.389568 0.113258
v -0.471583 0.368088 0.082014
v -0.481346 0.354419 0.101542
v -0.436434 0.330987 0.062487
v -0.446197 0.311459 0.082014
v -0.537975 0.448150 0.138643
v -0.524306 0.401285 0.128880
v -0.500874 0.338798 0.111305
v -0.528212 0.496968 0.134738
v -0.514543 0.524306 0.121069
v -0.452055 0.286074 0.087873
v -0.391521 0.270452 0.058582
v -0.354419 0.225540 0.048818
v -0.336845 0.250925 0.033196
v -0.368088 0.207965 0.054676
v -0.264594 0.157194 0.025385
v -0.282169 0.137667 0.029291
v -0.526259 0.371994 0.124974
v -0.288027 0.223587 0.015622
v -0.250925 0.176721 0.013669
v -0.247020 0.125951 0.025385
v -0.282169 0.098613 0.027338
v -0.309507 0.116187 0.027338
v -0.520401 0.532117 0.128880
v -0.309507 0.258736 0.015622
v -0.346608 0.286074 0.023433
v -0.319270 0.284121 0.015622
v -0.329034 0.315365 0.011716
v -0.305601 0.309507 0.003905
v -0.311459 0.352467 0.005858
v -0.289979 0.370041 0.000000
v -0.368088 0.293885 0.029291
v -0.395427 0.297790 0.046865
v 0.221634 0.153289 0.015622
v 0.213823 0.174769 0.003905
v 0.211871 0.196249 -0.013669
v 0.247020 0.211871 -0.021480
v 0.221634 0.209918 -0.027338
v 0.248972 0.196249 -0.003905
v 0.250925 0.176721 0.013669
v 0.252878 0.227492 -0.046865
v 0.268499 0.213823 0.001953
v 0.502826 0.389568 0.113258
v 0.512590 0.426670 0.119116
v 0.493063 0.401285 0.095683
v 0.518448 0.459866 0.123022
v 0.510637 0.463772 0.109353
v 0.471583 0.368088 0.082014
v 0.481346 0.354419 0.101542
v 0.436434 0.330987 0.062487
v 0.446197 0.311459 0.082014
v 0.537975 0.448150 0.138643
v 0.524306 0.401285 0.128880
v 0.500874 0.338798 0.111305
v 0.528212 0.496968 0.134738
v 0.514543 0.524306 0.121069
v 0.452055 0.286074 0.087873
v 0.391521 0.270452 0.058582
v 0.354419 0.225540 0.048818
v 0.336845 0.250925 0.033196
v 0.368088 0.207965 0.054676
v 0.264594 0.157194 0.025385
v 0.282169 0.137667 0.029291
v 0.526259 0.371994 0.124974
v 0.288027 0.223587 0.015622
v 0.247020 0.125951 0.025385
v 0.282169 0.098613 0.027338
v 0.309507 0.116187 0.027338
v 0.520401 0.532117 0.128880
v 0.309507 0.258736 0.015622
v 0.346608 0.286074 0.023433
v 0.319270 0.284121 0.015622
v 0.329034 0.315365 0.011716
v 0.305601 0.309507 0.003905
v 0.311459 0.352467 0.005858
v 0.289979 0.370041 0.000000
v 0.299743 0.274358 0.003905
v 0.280216 0.348561 -0.009764
v 0.286074 0.245067 0.001953
v 0.286074 0.407143 -0.007811
v 0.276310 0.379805 -0.013669
v 0.368088 0.293885 0.029291
v 0.293885 0.286074 -0.011716
v 0.395427 0.297790 0.046865
v 0.286074 0.434481 -0.023433
v 0.278263 0.407143 -0.021480
v 0.510637 0.528212 0.113258
v 0.272405 0.336845 -0.037102
v 0.286074 0.276310 -0.039054
v 0.286074 0.260689 -0.013669
v 0.278263 0.256783 -0.044913
v 0.266547 0.231398 -0.021480
v -0.532117 0.325128 -0.011716
v -0.537975 0.309507 -0.007811
v -0.534070 0.293885 -0.005858
v -0.594604 0.293885 -0.017575
v -0.600462 0.319270 -0.013669
v -0.666855 0.334892 -0.013669
v -0.717626 0.379805 -0.011716
v -0.778160 0.399332 -0.015622
v -0.825026 0.457914 -0.019527
v -0.668808 0.371994 -0.013669
v -0.569219 0.330987 -0.015622
v -0.729342 0.414954 -0.015622
v -0.811357 0.467677 -0.021480
v -0.862127 0.530164 -0.033196
v -0.883607 0.588746 -0.048818
v -0.852364 0.551644 -0.042960
v -0.826978 0.504779 -0.033196
v -0.768397 0.455961 -0.025385
v -0.674666 0.397379 -0.023433
v -0.621942 0.362230 -0.019527
v -0.873844 0.604368 -0.058582
v -0.891418 0.637564 -0.066393
v -0.881655 0.653186 -0.076156
v -0.719579 0.436434 -0.029291
v -0.743011 0.469630 -0.039054
v -0.891418 0.680524 -0.082014
v -0.879702 0.709815 -0.095683
v -0.887513 0.721531 -0.099589
v -0.764491 0.481346 -0.042960
v -0.754728 0.500874 -0.048818
v -0.766444 0.534070 -0.054676
v -0.879702 0.756680 -0.117163
v -0.741059 0.637564 -0.093731
v -0.893371 0.584841 -0.050771
v -0.553597 0.270452 -0.013669
v -0.520401 0.270452 -0.005858
v -0.534070 0.237256 -0.009764
v -0.590699 0.262641 -0.017575
v -0.717626 0.225540 -0.011716
v -0.737153 0.239209 -0.019527
v -0.795735 0.225540 -0.017575
v -0.629753 0.278263 -0.031244
v -0.502826 0.235303 -0.005858
v -0.528212 0.206012 -0.013669
v -0.817215 0.215776 -0.021480
v -0.856269 0.235303 -0.035149
v -0.493063 0.192343 -0.013669
v -0.459866 0.174769 -0.015622
v -0.942189 0.330987 -0.124974
v -0.311459 -0.770349 0.121069
v -0.336845 -0.760586 0.105447
v -0.375899 -0.737153 0.080062
v -0.420812 -0.705910 0.039054
v 0.311459 -0.770349 0.121069
v 0.336845 -0.760586 0.105447
v 0.375899 -0.737153 0.080062
v 0.420812 -0.705910 0.039054
v -0.846506 0.145478 -0.087873
v -0.817215 0.081038 -0.080062
v 0.846506 0.145478 -0.087873
v 0.817215 0.081038 -0.080062
v -0.377852 -0.440339 0.072251
v -0.379805 -0.469630 0.074204
v 0.733248 0.659044 -0.132785
v 0.768397 0.569219 -0.109353
v 0.758633 0.600462 -0.095683
v 0.762539 0.596557 -0.115211
v 0.766444 0.573124 -0.083967
v 0.750822 0.623895 -0.121069
v 0.746917 0.625848 -0.107400
v 0.744964 0.627801 -0.103494
v 0.741059 0.637564 -0.113258
v 0.768397 0.539928 -0.078109
v -0.733248 0.659044 -0.132785
v -0.768397 0.569219 -0.109353
v -0.762539 0.596557 -0.115211
v -0.758633 0.600462 -0.095683
v -0.766444 0.573124 -0.083967
v -0.750822 0.623895 -0.121069
v -0.746917 0.625848 -0.107400
v -0.744964 0.627801 -0.103494
v -0.741059 0.637564 -0.113258
v -0.768397 0.539928 -0.078109
v -0.471583 -0.489157 0.011716
v -0.461819 -0.485252 0.017575
v -0.455961 -0.489157 0.021480
v -0.463772 -0.446197 0.015622
v -0.469630 -0.446197 0.013669
v -0.506732 -0.346608 -0.013669
v -0.512590 -0.313412 -0.021480
v -0.471583 -0.481346 0.019527
v -0.471583 -0.489157 0.019527
v 0.471583 -0.489157 0.011716
v 0.461819 -0.485252 0.017575
v 0.455961 -0.489157 0.021480
v 0.463772 -0.446197 0.015622
v 0.469630 -0.446197 0.013669
v 0.506732 -0.346608 -0.013669
v 0.512590 -0.313412 -0.021480
v 0.471583 -0.481346 0.019527
v 0.471583 -0.489157 0.019527
v 0.942189 0.330987 -0.124974
v 0.000976 -0.243114 0.124974
v 0.537975 0.028314 -0.060534
v 0.590699 0.118140 -0.064440
v 0.854317 0.174769 -0.072251
v 0.563361 -0.051747 -0.058582
v 0.561408 -0.061511 -0.076156
v 0.569219 -0.082991 -0.078109
v 0.534070 -0.114234 -0.074203
v 0.588746 -0.096660 -0.074203
v 0.537975 -0.114234 -0.062487
v 0.590699 -0.098613 -0.056629
v 0.532117 -0.131809 -0.056629
v 0.539928 -0.188438 -0.050771
v 0.664902 -0.096660 -0.072251
v 0.686382 -0.098613 -0.052724
v 0.682477 -0.178674 -0.050771
v 0.725437 -0.159147 -0.052724
v 0.768397 -0.112282 -0.054676
v 0.743011 -0.073227 -0.054676
v 0.700051 -0.086896 -0.058582
v 0.733248 -0.069322 -0.058582
v 0.731295 -0.069322 -0.074203
v 0.756680 -0.043936 -0.060534
v 0.793782 -0.063464 -0.056629
v 0.536023 -0.211871 -0.052724
v 0.516495 -0.209918 -0.050771
v 0.700051 -0.086896 -0.072251
v 0.686382 0.014645 -0.093731
v 0.756680 0.030267 -0.091778
v 0.750822 0.032220 -0.085920
v 0.766444 0.049794 -0.087873
v 0.789877 0.038078 -0.083967
v 0.809404 0.086896 -0.072251
v 0.664902 -0.096660 -0.058582
v 0.754728 -0.041984 -0.074203
v 0.528212 -0.188438 -0.062487
v 0.772302 -0.026362 -0.056629
v 0.081038 -0.549692 0.130832
v 0.122045 -0.522354 0.117163
v 0.180627 -0.452055 0.113258
v 0.122045 -0.348561 0.109353
v 0.133762 -0.344656 0.101542
v 0.000976 -0.491110 0.138643
v 0.000976 -0.424717 0.134738
v 0.000976 -0.580935 0.138643
v -0.122045 -0.348561 0.109353
v -0.180627 -0.452055 0.113258
v -0.133762 -0.344656 0.101542
v 0.041984 -0.571172 0.134738
v 0.163052 -0.483299 0.111305
v -0.043936 -0.395427 0.121069
v -0.073227 -0.346608 0.111305
v -0.040031 -0.381757 0.119116
v -0.086896 -0.159147 0.091778
v 0.000976 -0.252878 0.111305
v -0.155242 -0.116187 0.072251
v -0.108376 -0.102518 0.085920
v -0.219681 0.002929 0.050771
v -0.303649 0.030267 0.023433
v -0.196249 -0.104471 0.099589
v -0.170863 -0.145478 0.115211
v -0.260689 0.043936 0.035149
v -0.299743 0.063464 0.015622
v -0.342703 0.063464 -0.005858
v -0.360277 0.059558 0.007811
v -0.377852 0.077133 -0.017575
v -0.393474 0.090802 -0.050771
v -0.409096 0.045889 -0.013669
v -0.407143 0.104471 -0.095683
v -0.424717 0.051747 -0.042960
v -0.446197 0.051747 -0.083967
v -0.383710 0.143525 -0.107400
v -0.350514 0.178674 -0.107400
v -0.307554 0.219681 -0.109353
v -0.266547 0.252878 -0.113258
v -0.192343 0.219681 -0.035149
v -0.202107 0.247020 -0.062487
v -0.221634 0.274358 -0.107400
v -0.157194 0.215776 -0.023433
v -0.180627 0.286074 -0.101542
v -0.182580 0.186485 -0.007811
v -0.213823 0.206012 -0.042960
v -0.200154 0.170863 -0.009764
v -0.211870 0.137667 0.009764
v -0.207965 0.170863 -0.017575
v -0.213823 0.198201 -0.041007
v -0.157194 0.256783 -0.058582
v -0.155242 0.170863 0.013669
v -0.243114 0.215776 -0.070298
v -0.069322 0.233350 -0.025385
v 0.000976 0.239209 -0.025385
v 0.000976 0.280216 -0.060534
v 0.069322 0.233350 -0.025385
v 0.069322 0.274358 -0.060534
v 0.155242 0.170863 0.013669
v 0.000976 0.325128 -0.111305
v 0.069322 0.317318 -0.109353
v 0.131809 0.301696 -0.105447
v 0.180627 0.286074 -0.101542
v -0.069322 0.317318 -0.109353
v 0.157194 0.256783 -0.058582
v 0.157194 0.215776 -0.023433
v 0.182580 0.186485 -0.007811
v 0.211871 0.137667 0.009764
v 0.147431 0.135714 0.033196
v 0.299743 0.063464 0.015622
v 0.129856 0.102518 0.052724
v 0.260689 0.043936 0.035149
v 0.278263 0.090802 0.011716
v 0.219681 0.002929 0.050771
v 0.116187 0.120092 0.042960
v 0.200154 0.170863 -0.009764
v 0.207965 0.170863 -0.017575
v 0.213823 0.198201 -0.041007
v 0.243114 0.215776 -0.070298
v 0.213823 0.206012 -0.042960
v 0.108376 -0.102518 0.085920
v 0.098613 0.079085 0.060534
v 0.000976 0.133762 0.039054
v 0.000976 0.084943 0.060534
v 0.045889 0.004882 0.085920
v 0.000976 -0.041984 0.097636
v -0.045889 0.004882 0.085920
v -0.098613 0.079085 0.060534
v 0.108376 0.077133 0.062487
v -0.116187 0.120092 0.042960
v -0.108376 0.077133 0.062487
v 0.000976 0.186485 0.009764
v -0.147431 0.135714 0.033196
v -0.131809 0.301696 -0.105447
v -0.391521 0.034173 0.013669
v -0.330987 0.034173 0.031244
v -0.293885 -0.008787 0.060534
v -0.330987 -0.008787 0.056629
v -0.282169 -0.059558 0.087873
v -0.297790 -0.088849 0.095683
v -0.245067 -0.096660 0.105447
v -0.131809 -0.145478 0.080062
v -0.278263 0.090802 0.011716
v -0.069322 0.274358 -0.060534
v 0.192343 0.219681 -0.035149
v -0.108376 -0.188438 0.089825
v -0.143525 -0.176721 0.117163
v -0.366136 0.018551 0.033196
v -0.129856 0.102518 0.052724
v -0.206012 -0.118140 0.111305
v 0.086896 -0.159147 0.091778
v 0.040031 -0.381757 0.119116
v -0.233350 -0.075180 0.093731
v 0.891418 0.748869 -0.124974
v 0.879702 0.766444 -0.128880
v 0.901182 0.723484 -0.128880
v 0.889466 0.748869 -0.119116
v 0.879702 0.756680 -0.117163
v 0.908993 0.696146 -0.123022
v 0.899229 0.725437 -0.117163
v 0.912898 0.666855 -0.117163
v 0.914851 0.637564 -0.113258
v 0.914851 0.606321 -0.107400
v 0.912898 0.641470 -0.093731
v 0.912898 0.610226 -0.085920
v 0.907040 0.643422 -0.080062
v 0.907040 0.670761 -0.091778
v 0.901182 0.674666 -0.085920
v 0.903135 0.698099 -0.099589
v 0.901182 0.643422 -0.072251
v 0.910946 0.668808 -0.101542
v 0.910946 0.573124 -0.103494
v 0.908993 0.578983 -0.078109
v 0.903135 0.537975 -0.097636
v 0.901182 0.545786 -0.072251
v 0.891418 0.502826 -0.093731
v 0.889466 0.510637 -0.066393
v 0.889466 0.737153 -0.109353
v 0.903135 0.582888 -0.060534
v 0.873844 0.465725 -0.091778
v 0.895324 0.551644 -0.052724
v 0.897276 0.703957 -0.095683
v 0.907040 0.614132 -0.070298
v 0.871891 0.473535 -0.060534
v 0.854317 0.430576 -0.089825
v 0.850411 0.438386 -0.056629
v 0.867986 0.483299 -0.041007
v 0.844553 0.448150 -0.035149
v 0.825026 0.403237 -0.054676
v 0.817215 0.413001 -0.031244
v 0.825026 0.442292 -0.021480
v 0.791829 0.370041 -0.052724
v 0.862127 0.496968 -0.029291
v 0.780113 0.377852 -0.027338
v 0.744964 0.338798 -0.046865
v 0.739106 0.350514 -0.027338
v 0.760586 0.334892 -0.087873
v 0.709815 0.309507 -0.070298
v 0.672713 0.301696 -0.042960
v 0.799640 0.364183 -0.087873
v 0.893371 0.584841 -0.050771
v 0.883607 0.547739 -0.039054
v 0.657091 0.313412 -0.023433
v 0.637564 0.291932 -0.031244
v 0.897276 0.725437 -0.109353
v 0.666855 0.288027 -0.052724
v 0.899229 0.614132 -0.060534
v 0.828931 0.397379 -0.087873
v 0.883607 0.518448 -0.046865
v 0.907040 0.698099 -0.109353
v -0.719579 0.139620 -0.078109
v -0.645375 0.041984 -0.072251
v -0.770349 0.086896 -0.072251
v -0.610226 0.014645 -0.066393
v -0.580935 -0.018551 -0.066393
v -0.684430 0.049794 -0.087873
v -0.764491 0.073227 -0.087873
v -0.739106 0.038078 -0.097636
v -0.793782 0.096660 -0.085920
v -0.561408 -0.038078 -0.066393
v -0.590699 0.096660 -0.072251
v 0.719579 0.139620 -0.078109
v 0.645375 0.041984 -0.072251
v 0.610226 0.014645 -0.066393
v 0.684430 0.049794 -0.087873
v 0.739106 0.038078 -0.097636
v 0.770349 0.086896 -0.072251
v 0.580935 -0.018551 -0.066393
v 0.561408 -0.038078 -0.066393
v 0.590699 0.096660 -0.072251
v 0.764491 0.073227 -0.087873
v 0.793782 0.096660 -0.085920
v 0.286074 0.241161 -0.031244
v 0.272405 0.207965 -0.005858
v 0.297790 0.266547 -0.033196
v 0.295838 0.286074 -0.035149
v 0.280216 0.336845 -0.041007
v 0.282169 0.377852 -0.052724
v 0.286074 0.407143 -0.023433
v 0.286074 0.409096 -0.046865
v -0.286074 0.241161 -0.031244
v -0.297790 0.266547 -0.033196
v -0.272405 0.207965 -0.005858
v -0.295838 0.286074 -0.035149
v -0.280216 0.336845 -0.041007
v -0.282169 0.377852 -0.052724
v -0.286074 0.409096 -0.046865
v -0.286074 0.407143 -0.023433
v 0.532117 0.325128 -0.011716
v 0.569219 0.330987 -0.015622
v 0.621942 0.362230 -0.019527
v 0.668808 0.371994 -0.013669
v 0.674666 0.397379 -0.023433
v 0.537975 0.309507 -0.007811
v 0.729342 0.414954 -0.015622
v 0.717626 0.379805 -0.011716
v 0.825026 0.457914 -0.019527
v 0.778160 0.399332 -0.015622
v 0.731295 0.362230 -0.015622
v 0.666855 0.334892 -0.013669
v 0.811357 0.467677 -0.021480
v 0.768397 0.455961 -0.025385
v 0.826978 0.504779 -0.033196
v 0.782066 0.479394 -0.039054
v 0.817215 0.512590 -0.044913
v 0.719579 0.436434 -0.029291
v 0.594604 0.293885 -0.017575
v 0.862127 0.530164 -0.033196
v 0.600462 0.319270 -0.013669
v 0.629753 0.278263 -0.031244
v 0.553597 0.270452 -0.013669
v 0.590699 0.262641 -0.017575
v 0.534070 0.237256 -0.009764
v 0.717626 0.225540 -0.011716
v 0.520401 0.270452 -0.005858
v 0.578983 0.209918 -0.013669
v 0.795735 0.225540 -0.017575
v 0.528212 0.206012 -0.013669
v 0.493063 0.192343 -0.013669
v 0.459866 0.174769 -0.015622
v 0.534070 0.293885 -0.005858
v 0.817215 0.215776 -0.021480
v 0.502826 0.235303 -0.005858
v 0.856269 0.235303 -0.035149
v 0.737153 0.239209 -0.019527
v 0.803546 0.506732 -0.054676
v 0.743011 0.469630 -0.039054
v 0.852364 0.551644 -0.042960
v 0.873844 0.604368 -0.058582
v 0.881655 0.653186 -0.076156
v 0.891418 0.637564 -0.066393
v 0.891418 0.680524 -0.082014
v 0.879702 0.709815 -0.095683
v 0.887513 0.721531 -0.099589
v 0.883607 0.588746 -0.048818
v 0.754728 0.500874 -0.048818
v 0.741059 0.637564 -0.093731
vt 0.982545 0.457087
vt 0.994957 0.512451
vt 0.994957 0.454864
vt 0.271916 0.626070
vt 0.279674 0.626070
vt 0.273096 0.628405
vt 0.852211 0.514193
vt 0.856866 0.515564
vt 0.856866 0.476654
vt 0.247867 0.528794
vt 0.244763 0.548424
vt 0.247867 0.552918
vt 0.870830 0.321790
vt 0.863093 0.326459
vt 0.851435 0.321790
vt 0.058573 0.365370
vt 0.003380 0.377821
vt 0.001164 0.365370
vt 0.896756 0.552918
vt 0.884019 0.546693
vt 0.937548 0.546693
vt 0.164856 0.743580
vt 0.177269 0.743580
vt 0.167917 0.745136
vt 0.077643 0.332685
vt 0.036850 0.326459
vt 0.090380 0.326459
vt 0.877079 0.329344
vt 0.932118 0.317121
vt 0.929929 0.373930
vt 0.932118 0.370422
vt 0.880156 0.326586
vt 0.877036 0.333006
vt 0.517404 0.599611
vt 0.476726 0.593385
vt 0.528704 0.593385
vt 0.497673 0.428123
vt 0.468722 0.477452
vt 0.497673 0.480335
vt 0.467506 0.481323
vt 0.467384 0.471221
vt 0.448942 0.455301
vt 0.448452 0.446414
vt 0.465446 0.416920
vt 0.447416 0.439833
vt 0.469488 0.471515
vt 0.466122 0.413619
vt 0.444143 0.439134
vt 0.924155 0.160121
vt 0.955346 0.163894
vt 0.935993 0.204665
vt 0.923584 0.177472
vt 0.928235 0.150966
vt 0.956272 0.145863
vt 0.927601 0.199242
vt 0.953422 0.180338
vt 0.925760 0.218068
vt 0.934576 0.144313
vt 0.956003 0.131041
vt 0.960616 0.136038
vt 0.943605 0.219132
vt 0.970132 0.123346
vt 0.945127 0.206920
vt 0.950625 0.198087
vt 0.964681 0.173811
vt 0.960247 0.183644
vt 0.946326 0.216169
vt 0.953133 0.219543
vt 0.960639 0.216203
vt 0.964492 0.221401
vt 0.970132 0.216751
vt 0.912518 0.931708
vt 0.924356 0.887164
vt 0.943709 0.927935
vt 0.911947 0.914356
vt 0.916598 0.940863
vt 0.944635 0.945965
vt 0.915964 0.892586
vt 0.941785 0.911491
vt 0.914123 0.873761
vt 0.922940 0.947516
vt 0.944366 0.960788
vt 0.948979 0.955791
vt 0.931968 0.872697
vt 0.958495 0.968482
vt 0.933490 0.884909
vt 0.938988 0.893742
vt 0.953044 0.918018
vt 0.948610 0.908185
vt 0.934689 0.875660
vt 0.941496 0.872286
vt 0.949002 0.875625
vt 0.952856 0.870428
vt 0.958495 0.875077
vt 0.537664 0.648480
vt 0.558185 0.628484
vt 0.537238 0.652179
vt 0.558185 0.685280
vt 0.555410 0.627953
vt 0.540830 0.664841
vt 0.558013 0.626848
vt 0.555215 0.688327
vt 0.452677 0.941944
vt 0.432155 0.921948
vt 0.431730 0.918249
vt 0.452677 0.885148
vt 0.449902 0.942475
vt 0.435322 0.905587
vt 0.452505 0.943580
vt 0.449706 0.882101
vt 0.882077 0.481930
vt 0.870677 0.477603
vt 0.877069 0.474272
vt 0.853996 0.417581
vt 0.878340 0.493391
vt 0.889984 0.487930
vt 0.889487 0.505834
vt 0.904171 0.514903
vt 0.916126 0.518144
vt 0.907117 0.491854
vt 0.928355 0.492441
vt 0.943752 0.496903
vt 0.943598 0.522355
vt 0.854175 0.437901
vt 0.927507 0.522490
vt 0.849247 0.423827
vt 0.848332 0.413379
vt 0.944081 0.526459
vt 0.946082 0.499252
vt 0.855989 0.414064
vt 0.849630 0.409914
vt 0.855373 0.408171
vt 0.899644 0.411939
vt 0.912309 0.415511
vt 0.913708 0.521177
vt 0.895639 0.416248
vt 0.906620 0.421353
vt 0.921538 0.418888
vt 0.919945 0.431106
vt 0.930857 0.430412
vt 0.931598 0.446064
vt 0.942484 0.442443
vt 0.946082 0.456911
vt 0.879628 0.499952
vt 0.885305 0.506419
vt 0.893704 0.512560
vt 0.871288 0.485837
vt 0.873960 0.492879
vt 0.866819 0.477055
vt 0.903296 0.518207
vt 0.925668 0.525309
vt 0.868898 0.486611
vt 0.685970 0.040027
vt 0.696561 0.040268
vt 0.687059 0.018600
vt 0.698231 0.018823
vt 0.748186 0.040226
vt 0.748633 0.019338
vt 0.677226 0.018444
vt 0.676455 0.040513
vt 0.752133 0.019414
vt 0.664870 0.018311
vt 0.664605 0.040399
vt 0.654165 0.018288
vt 0.655986 0.040356
vt 0.644609 0.040485
vt 0.642746 0.018444
vt 0.684842 0.042277
vt 0.656110 0.043191
vt 0.973262 0.566114
vt 0.971038 0.558513
vt 0.973598 0.557791
vt 0.973152 0.547849
vt 0.968243 0.549627
vt 0.970579 0.522389
vt 0.973451 0.506149
vt 0.971444 0.511980
vt 0.967828 0.517192
vt 0.948583 0.549505
vt 0.948988 0.558605
vt 0.948794 0.566919
vt 0.948410 0.558593
vt 0.970143 0.492833
vt 0.949913 0.492927
vt 0.963311 0.575867
vt 0.950234 0.479471
vt 0.971047 0.479972
vt 0.948809 0.577264
vt 0.973868 0.576459
vt 0.963948 0.585751
vt 0.948859 0.587160
vt 0.974011 0.585919
vt 0.974011 0.487860
vt 0.973011 0.476654
vt 0.842892 0.032255
vt 0.833029 0.031979
vt 0.836222 0.053814
vt 0.845347 0.054094
vt 0.825017 0.053409
vt 0.819830 0.032698
vt 0.775191 0.031793
vt 0.774460 0.052305
vt 0.771518 0.052180
vt 0.858016 0.054829
vt 0.858941 0.031859
vt 0.867146 0.054864
vt 0.769169 0.031518
vt 0.867148 0.031815
vt 0.878588 0.053970
vt 0.877791 0.031518
vt 0.767649 0.051984
vt 0.485596 0.042296
vt 0.479588 0.020207
vt 0.475775 0.042274
vt 0.488675 0.020202
vt 0.468429 0.020274
vt 0.462665 0.041140
vt 0.418227 0.040689
vt 0.418098 0.019844
vt 0.415167 0.019881
vt 0.501301 0.019844
vt 0.501552 0.043191
vt 0.412228 0.040784
vt 0.411313 0.019961
vt 0.407680 0.020098
vt 0.408574 0.040327
vt 0.195910 0.457424
vt 0.201816 0.447168
vt 0.199322 0.443904
vt 0.184099 0.469032
vt 0.208086 0.440801
vt 0.210848 0.431583
vt 0.216527 0.434098
vt 0.219778 0.425798
vt 0.227348 0.428847
vt 0.228784 0.422036
vt 0.237968 0.423741
vt 0.215822 0.418136
vt 0.209560 0.421231
vt 0.203239 0.428479
vt 0.199035 0.418445
vt 0.180394 0.465556
vt 0.170300 0.485864
vt 0.192888 0.426069
vt 0.191554 0.416996
vt 0.179362 0.430954
vt 0.189407 0.437158
vt 0.166303 0.481697
vt 0.187469 0.415526
vt 0.172608 0.427879
vt 0.161346 0.438694
vt 0.154548 0.436072
vt 0.134965 0.450080
vt 0.129596 0.446441
vt 0.116801 0.454329
vt 0.099196 0.453034
vt 0.158213 0.496035
vt 0.161326 0.497511
vt 0.154221 0.502341
vt 0.101451 0.454993
vt 0.145787 0.505659
vt 0.179027 0.440345
vt 0.173594 0.440587
vt 0.203115 0.415404
vt 0.086481 0.454989
vt 0.179577 0.444151
vt 0.193507 0.413067
vt 0.190295 0.411627
vt 0.238557 0.416926
vt 0.167109 0.492804
vt 0.110034 0.458879
vt 0.154909 0.492782
vt 0.141761 0.502154
vt 0.135266 0.508917
vt 0.097370 0.458996
vt 0.175236 0.484132
vt 0.138417 0.511388
vt 0.131548 0.513586
vt 0.126136 0.512278
vt 0.146096 0.510706
vt 0.123489 0.517545
vt 0.120087 0.515515
vt 0.111790 0.524125
vt 0.119291 0.443507
vt 0.138220 0.436287
vt 0.158482 0.426553
vt 0.175556 0.419680
vt 0.097354 0.447091
vt 0.075099 0.448943
vt 0.185504 0.411512
vt 0.069381 0.451636
vt 0.055680 0.444240
vt 0.053898 0.446842
vt 0.041022 0.438104
vt 0.039721 0.439698
vt 0.026829 0.428970
vt 0.188870 0.408979
vt 0.025593 0.431153
vt 0.018116 0.421287
vt 0.012414 0.419702
vt 0.122525 0.434569
vt 0.125300 0.427116
vt 0.112239 0.427030
vt 0.105655 0.430076
vt 0.139090 0.424746
vt 0.140288 0.430836
vt 0.155654 0.420849
vt 0.174184 0.414405
vt 0.107638 0.437388
vt 0.096002 0.440639
vt 0.080104 0.443533
vt 0.061398 0.441371
vt 0.103087 0.425713
vt 0.047480 0.435623
vt 0.032239 0.429003
vt 0.013703 0.414893
vt 0.008418 0.412890
vt 0.185299 0.407393
vt 0.006037 0.413215
vt 0.002707 0.407393
vt 0.001164 0.408192
vt 0.154103 0.415417
vt 0.176154 0.407895
vt 0.138141 0.419235
vt 0.125254 0.421393
vt 0.325425 0.529798
vt 0.322012 0.516277
vt 0.319518 0.519542
vt 0.337235 0.541405
vt 0.313248 0.513174
vt 0.310486 0.503956
vt 0.304807 0.506471
vt 0.301556 0.498171
vt 0.293986 0.501220
vt 0.292550 0.494409
vt 0.283367 0.496114
vt 0.305512 0.490510
vt 0.311774 0.493604
vt 0.318095 0.500852
vt 0.322299 0.490819
vt 0.340940 0.537929
vt 0.351034 0.558238
vt 0.328447 0.498442
vt 0.329780 0.489370
vt 0.341972 0.503327
vt 0.331928 0.509532
vt 0.355031 0.554071
vt 0.333866 0.487899
vt 0.348726 0.500252
vt 0.359988 0.511067
vt 0.366787 0.508445
vt 0.386369 0.522454
vt 0.391738 0.518814
vt 0.404534 0.526702
vt 0.422138 0.525408
vt 0.363121 0.568409
vt 0.360009 0.569885
vt 0.367113 0.574715
vt 0.419883 0.527367
vt 0.375547 0.578032
vt 0.342307 0.512718
vt 0.347741 0.512961
vt 0.318220 0.487777
vt 0.434854 0.527362
vt 0.341757 0.516525
vt 0.327827 0.485441
vt 0.331039 0.484000
vt 0.282777 0.489300
vt 0.354225 0.565177
vt 0.411300 0.531253
vt 0.366425 0.565155
vt 0.379573 0.574528
vt 0.386068 0.581291
vt 0.423964 0.531370
vt 0.346098 0.556506
vt 0.382918 0.583762
vt 0.389787 0.585960
vt 0.395199 0.584651
vt 0.375238 0.583079
vt 0.397846 0.589919
vt 0.401248 0.587889
vt 0.409545 0.596498
vt 0.402044 0.515881
vt 0.383115 0.508661
vt 0.362852 0.498927
vt 0.345779 0.492054
vt 0.423981 0.519464
vt 0.446235 0.521316
vt 0.335830 0.483885
vt 0.451954 0.524010
vt 0.465654 0.516613
vt 0.467436 0.519216
vt 0.480313 0.510478
vt 0.481613 0.512071
vt 0.494506 0.501343
vt 0.332465 0.481352
vt 0.495741 0.503526
vt 0.503218 0.493660
vt 0.508920 0.492075
vt 0.398809 0.506942
vt 0.409095 0.499404
vt 0.396034 0.499490
vt 0.415680 0.502449
vt 0.382245 0.497119
vt 0.381047 0.503209
vt 0.365681 0.493222
vt 0.347150 0.486779
vt 0.413696 0.509762
vt 0.425332 0.513012
vt 0.441231 0.515907
vt 0.459936 0.513745
vt 0.418247 0.498086
vt 0.473855 0.507996
vt 0.489095 0.501377
vt 0.507631 0.487266
vt 0.512917 0.485264
vt 0.336035 0.479767
vt 0.515297 0.485589
vt 0.518627 0.479767
vt 0.520171 0.480565
vt 0.367231 0.487790
vt 0.345181 0.480268
vt 0.383194 0.491608
vt 0.396081 0.493767
vt 0.786855 0.892790
vt 0.789548 0.886146
vt 0.807938 0.891561
vt 0.778167 0.885143
vt 0.804329 0.884828
vt 0.815392 0.882729
vt 0.820203 0.888561
vt 0.791766 0.900829
vt 0.776294 0.899626
vt 0.790435 0.906368
vt 0.772744 0.890008
vt 0.773527 0.907711
vt 0.766040 0.904263
vt 0.768059 0.895164
vt 0.798100 0.903209
vt 0.813371 0.895502
vt 0.758706 0.897916
vt 0.798367 0.909264
vt 0.749228 0.904151
vt 0.801429 0.906368
vt 0.826256 0.890117
vt 0.756615 0.890413
vt 0.765808 0.887379
vt 0.749362 0.895166
vt 0.757769 0.912675
vt 0.746726 0.912723
vt 0.772666 0.885705
vt 0.789217 0.912964
vt 0.767931 0.916673
vt 0.754076 0.922937
vt 0.798500 0.911831
vt 0.742824 0.905518
vt 0.761999 0.931055
vt 0.777542 0.922101
vt 0.768479 0.937158
vt 0.790795 0.922780
vt 0.801162 0.961160
vt 0.813451 0.945320
vt 0.798820 0.918376
vt 0.813984 0.970349
vt 0.825346 0.955201
vt 0.824543 0.977807
vt 0.835674 0.963192
vt 0.816803 0.938192
vt 0.830162 0.949203
vt 0.840089 0.958323
vt 0.814231 0.877895
vt 0.803077 0.879090
vt 0.788281 0.879097
vt 0.833174 0.983712
vt 0.844339 0.970609
vt 0.848943 0.965945
vt 0.821449 0.933309
vt 0.807819 0.920018
vt 0.776627 0.877123
vt 0.834081 0.944242
vt 0.823171 0.876321
vt 0.824196 0.879786
vt 0.840622 0.988716
vt 0.851096 0.976608
vt 0.844445 0.953639
vt 0.828599 0.884409
vt 0.770987 0.877918
vt 0.853763 0.962467
vt 0.830896 0.873491
vt 0.832238 0.876330
vt 0.835888 0.880210
vt 0.822182 0.872441
vt 0.847039 0.868052
vt 0.846271 0.865951
vt 0.852818 0.862358
vt 0.851899 0.861451
vt 0.853763 0.861089
vt 0.583658 0.932676
vt 0.599469 0.920920
vt 0.589567 0.935806
vt 0.582039 0.943397
vt 0.600898 0.927868
vt 0.609991 0.922766
vt 0.609955 0.915802
vt 0.582366 0.923955
vt 0.571971 0.934156
vt 0.578091 0.920765
vt 0.575226 0.943200
vt 0.565104 0.930022
vt 0.561808 0.937046
vt 0.568758 0.942347
vt 0.585501 0.918447
vt 0.601017 0.914883
vt 0.560394 0.946055
vt 0.582090 0.913914
vt 0.549832 0.947375
vt 0.586020 0.914187
vt 0.613352 0.911127
vt 0.563437 0.952694
vt 0.571850 0.949289
vt 0.555381 0.953696
vt 0.550765 0.936049
vt 0.542807 0.942777
vt 0.577769 0.946326
vt 0.573251 0.916735
vt 0.555646 0.926969
vt 0.541858 0.930929
vt 0.580654 0.911959
vt 0.544418 0.950324
vt 0.542591 0.920201
vt 0.559299 0.917209
vt 0.543631 0.911829
vt 0.568480 0.908674
vt 0.552731 0.874553
vt 0.571275 0.878554
vt 0.576951 0.907010
vt 0.556415 0.860028
vt 0.573942 0.864094
vt 0.559505 0.848088
vt 0.576626 0.851916
vt 0.578034 0.881704
vt 0.581107 0.865538
vt 0.582839 0.852787
vt 0.612009 0.926858
vt 0.603433 0.932689
vt 0.592897 0.941600
vt 0.562148 0.838412
vt 0.578463 0.841125
vt 0.584718 0.841745
vt 0.584370 0.882439
vt 0.582493 0.900365
vt 0.585769 0.950057
vt 0.586981 0.866783
vt 0.619414 0.922769
vt 0.617996 0.919628
vt 0.564569 0.829972
vt 0.579790 0.832508
vt 0.588890 0.853572
vt 0.618240 0.913745
vt 0.581264 0.952903
vt 0.590389 0.841366
vt 0.626619 0.919704
vt 0.625677 0.916945
vt 0.625632 0.912092
vt 0.620649 0.926237
vt 0.640438 0.912689
vt 0.641329 0.914470
vt 0.627407 0.922610
vt 0.647573 0.912242
vt 0.641513 0.915937
vt 0.647627 0.913375
vt 0.648953 0.912366
vt 0.550847 0.873914
vt 0.554480 0.859589
vt 0.557528 0.847977
vt 0.559796 0.838252
vt 0.561992 0.829639
vt 0.564724 0.817840
vt 0.568594 0.819256
vt 0.571001 0.804992
vt 0.575179 0.807445
vt 0.581926 0.787126
vt 0.586185 0.790952
vt 0.595503 0.769367
vt 0.600286 0.773419
vt 0.611867 0.749203
vt 0.616311 0.754852
vt 0.641065 0.724785
vt 0.644852 0.728364
vt 0.541323 0.911875
vt 0.540259 0.920191
vt 0.539566 0.930809
vt 0.540493 0.942705
vt 0.542437 0.950676
vt 0.644630 0.718677
vt 0.648953 0.721143
vt 0.103930 0.238756
vt 0.115412 0.238127
vt 0.103146 0.220676
vt 0.091620 0.220740
vt 0.113388 0.220623
vt 0.131251 0.220740
vt 0.118291 0.249891
vt 0.111961 0.246635
vt 0.090475 0.239747
vt 0.054528 0.221678
vt 0.103609 0.246379
vt 0.112967 0.257802
vt 0.058767 0.245841
vt 0.046936 0.222489
vt 0.050500 0.247664
vt 0.117250 0.260529
vt 0.145176 0.240892
vt 0.148240 0.221247
vt 0.166129 0.222280
vt 0.147838 0.254208
vt 0.164806 0.239278
vt 0.178496 0.236398
vt 0.190805 0.224030
vt 0.148371 0.264008
vt 0.162637 0.253646
vt 0.192714 0.238043
vt 0.208664 0.226350
vt 0.167963 0.253641
vt 0.179233 0.253018
vt 0.210205 0.240022
vt 0.194830 0.253622
vt 0.223666 0.228895
vt 0.161324 0.265197
vt 0.117502 0.270394
vt 0.147885 0.274013
vt 0.225807 0.241852
vt 0.112560 0.266826
vt 0.166377 0.256610
vt 0.168210 0.257147
vt 0.169836 0.255317
vt 0.242095 0.233568
vt 0.239534 0.247666
vt 0.121152 0.282142
vt 0.236199 0.264060
vt 0.219066 0.253860
vt 0.217918 0.255404
vt 0.257952 0.238588
vt 0.159656 0.275714
vt 0.162854 0.274959
vt 0.148092 0.284453
vt 0.126207 0.298444
vt 0.606204 0.586132
vt 0.591621 0.577528
vt 0.615176 0.576479
vt 0.613534 0.568565
vt 0.591544 0.587048
vt 0.615747 0.585553
vt 0.606237 0.594751
vt 0.591566 0.596498
vt 0.616369 0.594185
vt 0.591890 0.568450
vt 0.612581 0.559980
vt 0.592179 0.559617
vt 0.612819 0.536542
vt 0.593874 0.513658
vt 0.613674 0.514592
vt 0.614759 0.502673
vt 0.594362 0.501708
vt 0.594830 0.491212
vt 0.614646 0.492151
vt 0.616369 0.517596
vt 0.615537 0.558900
vt 0.615438 0.488521
vt 0.595040 0.487549
vt 0.517742 0.830190
vt 0.509500 0.833177
vt 0.509164 0.831120
vt 0.517799 0.828556
vt 0.526377 0.827626
vt 0.467757 0.851771
vt 0.457385 0.857546
vt 0.458282 0.855123
vt 0.447433 0.862927
vt 0.449030 0.863800
vt 0.445694 0.866139
vt 0.447292 0.867012
vt 0.446311 0.871885
vt 0.448386 0.870730
vt 0.448245 0.874815
vt 0.449928 0.873238
vt 0.486598 0.907638
vt 0.488280 0.906060
vt 0.495737 0.914089
vt 0.497419 0.912511
vt 0.504540 0.918484
vt 0.505409 0.916878
vt 0.516202 0.922568
vt 0.517490 0.920564
vt 0.526377 0.922508
vt 0.508271 0.959699
vt 0.496489 0.959144
vt 0.503321 0.973557
vt 0.487945 0.970422
vt 0.515803 0.972725
vt 0.523133 0.962794
vt 0.430226 0.962199
vt 0.473504 0.973282
vt 0.443871 0.971581
vt 0.424427 0.968921
vt 0.410862 0.968195
vt 0.412451 0.961609
vt 0.401210 0.965799
vt 0.395268 0.959144
vt 0.489874 0.976561
vt 0.526061 0.977179
vt 0.542669 0.980429
vt 0.476688 0.981166
vt 0.459537 0.981104
vt 0.435829 0.979572
vt 0.420634 0.979869
vt 0.497433 0.981337
vt 0.463222 0.990642
vt 0.483426 0.986067
vt 0.512344 0.977811
vt 0.439240 0.999611
vt 0.120334 0.640279
vt 0.123875 0.654855
vt 0.131315 0.639776
vt 0.130527 0.630000
vt 0.131773 0.655556
vt 0.117203 0.654568
vt 0.121737 0.626739
vt 0.119863 0.670328
vt 0.127081 0.615718
vt 0.126142 0.712312
vt 0.117489 0.688155
vt 0.140404 0.626332
vt 0.132428 0.638425
vt 0.142464 0.628674
vt 0.134743 0.633174
vt 0.191908 0.710431
vt 0.207214 0.729630
vt 0.219789 0.719284
vt 0.223698 0.707432
vt 0.237757 0.693953
vt 0.247357 0.704312
vt 0.232758 0.717292
vt 0.224582 0.679744
vt 0.183173 0.702704
vt 0.257931 0.648789
vt 0.252610 0.680456
vt 0.250856 0.639391
vt 0.182016 0.683925
vt 0.212168 0.666385
vt 0.232118 0.636880
vt 0.240177 0.631855
vt 0.231818 0.629681
vt 0.176628 0.691586
vt 0.174949 0.683204
vt 0.217394 0.630378
vt 0.176446 0.668838
vt 0.197544 0.650705
vt 0.264692 0.677413
vt 0.261755 0.690256
vt 0.275922 0.665582
vt 0.219979 0.627193
vt 0.173066 0.671244
vt 0.171653 0.622950
vt 0.183798 0.716805
vt 0.192608 0.728961
vt 0.196852 0.740209
vt 0.264922 0.641153
vt 0.276348 0.650902
vt 0.287220 0.655993
vt 0.189040 0.728298
vt 0.275960 0.647285
vt 0.283304 0.649313
vt 0.261355 0.624347
vt 0.268568 0.589675
vt 0.264902 0.613527
vt 0.190507 0.735799
vt 0.167476 0.711845
vt 0.132879 0.715828
vt 0.156539 0.714359
vt 0.135657 0.701681
vt 0.126181 0.726434
vt 0.121042 0.725495
vt 0.120648 0.711995
vt 0.110512 0.716543
vt 0.110530 0.702084
vt 0.108741 0.680504
vt 0.112560 0.669350
vt 0.104102 0.670237
vt 0.097174 0.683498
vt 0.094668 0.697269
vt 0.092255 0.706885
vt 0.109449 0.656117
vt 0.114712 0.640384
vt 0.133770 0.684746
vt 0.163743 0.672939
vt 0.169317 0.675458
vt 0.143464 0.716342
vt 0.108784 0.727174
vt 0.116974 0.626145
vt 0.113347 0.624498
vt 0.113584 0.608977
vt 0.088829 0.699179
vt 0.117913 0.608497
vt 0.109075 0.588716
vt 0.110045 0.638893
vt 0.260121 0.718100
vt 0.212271 0.747760
vt 0.231734 0.734442
vt 0.245007 0.730036
vt 0.168687 0.715561
vt 0.293585 0.671997
vt 0.278889 0.690498
vt 0.273525 0.703460
vt 0.189544 0.763808
vt 0.175371 0.719913
vt 0.201616 0.754949
vt 0.258772 0.738366
vt 0.243516 0.749703
vt 0.181594 0.726883
vt 0.280787 0.717853
vt 0.183295 0.743028
vt 0.183769 0.745475
vt 0.184530 0.755133
vt 0.293192 0.703427
vt 0.270114 0.728900
vt 0.301531 0.661860
vt 0.264961 0.625899
vt 0.311246 0.650419
vt 0.302980 0.644757
vt 0.268705 0.632960
vt 0.293426 0.643287
vt 0.291027 0.642638
vt 0.275122 0.639736
vt 0.103771 0.655680
vt 0.097504 0.670309
vt 0.222698 0.762490
vt 0.307463 0.683539
vt 0.183783 0.761918
vt 0.173116 0.767594
vt 0.179562 0.752689
vt 0.155992 0.757632
vt 0.179253 0.750922
vt 0.155143 0.755576
vt 0.140399 0.759699
vt 0.139668 0.758608
vt 0.129995 0.761672
vt 0.129966 0.759555
vt 0.128332 0.761161
vt 0.128035 0.758561
vt 0.130418 0.774294
vt 0.156619 0.772405
vt 0.142273 0.775702
vt 0.207656 0.770096
vt 0.189885 0.777743
vt 0.316158 0.669043
vt 0.174789 0.782847
vt 0.309786 0.644503
vt 0.316239 0.634202
vt 0.300877 0.639582
vt 0.307552 0.616243
vt 0.299135 0.639141
vt 0.305562 0.615240
vt 0.310765 0.600688
vt 0.322274 0.617969
vt 0.325110 0.651801
vt 0.326646 0.603772
vt 0.313559 0.590381
vt 0.326137 0.591724
vt 0.312885 0.588716
vt 0.311498 0.591005
vt 0.157628 0.788411
vt 0.331341 0.637024
vt 0.338194 0.620186
vt 0.135552 0.794163
vt 0.345617 0.598402
vt 0.784667 0.867523
vt 0.802580 0.867300
vt 0.789330 0.849416
vt 0.800658 0.849639
vt 0.812099 0.866894
vt 0.811596 0.849909
vt 0.823311 0.864282
vt 0.828937 0.850386
vt 0.753740 0.860743
vt 0.752909 0.849416
vt 0.757009 0.873580
vt 0.761062 0.874319
vt 0.784163 0.872205
vt 0.852780 0.564542
vt 0.870830 0.569219
vt 0.853002 0.582510
vt 0.870608 0.580582
vt 0.853407 0.592059
vt 0.870339 0.591554
vt 0.856011 0.603305
vt 0.869863 0.608949
vt 0.859538 0.533518
vt 0.870830 0.532685
vt 0.846741 0.536797
vt 0.846005 0.540863
vt 0.848112 0.564036
vt 0.064356 0.139632
vt 0.065575 0.140735
vt 0.066028 0.138371
vt 0.055502 0.212613
vt 0.059424 0.210061
vt 0.057143 0.210769
vt 0.057876 0.213653
vt 0.058579 0.215953
vt 0.060891 0.215828
vt 0.065893 0.200939
vt 0.046647 0.187953
vt 0.048928 0.187244
vt 0.045384 0.175159
vt 0.047727 0.175616
vt 0.046402 0.161656
vt 0.048714 0.161530
vt 0.048762 0.151588
vt 0.051684 0.152014
vt 0.053435 0.141394
vt 0.056966 0.142372
vt 0.054498 0.139583
vt 0.059732 0.139883
vt 0.062972 0.200511
vt 0.070411 0.187829
vt 0.072754 0.188288
vt 0.077974 0.177478
vt 0.080348 0.178520
vt 0.086756 0.168231
vt 0.088583 0.169887
vt 0.095631 0.160732
vt 0.097459 0.162389
vt 0.105147 0.154369
vt 0.106974 0.156025
vt 0.115849 0.148525
vt 0.117130 0.150795
vt 0.127317 0.146149
vt 0.126037 0.143878
vt 0.136317 0.140981
vt 0.137020 0.143283
vt 0.146660 0.139249
vt 0.146785 0.141583
vt 0.156456 0.138132
vt 0.156034 0.141080
vt 0.165768 0.138796
vt 0.165314 0.141161
vt 0.174501 0.139490
vt 0.174079 0.142438
vt 0.183297 0.141351
vt 0.182265 0.143748
vt 0.190358 0.143306
vt 0.189326 0.145702
vt 0.195748 0.146521
vt 0.194107 0.148366
vt 0.198216 0.149310
vt 0.195325 0.149469
vt 0.195512 0.152967
vt 0.194810 0.150666
vt 0.139138 0.182926
vt 0.148388 0.182423
vt 0.139592 0.180563
vt 0.147934 0.184786
vt 0.157246 0.185450
vt 0.156214 0.187845
vt 0.165619 0.190257
vt 0.164556 0.192069
vt 0.167415 0.191329
vt 0.166352 0.193140
vt 0.130467 0.183397
vt 0.130343 0.181065
vt 0.120609 0.183348
vt 0.118968 0.185192
vt 0.119937 0.181631
vt 0.117594 0.181173
vt 0.122970 0.173281
vt 0.124766 0.174352
vt 0.127892 0.167751
vt 0.129720 0.169406
vt 0.132939 0.164553
vt 0.134220 0.166822
vt 0.144829 0.159230
vt 0.145532 0.161530
vt 0.156782 0.155072
vt 0.157484 0.157372
vt 0.169374 0.152049
vt 0.169499 0.154381
vt 0.180905 0.150838
vt 0.181029 0.153170
vt 0.192497 0.150792
vt 0.192075 0.153738
vt 0.059638 0.138132
vt 0.281174 0.558436
vt 0.287613 0.569721
vt 0.285319 0.570426
vt 0.290626 0.582353
vt 0.288302 0.582478
vt 0.291834 0.593919
vt 0.289509 0.594044
vt 0.291879 0.605548
vt 0.288942 0.605124
vt 0.292004 0.607867
vt 0.289711 0.608572
vt 0.293198 0.608385
vt 0.261592 0.530411
vt 0.269460 0.535804
vt 0.261136 0.532762
vt 0.257587 0.531790
vt 0.259424 0.533436
vt 0.259375 0.543325
vt 0.261700 0.543200
vt 0.262201 0.552478
vt 0.259845 0.552023
vt 0.260346 0.561301
vt 0.257990 0.560846
vt 0.257329 0.570186
vt 0.254941 0.569151
vt 0.252537 0.578586
vt 0.250731 0.577520
vt 0.251468 0.580388
vt 0.249662 0.579322
vt 0.268392 0.537606
vt 0.274973 0.540741
vt 0.273323 0.542575
vt 0.278161 0.545804
vt 0.275899 0.547089
vt 0.283468 0.557731
vt 0.293356 0.611284
vt 0.294298 0.607162
vt 0.296137 0.608808
vt 0.296953 0.602367
vt 0.299342 0.603402
vt 0.298902 0.595284
vt 0.301291 0.596319
vt 0.300207 0.587072
vt 0.303146 0.587496
vt 0.301481 0.578280
vt 0.303838 0.578735
vt 0.301561 0.568971
vt 0.304500 0.569395
vt 0.301060 0.559693
vt 0.303386 0.559568
vt 0.299365 0.549898
vt 0.301660 0.549193
vt 0.296508 0.540165
vt 0.298771 0.538880
vt 0.291876 0.529946
vt 0.294140 0.528661
vt 0.286663 0.519759
vt 0.288314 0.517925
vt 0.280318 0.510213
vt 0.281970 0.508380
vt 0.272843 0.501310
vt 0.274494 0.499477
vt 0.264237 0.493050
vt 0.265276 0.490668
vt 0.254500 0.485432
vt 0.254957 0.483081
vt 0.241888 0.478550
vt 0.242314 0.475619
vt 0.232794 0.472060
vt 0.227045 0.473532
vt 0.254834 0.459244
vt 0.232088 0.469772
vt 0.230250 0.468126
vt 0.255540 0.461532
vt 0.267588 0.457977
vt 0.267133 0.460327
vt 0.281049 0.458997
vt 0.281175 0.461317
vt 0.291086 0.461365
vt 0.290661 0.464296
vt 0.301248 0.466053
vt 0.300273 0.469595
vt 0.303054 0.467119
vt 0.302754 0.472369
vt 0.301905 0.478230
vt 0.303005 0.477008
vt 0.304261 0.478685
vt 0.229214 0.470508
vt 0.226920 0.471213
vt 0.304500 0.472275
vt 0.971754 0.629371
vt 0.948817 0.628892
vt 0.950753 0.615713
vt 0.971916 0.615007
vt 0.971940 0.641301
vt 0.947249 0.642025
vt 0.944097 0.615172
vt 0.949359 0.604321
vt 0.940801 0.628379
vt 0.954256 0.605468
vt 0.972392 0.605386
vt 0.953386 0.597667
vt 0.961475 0.595780
vt 0.973235 0.595720
vt 0.939830 0.642703
vt 0.973235 0.665646
vt 0.950332 0.669346
vt 0.942454 0.674793
vt 0.938180 0.617666
vt 0.934445 0.638030
vt 0.935603 0.684436
vt 0.943929 0.605630
vt 0.233534 0.315077
vt 0.256470 0.314598
vt 0.235470 0.328256
vt 0.256633 0.328962
vt 0.256656 0.302668
vt 0.231966 0.301944
vt 0.228814 0.328797
vt 0.234076 0.339648
vt 0.225518 0.315590
vt 0.238973 0.338501
vt 0.257109 0.338583
vt 0.238103 0.346302
vt 0.246192 0.348189
vt 0.257952 0.348249
vt 0.224547 0.301265
vt 0.257952 0.278323
vt 0.235048 0.274623
vt 0.227171 0.269176
vt 0.222897 0.326303
vt 0.219162 0.305938
vt 0.220319 0.259533
vt 0.228646 0.338339
vt 0.627408 0.651832
vt 0.600041 0.618675
vt 0.627982 0.640947
vt 0.632885 0.668882
vt 0.630111 0.685312
vt 0.590044 0.649830
vt 0.579907 0.596203
vt 0.648342 0.691188
vt 0.646320 0.699190
vt 0.677250 0.691191
vt 0.638320 0.640102
vt 0.674628 0.647440
vt 0.674013 0.705250
vt 0.669455 0.718979
vt 0.680201 0.674721
vt 0.676878 0.648549
vt 0.639688 0.635767
vt 0.628540 0.641052
vt 0.677505 0.707998
vt 0.638649 0.627587
vt 0.636044 0.622104
vt 0.649543 0.606666
vt 0.658023 0.619312
vt 0.667958 0.608533
vt 0.668273 0.589553
vt 0.675210 0.595796
vt 0.659440 0.587394
vt 0.660550 0.563491
vt 0.677304 0.584311
vt 0.675930 0.572767
vt 0.671834 0.554523
vt 0.671517 0.545073
vt 0.646560 0.605640
vt 0.656688 0.544959
vt 0.652157 0.553583
vt 0.647304 0.544287
vt 0.651626 0.536381
vt 0.638524 0.535982
vt 0.644840 0.528662
vt 0.648716 0.553358
vt 0.643666 0.545405
vt 0.636628 0.538853
vt 0.652378 0.563984
vt 0.656650 0.567966
vt 0.655228 0.576322
vt 0.655772 0.587786
vt 0.653523 0.588792
vt 0.644694 0.604759
vt 0.632487 0.535105
vt 0.631044 0.519312
vt 0.625124 0.551448
vt 0.676828 0.532006
vt 0.669212 0.526933
vt 0.670716 0.525381
vt 0.681536 0.527948
vt 0.663424 0.517560
vt 0.660240 0.519140
vt 0.672050 0.721012
vt 0.640342 0.500473
vt 0.652551 0.506392
vt 0.647270 0.496439
vt 0.640283 0.495513
vt 0.636349 0.490662
vt 0.681536 0.691582
vt 0.636167 0.541120
vt 0.634016 0.540341
vt 0.633496 0.538580
vt 0.155768 0.995942
vt 0.140369 0.984327
vt 0.140694 0.996750
vt 0.154676 0.983719
vt 0.124422 0.985209
vt 0.123863 0.997212
vt 0.112854 0.985468
vt 0.113106 0.997415
vt 0.105823 0.985748
vt 0.105331 0.998435
vt 0.169584 0.983830
vt 0.171080 0.995869
vt 0.182722 0.993527
vt 0.181342 0.982023
vt 0.087334 0.985516
vt 0.087434 0.997541
vt 0.061323 0.982550
vt 0.061286 0.993407
vt 0.054791 0.990575
vt 0.183018 0.996092
vt 0.155601 0.999419
vt 0.182831 0.998316
vt 0.057110 0.980934
vt 0.168891 0.999611
vt 0.192645 0.980934
vt 0.194192 0.993054
vt 0.046936 0.993878
vt 0.209077 0.988925
vt 0.864531 0.356110
vt 0.852479 0.344436
vt 0.854177 0.342791
vt 0.836123 0.324708
vt 0.838098 0.323536
vt 0.836508 0.320880
vt 0.863896 0.358524
vt 0.870516 0.357425
vt 0.870647 0.360045
vt 0.881806 0.362513
vt 0.882465 0.360106
vt 0.897123 0.366593
vt 0.898072 0.364671
vt 0.910428 0.371827
vt 0.911178 0.370782
vt 0.924007 0.379111
vt 0.922723 0.380532
vt 0.834368 0.320672
vt 0.836605 0.316584
vt 0.838749 0.316779
vt 0.840558 0.312030
vt 0.931282 0.388266
vt 0.842646 0.313166
vt 0.849931 0.307381
vt 0.849463 0.305525
vt 0.867648 0.297294
vt 0.870505 0.298545
vt 0.886886 0.290381
vt 0.890498 0.291819
vt 0.901347 0.286775
vt 0.932864 0.387344
vt 0.935997 0.399611
vt 0.902315 0.289246
vt 0.912972 0.285214
vt 0.915107 0.287259
vt 0.928607 0.286168
vt 0.930990 0.288494
vt 0.933119 0.285455
vt 0.935997 0.287133
vt 0.379089 0.477073
vt 0.368443 0.467642
vt 0.362283 0.475537
vt 0.373484 0.484967
vt 0.353845 0.466792
vt 0.361564 0.459125
vt 0.347133 0.457919
vt 0.355399 0.449391
vt 0.340684 0.446228
vt 0.344298 0.428296
vt 0.330129 0.424624
vt 0.323177 0.403512
vt 0.335417 0.401807
vt 0.365039 0.449466
vt 0.373151 0.462379
vt 0.352098 0.420496
vt 0.345372 0.402835
vt 0.318971 0.391681
vt 0.330427 0.383097
vt 0.344807 0.382194
vt 0.392291 0.476173
vt 0.393153 0.483645
vt 0.340952 0.371316
vt 0.430765 0.490245
vt 0.431130 0.495736
vt 0.315680 0.379980
vt 0.325510 0.370251
vt 0.339133 0.364407
vt 0.313809 0.374277
vt 0.412797 0.422343
vt 0.368521 0.395127
vt 0.356087 0.421393
vt 0.360890 0.425698
vt 0.372170 0.454299
vt 0.405477 0.455285
vt 0.377077 0.458377
vt 0.361762 0.423704
vt 0.398986 0.400802
vt 0.398074 0.390220
vt 0.408606 0.456486
vt 0.435886 0.471005
vt 0.421682 0.475604
vt 0.448584 0.492584
vt 0.449762 0.500020
vt 0.375887 0.461687
vt 0.460433 0.502026
vt 0.365675 0.367424
vt 0.399455 0.388087
vt 0.414931 0.394696
vt 0.413848 0.398111
vt 0.415839 0.413771
vt 0.429115 0.400816
vt 0.430280 0.397538
vt 0.421561 0.405243
vt 0.462431 0.499846
vt 0.448093 0.485561
vt 0.464793 0.502335
vt 0.420784 0.407214
vt 0.453802 0.396753
vt 0.445973 0.386702
vt 0.461488 0.380406
vt 0.425579 0.443093
vt 0.430172 0.388323
vt 0.364296 0.387187
vt 0.408253 0.379321
vt 0.387689 0.365757
vt 0.366934 0.363189
vt 0.381287 0.361479
vt 0.472028 0.395125
vt 0.481271 0.375773
vt 0.481060 0.366270
vt 0.479022 0.393839
vt 0.478168 0.399473
vt 0.468660 0.400032
vt 0.479126 0.403603
vt 0.483413 0.366067
vt 0.475253 0.362379
vt 0.454210 0.403982
vt 0.470793 0.402934
vt 0.427384 0.406498
vt 0.475647 0.406061
vt 0.486130 0.413022
vt 0.502590 0.416150
vt 0.501694 0.420942
vt 0.517843 0.424069
vt 0.476370 0.361479
vt 0.813501 0.390879
vt 0.802020 0.378845
vt 0.811780 0.376797
vt 0.804229 0.393073
vt 0.801009 0.367030
vt 0.811760 0.365806
vt 0.801027 0.356167
vt 0.812708 0.354290
vt 0.802627 0.343115
vt 0.815859 0.330707
vt 0.806470 0.319590
vt 0.812966 0.298552
vt 0.823862 0.304220
vt 0.820576 0.360189
vt 0.818978 0.375778
vt 0.826678 0.328866
vt 0.831335 0.310766
vt 0.816371 0.286607
vt 0.830567 0.286294
vt 0.842715 0.293834
vt 0.823793 0.399398
vt 0.819076 0.405392
vt 0.821581 0.377087
vt 0.845838 0.282870
vt 0.820437 0.275305
vt 0.833966 0.273138
vt 0.848332 0.276269
vt 0.822204 0.269650
vt 0.841086 0.437637
vt 0.837252 0.441744
vt 0.846815 0.458755
vt 0.823372 0.368722
vt 0.824842 0.375272
vt 0.848332 0.397821
vt 0.534807 0.294952
vt 0.518018 0.294308
vt 0.517536 0.282445
vt 0.533870 0.283515
vt 0.517099 0.272111
vt 0.532759 0.272091
vt 0.509324 0.281964
vt 0.509237 0.270514
vt 0.509190 0.294202
vt 0.535565 0.306547
vt 0.518286 0.306603
vt 0.508925 0.306610
vt 0.509201 0.260475
vt 0.516980 0.261021
vt 0.531578 0.260881
vt 0.536128 0.318439
vt 0.518926 0.319127
vt 0.509011 0.319601
vt 0.503542 0.269438
vt 0.502204 0.293759
vt 0.501938 0.306413
vt 0.502916 0.281285
vt 0.536462 0.330761
vt 0.503824 0.258755
vt 0.519202 0.332952
vt 0.509268 0.333418
vt 0.501979 0.320042
vt 0.517370 0.347614
vt 0.536446 0.345067
vt 0.502241 0.334013
vt 0.508284 0.353253
vt 0.515840 0.361070
vt 0.508428 0.368695
vt 0.517477 0.365849
vt 0.509060 0.372003
vt 0.536063 0.360671
vt 0.502099 0.358654
vt 0.502901 0.372985
vt 0.499440 0.282636
vt 0.499944 0.265621
vt 0.503577 0.378599
vt 0.498145 0.313699
vt 0.497932 0.332535
vt 0.496897 0.361698
vt 0.520504 0.367487
vt 0.536462 0.362915
vt 0.008530 0.785183
vt 0.026457 0.773133
vt 0.025651 0.784982
vt 0.009787 0.773772
vt 0.027175 0.762811
vt 0.011222 0.762378
vt 0.034836 0.772869
vt 0.035227 0.761421
vt 0.034648 0.785109
vt 0.007451 0.796758
vt 0.025052 0.797269
vt 0.034589 0.797523
vt 0.035530 0.751384
vt 0.027591 0.751724
vt 0.012721 0.751200
vt 0.006562 0.808635
vt 0.024068 0.809776
vt 0.034157 0.810511
vt 0.041058 0.760496
vt 0.041777 0.784850
vt 0.041712 0.797511
vt 0.041382 0.772358
vt 0.005894 0.820947
vt 0.041054 0.749805
vt 0.023421 0.823593
vt 0.033530 0.824322
vt 0.041310 0.811138
vt 0.024899 0.838302
vt 0.005532 0.835253
vt 0.040673 0.825101
vt 0.034006 0.844181
vt 0.026101 0.851798
vt 0.033450 0.859619
vt 0.024307 0.856534
vt 0.032719 0.862910
vt 0.005509 0.850866
vt 0.040165 0.849745
vt 0.038968 0.864054
vt 0.044887 0.773801
vt 0.044825 0.756774
vt 0.038131 0.869650
vt 0.045384 0.804896
vt 0.045102 0.823737
vt 0.045384 0.852926
vt 0.021179 0.858092
vt 0.005043 0.853100
vt 0.495421 0.568362
vt 0.481908 0.563556
vt 0.495907 0.571118
vt 0.511881 0.573397
vt 0.510672 0.569710
vt 0.527535 0.572453
vt 0.525849 0.568261
vt 0.540389 0.569612
vt 0.535716 0.583780
vt 0.521184 0.587456
vt 0.506891 0.588716
vt 0.475403 0.583614
vt 0.476108 0.571553
vt 0.448314 0.564356
vt 0.479194 0.564863
vt 0.459930 0.559662
vt 0.548456 0.578865
vt 0.443733 0.572288
vt 0.437803 0.559226
vt 0.430722 0.564165
vt 0.419751 0.549662
vt 0.423049 0.559453
vt 0.552114 0.563044
vt 0.562958 0.566718
vt 0.415828 0.550206
vt 0.567574 0.550270
vt 0.572736 0.553590
vt 0.580683 0.555540
vt 0.460189 0.584392
vt 0.443384 0.577342
vt 0.432002 0.570336
vt 0.422490 0.564925
vt 0.413111 0.557528
vt 0.501744 0.526615
vt 0.486502 0.527499
vt 0.488372 0.529876
vt 0.499880 0.523346
vt 0.515428 0.526479
vt 0.514917 0.523346
vt 0.533619 0.533860
vt 0.550433 0.544773
vt 0.472459 0.553776
vt 0.473317 0.559091
vt 0.480476 0.558589
vt 0.480027 0.553196
vt 0.491010 0.557052
vt 0.489553 0.550805
vt 0.493847 0.563728
vt 0.506423 0.561554
vt 0.503298 0.555210
vt 0.501568 0.548352
vt 0.464898 0.558117
vt 0.479894 0.547732
vt 0.462650 0.554013
vt 0.489184 0.544171
vt 0.501435 0.541919
vt 0.515277 0.547119
vt 0.517207 0.553432
vt 0.515871 0.541133
vt 0.475712 0.531939
vt 0.478608 0.534042
vt 0.467544 0.538006
vt 0.470906 0.539410
vt 0.459360 0.549458
vt 0.463119 0.550160
vt 0.458484 0.555242
vt 0.462030 0.560092
vt 0.472112 0.547120
vt 0.480260 0.541507
vt 0.489323 0.537886
vt 0.501727 0.535078
vt 0.514993 0.534770
vt 0.549387 0.547384
vt 0.553717 0.549745
vt 0.559387 0.549989
vt 0.532357 0.539355
vt 0.551861 0.540672
vt 0.531848 0.543952
vt 0.545482 0.550146
vt 0.540856 0.557834
vt 0.532998 0.553730
vt 0.531209 0.561213
vt 0.519486 0.559080
vt 0.520695 0.564615
vt 0.539008 0.564154
vt 0.531012 0.548647
vt 0.480605 0.335798
vt 0.430065 0.336135
vt 0.429334 0.340739
vt 0.479958 0.340416
vt 0.424986 0.335798
vt 0.424748 0.340396
vt 0.427820 0.342023
vt 0.114430 0.008171
vt 0.165701 0.013113
vt 0.164970 0.008509
vt 0.115077 0.012790
vt 0.170049 0.008171
vt 0.170287 0.012769
vt 0.167215 0.014397
vt 0.139431 0.107017
vt 0.102310 0.121905
vt 0.102831 0.123933
vt 0.087980 0.128456
vt 0.087464 0.126426
vt 0.075435 0.130350
vt 0.074925 0.128321
vt 0.064821 0.130059
vt 0.064702 0.127599
vt 0.055756 0.128028
vt 0.056069 0.125959
vt 0.048287 0.125078
vt 0.049417 0.122973
vt 0.042378 0.120402
vt 0.043937 0.118691
vt 0.035985 0.113679
vt 0.037971 0.112364
vt 0.030805 0.106485
vt 0.032793 0.105172
vt 0.025600 0.098462
vt 0.028012 0.097546
vt 0.020633 0.085902
vt 0.022231 0.085018
vt 0.140804 0.109057
vt 0.147546 0.103446
vt 0.148921 0.105486
vt 0.156913 0.097023
vt 0.158289 0.099063
vt 0.166422 0.088675
vt 0.167798 0.090715
vt 0.173390 0.084060
vt 0.019007 0.084060
vt 0.020279 0.082879
vt 0.633228 0.992050
vt 0.647900 0.993141
vt 0.648009 0.979704
vt 0.633541 0.979822
vt 0.664343 0.980168
vt 0.664294 0.993070
vt 0.676684 0.980148
vt 0.676212 0.993586
vt 0.681920 0.994155
vt 0.682868 0.980122
vt 0.618420 0.979116
vt 0.616778 0.992363
vt 0.632952 0.996310
vt 0.605981 0.977821
vt 0.603389 0.989973
vt 0.698581 0.994213
vt 0.603181 0.993005
vt 0.699924 0.980827
vt 0.725365 0.990430
vt 0.725225 0.978589
vt 0.729394 0.986826
vt 0.728258 0.977821
vt 0.731187 0.990945
vt 0.616959 0.997276
vt 0.603565 0.996337
vt 0.832798 0.058574
vt 0.820478 0.058590
vt 0.832886 0.071476
vt 0.820989 0.072028
vt 0.815293 0.072615
vt 0.814304 0.058584
vt 0.849206 0.071462
vt 0.849101 0.058060
vt 0.863814 0.070464
vt 0.863549 0.058225
vt 0.878670 0.057575
vt 0.880268 0.070856
vt 0.864060 0.074740
vt 0.890577 0.056420
vt 0.893143 0.068604
vt 0.798659 0.072723
vt 0.893328 0.071642
vt 0.797279 0.059341
vt 0.771909 0.069021
vt 0.772013 0.057179
vt 0.767875 0.065430
vt 0.768983 0.056420
vt 0.766098 0.069554
vt 0.880042 0.075783
vt 0.892895 0.074974
vt 0.848083 0.075875
vt 0.085948 0.969943
vt 0.107067 0.979435
vt 0.109682 0.969926
vt 0.086085 0.978421
vt 0.129426 0.979098
vt 0.131913 0.968986
vt 0.074166 0.976618
vt 0.064899 0.967488
vt 0.061318 0.975159
vt 0.138673 0.977711
vt 0.141128 0.968053
vt 0.045943 0.971021
vt 0.040213 0.968092
vt 0.040910 0.972177
vt 0.038402 0.970399
vt 0.143953 0.977003
vt 0.146263 0.967746
vt 0.148565 0.976220
vt 0.109527 0.966148
vt 0.085349 0.966148
vt 0.147093 0.967180
vt 0.088915 0.981110
vt 0.109241 0.981712
vt 0.074310 0.979320
vt 0.129027 0.981010
vt 0.062916 0.977678
vt 0.047972 0.973700
vt 0.043605 0.973946
vt 0.139802 0.979850
vt 0.168506 0.206241
vt 0.144787 0.206187
vt 0.147399 0.215953
vt 0.168410 0.214932
vt 0.125052 0.215606
vt 0.122538 0.205242
vt 0.180314 0.212947
vt 0.189505 0.203502
vt 0.193121 0.211363
vt 0.115827 0.214230
vt 0.113296 0.204346
vt 0.208466 0.207117
vt 0.214249 0.204208
vt 0.213471 0.208476
vt 0.216059 0.206657
vt 0.110534 0.213598
vt 0.108134 0.204078
vt 0.105896 0.212833
vt 0.107295 0.203502
vt 0.250387 0.065725
vt 0.257475 0.069779
vt 0.260575 0.046625
vt 0.274004 0.063856
vt 0.275185 0.046337
vt 0.288200 0.063730
vt 0.287941 0.046304
vt 0.287590 0.074466
vt 0.271133 0.076600
vt 0.250492 0.046304
vt 0.301331 0.074114
vt 0.301069 0.064046
vt 0.300640 0.046522
vt 0.247214 0.079353
vt 0.313315 0.063927
vt 0.312238 0.046904
vt 0.314066 0.074115
vt 0.286464 0.083095
vt 0.243386 0.075698
vt 0.301818 0.082097
vt 0.326258 0.073745
vt 0.325231 0.064038
vt 0.323684 0.047439
vt 0.315152 0.081299
vt 0.327747 0.080244
vt 0.338652 0.073262
vt 0.271783 0.083588
vt 0.339405 0.079910
vt 0.237005 0.084461
vt 0.245361 0.087469
vt 0.246168 0.069194
vt 0.248164 0.046304
vt 0.310247 0.086830
vt 0.330234 0.085414
vt 0.271841 0.089105
vt 0.347241 0.084844
vt 0.350272 0.080056
vt 0.240402 0.076447
vt 0.595636 0.093274
vt 0.596375 0.102703
vt 0.614462 0.096823
vt 0.579661 0.104803
vt 0.591382 0.110578
vt 0.631582 0.087524
vt 0.635143 0.094827
vt 0.562501 0.100218
vt 0.562877 0.093973
vt 0.603386 0.111435
vt 0.609883 0.107934
vt 0.610358 0.116378
vt 0.618762 0.103785
vt 0.635390 0.102174
vt 0.654487 0.088060
vt 0.553618 0.099032
vt 0.554374 0.105282
vt 0.596187 0.115930
vt 0.603618 0.122954
vt 0.599838 0.127120
vt 0.596143 0.086925
vt 0.653265 0.095050
vt 0.667061 0.097214
vt 0.674419 0.094414
vt 0.677895 0.103244
vt 0.606409 0.134344
vt 0.690309 0.105198
vt 0.687044 0.110193
vt 0.700619 0.120036
vt 0.697845 0.110293
vt 0.603857 0.141733
vt 0.553894 0.090471
vt 0.611021 0.146347
vt 0.608359 0.150976
vt 0.598391 0.138690
vt 0.594137 0.123581
vt 0.589976 0.116812
vt 0.702357 0.125549
vt 0.563008 0.086770
vt 0.681740 0.094967
vt 0.581802 0.111729
vt 0.602330 0.147034
vt 0.613658 0.156809
vt 0.702483 0.119287
vt 0.667803 0.086770
vt 0.610539 0.126228
vt 0.618544 0.113424
vt 0.551119 0.100973
vt 0.616152 0.120351
vt 0.564049 0.106805
vt 0.556277 0.110068
vt 0.610626 0.134437
vt 0.551735 0.090270
vt 0.552489 0.109163
vt 0.549651 0.101799
vt 0.559542 0.113979
vt 0.567908 0.115466
vt 0.557133 0.115603
vt 0.567452 0.123142
vt 0.277703 0.103049
vt 0.260583 0.093750
vt 0.257021 0.101052
vt 0.296529 0.099499
vt 0.295790 0.108929
vt 0.312503 0.111028
vt 0.300783 0.116804
vt 0.329664 0.106444
vt 0.329287 0.100199
vt 0.288779 0.117661
vt 0.282282 0.114160
vt 0.281807 0.122604
vt 0.273402 0.110011
vt 0.256775 0.108400
vt 0.237677 0.094286
vt 0.338546 0.105258
vt 0.337791 0.111508
vt 0.295977 0.122156
vt 0.288547 0.129180
vt 0.292326 0.133346
vt 0.296022 0.093151
vt 0.238899 0.101276
vt 0.217745 0.100640
vt 0.225104 0.103439
vt 0.214270 0.109470
vt 0.285755 0.140570
vt 0.201856 0.111423
vt 0.205121 0.116419
vt 0.191546 0.126262
vt 0.194320 0.116518
vt 0.288307 0.147958
vt 0.338271 0.096697
vt 0.281143 0.152573
vt 0.283805 0.157202
vt 0.293774 0.144916
vt 0.298027 0.129807
vt 0.302189 0.123037
vt 0.189807 0.131775
vt 0.329157 0.092996
vt 0.210424 0.101192
vt 0.310362 0.117955
vt 0.289835 0.153260
vt 0.278507 0.163035
vt 0.189682 0.125512
vt 0.224362 0.092996
vt 0.281625 0.132454
vt 0.273621 0.119650
vt 0.341046 0.107198
vt 0.276012 0.126576
vt 0.328115 0.113031
vt 0.335887 0.116294
vt 0.281538 0.140662
vt 0.340430 0.096495
vt 0.339676 0.115389
vt 0.342514 0.108024
vt 0.332623 0.120205
vt 0.324256 0.121691
vt 0.335032 0.121829
vt 0.324713 0.129368
vt 0.079150 0.917651
vt 0.070314 0.919579
vt 0.062529 0.907641
vt 0.061008 0.928794
vt 0.047937 0.922466
vt 0.090691 0.912551
vt 0.033747 0.915259
vt 0.038350 0.903603
vt 0.099319 0.922593
vt 0.103569 0.915614
vt 0.094159 0.894041
vt 0.090066 0.910703
vt 0.063484 0.890274
vt 0.061412 0.898483
vt 0.062887 0.905585
vt 0.066319 0.881014
vt 0.097810 0.898908
vt 0.094749 0.884639
vt 0.049562 0.884286
vt 0.040868 0.901185
vt 0.070067 0.870435
vt 0.099511 0.886873
vt 0.053934 0.873619
vt 0.048311 0.877293
vt 0.096362 0.874755
vt 0.096081 0.861180
vt 0.059211 0.863181
vt 0.097162 0.911232
vt 0.103569 0.856420
vt 0.102744 0.872555
vt 0.053882 0.862085
vt 0.974619 0.392740
vt 0.981769 0.411016
vt 0.971151 0.401069
vt 0.960047 0.408330
vt 0.963748 0.422384
vt 0.981769 0.382184
vt 0.967965 0.437743
vt 0.980628 0.435616
vt 0.973056 0.371985
vt 0.980865 0.368947
vt 0.980140 0.356809
vt 0.829745 0.016711
vt 0.815197 0.015155
vt 0.816623 0.022020
vt 0.807339 0.017706
vt 0.833972 0.021818
vt 0.852606 0.009104
vt 0.850790 0.005763
vt 0.831155 0.010379
vt 0.804067 0.011787
vt 0.799213 0.013910
vt 0.797195 0.016545
vt 0.854604 0.003961
vt 0.857363 0.007385
vt 0.806059 0.022965
vt 0.790478 0.009956
vt 0.848497 0.002666
vt 0.852464 0.000389
vt 0.816781 0.009846
vt 0.787756 0.012115
vt 0.777822 0.003957
vt 0.831313 0.005106
vt 0.785244 0.004545
vt 0.775406 0.000389
vt 0.774516 0.002132
vt 0.801289 0.006045
vt 0.810502 0.005778
vt 0.820628 0.004159
vt 0.784222 0.001753
vt 0.790403 0.019007
vt 0.773856 0.004161
vt 0.856413 0.012716
vt 0.779620 0.011640
vt 0.798909 0.025673
vt 0.820005 0.027901
vt 0.847561 0.026132
vt 0.833271 0.029183
vt 0.860745 0.010181
vt 0.808749 0.028806
vt 0.785363 0.020306
vt 0.073333 0.699253
vt 0.068041 0.686091
vt 0.074884 0.684661
vt 0.072341 0.676778
vt 0.068242 0.703494
vt 0.080917 0.722186
vt 0.084247 0.720364
vt 0.079645 0.700669
vt 0.078242 0.673496
vt 0.076126 0.668627
vt 0.073499 0.666603
vt 0.086044 0.724190
vt 0.082630 0.726958
vt 0.067098 0.675494
vt 0.080067 0.659865
vt 0.087334 0.718064
vt 0.089604 0.722044
vt 0.080177 0.686250
vt 0.077915 0.657134
vt 0.086047 0.647169
vt 0.084902 0.700827
vt 0.085461 0.654615
vt 0.089604 0.644745
vt 0.087867 0.643853
vt 0.083966 0.670709
vt 0.084232 0.679952
vt 0.085846 0.690109
vt 0.088244 0.653589
vt 0.071044 0.659790
vt 0.085845 0.643191
vt 0.077315 0.726005
vt 0.078388 0.648973
vt 0.064399 0.668322
vt 0.062178 0.689484
vt 0.063942 0.717125
vt 0.060900 0.702791
vt 0.079843 0.730350
vt 0.061276 0.678193
vt 0.069749 0.654734
vt 0.091364 0.428104
vt 0.061822 0.428042
vt 0.077303 0.435409
vt 0.060110 0.431724
vt 0.097271 0.433306
vt 0.046748 0.427626
vt 0.047079 0.429525
vt 0.098873 0.429250
vt 0.102017 0.433538
vt 0.046160 0.428104
vt 0.150416 0.845316
vt 0.143134 0.859421
vt 0.150478 0.874950
vt 0.146807 0.876667
vt 0.145230 0.839391
vt 0.150892 0.890071
vt 0.148999 0.889740
vt 0.149274 0.837784
vt 0.144999 0.834630
vt 0.150416 0.890661
vt 0.709610 0.562321
vt 0.700128 0.542131
vt 0.710964 0.542047
vt 0.699764 0.565234
vt 0.711016 0.522293
vt 0.700283 0.518143
vt 0.708339 0.577143
vt 0.699537 0.581915
vt 0.707419 0.588858
vt 0.699685 0.595527
vt 0.710930 0.511427
vt 0.700858 0.508102
vt 0.704546 0.604343
vt 0.700138 0.608496
vt 0.704543 0.608949
vt 0.710709 0.505570
vt 0.701703 0.502046
vt 0.710964 0.501047
vt 0.702056 0.498444
vt 0.698683 0.539659
vt 0.696276 0.509011
vt 0.341474 0.027939
vt 0.361784 0.029183
vt 0.361572 0.017657
vt 0.338467 0.017548
vt 0.381671 0.028998
vt 0.385524 0.017513
vt 0.326695 0.026732
vt 0.321868 0.017510
vt 0.315063 0.025872
vt 0.308387 0.017827
vt 0.392690 0.028464
vt 0.395410 0.017510
vt 0.299730 0.023016
vt 0.295586 0.018451
vt 0.295190 0.023064
vt 0.398706 0.027819
vt 0.401617 0.017672
vt 0.403389 0.027708
vt 0.405353 0.017750
vt 0.442947 0.005297
vt 0.431451 0.008922
vt 0.443566 0.009374
vt 0.376649 0.005058
vt 0.431528 0.012062
vt 0.446628 0.005058
vt 0.447246 0.009136
vt 0.651932 0.325984
vt 0.652812 0.331020
vt 0.661269 0.327770
vt 0.660362 0.323498
vt 0.642985 0.328337
vt 0.651917 0.336888
vt 0.662638 0.331275
vt 0.673731 0.321885
vt 0.644562 0.333784
vt 0.638167 0.341389
vt 0.636367 0.336001
vt 0.634714 0.329979
vt 0.631377 0.342311
vt 0.629285 0.337001
vt 0.628179 0.330966
vt 0.674753 0.323566
vt 0.676105 0.320952
vt 0.675636 0.317337
vt 0.673313 0.318434
vt 0.622514 0.343537
vt 0.633272 0.315953
vt 0.641934 0.316097
vt 0.650733 0.316122
vt 0.659632 0.316005
vt 0.673292 0.315564
vt 0.626345 0.315762
vt 0.621817 0.337668
vt 0.620829 0.331209
vt 0.619066 0.315564
vt 0.612490 0.337787
vt 0.613303 0.343580
vt 0.052490 0.265284
vt 0.043153 0.267069
vt 0.051610 0.270319
vt 0.044060 0.262797
vt 0.061437 0.267636
vt 0.052505 0.276188
vt 0.041784 0.270575
vt 0.030691 0.261185
vt 0.059860 0.273084
vt 0.066255 0.280689
vt 0.068055 0.275301
vt 0.069708 0.269279
vt 0.073045 0.281610
vt 0.075137 0.276301
vt 0.076243 0.270266
vt 0.029669 0.262866
vt 0.028317 0.260251
vt 0.028786 0.256637
vt 0.031109 0.257734
vt 0.081908 0.282836
vt 0.071150 0.255252
vt 0.062488 0.255396
vt 0.053689 0.255421
vt 0.044790 0.255305
vt 0.031130 0.254864
vt 0.078077 0.255061
vt 0.082605 0.276968
vt 0.083593 0.270508
vt 0.085356 0.254864
vt 0.091932 0.277087
vt 0.091119 0.282879
vt 0.527407 0.880751
vt 0.528436 0.861326
vt 0.531687 0.878552
vt 0.537411 0.898929
vt 0.534949 0.900926
vt 0.524304 0.868207
vt 0.532232 0.903554
vt 0.525146 0.857668
vt 0.527932 0.850121
vt 0.531114 0.850528
vt 0.531895 0.843008
vt 0.535955 0.839063
vt 0.532261 0.862907
vt 0.540341 0.830763
vt 0.534859 0.848145
vt 0.534022 0.832972
vt 0.525428 0.846476
vt 0.540341 0.902957
vt 0.537822 0.905670
vt 0.519144 0.876396
vt 0.520003 0.890970
vt 0.520434 0.863125
vt 0.521532 0.854467
vt 0.527501 0.910355
vt 0.528014 0.840515
vt 0.535426 0.909052
vt 0.513189 0.880743
vt 0.515177 0.869534
vt 0.530347 0.918677
vt 0.516122 0.861996
vt 0.538711 0.829961
vt 0.968835 0.830533
vt 0.973114 0.832732
vt 0.969863 0.849958
vt 0.978839 0.812355
vt 0.976377 0.810358
vt 0.965732 0.843077
vt 0.973659 0.807730
vt 0.966574 0.853617
vt 0.969360 0.861163
vt 0.972542 0.860756
vt 0.973323 0.868276
vt 0.977383 0.872221
vt 0.973688 0.848377
vt 0.981769 0.880521
vt 0.976287 0.863139
vt 0.975449 0.878312
vt 0.966855 0.864808
vt 0.981769 0.808327
vt 0.979249 0.805614
vt 0.960571 0.834888
vt 0.961430 0.820314
vt 0.961861 0.848159
vt 0.962959 0.856817
vt 0.968928 0.800929
vt 0.969442 0.870769
vt 0.976853 0.802233
vt 0.954616 0.830541
vt 0.956605 0.841750
vt 0.971775 0.792607
vt 0.957549 0.849288
vt 0.980139 0.881323
vt 0.303507 0.416879
vt 0.290659 0.418008
vt 0.308379 0.431069
vt 0.289800 0.429551
vt 0.290793 0.404318
vt 0.303010 0.404346
vt 0.277666 0.418888
vt 0.278277 0.403502
vt 0.276609 0.429968
vt 0.267260 0.403502
vt 0.266564 0.419009
vt 0.264872 0.430668
vt 0.253926 0.430339
vt 0.254943 0.419333
vt 0.255576 0.403796
vt 0.244524 0.430103
vt 0.243212 0.419879
vt 0.243501 0.404376
vt 0.291791 0.432469
vt 0.280413 0.434630
vt 0.786290 0.978469
vt 0.781085 0.972986
vt 0.779052 0.984173
vt 0.787184 0.971964
vt 0.803336 0.975390
vt 0.802921 0.970039
vt 0.769925 0.974469
vt 0.768232 0.996240
vt 0.774711 0.996484
vt 0.771325 0.971140
vt 0.760681 0.995747
vt 0.760667 0.973242
vt 0.761102 0.970039
vt 0.778466 0.998055
vt 0.614778 0.806923
vt 0.623953 0.797473
vt 0.627102 0.803171
vt 0.613171 0.800732
vt 0.616143 0.787972
vt 0.610357 0.789392
vt 0.610163 0.786128
vt 0.631514 0.801308
vt 0.613602 0.784825
vt 0.616818 0.814340
vt 0.630681 0.809984
vt 0.618929 0.821563
vt 0.637454 0.806892
vt 0.635507 0.816570
vt 0.641553 0.813123
vt 0.628083 0.795627
vt 0.646622 0.819908
vt 0.637480 0.801872
vt 0.644021 0.809583
vt 0.639421 0.823067
vt 0.621507 0.829590
vt 0.651109 0.828295
vt 0.642844 0.831580
vt 0.624456 0.838226
vt 0.657526 0.825593
vt 0.650658 0.816824
vt 0.654759 0.838801
vt 0.646821 0.840994
vt 0.662523 0.835589
vt 0.627762 0.847409
vt 0.664524 0.847271
vt 0.659993 0.849234
vt 0.632527 0.860085
vt 0.651873 0.852578
vt 0.661107 0.871148
vt 0.640171 0.879487
vt 0.671610 0.866930
vt 0.648204 0.899469
vt 0.671432 0.890161
vt 0.652706 0.910782
vt 0.676103 0.901579
vt 0.656092 0.919477
vt 0.679598 0.910553
vt 0.683994 0.922040
vt 0.660506 0.930941
vt 0.687694 0.933809
vt 0.664258 0.940898
vt 0.692115 0.944129
vt 0.669157 0.954005
vt 0.683176 0.956805
vt 0.700344 0.951392
vt 0.710358 0.962694
vt 0.681506 0.886086
vt 0.689456 0.905167
vt 0.686022 0.896657
vt 0.693032 0.915814
vt 0.695897 0.927826
vt 0.700720 0.938880
vt 0.670810 0.958621
vt 0.673597 0.852225
vt 0.707316 0.943848
vt 0.712964 0.955337
vt 0.720640 0.959710
vt 0.723043 0.972102
vt 0.714429 0.904033
vt 0.724530 0.916582
vt 0.728468 0.887104
vt 0.669627 0.843508
vt 0.680659 0.869610
vt 0.720110 0.879480
vt 0.707002 0.915584
vt 0.705337 0.900963
vt 0.735159 0.893351
vt 0.725233 0.970739
vt 0.742824 0.980156
vt 0.734567 0.879061
vt 0.730133 0.874537
vt 0.733717 0.921869
vt 0.735820 0.946524
vt 0.735191 0.864344
vt 0.732237 0.862427
vt 0.736537 0.851041
vt 0.739623 0.851258
vt 0.706589 0.886418
vt 0.738974 0.842191
vt 0.733301 0.844413
vt 0.727966 0.853954
vt 0.736076 0.835539
vt 0.741341 0.832126
vt 0.725529 0.866588
vt 0.703187 0.889886
vt 0.737839 0.825114
vt 0.742824 0.823880
vt 0.729662 0.839433
vt 0.239667 0.395620
vt 0.235843 0.383275
vt 0.230174 0.386471
vt 0.233496 0.397274
vt 0.220737 0.394373
vt 0.222192 0.400173
vt 0.218933 0.400389
vt 0.233955 0.378859
vt 0.217611 0.396944
vt 0.247056 0.393523
vt 0.242620 0.379639
vt 0.254251 0.391356
vt 0.239492 0.372862
vt 0.249162 0.374756
vt 0.245685 0.368711
vt 0.228305 0.382338
vt 0.252423 0.363583
vt 0.234481 0.372867
vt 0.242137 0.366256
vt 0.255620 0.370787
vt 0.262244 0.388716
vt 0.260763 0.359029
vt 0.264091 0.367298
vt 0.270840 0.385701
vt 0.258028 0.352610
vt 0.249322 0.359552
vt 0.271219 0.355303
vt 0.273457 0.363250
vt 0.267969 0.347538
vt 0.279979 0.382323
vt 0.279605 0.345461
vt 0.281590 0.349990
vt 0.292591 0.377459
vt 0.284975 0.358108
vt 0.303431 0.348716
vt 0.311891 0.369664
vt 0.299144 0.338229
vt 0.331777 0.361478
vt 0.322343 0.338183
vt 0.343044 0.356924
vt 0.333793 0.333423
vt 0.351705 0.353524
vt 0.342797 0.329940
vt 0.354268 0.325554
vt 0.363132 0.349102
vt 0.366002 0.321856
vt 0.373057 0.345347
vt 0.376291 0.317432
vt 0.386123 0.340445
vt 0.388921 0.326397
vt 0.383535 0.309186
vt 0.394810 0.299154
vt 0.318143 0.328035
vt 0.337492 0.320036
vt 0.328841 0.323314
vt 0.348086 0.316494
vt 0.360046 0.313636
vt 0.371062 0.308805
vt 0.390724 0.338791
vt 0.284486 0.336338
vt 0.376016 0.302194
vt 0.387475 0.296535
vt 0.391841 0.288838
vt 0.404208 0.286436
vt 0.336312 0.295044
vt 0.348831 0.284920
vt 0.319435 0.280959
vt 0.275823 0.340369
vt 0.301748 0.329162
vt 0.311828 0.289337
vt 0.329685 0.316662
vt 0.347829 0.302496
vt 0.333246 0.304161
vt 0.325667 0.274251
vt 0.402849 0.284232
vt 0.412335 0.266537
vt 0.311415 0.274839
vt 0.306902 0.279284
vt 0.354107 0.275710
vt 0.378697 0.273611
vt 0.296739 0.274208
vt 0.294825 0.277169
vt 0.283472 0.272852
vt 0.283691 0.269758
vt 0.318741 0.302899
vt 0.274648 0.270405
vt 0.276861 0.276094
vt 0.286374 0.281448
vt 0.268012 0.273309
vt 0.264610 0.268027
vt 0.298973 0.283898
vt 0.322199 0.306311
vt 0.257616 0.271536
vt 0.256387 0.266537
vt 0.271893 0.279742
vt 0.694597 0.194826
vt 0.744612 0.195720
vt 0.744121 0.191434
vt 0.692397 0.191051
vt 0.747039 0.191051
vt 0.747479 0.195387
vt 0.500127 0.846983
vt 0.503495 0.896607
vt 0.499224 0.897106
vt 0.503879 0.844747
vt 0.503879 0.899554
vt 0.499558 0.900000
vt 0.738942 0.399611
vt 0.728127 0.401651
vt 0.728646 0.405727
vt 0.738945 0.404099
vt 0.700765 0.399876
vt 0.684635 0.403241
vt 0.685508 0.399611
vt 0.660590 0.407515
vt 0.721686 0.408171
vt 0.738804 0.406865
vt 0.975471 0.269986
vt 0.988271 0.258467
vt 0.986688 0.272056
vt 0.973473 0.258424
vt 0.999612 0.275097
vt 0.998144 0.256858
vt 0.973267 0.245246
vt 0.988755 0.245113
vt 0.988146 0.234729
vt 0.973235 0.234862
vt 0.999239 0.244064
vt 0.998595 0.233120
vt 0.999013 0.222030
vt 0.988641 0.222903
vt 0.973730 0.223037
vt 0.999612 0.211882
vt 0.989395 0.211284
vt 0.974519 0.211976
vt 0.974198 0.272015
vt 0.958495 0.803922
vt 0.941993 0.847527
vt 0.944687 0.849040
vt 0.956218 0.802724
vt 0.940145 0.850123
vt 0.942692 0.852529
vt 0.937161 0.852128
vt 0.953986 0.803987
vt 0.939658 0.845333
vt 0.938383 0.847625
vt 0.936046 0.848134
vt 0.925743 0.844241
vt 0.882467 0.802724
vt 0.150355 0.192607
vt 0.097920 0.192607
vt 0.098489 0.196098
vt 0.150892 0.195536
vt 0.094789 0.197502
vt 0.093668 0.193260
vt 0.148775 0.197561
vt 0.100111 0.199273
vt 0.097674 0.200020
vt 0.097080 0.202514
vt 0.100755 0.212062
vt 0.093483 0.201247
vt 0.858880 0.779088
vt 0.866952 0.783672
vt 0.857107 0.788413
vt 0.849046 0.778148
vt 0.840533 0.777943
vt 0.851061 0.792843
vt 0.843596 0.770850
vt 0.853302 0.771137
vt 0.863173 0.771826
vt 0.871238 0.776533
vt 0.875576 0.782319
vt 0.856094 0.762605
vt 0.846618 0.765360
vt 0.849986 0.759210
vt 0.881066 0.774543
vt 0.871661 0.767182
vt 0.888624 0.783179
vt 0.896289 0.777279
vt 0.896151 0.771163
vt 0.902912 0.776233
vt 0.901760 0.770698
vt 0.906311 0.773607
vt 0.904923 0.769093
vt 0.880575 0.764822
vt 0.866245 0.756173
vt 0.909120 0.791881
vt 0.915419 0.789084
vt 0.920038 0.788960
vt 0.921084 0.800541
vt 0.927959 0.801922
vt 0.927405 0.807519
vt 0.915811 0.801789
vt 0.933592 0.815309
vt 0.928313 0.816086
vt 0.935997 0.833074
vt 0.844896 0.798676
vt 0.836315 0.787138
vt 0.922617 0.808349
vt 0.905877 0.795181
vt 0.891930 0.788276
vt 0.880278 0.786111
vt 0.872703 0.784449
vt 0.833937 0.799690
vt 0.838636 0.806540
vt 0.833592 0.811493
vt 0.856177 0.753026
vt 0.877523 0.754769
vt 0.896891 0.763759
vt 0.903557 0.764919
vt 0.865997 0.745088
vt 0.875761 0.739376
vt 0.888991 0.752367
vt 0.883577 0.735234
vt 0.901365 0.754029
vt 0.921409 0.720112
vt 0.928369 0.738528
vt 0.909254 0.756728
vt 0.935997 0.714786
vt 0.930518 0.745153
vt 0.926694 0.816562
vt 0.851923 0.157902
vt 0.861218 0.159680
vt 0.856492 0.149804
vt 0.850985 0.167766
vt 0.850781 0.176306
vt 0.865635 0.165745
vt 0.843710 0.173234
vt 0.843997 0.163497
vt 0.844683 0.153595
vt 0.849375 0.145505
vt 0.855144 0.141154
vt 0.835490 0.160696
vt 0.838237 0.170202
vt 0.832106 0.166823
vt 0.847392 0.135646
vt 0.840054 0.145080
vt 0.856001 0.128066
vt 0.850119 0.120376
vt 0.844023 0.120515
vt 0.849077 0.113732
vt 0.843558 0.114888
vt 0.846458 0.110323
vt 0.841958 0.111715
vt 0.837701 0.136140
vt 0.829079 0.150513
vt 0.864676 0.107505
vt 0.861888 0.101187
vt 0.861764 0.096553
vt 0.873309 0.095504
vt 0.874686 0.088608
vt 0.880265 0.089163
vt 0.874553 0.100793
vt 0.888031 0.082957
vt 0.888805 0.088253
vt 0.905741 0.080545
vt 0.871450 0.171929
vt 0.859948 0.180537
vt 0.881092 0.093967
vt 0.867966 0.110759
vt 0.861082 0.124749
vt 0.858923 0.136438
vt 0.857267 0.144035
vt 0.872461 0.182922
vt 0.879289 0.178209
vt 0.884227 0.183268
vt 0.825941 0.160613
vt 0.827679 0.139201
vt 0.836641 0.119772
vt 0.837797 0.113086
vt 0.818028 0.150763
vt 0.812333 0.140968
vt 0.825284 0.127697
vt 0.808205 0.133128
vt 0.826941 0.115284
vt 0.793129 0.095178
vt 0.811489 0.088196
vt 0.829632 0.107371
vt 0.787820 0.080545
vt 0.818092 0.086041
vt 0.889281 0.089877
vt 0.340583 0.231404
vt 0.332803 0.249974
vt 0.346660 0.245338
vt 0.327773 0.236890
vt 0.334048 0.266672
vt 0.352658 0.256691
vt 0.360418 0.240451
vt 0.353298 0.225138
vt 0.366393 0.251067
vt 0.364723 0.220530
vt 0.371668 0.235729
vt 0.378411 0.246280
vt 0.388419 0.241100
vt 0.383154 0.231250
vt 0.376840 0.216200
vt 0.396609 0.237131
vt 0.394518 0.227518
vt 0.389420 0.212479
vt 0.351914 0.260584
vt 0.364686 0.257569
vt 0.396018 0.242055
vt 0.383966 0.249807
vt 0.405329 0.235124
vt 0.413915 0.237729
vt 0.414961 0.233109
vt 0.422893 0.232743
vt 0.421968 0.230225
vt 0.432476 0.231549
vt 0.430402 0.226704
vt 0.457532 0.227744
vt 0.473526 0.229692
vt 0.467751 0.228112
vt 0.462516 0.224888
vt 0.429271 0.206615
vt 0.419662 0.207794
vt 0.410893 0.208589
vt 0.419616 0.207178
vt 0.486680 0.227298
vt 0.486803 0.206615
vt 0.404047 0.224821
vt 0.500772 0.207339
vt 0.499611 0.229085
vt 0.399919 0.210238
vt 0.491440 0.231508
vt 0.502527 0.231991
vt 0.429757 0.236498
vt 0.453190 0.273753
vt 0.450338 0.284525
vt 0.454653 0.274142
vt 0.454607 0.285293
vt 0.452309 0.289692
vt 0.456152 0.292126
vt 0.457766 0.274727
vt 0.471342 0.257164
vt 0.477432 0.254754
vt 0.474168 0.246628
vt 0.496164 0.237248
vt 0.447543 0.300058
vt 0.446461 0.289425
vt 0.446921 0.286716
vt 0.443368 0.290284
vt 0.441732 0.299339
vt 0.439304 0.305597
vt 0.439249 0.295570
vt 0.439653 0.300387
vt 0.450352 0.320702
vt 0.477128 0.309303
vt 0.431617 0.310018
vt 0.425626 0.322314
vt 0.429261 0.310767
vt 0.470388 0.318905
vt 0.461909 0.324975
vt 0.486980 0.297951
vt 0.453192 0.328794
vt 0.439109 0.328124
vt 0.503103 0.238179
vt 0.438089 0.246219
vt 0.421231 0.249512
vt 0.405980 0.261190
vt 0.994872 0.600305
vt 0.997307 0.656165
vt 0.994182 0.656730
vt 0.997383 0.600603
vt 0.995585 0.598833
vt 0.997383 0.659533
vt 0.998836 0.657758
vt 0.546450 0.006281
vt 0.602151 0.004693
vt 0.546791 0.003502
vt 0.544996 0.005462
vt 0.602659 0.008171
vt 0.605508 0.004676
vt 0.603627 0.003502
vt 0.545482 0.858106
vt 0.545772 0.878988
vt 0.536462 0.869985
vt 0.545772 0.838521
vt 0.942162 0.003976
vt 0.991219 0.005058
vt 0.990677 0.001526
vt 0.940652 0.001167
vt 0.996602 0.001167
vt 0.997285 0.004724
vt 0.394534 0.997727
vt 0.346759 0.995325
vt 0.346206 0.998833
vt 0.396043 0.994942
vt 0.340879 0.994942
vt 0.340186 0.998473
vt 0.612356 0.078210
vt 0.596263 0.083658
vt 0.613103 0.083052
vt 0.595423 0.078210
vt 0.637954 0.078967
vt 0.638867 0.081309
vt 0.035039 0.173695
vt 0.034523 0.145889
vt 0.037894 0.173432
vt 0.038247 0.175158
vt 0.036764 0.177492
vt 0.039953 0.144699
vt 0.035770 0.139855
vt 0.039587 0.137885
vt 0.036676 0.135798
vt 0.039953 0.177920
vt 0.038539 0.181448
vt 0.035841 0.181712
vt 0.989179 0.080260
vt 0.990637 0.068121
vt 0.993908 0.079951
vt 0.994182 0.027043
vt 0.987199 0.067975
vt 0.989287 0.015953
vt 0.994182 0.083658
vt 0.880059 0.522988
vt 0.850060 0.527812
vt 0.880834 0.528794
vt 0.900316 0.522568
vt 0.901086 0.526364
vt 0.849884 0.522568
vt 0.993406 0.374252
vt 0.994463 0.404886
vt 0.999129 0.375011
vt 0.999612 0.354456
vt 0.995874 0.353697
vt 0.999612 0.405058
vt 0.348720 0.049733
vt 0.354003 0.071610
vt 0.352371 0.049461
vt 0.350256 0.070721
vt 0.358142 0.049029
vt 0.362780 0.069600
vt 0.360424 0.072385
vt 0.424438 0.068361
vt 0.423231 0.046708
vt 0.413969 0.068364
vt 0.411958 0.047045
vt 0.361724 0.048813
vt 0.433187 0.046486
vt 0.434023 0.068805
vt 0.445712 0.046316
vt 0.445976 0.068682
vt 0.456580 0.046304
vt 0.454678 0.068744
vt 0.466242 0.068916
vt 0.468192 0.046485
vt 0.425523 0.070818
vt 0.454515 0.071661
vt 0.465782 0.072092
vt 0.441801 0.072763
vt 0.517843 0.239300
vt 0.514551 0.239289
vt 0.514551 0.215953
vt 0.517843 0.217193
vt 0.508544 0.239291
vt 0.505431 0.217196
vt 0.017771 0.008548
vt 0.067321 0.012520
vt 0.065015 0.010731
vt 0.014515 0.005058
vt 0.070006 0.009175
vt 0.072537 0.009660
vt 0.071258 0.005058
vt 0.019679 0.017510
vt 0.014352 0.007521
vt 0.628006 0.309339
vt 0.683088 0.309339
vt 0.680605 0.312451
vt 0.000412 0.094470
vt 0.000388 0.078080
vt 0.002146 0.094225
vt 0.004732 0.107939
vt 0.002268 0.078539
vt 0.006327 0.068138
vt 0.003704 0.066747
vt 0.013759 0.056174
vt 0.012259 0.054314
vt 0.025989 0.040856
vt 0.006508 0.107178
vt 0.019240 0.125179
vt 0.017601 0.126484
vt 0.020832 0.135019
vt 0.022371 0.121346
vt 0.025989 0.122082
vt 0.888460 0.115561
vt 0.885665 0.165215
vt 0.883816 0.167660
vt 0.891777 0.111673
vt 0.887373 0.170489
vt 0.886928 0.173152
vt 0.891777 0.171716
vt 0.879364 0.118683
vt 0.889160 0.111815
vt 0.534932 0.432824
vt 0.519315 0.442605
vt 0.522657 0.431061
vt 0.531797 0.450766
vt 0.516292 0.455133
vt 0.543169 0.438529
vt 0.540881 0.462280
vt 0.552858 0.413045
vt 0.544439 0.406632
vt 0.531198 0.410358
vt 0.563218 0.384847
vt 0.556601 0.386158
vt 0.542098 0.389513
vt 0.562800 0.376069
vt 0.553613 0.464952
vt 0.563635 0.439665
vt 0.559739 0.448659
vt 0.570180 0.379234
vt 0.575853 0.371765
vt 0.569179 0.366291
vt 0.579215 0.357039
vt 0.610119 0.416784
vt 0.559354 0.411308
vt 0.611791 0.382278
vt 0.552189 0.479804
vt 0.538311 0.470432
vt 0.537077 0.482704
vt 0.527286 0.500462
vt 0.545567 0.492900
vt 0.531533 0.514420
vt 0.548675 0.378189
vt 0.618238 0.466666
vt 0.640285 0.481227
vt 0.617625 0.475083
vt 0.637070 0.462118
vt 0.622458 0.457982
vt 0.649650 0.469149
vt 0.611308 0.458435
vt 0.662720 0.486299
vt 0.593684 0.480589
vt 0.599292 0.462464
vt 0.581351 0.471658
vt 0.571973 0.473728
vt 0.573599 0.488233
vt 0.579392 0.494362
vt 0.574561 0.499427
vt 0.567543 0.496700
vt 0.570305 0.509685
vt 0.562418 0.511862
vt 0.555540 0.481407
vt 0.558097 0.470931
vt 0.550414 0.493329
vt 0.558140 0.470439
vt 0.558236 0.463005
vt 0.592637 0.448460
vt 0.594467 0.437758
vt 0.609289 0.442234
vt 0.610734 0.425215
vt 0.576110 0.472258
vt 0.601563 0.459200
vt 0.605022 0.447785
vt 0.625245 0.453512
vt 0.625958 0.444880
vt 0.640561 0.457431
vt 0.648856 0.448172
vt 0.654713 0.464773
vt 0.666745 0.452034
vt 0.624209 0.442308
vt 0.673002 0.472039
vt 0.672879 0.453854
vt 0.537000 0.514509
vt 0.625831 0.396770
vt 0.672488 0.481169
vt 0.669316 0.482552
vt 0.637491 0.368657
vt 0.640198 0.374117
vt 0.651033 0.359854
vt 0.653335 0.349332
vt 0.661131 0.349129
vt 0.668199 0.341245
vt 0.673002 0.341432
vt 0.552722 0.522978
vt 0.563184 0.524712
vt 0.572585 0.516959
vt 0.533781 0.520744
vt 0.530845 0.522995
vt 0.672380 0.448575
vt 0.623067 0.438391
vt 0.614979 0.433782
vt 0.616145 0.437304
vt 0.589400 0.524903
vt 0.665957 0.448010
vt 0.672978 0.444696
vt 0.648695 0.443847
vt 0.628389 0.395201
vt 0.618111 0.417866
vt 0.615021 0.427568
vt 0.664695 0.485246
vt 0.969990 0.069814
vt 0.963198 0.060563
vt 0.971162 0.055720
vt 0.961522 0.071139
vt 0.969013 0.080664
vt 0.965803 0.048731
vt 0.973242 0.042173
vt 0.956176 0.063271
vt 0.960568 0.048695
vt 0.953064 0.079148
vt 0.960068 0.081695
vt 0.969326 0.036726
vt 0.966155 0.034186
vt 0.971326 0.023103
vt 0.974436 0.030774
vt 0.980561 0.055945
vt 0.980593 0.068600
vt 0.980765 0.043628
vt 0.980845 0.081110
vt 0.981239 0.032223
vt 0.981042 0.086267
vt 0.975640 0.020768
vt 0.981769 0.021442
vt 0.977310 0.018285
vt 0.981603 0.017912
vt 0.968205 0.090510
vt 0.972051 0.018472
vt 0.958178 0.092315
vt 0.977442 0.015795
vt 0.981334 0.093250
vt 0.974237 0.015414
vt 0.968118 0.100080
vt 0.956378 0.103113
vt 0.981769 0.101963
vt 0.980381 0.013619
vt 0.968929 0.102414
vt 0.209881 0.806107
vt 0.195858 0.804903
vt 0.200660 0.812913
vt 0.211183 0.814625
vt 0.220692 0.807105
vt 0.188895 0.810271
vt 0.182386 0.802785
vt 0.203337 0.819972
vt 0.188849 0.815530
vt 0.219110 0.823155
vt 0.221711 0.816130
vt 0.176958 0.806706
vt 0.174425 0.809886
vt 0.163409 0.804661
vt 0.171049 0.801556
vt 0.196099 0.795463
vt 0.208683 0.795452
vt 0.183851 0.795231
vt 0.221125 0.795203
vt 0.172509 0.794726
vt 0.226245 0.794992
vt 0.161097 0.800320
vt 0.161784 0.794163
vt 0.158630 0.798634
vt 0.158272 0.794319
vt 0.230530 0.807899
vt 0.158802 0.803919
vt 0.232421 0.818100
vt 0.233619 0.827173
vt 0.156153 0.798494
vt 0.233181 0.794665
vt 0.155765 0.801714
vt 0.240068 0.807886
vt 0.243309 0.819640
vt 0.237401 0.823525
vt 0.247867 0.827626
vt 0.241840 0.794163
vt 0.153995 0.795533
vt 0.242381 0.807039
vt 0.331652 0.006615
vt 0.293096 0.009348
vt 0.291311 0.006615
vt 0.330894 0.010506
vt 0.693819 0.418429
vt 0.667220 0.429357
vt 0.668109 0.433852
vt 0.693573 0.415953
vt 0.650233 0.430442
vt 0.694725 0.418901
vt 0.643927 0.415953
vt 0.642746 0.425452
vt 0.225523 0.140634
vt 0.250502 0.157588
vt 0.251617 0.153069
vt 0.225893 0.138132
vt 0.268574 0.155026
vt 0.224593 0.141067
vt 0.275609 0.140634
vt 0.276571 0.150749
vt 0.488212 0.309905
vt 0.488710 0.328188
vt 0.483708 0.323759
vt 0.493018 0.359922
vt 0.486385 0.308689
vt 0.493018 0.295331
vt 0.761292 0.475663
vt 0.756788 0.489518
vt 0.761789 0.493947
vt 0.766098 0.525681
vt 0.759465 0.474448
vt 0.766098 0.461089
vt 0.954351 0.706279
vt 0.955999 0.706746
vt 0.951195 0.722254
vt 0.959551 0.693250
vt 0.953110 0.722162
vt 0.955037 0.733225
vt 0.952205 0.734094
vt 0.959947 0.746523
vt 0.958113 0.748075
vt 0.968901 0.764134
vt 0.966321 0.765933
vt 0.970132 0.773873
vt 0.968567 0.774668
vt 0.965744 0.788505
vt 0.966291 0.788716
vt 0.954715 0.690066
vt 0.970132 0.673541
vt 0.946858 0.720551
vt 0.949778 0.705121
vt 0.857641 0.908884
vt 0.851543 0.913462
vt 0.849183 0.901094
vt 0.861271 0.897474
vt 0.848296 0.902546
vt 0.853993 0.897541
vt 0.862825 0.918034
vt 0.856526 0.922124
vt 0.845229 0.888911
vt 0.850517 0.884727
vt 0.864150 0.909125
vt 0.869324 0.917483
vt 0.858885 0.884549
vt 0.870338 0.910009
vt 0.868085 0.898316
vt 0.869909 0.925741
vt 0.873216 0.926073
vt 0.866110 0.885712
vt 0.857626 0.872134
vt 0.863808 0.873128
vt 0.874999 0.898326
vt 0.873359 0.885945
vt 0.870394 0.874278
vt 0.874820 0.918226
vt 0.876487 0.909927
vt 0.851531 0.871239
vt 0.869488 0.855307
vt 0.877286 0.873218
vt 0.874478 0.857111
vt 0.879072 0.856591
vt 0.880029 0.884809
vt 0.881095 0.897554
vt 0.882739 0.909109
vt 0.887803 0.845618
vt 0.894148 0.851887
vt 0.890582 0.859548
vt 0.895002 0.863040
vt 0.890929 0.871651
vt 0.893632 0.878024
vt 0.885503 0.882625
vt 0.890028 0.839294
vt 0.879515 0.830409
vt 0.881323 0.825743
vt 0.873287 0.833259
vt 0.888137 0.895056
vt 0.890623 0.893762
vt 0.883953 0.910568
vt 0.884236 0.869585
vt 0.883454 0.852431
vt 0.877016 0.843863
vt 0.878850 0.837153
vt 0.874298 0.837218
vt 0.864918 0.854207
vt 0.878238 0.919544
vt 0.904781 0.898182
vt 0.875441 0.946776
vt 0.907292 0.881591
vt 0.907133 0.862981
vt 0.897277 0.922641
vt 0.883189 0.948610
vt 0.873588 0.959572
vt 0.859013 0.964407
vt 0.860098 0.970039
vt 0.905340 0.847989
vt 0.889735 0.943688
vt 0.898849 0.833431
vt 0.899364 0.930070
vt 0.881880 0.956690
vt 0.872249 0.965066
vt 0.907133 0.912206
vt 0.887357 0.815175
vt 0.798550 0.646613
vt 0.803336 0.636187
vt 0.792657 0.645434
vt 0.796422 0.661868
vt 0.801081 0.660908
vt 0.789372 0.636187
vt 0.690129 0.232377
vt 0.676881 0.215093
vt 0.687855 0.234033
vt 0.679403 0.213716
vt 0.701624 0.241043
vt 0.714580 0.249806
vt 0.726727 0.248310
vt 0.715560 0.247080
vt 0.726943 0.250973
vt 0.700527 0.243145
vt 0.776324 0.216297
vt 0.775455 0.202885
vt 0.769660 0.212532
vt 0.783701 0.201873
vt 0.774239 0.195266
vt 0.784826 0.188897
vt 0.768991 0.223909
vt 0.764047 0.216910
vt 0.795078 0.192181
vt 0.793046 0.222178
vt 0.809590 0.202985
vt 0.786177 0.233390
vt 0.768522 0.238700
vt 0.747647 0.228665
vt 0.758772 0.239408
vt 0.739399 0.246020
vt 0.720984 0.239075
vt 0.722764 0.230759
vt 0.789348 0.235341
vt 0.782814 0.244185
vt 0.786748 0.250226
vt 0.700994 0.221708
vt 0.782083 0.243526
vt 0.797846 0.223309
vt 0.814987 0.203881
vt 0.813791 0.197293
vt 0.817153 0.195664
vt 0.817259 0.218470
vt 0.758522 0.184825
vt 0.822373 0.205829
vt 0.721973 0.227076
vt 0.684676 0.212575
vt 0.702568 0.219379
vt 0.703474 0.217060
vt 0.686403 0.209384
vt 0.826460 0.194838
vt 0.815689 0.188511
vt 0.835887 0.223267
vt 0.823428 0.258755
vt 0.839555 0.212162
vt 0.842812 0.202255
vt 0.848332 0.184825
vt 0.736754 0.226143
vt 0.749995 0.222185
vt 0.760236 0.217344
vt 0.994152 0.781388
vt 0.991078 0.780932
vt 0.994211 0.759144
vt 0.997285 0.759600
vt 0.994133 0.796100
vt 0.995244 0.811560
vt 0.997285 0.822783
vt 0.992072 0.811670
vt 0.994623 0.823735
vt 0.991575 0.796301
vt 0.205207 0.470931
vt 0.198382 0.465126
vt 0.211176 0.470346
vt 0.209868 0.479057
vt 0.204259 0.478754
vt 0.190733 0.476434
vt 0.185309 0.484993
vt 0.193486 0.488132
vt 0.207449 0.486611
vt 0.200251 0.494661
vt 0.210025 0.496515
vt 0.191440 0.495310
vt 0.182908 0.493497
vt 0.196567 0.464117
vt 0.205950 0.455288
vt 0.206736 0.464172
vt 0.205377 0.454326
vt 0.213592 0.463766
vt 0.186476 0.503113
vt 0.213902 0.494065
vt 0.180372 0.500356
vt 0.216164 0.472641
vt 0.213204 0.457381
vt 0.216835 0.499914
vt 0.216835 0.463606
vt 0.211263 0.454086
vt 0.087896 0.756142
vt 0.081827 0.760657
vt 0.088454 0.762193
vt 0.082663 0.769053
vt 0.093969 0.776730
vt 0.072950 0.761411
vt 0.096307 0.763154
vt 0.096634 0.757515
vt 0.102521 0.782187
vt 0.105673 0.773988
vt 0.104183 0.759971
vt 0.112219 0.767213
vt 0.114097 0.757409
vt 0.112847 0.776054
vt 0.111020 0.784607
vt 0.081648 0.770863
vt 0.071990 0.761979
vt 0.081368 0.753806
vt 0.120636 0.781045
vt 0.111655 0.753513
vt 0.117871 0.787160
vt 0.090124 0.751179
vt 0.075033 0.754194
vt 0.117514 0.750584
vt 0.081194 0.750584
vt 0.071761 0.756121
vt 0.835851 0.373152
vt 0.836069 0.375894
vt 0.863254 0.373152
vt 0.834363 0.376203
vt 0.832084 0.374738
vt 0.864307 0.377821
vt 0.869182 0.374452
vt 0.871027 0.377657
vt 0.873158 0.375438
vt 0.831617 0.377790
vt 0.828161 0.376370
vt 0.008146 0.739689
vt 0.001939 0.743881
vt 0.008146 0.760700
vt 0.528403 0.119861
vt 0.512765 0.115412
vt 0.512676 0.120558
vt 0.530452 0.116909
vt 0.491316 0.121484
vt 0.491859 0.125447
vt 0.480719 0.121897
vt 0.480678 0.126086
vt 0.486098 0.128902
vt 0.470144 0.119687
vt 0.466424 0.127144
vt 0.468940 0.124568
vt 0.531171 0.124367
vt 0.534718 0.120669
vt 0.534552 0.140716
vt 0.494331 0.150924
vt 0.512054 0.152378
vt 0.537928 0.146936
vt 0.523278 0.153696
vt 0.539566 0.151878
vt 0.539184 0.138935
vt 0.517508 0.109705
vt 0.501620 0.096335
vt 0.475803 0.090950
vt 0.492021 0.090618
vt 0.486798 0.087121
vt 0.460999 0.113951
vt 0.454369 0.092507
vt 0.533580 0.103378
vt 0.443880 0.093519
vt 0.449558 0.087697
vt 0.434833 0.081323
vt 0.530757 0.099596
vt 0.518318 0.102771
vt 0.511257 0.100721
vt 0.499177 0.092890
vt 0.535844 0.081323
vt 0.532674 0.081358
vt 0.482841 0.083830
vt 0.470681 0.087957
vt 0.469406 0.083458
vt 0.455811 0.090621
vt 0.490365 0.087263
vt 0.515009 0.096576
vt 0.507971 0.092770
vt 0.504191 0.091211
vt 0.517042 0.095081
vt 0.518588 0.096957
vt 0.509604 0.089667
vt 0.987107 0.936052
vt 0.986100 0.913322
vt 0.989889 0.912901
vt 0.991422 0.890837
vt 0.992698 0.932520
vt 0.989538 0.946752
vt 0.987080 0.893282
vt 0.980993 0.914833
vt 0.983451 0.934654
vt 0.985808 0.934604
vt 0.994182 0.947105
vt 0.991686 0.952117
vt 0.987759 0.880161
vt 0.994182 0.876654
vt 0.982910 0.956580
vt 0.985877 0.956284
vt 0.989962 0.954919
vt 0.988722 0.963035
vt 0.278898 0.737366
vt 0.283836 0.724768
vt 0.285413 0.726199
vt 0.282085 0.739465
vt 0.281405 0.741279
vt 0.302409 0.703891
vt 0.301197 0.762236
vt 0.303724 0.705819
vt 0.303724 0.762133
vt 0.299258 0.763035
vt 0.297296 0.762094
vt 0.885570 0.030802
vt 0.892114 0.041974
vt 0.890541 0.043413
vt 0.888759 0.028694
vt 0.888075 0.026878
vt 0.909286 0.064202
vt 0.907865 0.005856
vt 0.910396 0.062293
vt 0.910396 0.005964
vt 0.905922 0.005058
vt 0.903957 0.006004
vt 0.899314 0.395338
vt 0.865263 0.396066
vt 0.894627 0.398833
vt 0.902833 0.397673
vt 0.864307 0.394161
vt 0.849108 0.393465
vt 0.849109 0.390913
vt 0.863601 0.392066
vt 0.863439 0.388101
vt 0.881375 0.387305
vt 0.903111 0.390600
vt 0.909620 0.390828
vt 0.908395 0.384047
vt 0.869407 0.385142
vt 0.850482 0.388881
vt 0.858261 0.386540
vt 0.881521 0.384047
vt 0.010631 0.911222
vt 0.007370 0.906374
vt 0.010899 0.876692
vt 0.008261 0.914724
vt 0.012760 0.875738
vt 0.013235 0.860343
vt 0.015705 0.860311
vt 0.014809 0.875037
vt 0.018696 0.874892
vt 0.018962 0.893223
vt 0.015122 0.915203
vt 0.014715 0.921790
vt 0.021334 0.920734
vt 0.021334 0.881095
vt 0.015844 0.029183
vt 0.014352 0.023735
vt 0.034523 0.023735
vt 0.606707 0.703515
vt 0.611022 0.707710
vt 0.609126 0.707897
vt 0.607907 0.697304
vt 0.611304 0.697364
vt 0.611714 0.689105
vt 0.598526 0.704512
vt 0.604010 0.711344
vt 0.608933 0.715564
vt 0.611714 0.713395
vt 0.090005 0.846658
vt 0.094374 0.844231
vt 0.094187 0.842329
vt 0.083813 0.845454
vt 0.083873 0.842046
vt 0.075640 0.841634
vt 0.090999 0.854864
vt 0.097810 0.849362
vt 0.102017 0.844425
vt 0.099854 0.841634
vt 0.261353 0.453307
vt 0.261179 0.451897
vt 0.249165 0.450166
vt 0.251195 0.445615
vt 0.245829 0.444761
vt 0.246442 0.440078
vt 0.262598 0.448873
vt 0.286094 0.446860
vt 0.296864 0.451127
vt 0.292197 0.442670
vt 0.320016 0.440078
vt 0.234331 0.440356
vt 0.241590 0.449815
vt 0.244475 0.451714
vt 0.238370 0.451541
vt 0.230157 0.445224
vt 0.223766 0.441528
vt 0.230927 0.450314
vt 0.227664 0.445850
vt 0.223551 0.445125
vt 0.226974 0.451527
vt 0.215531 0.444751
vt 0.216965 0.450075
vt 0.214507 0.442360
vt 0.414190 0.315911
vt 0.414327 0.301615
vt 0.418104 0.303074
vt 0.410071 0.315238
vt 0.407527 0.330004
vt 0.411944 0.331286
vt 0.428627 0.284133
vt 0.404577 0.330507
vt 0.412405 0.353252
vt 0.414677 0.352404
vt 0.424593 0.375611
vt 0.426700 0.372668
vt 0.428627 0.382490
vt 0.406548 0.314955
vt 0.410603 0.299069
vt 0.424707 0.281817
vt 0.426586 0.281990
vt 0.424135 0.280545
vt 0.812573 0.722437
vt 0.823626 0.716710
vt 0.825755 0.719892
vt 0.813680 0.726250
vt 0.799721 0.729529
vt 0.798267 0.725434
vt 0.838214 0.702335
vt 0.799318 0.732374
vt 0.777207 0.725042
vt 0.778027 0.722836
vt 0.814379 0.729666
vt 0.828953 0.722857
vt 0.841349 0.705265
vt 0.840539 0.703758
vt 0.842439 0.704660
vt 0.795712 0.752347
vt 0.791898 0.751483
vt 0.795600 0.751525
vt 0.792236 0.749423
vt 0.791773 0.757725
vt 0.795423 0.757149
vt 0.794271 0.766285
vt 0.798132 0.765793
vt 0.804365 0.788098
vt 0.807683 0.786322
vt 0.800250 0.787869
vt 0.787616 0.758616
vt 0.815531 0.810447
vt 0.818435 0.807944
vt 0.829091 0.826668
vt 0.827389 0.829680
vt 0.843387 0.843092
vt 0.849108 0.842427
vt 0.846097 0.845356
vt 0.769628 0.747085
vt 0.784158 0.743142
vt 0.767892 0.736602
vt 0.738706 0.743731
vt 0.785224 0.767622
vt 0.733794 0.716200
vt 0.769112 0.734379
vt 0.784918 0.739706
vt 0.755779 0.712982
vt 0.734885 0.711900
vt 0.749096 0.709153
vt 0.800068 0.741262
vt 0.822472 0.738826
vt 0.733916 0.736094
vt 0.729580 0.721982
vt 0.728860 0.714961
vt 0.839632 0.736333
vt 0.813543 0.815736
vt 0.784041 0.803318
vt 0.799185 0.744515
vt 0.799317 0.821794
vt 0.809996 0.836042
vt 0.828531 0.836855
vt 0.841555 0.845525
vt 0.830406 0.844395
vt 0.769144 0.825169
vt 0.748005 0.812904
vt 0.847493 0.717653
vt 0.846929 0.708713
vt 0.846145 0.734813
vt 0.845563 0.740143
vt 0.836725 0.741100
vt 0.849108 0.708441
vt 0.846599 0.743950
vt 0.758619 0.710946
vt 0.823330 0.745681
vt 0.838888 0.743701
vt 0.797961 0.750116
vt 0.843549 0.746307
vt 0.415892 0.535364
vt 0.397102 0.536678
vt 0.418846 0.540813
vt 0.429269 0.539345
vt 0.397249 0.540300
vt 0.376057 0.534429
vt 0.378264 0.538789
vt 0.398557 0.545914
vt 0.417476 0.544545
vt 0.429821 0.534241
vt 0.434476 0.536661
vt 0.425197 0.541999
vt 0.364972 0.539901
vt 0.361133 0.534241
vt 0.440306 0.544689
vt 0.439586 0.541736
vt 0.450349 0.541965
vt 0.448484 0.536945
vt 0.844547 0.239428
vt 0.869746 0.281327
vt 0.868140 0.282753
vt 0.842850 0.239425
vt 0.868840 0.287549
vt 0.872382 0.286417
vt 0.868144 0.196619
vt 0.869748 0.198044
vt 0.868844 0.191829
vt 0.872382 0.192960
vt 0.840574 0.239428
vt 0.850398 0.257213
vt 0.850483 0.222175
vt 0.312347 0.541778
vt 0.317082 0.563268
vt 0.312271 0.563127
vt 0.316616 0.541315
vt 0.312727 0.524125
vt 0.317688 0.524138
vt 0.317688 0.582083
vt 0.312258 0.579227
vt 0.312856 0.582490
vt 0.324902 0.972982
vt 0.303479 0.977731
vt 0.324762 0.977807
vt 0.303018 0.973449
vt 0.285881 0.977350
vt 0.285894 0.972374
vt 0.343659 0.972374
vt 0.340812 0.977821
vt 0.344065 0.977220
vt 0.154313 0.127372
vt 0.148678 0.123803
vt 0.143770 0.126908
vt 0.137941 0.125838
vt 0.159358 0.123519
vt 0.132273 0.132001
vt 0.139283 0.131465
vt 0.149286 0.131934
vt 0.157696 0.132211
vt 0.165644 0.129165
vt 0.167760 0.123619
vt 0.164974 0.132677
vt 0.173947 0.132233
vt 0.175351 0.135019
vt 0.175433 0.128617
vt 0.136466 0.124783
vt 0.147241 0.121790
vt 0.177624 0.121790
vt 0.180977 0.134497
vt 0.182700 0.127594
vt 0.570279 0.146827
vt 0.580823 0.146363
vt 0.575915 0.143258
vt 0.586652 0.145293
vt 0.565235 0.142974
vt 0.592320 0.151456
vt 0.585310 0.150920
vt 0.575306 0.151389
vt 0.566896 0.151666
vt 0.558949 0.148620
vt 0.556833 0.143074
vt 0.559619 0.152132
vt 0.550646 0.151688
vt 0.549241 0.154475
vt 0.549160 0.148072
vt 0.588127 0.144238
vt 0.577352 0.141245
vt 0.546969 0.141245
vt 0.543616 0.153952
vt 0.541893 0.147050
vt 0.277421 0.777624
vt 0.271797 0.776531
vt 0.272479 0.780253
vt 0.278232 0.781345
vt 0.267368 0.780493
vt 0.266946 0.776846
vt 0.284154 0.779655
vt 0.284655 0.783031
vt 0.270864 0.782989
vt 0.276467 0.784534
vt 0.266339 0.783293
vt 0.282618 0.786712
vt 0.269070 0.785362
vt 0.274450 0.787231
vt 0.263213 0.782109
vt 0.262447 0.782987
vt 0.280291 0.789537
vt 0.288287 0.789295
vt 0.286284 0.791758
vt 0.272733 0.790127
vt 0.278344 0.792576
vt 0.284083 0.794325
vt 0.264851 0.785211
vt 0.267610 0.787862
vt 0.290185 0.786818
vt 0.292637 0.799020
vt 0.282727 0.797580
vt 0.290451 0.800734
vt 0.289389 0.802897
vt 0.277102 0.795694
vt 0.271510 0.792855
vt 0.266301 0.790579
vt 0.263564 0.786156
vt 0.265331 0.790690
vt 0.270660 0.797767
vt 0.270749 0.796417
vt 0.276587 0.798570
vt 0.276352 0.803186
vt 0.282407 0.801526
vt 0.295543 0.805728
vt 0.294398 0.797270
vt 0.279721 0.803791
vt 0.282181 0.807879
vt 0.284886 0.807008
vt 0.287079 0.810715
vt 0.291580 0.809867
vt 0.289935 0.805990
vt 0.293596 0.812734
vt 0.300626 0.811037
vt 0.299311 0.806520
vt 0.297920 0.808578
vt 0.302056 0.813333
vt 0.262436 0.781443
vt 0.261540 0.782763
vt 0.265240 0.802438
vt 0.271218 0.807824
vt 0.278784 0.812903
vt 0.252307 0.778400
vt 0.257043 0.793307
vt 0.249918 0.781328
vt 0.247154 0.775532
vt 0.247273 0.768978
vt 0.245047 0.768240
vt 0.285406 0.816513
vt 0.250416 0.785111
vt 0.293333 0.818214
vt 0.253523 0.792339
vt 0.246905 0.779312
vt 0.245143 0.774079
vt 0.258895 0.799943
vt 0.304441 0.819201
vt 0.366128 0.847240
vt 0.346096 0.832679
vt 0.253819 0.841426
vt 0.289066 0.876654
vt 0.318881 0.827869
vt 0.208383 0.853036
vt 0.386850 0.827637
vt 0.395709 0.834662
vt 0.404281 0.790535
vt 0.346558 0.767518
vt 0.315381 0.809509
vt 0.420561 0.803218
vt 0.435275 0.816640
vt 0.384904 0.776812
vt 0.349328 0.765299
vt 0.228856 0.840237
vt 0.212564 0.835683
vt 0.203557 0.854305
vt 0.311518 0.805813
vt 0.311337 0.816881
vt 0.426215 0.800341
vt 0.304733 0.803680
vt 0.300803 0.803284
vt 0.297312 0.792968
vt 0.305489 0.792105
vt 0.302714 0.784799
vt 0.293958 0.780134
vt 0.298488 0.778400
vt 0.290869 0.783713
vt 0.280072 0.777455
vt 0.293662 0.774726
vt 0.288032 0.772651
vt 0.278798 0.770129
vt 0.274614 0.767906
vt 0.296069 0.794050
vt 0.270750 0.774424
vt 0.197941 0.851619
vt 0.185665 0.827566
vt 0.126350 0.817588
vt 0.090380 0.783892
vt 0.200990 0.860772
vt 0.273457 0.778747
vt 0.267897 0.778465
vt 0.265607 0.774316
vt 0.261754 0.779888
vt 0.260359 0.775080
vt 0.259779 0.782344
vt 0.281141 0.780357
vt 0.290201 0.785517
vt 0.295187 0.794655
vt 0.270413 0.762209
vt 0.266278 0.764160
vt 0.266007 0.763117
vt 0.269884 0.759144
vt 0.260828 0.764144
vt 0.260576 0.765862
vt 0.439488 0.814491
vt 0.252927 0.765171
vt 0.247078 0.765176
vt 0.241883 0.768972
vt 0.407354 0.785240
vt 0.365712 0.763203
vt 0.348419 0.759206
vt 0.261705 0.760944
vt 0.252756 0.759206
vt 0.245728 0.761688
vt 0.300312 0.804658
vt 0.305361 0.817049
vt 0.895721 0.307004
vt 0.899122 0.310797
vt 0.918667 0.307823
vt 0.918712 0.311151
vt 0.884923 0.311298
vt 0.928239 0.311471
vt 0.928195 0.308143
vt 0.872382 0.307004
vt 0.873883 0.311673
vt 0.363460 0.609662
vt 0.362644 0.586644
vt 0.359679 0.606251
vt 0.359325 0.586600
vt 0.359180 0.620494
vt 0.359006 0.577043
vt 0.362325 0.577087
vt 0.363460 0.633074
vt 0.358805 0.631567
vt 0.848247 0.671550
vt 0.866794 0.667311
vt 0.863228 0.663146
vt 0.868681 0.661636
vt 0.850937 0.678064
vt 0.831966 0.676927
vt 0.851221 0.689509
vt 0.820909 0.693722
vt 0.816407 0.678620
vt 0.806961 0.692259
vt 0.800807 0.677126
vt 0.877203 0.672390
vt 0.792650 0.688619
vt 0.787518 0.674406
vt 0.881229 0.680010
vt 0.887164 0.667888
vt 0.894010 0.672600
vt 0.779853 0.684240
vt 0.903732 0.657977
vt 0.901235 0.667464
vt 0.774878 0.668455
vt 0.764382 0.673491
vt 0.907292 0.658178
vt 0.757440 0.657977
vt 0.752909 0.662034
vt 0.865421 0.690879
vt 0.881425 0.684754
vt 0.840501 0.695729
vt 0.892162 0.678412
vt 0.825338 0.700778
vt 0.710240 0.261395
vt 0.699344 0.257198
vt 0.695125 0.261014
vt 0.675600 0.261721
vt 0.670780 0.259211
vt 0.666577 0.261044
vt 0.653075 0.257198
vt 0.676343 0.264981
vt 0.667035 0.262831
vt 0.652832 0.257759
vt 0.456296 0.195760
vt 0.441233 0.195876
vt 0.445380 0.199611
vt 0.421810 0.194942
vt 0.416950 0.197214
vt 0.412900 0.195141
vt 0.469744 0.199522
vt 0.468094 0.194942
vt 0.399147 0.197405
vt 0.461210 0.121012
vt 0.451442 0.129340
vt 0.459199 0.132247
vt 0.453386 0.133463
vt 0.439488 0.121012
vt 0.436019 0.276575
vt 0.439488 0.266537
vt 0.435054 0.285974
vt 0.439488 0.286770
vt 0.433282 0.284215
vt 0.153995 0.451751
vt 0.150526 0.461789
vt 0.149561 0.471188
vt 0.153995 0.471984
vt 0.147789 0.469429
vt 0.723599 0.646115
vt 0.710805 0.646869
vt 0.722978 0.640078
vt 0.724258 0.652859
vt 0.709798 0.654082
vt 0.724917 0.660638
vt 0.707657 0.662431
vt 0.704258 0.653611
vt 0.701158 0.660535
vt 0.725432 0.668502
vt 0.706398 0.669493
vt 0.700184 0.668613
vt 0.697943 0.677961
vt 0.706325 0.677931
vt 0.725876 0.677542
vt 0.697820 0.688390
vt 0.706153 0.688169
vt 0.726196 0.687216
vt 0.690846 0.687265
vt 0.692593 0.678331
vt 0.726466 0.700657
vt 0.697564 0.700696
vt 0.706337 0.700784
vt 0.690537 0.695154
vt 0.704672 0.721378
vt 0.726532 0.720797
vt 0.694655 0.721376
vt 0.726457 0.742175
vt 0.701603 0.742122
vt 0.726446 0.754287
vt 0.701452 0.754345
vt 0.725931 0.764077
vt 0.700903 0.764974
vt 0.726065 0.776679
vt 0.701084 0.776621
vt 0.726199 0.787272
vt 0.701850 0.788598
vt 0.701992 0.800840
vt 0.726372 0.799393
vt 0.691388 0.742132
vt 0.691107 0.763254
vt 0.690480 0.754147
vt 0.691761 0.774370
vt 0.690106 0.707485
vt 0.693265 0.786795
vt 0.693000 0.799016
vt 0.708050 0.814758
vt 0.695272 0.810660
vt 0.697235 0.822092
vt 0.690651 0.821726
vt 0.726466 0.807157
vt 0.687962 0.725457
vt 0.696796 0.824945
vt 0.684074 0.837787
vt 0.681072 0.826207
vt 0.685169 0.813631
vt 0.686421 0.801711
vt 0.686157 0.840078
vt 0.661467 0.772980
vt 0.662405 0.784781
vt 0.646467 0.756363
vt 0.670021 0.761000
vt 0.653088 0.749688
vt 0.681888 0.778447
vt 0.677493 0.765469
vt 0.641971 0.745088
vt 0.750752 0.606803
vt 0.750131 0.612840
vt 0.737958 0.606050
vt 0.751411 0.600059
vt 0.736950 0.598836
vt 0.752070 0.592280
vt 0.734810 0.590488
vt 0.731411 0.599308
vt 0.728311 0.592383
vt 0.752585 0.584416
vt 0.733551 0.583425
vt 0.727337 0.584305
vt 0.725096 0.574957
vt 0.733477 0.574987
vt 0.753029 0.575376
vt 0.724973 0.564528
vt 0.733306 0.564749
vt 0.753349 0.565703
vt 0.717999 0.565653
vt 0.719745 0.574587
vt 0.753619 0.552262
vt 0.724717 0.552222
vt 0.733490 0.552135
vt 0.717690 0.557765
vt 0.731825 0.531540
vt 0.753685 0.532122
vt 0.721808 0.531542
vt 0.753610 0.510743
vt 0.728756 0.510796
vt 0.753599 0.498632
vt 0.728605 0.498573
vt 0.753084 0.488841
vt 0.728055 0.487944
vt 0.753218 0.476240
vt 0.728237 0.476297
vt 0.753352 0.465646
vt 0.729002 0.464320
vt 0.729145 0.452078
vt 0.753525 0.453525
vt 0.718541 0.510787
vt 0.718260 0.489665
vt 0.717633 0.498771
vt 0.718914 0.478548
vt 0.717259 0.545433
vt 0.720418 0.466124
vt 0.720153 0.453902
vt 0.735203 0.438160
vt 0.722425 0.442258
vt 0.724388 0.430826
vt 0.717803 0.431192
vt 0.753619 0.445762
vt 0.715115 0.527461
vt 0.723949 0.427973
vt 0.711227 0.415132
vt 0.726130 0.428986
vt 0.708225 0.426711
vt 0.712321 0.439288
vt 0.713574 0.451207
vt 0.713309 0.412840
vt 0.688620 0.479938
vt 0.689558 0.468137
vt 0.673620 0.496555
vt 0.697174 0.491918
vt 0.680241 0.503230
vt 0.709040 0.474471
vt 0.704646 0.487449
vt 0.669123 0.507830
vt 0.078743 0.786381
vt 0.081846 0.786381
vt 0.081664 0.805837
vt 0.015334 0.516776
vt 0.008098 0.517213
vt 0.008256 0.511340
vt 0.015559 0.510895
vt 0.023823 0.510446
vt 0.032647 0.510051
vt 0.023629 0.518063
vt 0.032375 0.519441
vt 0.023724 0.522168
vt 0.032486 0.524156
vt 0.015344 0.519768
vt 0.041885 0.509733
vt 0.041058 0.520873
vt 0.040649 0.526168
vt 0.051093 0.509488
vt 0.049659 0.521773
vt 0.048682 0.527605
vt 0.060937 0.509354
vt 0.058880 0.522819
vt 0.057866 0.529827
vt 0.048842 0.531781
vt 0.040650 0.528799
vt 0.056883 0.534098
vt 0.069466 0.523989
vt 0.067879 0.531665
vt 0.070985 0.509338
vt 0.065222 0.536663
vt 0.029406 0.526433
vt 0.042962 0.532007
vt 0.002803 0.511692
vt 0.002605 0.516442
vt 0.056461 0.537071
vt 0.015078 0.521891
vt 0.007691 0.519282
vt 0.070985 0.542023
vt 0.001164 0.511768
vt 0.366769 0.878555
vt 0.359692 0.883990
vt 0.359533 0.878117
vt 0.366994 0.884436
vt 0.375259 0.884885
vt 0.384082 0.885280
vt 0.375064 0.877267
vt 0.383810 0.875890
vt 0.375160 0.873163
vt 0.383921 0.871175
vt 0.366779 0.875563
vt 0.393320 0.885597
vt 0.392493 0.874458
vt 0.392084 0.869163
vt 0.402528 0.885843
vt 0.401095 0.873558
vt 0.400118 0.867726
vt 0.412373 0.885977
vt 0.410315 0.872511
vt 0.409302 0.865504
vt 0.400277 0.863549
vt 0.392086 0.866532
vt 0.408318 0.861232
vt 0.420902 0.871342
vt 0.419314 0.863665
vt 0.422420 0.885992
vt 0.416657 0.858667
vt 0.380841 0.868898
vt 0.394397 0.863324
vt 0.354238 0.883639
vt 0.354040 0.878889
vt 0.407896 0.858260
vt 0.366513 0.873440
vt 0.359126 0.876049
vt 0.422420 0.853307
vt 0.352599 0.883563
vt 0.997728 0.144993
vt 0.998836 0.148249
vt 0.994182 0.146596
vt 0.996037 0.119838
vt 0.998836 0.117121
vt 0.260375 0.256420
vt 0.258728 0.251751
vt 0.261973 0.252862
vt 0.287051 0.254559
vt 0.289760 0.251751
vt 0.124166 0.824118
vt 0.122033 0.825174
vt 0.128263 0.861020
vt 0.126405 0.861476
vt 0.130820 0.872261
vt 0.128407 0.872666
vt 0.131010 0.883326
vt 0.132906 0.882296
vt 0.135980 0.899989
vt 0.137835 0.899531
vt 0.133605 0.903406
vt 0.131300 0.903361
vt 0.130040 0.909128
vt 0.132337 0.909747
vt 0.128195 0.916048
vt 0.126481 0.914863
vt 0.118844 0.923460
vt 0.137628 0.903609
vt 0.145392 0.914799
vt 0.144106 0.916528
vt 0.154560 0.930156
vt 0.152195 0.930106
vt 0.120628 0.924683
vt 0.111988 0.931082
vt 0.111357 0.928706
vt 0.100496 0.935292
vt 0.101098 0.937022
vt 0.049505 0.859837
vt 0.044315 0.866829
vt 0.045477 0.867987
vt 0.040296 0.874978
vt 0.042037 0.876132
vt 0.023187 0.929063
vt 0.027193 0.919753
vt 0.024356 0.931378
vt 0.021539 0.942426
vt 0.023269 0.941831
vt 0.022732 0.945897
vt 0.024458 0.945296
vt 0.027402 0.949312
vt 0.027945 0.946986
vt 0.030877 0.949837
vt 0.030838 0.947519
vt 0.080992 0.943145
vt 0.080952 0.940828
vt 0.091918 0.940642
vt 0.091880 0.938325
vt 0.047690 0.859205
vt 0.054030 0.851036
vt 0.149430 0.935373
vt 0.148782 0.933580
vt 0.154627 0.934228
vt 0.148933 0.939452
vt 0.137485 0.942429
vt 0.170061 0.949294
vt 0.138121 0.944782
vt 0.127823 0.947160
vt 0.127189 0.944809
vt 0.115824 0.949015
vt 0.168901 0.951112
vt 0.183053 0.961662
vt 0.116452 0.950809
vt 0.128454 0.948955
vt 0.136848 0.940634
vt 0.106718 0.950386
vt 0.106782 0.952747
vt 0.094790 0.952503
vt 0.094747 0.950695
vt 0.073697 0.951357
vt 0.073658 0.949553
vt 0.053828 0.951776
vt 0.053223 0.949987
vt 0.040808 0.954214
vt 0.040204 0.952426
vt 0.031147 0.955327
vt 0.031750 0.957115
vt 0.023201 0.959297
vt 0.023804 0.961085
vt 0.016359 0.963793
vt 0.017520 0.965575
vt 0.011707 0.969388
vt 0.116510 0.952622
vt 0.181865 0.962924
vt 0.193685 0.973053
vt 0.194846 0.971221
vt 0.210088 0.982584
vt 0.211247 0.980747
vt 0.225277 0.989279
vt 0.226434 0.987438
vt 0.248577 0.995906
vt 0.247982 0.993510
vt 0.267750 0.996752
vt 0.267179 0.998597
vt 0.282287 0.999611
vt 0.282274 0.997768
vt 0.296209 0.996550
vt 0.296806 0.998388
vt 0.315392 0.995432
vt 0.315955 0.993024
vt 0.337450 0.986642
vt 0.338634 0.988470
vt 0.352571 0.979738
vt 0.353755 0.981561
vt 0.368872 0.969992
vt 0.370056 0.971811
vt 0.380563 0.960284
vt 0.381767 0.961533
vt 0.394612 0.949572
vt 0.393431 0.947765
vt 0.408712 0.932524
vt 0.408734 0.928449
vt 0.413923 0.933612
vt 0.414467 0.937686
vt 0.425953 0.940536
vt 0.425343 0.942897
vt 0.435668 0.945159
vt 0.436276 0.942802
vt 0.447680 0.946882
vt 0.447072 0.948682
vt 0.426571 0.938733
vt 0.435056 0.946961
vt 0.414552 0.931810
vt 0.411099 0.928373
vt 0.419025 0.914706
vt 0.417718 0.912994
vt 0.425331 0.901721
vt 0.425072 0.897652
vt 0.429345 0.901465
vt 0.456791 0.948156
vt 0.456753 0.950516
vt 0.468729 0.950146
vt 0.468754 0.948339
vt 0.489803 0.948782
vt 0.489824 0.946978
vt 0.509677 0.948993
vt 0.510264 0.947198
vt 0.522717 0.951290
vt 0.523301 0.949497
vt 0.532380 0.952296
vt 0.531796 0.954088
vt 0.540360 0.956171
vt 0.539778 0.957964
vt 0.547245 0.960581
vt 0.546106 0.962375
vt 0.551960 0.966114
vt 0.447033 0.950494
vt 0.055273 0.852256
vt 0.061586 0.845217
vt 0.060351 0.843427
vt 0.070748 0.838088
vt 0.070083 0.836278
vt 0.081043 0.832032
vt 0.551373 0.967906
vt 0.012317 0.971174
vt 0.556186 0.972194
vt 0.555022 0.973437
vt 0.558764 0.977747
vt 0.557060 0.979013
vt 0.562261 0.988358
vt 0.561169 0.989004
vt 0.563615 0.991162
vt 0.561995 0.992412
vt 0.558331 0.990268
vt 0.007557 0.975527
vt 0.008738 0.976755
vt 0.005053 0.981116
vt 0.006776 0.982360
vt 0.001704 0.991779
vt 0.002805 0.992410
vt 0.000388 0.994603
vt 0.002026 0.995831
vt 0.005662 0.993633
vt 0.080376 0.830775
vt 0.090670 0.826886
vt 0.090772 0.828724
vt 0.102672 0.823266
vt 0.426929 0.898088
vt 0.429816 0.880383
vt 0.431720 0.881394
vt 0.431803 0.870337
vt 0.434217 0.870718
vt 0.436111 0.859519
vt 0.434250 0.859082
vt 0.440128 0.823213
vt 0.005420 0.987458
vt 0.558486 0.984091
vt 0.437987 0.822179
vt 0.103407 0.825315
vt 0.114830 0.822179
vt 0.007986 0.993379
vt 0.556004 0.990046
vt 0.018480 0.180156
vt 0.018413 0.175930
vt 0.020559 0.174603
vt 0.015430 0.169953
vt 0.017944 0.169109
vt 0.015128 0.162317
vt 0.017475 0.162287
vt 0.018937 0.150723
vt 0.016570 0.150758
vt 0.020559 0.140467
vt 0.310670 0.889140
vt 0.292082 0.889149
vt 0.282833 0.885214
vt 0.282777 0.889883
vt 0.315856 0.887507
vt 0.319240 0.885214
vt 0.126032 0.029997
vt 0.129946 0.057921
vt 0.126022 0.048643
vt 0.125291 0.057977
vt 0.127660 0.024795
vt 0.129946 0.021401
vt 0.333947 0.666877
vt 0.334639 0.660506
vt 0.339979 0.660929
vt 0.340442 0.667227
vt 0.332097 0.666728
vt 0.335614 0.674890
vt 0.332037 0.674364
vt 0.340878 0.674595
vt 0.334346 0.683396
vt 0.330235 0.682922
vt 0.341359 0.683619
vt 0.329603 0.674319
vt 0.332994 0.692184
vt 0.328294 0.691737
vt 0.341745 0.692402
vt 0.342093 0.701746
vt 0.332163 0.700882
vt 0.326307 0.699909
vt 0.330683 0.710109
vt 0.324296 0.709141
vt 0.342309 0.711601
vt 0.342462 0.722070
vt 0.329680 0.719932
vt 0.322113 0.718399
vt 0.328001 0.730518
vt 0.342514 0.732725
vt 0.320392 0.728436
vt 0.329000 0.670128
vt 0.339696 0.657198
vt 0.333204 0.658239
vt 0.325155 0.691121
vt 0.321870 0.699351
vt 0.319329 0.708142
vt 0.327106 0.682807
vt 0.316534 0.717536
vt 0.318927 0.699238
vt 0.322781 0.689720
vt 0.315585 0.708140
vt 0.325346 0.680701
vt 0.314198 0.727145
vt 0.318544 0.739386
vt 0.312258 0.737587
vt 0.326778 0.741414
vt 0.342438 0.743884
vt 0.342309 0.756031
vt 0.326038 0.753531
vt 0.783210 0.614184
vt 0.782831 0.612062
vt 0.750665 0.620222
vt 0.750909 0.622688
vt 0.740967 0.619866
vt 0.741312 0.623002
vt 0.726883 0.620560
vt 0.729266 0.618220
vt 0.722665 0.614722
vt 0.719885 0.619051
vt 0.719085 0.612062
vt 0.795815 0.613954
vt 0.794504 0.615513
vt 0.798681 0.618848
vt 0.794089 0.617427
vt 0.796485 0.619997
vt 0.794784 0.621804
vt 0.772072 0.642444
vt 0.794684 0.626929
vt 0.794349 0.625542
vt 0.797787 0.624171
vt 0.757799 0.638266
vt 0.767433 0.646321
vt 0.764748 0.649416
vt 0.746499 0.646502
vt 0.729156 0.636121
vt 0.718292 0.633090
vt 0.712445 0.628587
vt 0.711355 0.632128
vt 0.706259 0.631667
vt 0.705652 0.625590
vt 0.706002 0.614983
vt 0.697905 0.620866
vt 0.698584 0.630068
vt 0.679942 0.629810
vt 0.677262 0.617216
vt 0.663693 0.627759
vt 0.694082 0.614461
vt 0.012025 0.464202
vt 0.007038 0.454386
vt 0.012025 0.448638
vt 0.006594 0.453988
vt 0.007192 0.449197
vt 0.620809 0.732611
vt 0.618697 0.725376
vt 0.619042 0.731188
vt 0.621024 0.735019
vt 0.621024 0.696887
vt 0.307388 0.552844
vt 0.305621 0.551421
vt 0.305275 0.545610
vt 0.307603 0.555253
vt 0.307603 0.517121
vt 0.984438 0.202486
vt 0.976638 0.189511
vt 0.983525 0.197621
vt 0.980015 0.186388
vt 0.975149 0.187994
vt 0.970258 0.180194
vt 0.986865 0.202724
vt 0.980690 0.174738
vt 0.967804 0.172516
vt 0.987985 0.183007
vt 0.987596 0.191258
vt 0.995733 0.186745
vt 0.993837 0.194182
vt 0.995250 0.176424
vt 0.990185 0.172446
vt 0.980819 0.149631
vt 0.982237 0.168168
vt 0.973935 0.150699
vt 0.990510 0.164653
vt 0.989039 0.145759
vt 0.987066 0.136461
vt 0.974306 0.138409
vt 0.984272 0.128456
vt 0.975552 0.127181
vt 0.983350 0.120004
vt 0.976254 0.119038
vt 0.988895 0.127725
vt 0.995733 0.167205
vt 0.970777 0.150380
vt 0.972629 0.131807
vt 0.974919 0.117014
vt 0.980807 0.116342
vt 0.747755 0.073722
vt 0.756728 0.077432
vt 0.757611 0.073603
vt 0.746552 0.077387
vt 0.727099 0.072613
vt 0.726561 0.075890
vt 0.714210 0.074920
vt 0.714119 0.071984
vt 0.772045 0.071984
vt 0.771798 0.074909
vt 0.778510 0.074898
vt 0.609111 0.349986
vt 0.599255 0.349867
vt 0.600138 0.353697
vt 0.610314 0.353652
vt 0.629767 0.348877
vt 0.630304 0.352155
vt 0.642655 0.351185
vt 0.642746 0.348249
vt 0.584821 0.348249
vt 0.585067 0.351174
vt 0.578355 0.351163
vt 0.573289 0.609897
vt 0.569046 0.606886
vt 0.575252 0.594774
vt 0.569684 0.614228
vt 0.570824 0.594812
vt 0.574592 0.615469
vt 0.575252 0.628405
vt 0.570688 0.584047
vt 0.435974 0.444138
vt 0.437936 0.429015
vt 0.431730 0.441127
vt 0.432368 0.448469
vt 0.433508 0.429053
vt 0.437276 0.449710
vt 0.437936 0.462646
vt 0.433373 0.418288
vt 0.924436 0.026025
vt 0.929602 0.025853
vt 0.929261 0.032497
vt 0.927169 0.022820
vt 0.920545 0.020993
vt 0.927707 0.019844
vt 0.920614 0.032605
vt 0.945389 0.118698
vt 0.950737 0.118967
vt 0.950487 0.120233
vt 0.945691 0.120077
vt 0.949966 0.105228
vt 0.945425 0.116344
vt 0.943122 0.106177
vt 0.941884 0.094710
vt 0.949376 0.093785
vt 0.950633 0.116662
vt 0.949064 0.080980
vt 0.940377 0.081223
vt 0.937957 0.099588
vt 0.934476 0.087600
vt 0.931351 0.075319
vt 0.949049 0.068465
vt 0.938627 0.066722
vt 0.929027 0.063757
vt 0.949302 0.055588
vt 0.940026 0.109290
vt 0.937678 0.055430
vt 0.926792 0.077850
vt 0.930987 0.091619
vt 0.922446 0.065141
vt 0.949588 0.049756
vt 0.927803 0.052170
vt 0.919705 0.047909
vt 0.937107 0.044520
vt 0.926823 0.039658
vt 0.941024 0.113937
vt 0.950032 0.042507
vt 0.938134 0.031831
vt 0.950737 0.033123
vt 0.144641 0.045449
vt 0.151093 0.040609
vt 0.144469 0.040267
vt 0.141446 0.042708
vt 0.139624 0.049352
vt 0.138479 0.042168
vt 0.151201 0.049283
vt 0.237026 0.024431
vt 0.238557 0.019317
vt 0.237294 0.019066
vt 0.238400 0.024128
vt 0.223599 0.019840
vt 0.224544 0.026705
vt 0.234679 0.024395
vt 0.213112 0.027946
vt 0.212191 0.020431
vt 0.234997 0.019170
vt 0.199425 0.020745
vt 0.199668 0.029458
vt 0.217975 0.031886
vt 0.206025 0.035378
vt 0.193782 0.038512
vt 0.186950 0.020760
vt 0.185211 0.031214
vt 0.182256 0.040844
vt 0.174112 0.020505
vt 0.227648 0.029810
vt 0.173955 0.032166
vt 0.196305 0.043086
vt 0.210031 0.038878
vt 0.183636 0.047445
vt 0.168299 0.020219
vt 0.170705 0.042072
vt 0.166457 0.050195
vt 0.163078 0.032738
vt 0.158231 0.043055
vt 0.232280 0.028810
vt 0.161071 0.019773
vt 0.150429 0.031708
vt 0.151717 0.019066
vt 0.503879 0.181712
vt 0.496486 0.186742
vt 0.503609 0.186165
vt 0.496121 0.181712
vt 0.496707 0.188716
vt 0.278123 0.517121
vt 0.273683 0.517392
vt 0.273108 0.524536
vt 0.278123 0.524903
vt 0.271140 0.524315
vt 0.734073 0.420623
vt 0.749986 0.420524
vt 0.750603 0.418764
vt 0.734319 0.418036
vt 0.774632 0.416732
vt 0.724173 0.418940
vt 0.722653 0.416732
vt 0.554433 0.073141
vt 0.528759 0.070401
vt 0.554180 0.075566
vt 0.529548 0.068164
vt 0.571075 0.076646
vt 0.526672 0.067023
vt 0.572189 0.078988
vt 0.576507 0.073585
vt 0.578355 0.075555
vt 0.588485 0.069805
vt 0.587371 0.067463
vt 0.602822 0.062383
vt 0.602244 0.060228
vt 0.616369 0.057198
vt 0.524911 0.068224
vt 0.524050 0.063457
vt 0.525811 0.062255
vt 0.524317 0.057198
vt 0.640419 0.763035
vt 0.625769 0.766926
vt 0.623351 0.763035
vt 0.448215 0.192373
vt 0.461704 0.192607
vt 0.449770 0.188902
vt 0.442460 0.189902
vt 0.461287 0.188074
vt 0.438482 0.192080
vt 0.422420 0.186381
vt 0.467184 0.192221
vt 0.468968 0.186381
vt 0.852987 0.937354
vt 0.845621 0.942456
vt 0.843677 0.937354
vt 0.851885 0.945914
vt 0.618473 0.963035
vt 0.616183 0.952930
vt 0.612748 0.962001
vt 0.623400 0.949001
vt 0.624606 0.945360
vt 0.621737 0.940135
vt 0.638396 0.938910
vt 0.638867 0.943584
vt 0.611834 0.939784
vt 0.606825 0.961629
vt 0.602767 0.938910
vt 0.600078 0.960906
vt 0.507925 0.062911
vt 0.505601 0.072487
vt 0.500079 0.072877
vt 0.502228 0.050195
vt 0.493086 0.050473
vt 0.493214 0.073012
vt 0.482266 0.050431
vt 0.481579 0.073541
vt 0.474206 0.050195
vt 0.511198 0.072687
vt 0.514740 0.058117
vt 0.472847 0.073176
vt 0.211307 0.784825
vt 0.219683 0.789494
vt 0.220278 0.784825
vt 0.210650 0.788209
vt 0.193561 0.786156
vt 0.233126 0.787106
vt 0.939575 0.254853
vt 0.945199 0.260955
vt 0.948360 0.258412
vt 0.941022 0.252570
vt 0.950637 0.271984
vt 0.953972 0.270141
vt 0.946159 0.247411
vt 0.940303 0.245826
vt 0.922808 0.248845
vt 0.923454 0.243191
vt 0.957135 0.248193
vt 0.960280 0.269523
vt 0.955504 0.244907
vt 0.967804 0.268561
vt 0.966408 0.246353
vt 0.965781 0.243191
vt 0.258728 0.961479
vt 0.258728 0.970817
vt 0.253763 0.968612
vt 0.250194 0.962311
vt 0.651184 0.014397
vt 0.640168 0.009094
vt 0.639909 0.014367
vt 0.651271 0.009157
vt 0.653607 0.014123
vt 0.653130 0.008949
vt 0.636387 0.008949
vt 0.635764 0.013495
vt 0.682436 0.452437
vt 0.682312 0.441131
vt 0.687427 0.441330
vt 0.687516 0.452464
vt 0.682734 0.454864
vt 0.687742 0.454325
vt 0.687516 0.437537
vt 0.683102 0.436965
vt 0.266486 0.397276
vt 0.252467 0.400468
vt 0.266012 0.401167
vt 0.251746 0.397276
vt 0.446581 0.355989
vt 0.440971 0.360700
vt 0.446466 0.360692
vt 0.438802 0.354813
vt 0.458131 0.355988
vt 0.459914 0.359450
vt 0.465493 0.356476
vt 0.469609 0.358427
vt 0.485260 0.351362
vt 0.435458 0.359407
vt 0.420093 0.351362
vt 0.966223 0.963488
vt 0.968838 0.963360
vt 0.973792 0.981712
vt 0.975562 0.981330
vt 0.966082 0.954037
vt 0.962980 0.954490
vt 0.964712 0.944127
vt 0.963627 0.965141
vt 0.959174 0.955802
vt 0.960734 0.944100
vt 0.954677 0.945371
vt 0.959253 0.931674
vt 0.953064 0.932450
vt 0.959716 0.915036
vt 0.968284 0.932792
vt 0.967746 0.944697
vt 0.964461 0.931392
vt 0.970552 0.917427
vt 0.965989 0.915198
vt 0.972121 0.905637
vt 0.966394 0.901590
vt 0.958913 0.898577
vt 0.975562 0.898634
vt 0.968999 0.895878
vt 0.961185 0.889105
vt 0.968571 0.954032
vt 0.970529 0.963414
vt 0.978636 0.673088
vt 0.986205 0.654864
vt 0.981250 0.673216
vt 0.987975 0.655246
vt 0.978494 0.682539
vt 0.975392 0.682086
vt 0.977125 0.692449
vt 0.976040 0.671435
vt 0.971587 0.680774
vt 0.973147 0.692476
vt 0.967090 0.691205
vt 0.971666 0.704901
vt 0.965477 0.704126
vt 0.972129 0.721540
vt 0.980696 0.703784
vt 0.980159 0.691879
vt 0.976873 0.705184
vt 0.982965 0.719149
vt 0.978401 0.721378
vt 0.984533 0.730939
vt 0.978807 0.734986
vt 0.971326 0.737998
vt 0.987975 0.737942
vt 0.981412 0.740698
vt 0.973598 0.747471
vt 0.980983 0.682544
vt 0.982942 0.673162
vt 0.765322 0.195720
vt 0.761443 0.196854
vt 0.765322 0.208949
vt 0.012801 0.140185
vt 0.012797 0.152140
vt 0.008347 0.151996
vt 0.008354 0.138932
vt 0.012797 0.128016
vt 0.005818 0.130001
vt 0.855515 0.823591
vt 0.859965 0.823735
vt 0.859969 0.811781
vt 0.855523 0.810527
vt 0.859965 0.799611
vt 0.852987 0.801596
vt 0.551202 0.371595
vt 0.536134 0.373930
vt 0.524825 0.371595
vt 0.171382 0.365216
vt 0.183879 0.346889
vt 0.182201 0.345609
vt 0.189721 0.335777
vt 0.187922 0.335015
vt 0.195337 0.324959
vt 0.193490 0.323425
vt 0.197882 0.319421
vt 0.196948 0.316547
vt 0.169414 0.363970
vt 0.155607 0.383452
vt 0.153892 0.381726
vt 0.145621 0.392446
vt 0.144428 0.391000
vt 0.136926 0.399602
vt 0.135004 0.398175
vt 0.209077 0.323954
vt 0.126195 0.405583
vt 0.124644 0.403656
vt 0.112147 0.408652
vt 0.112191 0.410442
vt 0.099606 0.412663
vt 0.099284 0.411024
vt 0.067943 0.415519
vt 0.067310 0.413875
vt 0.050988 0.415953
vt 0.050685 0.414317
vt 0.035332 0.413377
vt 0.035012 0.415257
vt 0.026315 0.415208
vt 0.027713 0.412435
vt 0.024619 0.411948
vt 0.021165 0.414222
vt 0.022126 0.411160
vt 0.019007 0.412294
vt 0.086448 0.375505
vt 0.090333 0.374375
vt 0.142789 0.356986
vt 0.094495 0.342125
vt 0.149379 0.356569
vt 0.153718 0.306820
vt 0.158929 0.305732
vt 0.155255 0.299258
vt 0.124514 0.383532
vt 0.132613 0.380628
vt 0.141843 0.355929
vt 0.116898 0.386009
vt 0.116966 0.388588
vt 0.097165 0.398995
vt 0.057431 0.400536
vt 0.061348 0.383270
vt 0.044133 0.398730
vt 0.039089 0.404789
vt 0.029773 0.405012
vt 0.109066 0.400957
vt 0.130344 0.388771
vt 0.121343 0.395778
vt 0.056301 0.405499
vt 0.096563 0.404849
vt 0.155725 0.364596
vt 0.047595 0.389390
vt 0.036934 0.398167
vt 0.170595 0.341239
vt 0.163743 0.333943
vt 0.143999 0.328707
vt 0.113545 0.324857
vt 0.149537 0.320637
vt 0.117195 0.314694
vt 0.104831 0.313084
vt 0.170977 0.311162
vt 0.099900 0.317991
vt 0.095522 0.334215
vt 0.085238 0.316838
vt 0.083660 0.314192
vt 0.086159 0.320778
vt 0.076726 0.358752
vt 0.059658 0.377779
vt 0.177435 0.324382
vt 0.163793 0.291438
vt 0.175584 0.303797
vt 0.179449 0.291729
vt 0.192903 0.275876
vt 0.061103 0.314602
vt 0.061065 0.310338
vt 0.043501 0.306051
vt 0.055718 0.293802
vt 0.069501 0.301419
vt 0.037849 0.286149
vt 0.037492 0.304093
vt 0.038597 0.277155
vt 0.041766 0.275876
vt 0.037847 0.309314
vt 0.044174 0.310042
vt 0.037154 0.313125
vt 0.046979 0.408361
vt 0.034205 0.408535
vt 0.066491 0.409354
vt 0.026785 0.408765
vt 0.139101 0.381156
vt 0.588131 0.043460
vt 0.586971 0.037997
vt 0.578946 0.021961
vt 0.581467 0.021401
vt 0.593071 0.048778
vt 0.590613 0.050255
vt 0.599302 0.054664
vt 0.583847 0.021456
vt 0.595729 0.056484
vt 0.540203 0.040108
vt 0.527151 0.021836
vt 0.526608 0.042652
vt 0.540445 0.022095
vt 0.516478 0.039524
vt 0.516989 0.021641
vt 0.540115 0.048388
vt 0.514808 0.041838
vt 0.505792 0.033590
vt 0.505953 0.021485
vt 0.503879 0.021456
vt 0.553659 0.040221
vt 0.553071 0.022186
vt 0.553588 0.047297
vt 0.509364 0.039632
vt 0.525775 0.048335
vt 0.554336 0.054403
vt 0.540611 0.055076
vt 0.555413 0.061090
vt 0.516467 0.046522
vt 0.045569 0.018070
vt 0.037544 0.034106
vt 0.036384 0.039569
vt 0.043048 0.017510
vt 0.031444 0.044887
vt 0.033902 0.046364
vt 0.025213 0.050773
vt 0.040668 0.017565
vt 0.028787 0.052593
vt 0.084312 0.036217
vt 0.097907 0.038761
vt 0.097364 0.017945
vt 0.084070 0.018204
vt 0.108037 0.035633
vt 0.107527 0.017750
vt 0.084401 0.044497
vt 0.109707 0.037947
vt 0.118723 0.029699
vt 0.118562 0.017594
vt 0.120636 0.017565
vt 0.070856 0.036330
vt 0.071444 0.018295
vt 0.070927 0.043405
vt 0.115152 0.035741
vt 0.098740 0.044444
vt 0.070179 0.050512
vt 0.083904 0.051185
vt 0.069103 0.057198
vt 0.108048 0.042631
vt 0.746523 0.085913
vt 0.760639 0.086563
vt 0.758245 0.084233
vt 0.746185 0.089047
vt 0.736562 0.088755
vt 0.736802 0.086289
vt 0.704070 0.080318
vt 0.764849 0.080719
vt 0.692475 0.081532
vt 0.704489 0.078210
vt 0.691563 0.079538
vt 0.692537 0.088055
vt 0.715353 0.108607
vt 0.693053 0.083561
vt 0.690846 0.086364
vt 0.729694 0.104374
vt 0.692682 0.093136
vt 0.693000 0.091765
vt 0.720037 0.112476
vt 0.722752 0.115564
vt 0.741065 0.112570
vt 0.758418 0.102117
vt 0.769287 0.099047
vt 0.767123 0.083621
vt 0.775266 0.094727
vt 0.777735 0.078210
vt 0.849884 0.730671
vt 0.850590 0.739005
vt 0.855314 0.731640
vt 0.853542 0.739689
vt 0.855314 0.714008
vt 0.224299 0.185210
vt 0.224593 0.204280
vt 0.223041 0.185156
vt 0.223335 0.204226
vt 0.223335 0.166926
vt 0.224593 0.166980
vt 0.734674 0.200684
vt 0.734620 0.201946
vt 0.753685 0.200389
vt 0.753631 0.201651
vt 0.716447 0.201651
vt 0.716501 0.200389
vt 0.108690 0.503113
vt 0.100465 0.505453
vt 0.101479 0.508479
vt 0.109802 0.508560
vt 0.126843 0.503113
vt 0.754681 0.390556
vt 0.752269 0.395715
vt 0.747417 0.403128
vt 0.745302 0.401016
vt 0.799697 0.289585
vt 0.796545 0.281234
vt 0.801367 0.277569
vt 0.794527 0.290399
vt 0.793311 0.300294
vt 0.766497 0.286098
vt 0.767358 0.297062
vt 0.766176 0.276454
vt 0.751179 0.278786
vt 0.797193 0.264136
vt 0.766331 0.267939
vt 0.769645 0.261367
vt 0.746966 0.260160
vt 0.752799 0.290220
vt 0.748217 0.285286
vt 0.789181 0.313095
vt 0.755477 0.301511
vt 0.768179 0.308106
vt 0.769860 0.259194
vt 0.798302 0.262573
vt 0.745097 0.257198
vt 0.789347 0.323497
vt 0.771844 0.322813
vt 0.758881 0.315186
vt 0.794810 0.319908
vt 0.798759 0.304232
vt 0.750127 0.301531
vt 0.804112 0.265582
vt 0.790508 0.338306
vt 0.778437 0.388974
vt 0.767429 0.392519
vt 0.770796 0.375099
vt 0.770838 0.402284
vt 0.762474 0.376621
vt 0.777726 0.373536
vt 0.780710 0.403109
vt 0.770727 0.358048
vt 0.778475 0.415706
vt 0.753012 0.316131
vt 0.768368 0.338970
vt 0.778500 0.357057
vt 0.785694 0.402389
vt 0.784129 0.387331
vt 0.779422 0.344513
vt 0.785263 0.369823
vt 0.789702 0.420373
vt 0.786963 0.353839
vt 0.793912 0.418673
vt 0.804112 0.437743
vt 0.789812 0.403055
vt 0.789282 0.387582
vt 0.791205 0.368733
vt 0.793734 0.351976
vt 0.757521 0.396123
vt 0.755529 0.394129
vt 0.748292 0.344538
vt 0.744564 0.327911
vt 0.719777 0.359570
vt 0.707468 0.350682
vt 0.714055 0.357610
vt 0.711069 0.362207
vt 0.704810 0.342513
vt 0.745652 0.313571
vt 0.735059 0.315348
vt 0.722643 0.320166
vt 0.888969 0.994163
vt 0.870789 0.994230
vt 0.889009 0.995653
vt 0.870829 0.995719
vt 0.839023 0.995650
vt 0.904189 0.995720
vt 0.904150 0.994230
vt 0.344545 0.000389
vt 0.344506 0.001878
vt 0.362725 0.000456
vt 0.362686 0.001945
vt 0.394492 0.001876
vt 0.329325 0.001945
vt 0.329365 0.000456
vt 0.396043 0.577043
vt 0.396043 0.569261
vt 0.389837 0.570563
vt 0.390102 0.576994
vt 0.216059 0.377043
vt 0.222518 0.383268
vt 0.223817 0.377043
vt 0.216107 0.383002
vt 0.848109 0.483730
vt 0.849884 0.475097
vt 0.843677 0.479736
vt 0.849884 0.487549
vt 0.337859 0.205837
vt 0.341666 0.207617
vt 0.350272 0.205837
vt 0.345647 0.212062
vt 0.943337 0.403951
vt 0.927685 0.405065
vt 0.943638 0.406770
vt 0.928310 0.407054
vt 0.904418 0.404619
vt 0.953236 0.405162
vt 0.954619 0.402724
vt 0.903413 0.402724
vt 0.943181 0.408171
vt 0.953504 0.407550
vt 0.955299 0.406712
vt 0.956943 0.405557
vt 0.745353 0.697106
vt 0.743045 0.704421
vt 0.748936 0.703084
vt 0.741545 0.695643
vt 0.750415 0.692999
vt 0.742490 0.687763
vt 0.749923 0.683457
vt 0.737302 0.688991
vt 0.744793 0.677683
vt 0.738435 0.679951
vt 0.751358 0.674157
vt 0.751358 0.704669
vt 0.736618 0.674491
vt 0.745109 0.671206
vt 0.640620 0.585822
vt 0.644204 0.591799
vt 0.638313 0.593137
vt 0.636812 0.584359
vt 0.645683 0.581715
vt 0.637758 0.576479
vt 0.645190 0.572173
vt 0.632570 0.577707
vt 0.640061 0.566399
vt 0.633703 0.568666
vt 0.646625 0.562873
vt 0.646625 0.593385
vt 0.631885 0.563207
vt 0.640377 0.559922
vt 0.604087 0.271302
vt 0.614260 0.271613
vt 0.614600 0.269650
vt 0.623145 0.270411
vt 0.604549 0.273035
vt 0.595035 0.275140
vt 0.594161 0.273088
vt 0.583769 0.278774
vt 0.582671 0.277155
vt 0.572582 0.283579
vt 0.572021 0.282238
vt 0.562095 0.287457
vt 0.563398 0.288790
vt 0.551239 0.293886
vt 0.552283 0.296206
vt 0.538014 0.302946
vt 0.543430 0.304853
vt 0.548591 0.315068
vt 0.560452 0.308083
vt 0.553961 0.327109
vt 0.566887 0.314863
vt 0.571169 0.301549
vt 0.579200 0.296283
vt 0.576908 0.309161
vt 0.584825 0.303803
vt 0.593841 0.300045
vt 0.589407 0.291938
vt 0.602490 0.297322
vt 0.600105 0.288599
vt 0.608003 0.287051
vt 0.609903 0.295739
vt 0.618082 0.294372
vt 0.625348 0.292237
vt 0.623495 0.270808
vt 0.633562 0.290883
vt 0.632600 0.270268
vt 0.657141 0.289884
vt 0.679681 0.269650
vt 0.679255 0.289824
vt 0.625169 0.294705
vt 0.634709 0.293856
vt 0.541029 0.304645
vt 0.676350 0.292395
vt 0.691174 0.291087
vt 0.692201 0.270046
vt 0.703231 0.270642
vt 0.702074 0.291476
vt 0.623990 0.306382
vt 0.633774 0.304832
vt 0.632806 0.297482
vt 0.696584 0.297307
vt 0.615776 0.297843
vt 0.614495 0.310318
vt 0.600857 0.300562
vt 0.586571 0.306154
vt 0.577463 0.312576
vt 0.601806 0.321198
vt 0.588720 0.336709
vt 0.575916 0.345349
vt 0.557547 0.329624
vt 0.567593 0.317931
vt 0.572782 0.345619
vt 0.700313 0.300112
vt 0.705841 0.293360
vt 0.707137 0.300169
vt 0.697028 0.350943
vt 0.691283 0.365142
vt 0.692622 0.345745
vt 0.685343 0.357792
vt 0.686211 0.375387
vt 0.672438 0.371944
vt 0.671804 0.384670
vt 0.653797 0.383481
vt 0.656515 0.396558
vt 0.639489 0.398833
vt 0.926782 0.135019
vt 0.942109 0.133463
vt 0.942203 0.135019
vt 0.926687 0.133463
vt 0.667477 0.141245
vt 0.652150 0.139689
vt 0.667572 0.139689
vt 0.652056 0.141245
vt 0.904422 0.566548
vt 0.913999 0.573700
vt 0.912142 0.576202
vt 0.881412 0.557449
vt 0.878023 0.560802
vt 0.875273 0.558545
vt 0.879015 0.553690
vt 0.885332 0.556838
vt 0.884963 0.552918
vt 0.898044 0.561614
vt 0.898507 0.557929
vt 0.905385 0.567749
vt 0.906641 0.564362
vt 0.884393 0.567017
vt 0.890811 0.564868
vt 0.892347 0.572666
vt 0.898531 0.571357
vt 0.898347 0.580809
vt 0.904534 0.579273
vt 0.903821 0.592215
vt 0.910585 0.590708
vt 0.918864 0.588523
vt 0.875512 0.576643
vt 0.908424 0.606155
vt 0.914414 0.603616
vt 0.922632 0.601855
vt 0.909945 0.622572
vt 0.914581 0.621847
vt 0.920281 0.621636
vt 0.914250 0.640728
vt 0.918514 0.640921
vt 0.924994 0.646458
vt 0.922177 0.641684
vt 0.925750 0.622720
vt 0.922925 0.621855
vt 0.929015 0.598826
vt 0.925530 0.600524
vt 0.917472 0.655235
vt 0.921557 0.585863
vt 0.921164 0.574403
vt 0.896722 0.610701
vt 0.891343 0.597519
vt 0.897574 0.594033
vt 0.902403 0.607148
vt 0.891969 0.582934
vt 0.886278 0.586017
vt 0.887052 0.574267
vt 0.881929 0.576166
vt 0.879450 0.569315
vt 0.885989 0.602209
vt 0.880554 0.590548
vt 0.877508 0.578911
vt 0.873933 0.594494
vt 0.891761 0.614419
vt 0.905114 0.623012
vt 0.900657 0.626336
vt 0.876476 0.593295
vt 0.879175 0.608398
vt 0.886602 0.617042
vt 0.907680 0.637501
vt 0.892767 0.626611
vt 0.884228 0.623139
vt 0.880373 0.625945
vt 0.886994 0.638148
vt 0.892036 0.635226
vt 0.898832 0.635205
vt 0.897046 0.647885
vt 0.912055 0.650804
vt 0.914467 0.658571
vt 0.911463 0.640479
vt 0.910533 0.645310
vt 0.875960 0.610465
vt 0.917686 0.664202
vt 0.929015 0.661434
vt 0.258728 0.471206
vt 0.267261 0.471206
vt 0.266448 0.475875
vt 0.130402 0.614397
vt 0.128394 0.606615
vt 0.133049 0.606615
vt 0.526377 0.984047
vt 0.520936 0.986381
vt 0.508534 0.984047
vt 0.447246 0.076654
vt 0.463814 0.077643
vt 0.463779 0.076864
vt 0.447316 0.078210
vt 0.475950 0.077432
vt 0.475916 0.076654
vt 0.880140 0.273541
vt 0.880797 0.256953
vt 0.881573 0.256930
vt 0.881691 0.273494
vt 0.881691 0.244747
vt 0.880915 0.244770
vt 0.290960 0.963668
vt 0.287014 0.960288
vt 0.278448 0.959188
vt 0.279193 0.957476
vt 0.270066 0.954043
vt 0.294964 0.961670
vt 0.307824 0.966513
vt 0.304582 0.962910
vt 0.299979 0.967092
vt 0.306493 0.969261
vt 0.281935 0.948799
vt 0.273127 0.946820
vt 0.272689 0.950525
vt 0.280833 0.953608
vt 0.264320 0.947217
vt 0.264671 0.944062
vt 0.251772 0.940442
vt 0.260413 0.949112
vt 0.288851 0.956004
vt 0.290643 0.950637
vt 0.296410 0.957241
vt 0.298274 0.951790
vt 0.292351 0.937189
vt 0.283174 0.937146
vt 0.274436 0.936942
vt 0.265037 0.936541
vt 0.251790 0.935798
vt 0.250060 0.937503
vt 0.249418 0.940370
vt 0.250440 0.943304
vt 0.299819 0.937098
vt 0.305656 0.958086
vt 0.306987 0.952127
vt 0.307812 0.936880
vt 0.313365 0.963921
vt 0.314539 0.958890
vt 0.315910 0.952956
vt 0.317075 0.936541
vt 0.326825 0.960077
vt 0.327421 0.953674
vt 0.327675 0.936164
vt 0.325959 0.965702
vt 0.339851 0.960886
vt 0.340145 0.954467
vt 0.340342 0.935798
vt 0.356478 0.962219
vt 0.355985 0.955234
vt 0.942348 0.313656
vt 0.946814 0.301104
vt 0.945717 0.309697
vt 0.948521 0.301852
vt 0.951943 0.292697
vt 0.944340 0.317672
vt 0.939512 0.330572
vt 0.943104 0.327320
vt 0.936773 0.329237
vt 0.938935 0.322703
vt 0.957171 0.304602
vt 0.955450 0.295327
vt 0.959144 0.295767
vt 0.952377 0.303497
vt 0.958748 0.286932
vt 0.961893 0.287284
vt 0.965502 0.274346
vt 0.956859 0.283013
vt 0.949988 0.311540
vt 0.955339 0.313337
vt 0.948755 0.319123
vt 0.954189 0.320992
vt 0.968745 0.315051
vt 0.968787 0.305845
vt 0.968992 0.297080
vt 0.969391 0.287652
vt 0.970132 0.274364
vt 0.968432 0.272629
vt 0.965574 0.271984
vt 0.962649 0.273009
vt 0.968836 0.322542
vt 0.947913 0.328397
vt 0.953853 0.329732
vt 0.969053 0.330560
vt 0.942096 0.336130
vt 0.947111 0.337308
vt 0.953027 0.338684
vt 0.969391 0.339852
vt 0.945928 0.349632
vt 0.952311 0.350230
vt 0.969767 0.350485
vt 0.940321 0.348764
vt 0.945122 0.362699
vt 0.951520 0.362994
vt 0.970132 0.363191
vt 0.943793 0.379377
vt 0.950756 0.378883
vt 0.372087 0.622179
vt 0.387463 0.620623
vt 0.387510 0.621401
vt 0.371994 0.620623
vt 0.409915 0.908560
vt 0.394492 0.907782
vt 0.394538 0.907004
vt 0.410008 0.907004
vt 0.612469 0.048818
vt 0.615204 0.053075
vt 0.618301 0.048638
vt 0.611714 0.052932
vt 0.636008 0.063167
vt 0.651348 0.067099
vt 0.652247 0.062480
vt 0.638880 0.058063
vt 0.667001 0.069470
vt 0.667996 0.064871
vt 0.679103 0.062492
vt 0.666793 0.078210
vt 0.687594 0.074552
vt 0.690570 0.062980
vt 0.733514 0.056838
vt 0.715206 0.048638
vt 0.732945 0.049491
vt 0.917378 0.993851
vt 0.921964 0.987757
vt 0.922033 0.982490
vt 0.920945 0.991163
vt 0.922033 0.999611
vt 0.040946 0.345721
vt 0.046160 0.352918
vt 0.038952 0.347023
vt 0.034519 0.338829
vt 0.033894 0.343694
vt 0.029237 0.336774
vt 0.027323 0.328388
vt 0.030552 0.329622
vt 0.023542 0.316523
vt 0.038587 0.338182
vt 0.023474 0.322226
vt 0.018692 0.312208
vt 0.015843 0.300268
vt 0.024665 0.303939
vt 0.017847 0.288646
vt 0.024064 0.281526
vt 0.017502 0.259824
vt 0.025566 0.246087
vt 0.017943 0.234335
vt 0.029675 0.212512
vt 0.019306 0.213303
vt 0.021707 0.204730
vt 0.034885 0.203590
vt 0.004600 0.210067
vt 0.005051 0.222138
vt 0.011010 0.267734
vt 0.020645 0.202454
vt 0.003491 0.207127
vt 0.034361 0.201465
vt 0.034359 0.199715
vt 0.045563 0.201257
vt 0.046160 0.199611
vt 0.920256 0.120681
vt 0.927463 0.114786
vt 0.922249 0.121983
vt 0.915822 0.128875
vt 0.915198 0.124010
vt 0.910540 0.130930
vt 0.908626 0.139316
vt 0.911855 0.138082
vt 0.904845 0.151181
vt 0.919891 0.129523
vt 0.904777 0.145479
vt 0.899995 0.155497
vt 0.897146 0.167436
vt 0.905968 0.163765
vt 0.899150 0.179058
vt 0.905367 0.186179
vt 0.898805 0.207881
vt 0.906870 0.221618
vt 0.899247 0.233369
vt 0.910978 0.255193
vt 0.900610 0.254401
vt 0.903011 0.262974
vt 0.916189 0.264114
vt 0.885904 0.257638
vt 0.886354 0.245566
vt 0.892313 0.199971
vt 0.901949 0.265250
vt 0.884794 0.260578
vt 0.915665 0.266239
vt 0.915663 0.267990
vt 0.926866 0.266447
vt 0.927463 0.268093
vt 0.839798 0.936576
vt 0.839798 0.896109
vt 0.839023 0.936567
vt 0.935221 0.570817
vt 0.934445 0.570826
vt 0.935221 0.611284
vt 0.515710 0.170385
vt 0.517555 0.172374
vt 0.527291 0.169638
vt 0.509904 0.171847
vt 0.506348 0.167657
vt 0.525384 0.167893
vt 0.515387 0.167912
vt 0.538517 0.162705
vt 0.539022 0.164458
vt 0.550409 0.161297
vt 0.551153 0.159144
vt 0.506854 0.165922
vt 0.499891 0.163970
vt 0.497917 0.166280
vt 0.493018 0.159144
vt 0.525261 0.165880
vt 0.554306 0.164336
vt 0.504122 0.169485
vt 0.679639 0.557004
vt 0.680384 0.568621
vt 0.677657 0.558855
vt 0.678182 0.551180
vt 0.682359 0.547613
vt 0.682123 0.566708
vt 0.682104 0.556680
vt 0.687296 0.579882
vt 0.685548 0.580388
vt 0.688699 0.591811
vt 0.690846 0.592557
vt 0.684089 0.548121
vt 0.686034 0.541135
vt 0.683731 0.539156
vt 0.690846 0.534241
vt 0.684131 0.566584
vt 0.685669 0.595720
vt 0.680537 0.545380
vt 0.007392 0.398833
vt 0.022886 0.394942
vt 0.022208 0.396900
vt 0.007370 0.394942
vt 0.267284 0.331128
vt 0.282099 0.329196
vt 0.282777 0.327237
vt 0.267261 0.327237
vt 0.351649 0.103812
vt 0.353782 0.096887
vt 0.357027 0.096972
vt 0.356321 0.107395
vt 0.359737 0.109373
vt 0.353532 0.134426
vt 0.352870 0.125284
vt 0.359954 0.125315
vt 0.362257 0.134726
vt 0.341311 0.133438
vt 0.342908 0.124594
vt 0.352783 0.116369
vt 0.344624 0.115375
vt 0.357685 0.115711
vt 0.346443 0.105857
vt 0.361587 0.145629
vt 0.339725 0.142543
vt 0.350688 0.154319
vt 0.366162 0.145136
vt 0.360441 0.156637
vt 0.366573 0.155912
vt 0.365569 0.161651
vt 0.337913 0.152312
vt 0.363906 0.125302
vt 0.356729 0.111709
vt 0.350473 0.103632
vt 0.346833 0.103787
vt 0.361080 0.114854
vt 0.366814 0.135269
vt 0.368891 0.164591
vt 0.361628 0.160550
vt 0.368891 0.148455
vt 0.337859 0.154131
vt 0.676225 0.114339
vt 0.683863 0.118426
vt 0.683393 0.115224
vt 0.673502 0.119556
vt 0.672141 0.123257
vt 0.654317 0.109391
vt 0.655340 0.119295
vt 0.664082 0.117650
vt 0.663666 0.109462
vt 0.645358 0.109371
vt 0.646474 0.121546
vt 0.656518 0.126258
vt 0.647668 0.130166
vt 0.665565 0.122350
vt 0.673327 0.109584
vt 0.636847 0.131415
vt 0.636145 0.109408
vt 0.626452 0.122235
vt 0.638111 0.135821
vt 0.625842 0.132218
vt 0.627601 0.138109
vt 0.621800 0.138132
vt 0.626241 0.109339
vt 0.657205 0.130137
vt 0.669333 0.120711
vt 0.676201 0.113153
vt 0.675427 0.109604
vt 0.666986 0.125535
vt 0.647913 0.134736
vt 0.622201 0.134069
vt 0.624446 0.109604
vt 0.509310 0.505448
vt 0.517067 0.505448
vt 0.510330 0.508453
vt 0.516566 0.508560
vt 0.470520 0.492218
vt 0.467524 0.491194
vt 0.470520 0.484436
vt 0.467417 0.484939
vt 0.023662 0.745832
vt 0.020973 0.747471
vt 0.019783 0.739571
vt 0.023662 0.732685
vt 0.320420 0.226887
vt 0.323895 0.212062
vt 0.321973 0.226904
vt 0.319240 0.242762
vt 0.321293 0.242564
vt 0.323895 0.254864
vt 0.028317 0.869650
vt 0.023215 0.869650
vt 0.022886 0.874319
vt 0.028095 0.873996
vt 0.906517 0.938910
vt 0.901086 0.943580
vt 0.901415 0.938910
vt 0.906295 0.943257
vt 0.058431 0.684206
vt 0.055528 0.685914
vt 0.057192 0.678797
vt 0.016635 0.567382
vt 0.019920 0.579189
vt 0.013704 0.581943
vt 0.016243 0.597820
vt 0.021389 0.566914
vt 0.011787 0.597961
vt 0.009844 0.629074
vt 0.018477 0.560256
vt 0.022040 0.559886
vt 0.021392 0.588544
vt 0.016190 0.627468
vt 0.009834 0.641624
vt 0.017911 0.640265
vt 0.024405 0.572068
vt 0.011466 0.654574
vt 0.025239 0.563088
vt 0.019921 0.653601
vt 0.013389 0.665840
vt 0.024969 0.558683
vt 0.023853 0.664562
vt 0.016727 0.677042
vt 0.020532 0.558480
vt 0.032765 0.657931
vt 0.034328 0.666362
vt 0.046677 0.625919
vt 0.031420 0.650119
vt 0.028867 0.649803
vt 0.046007 0.622009
vt 0.021708 0.628976
vt 0.026006 0.590319
vt 0.042071 0.596592
vt 0.077192 0.634423
vt 0.029660 0.577710
vt 0.047234 0.746690
vt 0.055400 0.761916
vt 0.044636 0.747998
vt 0.030454 0.721403
vt 0.057362 0.759966
vt 0.067209 0.774874
vt 0.070319 0.773248
vt 0.072857 0.781583
vt 0.077192 0.782181
vt 0.033103 0.719822
vt 0.018521 0.692891
vt 0.021360 0.691972
vt 0.014766 0.677578
vt 0.011445 0.667130
vt 0.059863 0.793385
vt 0.009252 0.655486
vt 0.008146 0.641294
vt 0.008238 0.629117
vt 0.010121 0.598333
vt 0.012097 0.582010
vt 0.014892 0.566837
vt 0.016010 0.558621
vt 0.019218 0.557380
vt 0.017496 0.553940
vt 0.020236 0.555171
vt 0.019526 0.552140
vt 0.230672 0.211469
vt 0.232333 0.219946
vt 0.233840 0.217917
vt 0.229029 0.212742
vt 0.238297 0.224397
vt 0.238192 0.226825
vt 0.350665 0.188091
vt 0.360001 0.190621
vt 0.361309 0.185896
vt 0.351640 0.182653
vt 0.340497 0.186862
vt 0.340307 0.179808
vt 0.328012 0.188046
vt 0.327417 0.180307
vt 0.312114 0.191895
vt 0.309958 0.183315
vt 0.361991 0.177628
vt 0.347464 0.174826
vt 0.327061 0.172250
vt 0.373259 0.187404
vt 0.377650 0.196510
vt 0.304975 0.176984
vt 0.289585 0.190828
vt 0.271977 0.192064
vt 0.274387 0.202130
vt 0.270347 0.185374
vt 0.239378 0.202133
vt 0.237906 0.194371
vt 0.339976 0.170176
vt 0.352475 0.170657
vt 0.258892 0.209711
vt 0.241314 0.209776
vt 0.310761 0.169277
vt 0.229144 0.200632
vt 0.370315 0.178227
vt 0.228584 0.187873
vt 0.324682 0.165628
vt 0.282023 0.174811
vt 0.376353 0.184457
vt 0.257467 0.179721
vt 0.237230 0.184039
vt 0.381079 0.194980
vt 0.361596 0.172101
vt 0.270795 0.211362
vt 0.284092 0.207776
vt 0.278339 0.213924
vt 0.287073 0.218080
vt 0.281139 0.222731
vt 0.292083 0.229018
vt 0.292175 0.237059
vt 0.272197 0.217507
vt 0.285021 0.236325
vt 0.263167 0.215745
vt 0.300881 0.238628
vt 0.299325 0.245079
vt 0.291118 0.243091
vt 0.290118 0.204111
vt 0.291873 0.211667
vt 0.294899 0.219730
vt 0.306341 0.243885
vt 0.272313 0.223203
vt 0.296432 0.196662
vt 0.252972 0.214277
vt 0.384606 0.204074
vt 0.386461 0.201627
vt 0.305372 0.251729
vt 0.309971 0.249756
vt 0.297936 0.228157
vt 0.245529 0.216209
vt 0.299209 0.208322
vt 0.303009 0.203636
vt 0.298441 0.214766
vt 0.377412 0.199413
vt 0.304094 0.235488
vt 0.314267 0.198660
vt 0.227051 0.200744
vt 0.226920 0.187595
vt 0.339540 0.165370
vt 0.232117 0.169642
vt 0.329006 0.193974
vt 0.340878 0.192106
vt 0.243113 0.165370
vt 0.309262 0.253307
vt 0.386734 0.203615
vt 0.383127 0.192570
vt 0.804649 0.490942
vt 0.798663 0.493620
vt 0.796894 0.492140
vt 0.803520 0.489373
vt 0.792681 0.497119
vt 0.790675 0.497189
vt 0.793225 0.507274
vt 0.789841 0.501407
vt 0.799230 0.504753
vt 0.805705 0.501112
vt 0.786063 0.510784
vt 0.800616 0.512374
vt 0.833132 0.603891
vt 0.829648 0.616789
vt 0.825245 0.603878
vt 0.823366 0.615483
vt 0.825734 0.628253
vt 0.820047 0.626675
vt 0.824544 0.589972
vt 0.832910 0.589608
vt 0.821272 0.572820
vt 0.830262 0.570898
vt 0.835519 0.628977
vt 0.838635 0.612026
vt 0.841588 0.589351
vt 0.824163 0.642788
vt 0.813232 0.648460
vt 0.836913 0.565835
vt 0.823228 0.549797
vt 0.822246 0.532088
vt 0.812201 0.534371
vt 0.828962 0.530569
vt 0.813198 0.499496
vt 0.820763 0.498226
vt 0.843811 0.603644
vt 0.843419 0.617737
vt 0.804921 0.518585
vt 0.844824 0.571951
vt 0.814861 0.489670
vt 0.835031 0.638950
vt 0.827151 0.489178
vt 0.848710 0.586793
vt 0.839372 0.542488
vt 0.827825 0.646440
vt 0.834802 0.517809
vt 0.830834 0.497695
vt 0.815264 0.652665
vt 0.841969 0.628395
vt 0.802896 0.530748
vt 0.806628 0.544025
vt 0.800502 0.538503
vt 0.797036 0.547142
vt 0.792204 0.541965
vt 0.787961 0.552661
vt 0.781297 0.553804
vt 0.796398 0.532336
vt 0.781026 0.547763
vt 0.798492 0.522716
vt 0.780693 0.561227
vt 0.775412 0.560065
vt 0.776464 0.553545
vt 0.810105 0.549972
vt 0.802929 0.551344
vt 0.796096 0.554232
vt 0.776074 0.565844
vt 0.790185 0.533239
vt 0.817182 0.556520
vt 0.804155 0.657588
vt 0.807322 0.659801
vt 0.769771 0.564344
vt 0.770641 0.568333
vt 0.789265 0.557598
vt 0.772300 0.558427
vt 0.805586 0.558652
vt 0.809855 0.562774
vt 0.799492 0.557444
vt 0.809646 0.648272
vt 0.783320 0.564071
vt 0.814775 0.487661
vt 0.827428 0.487549
vt 0.814125 0.574679
vt 0.849108 0.603124
vt 0.845013 0.492731
vt 0.818089 0.590716
vt 0.819364 0.604028
vt 0.776253 0.541847
vt 0.783831 0.527151
vt 0.849108 0.503732
vt 0.767626 0.566978
vt 0.804831 0.660311
vt 0.818320 0.655081
vt 0.818048 0.615063
vt 0.815602 0.625892
vt 0.807363 0.647793
vt 0.792430 0.525466
vt 0.784270 0.520924
vt 0.773118 0.519355
vt 0.792605 0.514983
vt 0.776823 0.513942
vt 0.782309 0.508688
vt 0.783598 0.507816
vt 0.771221 0.538802
vt 0.767751 0.548234
vt 0.765454 0.557171
vt 0.764256 0.563757
vt 0.762995 0.565363
vt 0.522498 0.250973
vt 0.519642 0.253307
vt 0.511637 0.250973
vt 0.025989 0.391829
vt 0.036850 0.391829
vt 0.028846 0.394163
vt 0.105316 0.811284
vt 0.094259 0.808949
vt 0.105896 0.808949
vt 0.668928 0.233074
vt 0.668348 0.230739
vt 0.679985 0.230739
vt 0.544220 0.326459
vt 0.542669 0.329529
vt 0.544220 0.338911
vt 0.657486 0.205058
vt 0.717223 0.205058
vt 0.661543 0.205837
vt 0.172614 0.378599
vt 0.172614 0.375486
vt 0.167184 0.378023
vt 0.939100 0.372374
vt 0.938525 0.377821
vt 0.935997 0.372374
vt 0.562064 0.261998
vt 0.557409 0.264715
vt 0.557682 0.261090
vt 0.562064 0.268093
vt 0.675380 0.225292
vt 0.668348 0.222957
vt 0.676105 0.222957
vt 0.882467 0.648638
vt 0.882467 0.640856
vt 0.880140 0.647910
vt 0.199863 0.505244
vt 0.198893 0.501493
vt 0.196524 0.502630
vt 0.198343 0.507142
vt 0.203228 0.507220
vt 0.201827 0.510674
vt 0.207109 0.507535
vt 0.206483 0.511630
vt 0.198372 0.528046
vt 0.190777 0.525961
vt 0.177743 0.541342
vt 0.159250 0.548826
vt 0.162120 0.554870
vt 0.146125 0.562202
vt 0.124572 0.566942
vt 0.167763 0.536983
vt 0.191729 0.516029
vt 0.148435 0.547257
vt 0.123657 0.562001
vt 0.100147 0.567794
vt 0.109155 0.572022
vt 0.092464 0.571449
vt 0.080895 0.566247
vt 0.095010 0.562092
vt 0.111253 0.561050
vt 0.132052 0.551741
vt 0.159906 0.534580
vt 0.176325 0.525598
vt 0.077151 0.561130
vt 0.065433 0.562220
vt 0.061501 0.557095
vt 0.143436 0.540963
vt 0.131066 0.542181
vt 0.052306 0.556991
vt 0.044259 0.549909
vt 0.039786 0.550859
vt 0.029600 0.541172
vt 0.124541 0.545981
vt 0.120911 0.540247
vt 0.110845 0.537935
vt 0.123146 0.551179
vt 0.029120 0.544275
vt 0.188250 0.511469
vt 0.114199 0.533446
vt 0.108007 0.530559
vt 0.100477 0.531547
vt 0.096913 0.521634
vt 0.088037 0.514861
vt 0.092882 0.525328
vt 0.122583 0.535983
vt 0.071242 0.567390
vt 0.171938 0.520545
vt 0.131660 0.535527
vt 0.089756 0.512045
vt 0.082624 0.500000
vt 0.084799 0.511912
vt 0.109615 0.556172
vt 0.025582 0.540641
vt 0.144032 0.532724
vt 0.080554 0.569457
vt 0.157138 0.528014
vt 0.062122 0.553251
vt 0.046557 0.547546
vt 0.034564 0.541746
vt 0.077773 0.556080
vt 0.062093 0.564326
vt 0.034139 0.549545
vt 0.106912 0.538377
vt 0.043741 0.555899
vt 0.094359 0.556099
vt 0.086854 0.516907
vt 0.120295 0.546757
vt 0.128682 0.569152
vt 0.210148 0.520187
vt 0.214290 0.511088
vt 0.221497 0.518818
vt 0.207855 0.531284
vt 0.203819 0.570052
vt 0.197477 0.573686
vt 0.194815 0.591031
vt 0.200691 0.541467
vt 0.198169 0.540245
vt 0.202322 0.588121
vt 0.206467 0.579915
vt 0.213630 0.562984
vt 0.223749 0.534197
vt 0.225659 0.510490
vt 0.230747 0.520975
vt 0.194717 0.597945
vt 0.184463 0.606314
vt 0.181149 0.603297
vt 0.172592 0.613114
vt 0.238493 0.513015
vt 0.190915 0.586008
vt 0.190892 0.604903
vt 0.193703 0.540509
vt 0.116097 0.543399
vt 0.052173 0.560732
vt 0.232616 0.505208
vt 0.174837 0.616289
vt 0.166028 0.619563
vt 0.247142 0.506224
vt 0.160010 0.618138
vt 0.218107 0.507215
vt 0.182563 0.611379
vt 0.260279 0.500000
vt 0.155947 0.622957
vt 0.198960 0.597815
vt 0.193614 0.549616
vt 0.190769 0.550281
vt 0.152750 0.619828
vt 0.141376 0.622702
vt 0.142871 0.619497
vt 0.151836 0.566632
vt 0.137638 0.572092
vt 0.185160 0.542248
vt 0.078810 0.573312
vt 0.088604 0.575471
vt 0.036143 0.553487
vt 0.029497 0.548240
vt 0.238889 0.523071
vt 0.248592 0.515745
vt 0.231922 0.531705
vt 0.257280 0.507619
vt 0.138461 0.622667
vt 0.024438 0.543264
vt 0.115474 0.547864
vt 0.114317 0.544304
vt 0.748254 0.426848
vt 0.745927 0.430527
vt 0.748254 0.433074
vt 0.941427 0.028405
vt 0.941427 0.022179
vt 0.939100 0.024726
vt 0.602213 0.796235
vt 0.604920 0.794942
vt 0.607396 0.798219
vt 0.601165 0.798774
vt 0.604913 0.801824
vt 0.608861 0.802424
vt 0.600029 0.803614
vt 0.605572 0.810718
vt 0.600056 0.811949
vt 0.607115 0.825895
vt 0.600296 0.827542
vt 0.606451 0.846089
vt 0.599302 0.844215
vt 0.601244 0.875916
vt 0.611518 0.872251
vt 0.602166 0.888327
vt 0.611714 0.887686
vt 0.611714 0.832180
vt 0.611136 0.813056
vt 0.674291 0.011477
vt 0.676270 0.006277
vt 0.673002 0.008761
vt 0.676822 0.012528
vt 0.679864 0.008768
vt 0.680461 0.004808
vt 0.681648 0.013668
vt 0.688730 0.008107
vt 0.689957 0.013640
vt 0.703860 0.006560
vt 0.705502 0.013400
vt 0.723991 0.007226
vt 0.722123 0.014397
vt 0.753725 0.012449
vt 0.750072 0.002143
vt 0.766098 0.011524
vt 0.765459 0.001945
vt 0.710125 0.001945
vt 0.691060 0.002526
vt 0.722596 0.387160
vt 0.727482 0.383268
vt 0.728084 0.385236
vt 0.722178 0.384669
vt 0.718027 0.386469
vt 0.714895 0.383268
vt 0.304500 0.156809
vt 0.293898 0.158366
vt 0.292087 0.156809
vt 0.009691 0.358963
vt 0.009630 0.363035
vt 0.006848 0.359755
vt 0.009697 0.297408
vt 0.001164 0.323689
vt 0.004903 0.298688
vt 0.007276 0.338552
vt 0.004835 0.289480
vt 0.009630 0.288200
vt 0.002219 0.340057
vt 0.004087 0.279490
vt 0.008882 0.278210
vt 0.693768 0.965370
vt 0.694560 0.968210
vt 0.697828 0.965426
vt 0.632404 0.965426
vt 0.633684 0.970217
vt 0.658612 0.973930
vt 0.673423 0.967804
vt 0.624505 0.970295
vt 0.623225 0.965503
vt 0.674928 0.972858
vt 0.614547 0.971053
vt 0.613266 0.966261
vt 0.634278 0.399754
vt 0.636540 0.405837
vt 0.632661 0.400971
vt 0.636540 0.397276
vt 0.288984 0.555057
vt 0.292863 0.559922
vt 0.290601 0.553840
vt 0.292863 0.551362
vt 0.052731 0.729841
vt 0.051796 0.729572
vt 0.050453 0.733099
vt 0.048487 0.732349
vt 0.056043 0.735702
vt 0.057156 0.732157
vt 0.064634 0.737542
vt 0.066067 0.733954
vt 0.087910 0.739407
vt 0.088072 0.735736
vt 0.085717 0.742796
vt 0.055035 0.739677
vt 0.112200 0.740863
vt 0.115628 0.745136
vt 0.134255 0.740688
vt 0.132653 0.737689
vt 0.153814 0.734661
vt 0.156309 0.729572
vt 0.157099 0.733589
vt 0.697052 0.846304
vt 0.695500 0.848152
vt 0.697052 0.854864
vt 0.038145 0.980934
vt 0.038534 0.983217
vt 0.041505 0.983825
vt 0.041505 0.986984
vt 0.037626 0.985403
vt 0.038916 0.987938
vt 0.001682 0.629183
vt 0.005043 0.632074
vt 0.002071 0.631466
vt 0.005043 0.635233
vt 0.001164 0.633652
vt 0.002454 0.636187
vt 0.999017 0.284216
vt 0.995466 0.282213
vt 0.999048 0.282101
vt 0.994342 0.283556
vt 0.989738 0.285516
vt 0.994304 0.282243
vt 0.988127 0.313000
vt 0.984037 0.303409
vt 0.989796 0.304763
vt 0.980706 0.311774
vt 0.999612 0.313642
vt 0.999541 0.304620
vt 0.991319 0.295959
vt 0.999376 0.295746
vt 0.987217 0.295042
vt 0.999088 0.286327
vt 0.986032 0.294301
vt 0.988793 0.291075
vt 0.979224 0.308514
vt 0.978882 0.321555
vt 0.999536 0.322351
vt 0.975231 0.322079
vt 0.974082 0.332025
vt 0.999376 0.333994
vt 0.987881 0.335118
vt 0.976369 0.337941
vt 0.972459 0.338911
vt 0.986679 0.288394
vt 0.982992 0.298998
vt 0.741844 0.120514
vt 0.739721 0.120512
vt 0.739883 0.124144
vt 0.741248 0.125266
vt 0.743280 0.129908
vt 0.739930 0.125322
vt 0.770896 0.131159
vt 0.762603 0.129581
vt 0.761325 0.135443
vt 0.769769 0.138705
vt 0.771380 0.119500
vt 0.762323 0.119697
vt 0.753742 0.128159
vt 0.753415 0.119988
vt 0.752880 0.132334
vt 0.743963 0.120412
vt 0.752152 0.133546
vt 0.748874 0.130790
vt 0.766516 0.140254
vt 0.779615 0.140419
vt 0.780124 0.119455
vt 0.780192 0.144116
vt 0.790194 0.145142
vt 0.791816 0.119455
vt 0.793106 0.131101
vt 0.796101 0.142740
vt 0.797130 0.146693
vt 0.746212 0.132971
vt 0.756910 0.136564
vt 0.204186 0.196414
vt 0.206925 0.195159
vt 0.207852 0.197447
vt 0.203112 0.194445
vt 0.210607 0.194870
vt 0.212219 0.196377
vt 0.213113 0.183800
vt 0.211357 0.183242
vt 0.207062 0.150515
vt 0.208829 0.150991
vt 0.208533 0.140431
vt 0.206308 0.140580
vt 0.208412 0.127338
vt 0.211526 0.122362
vt 0.208193 0.193163
vt 0.215898 0.196484
vt 0.217611 0.183895
vt 0.212412 0.151188
vt 0.212065 0.141301
vt 0.212897 0.129010
vt 0.217611 0.122758
vt 0.211177 0.199611
vt 0.217189 0.117121
vt 0.195416 0.157938
vt 0.187553 0.170872
vt 0.207577 0.195287
vt 0.183476 0.165594
vt 0.207852 0.332515
vt 0.206926 0.334803
vt 0.204187 0.333549
vt 0.203113 0.335519
vt 0.210608 0.335091
vt 0.212219 0.333584
vt 0.213114 0.346161
vt 0.211357 0.346719
vt 0.207063 0.379444
vt 0.208830 0.378969
vt 0.208534 0.389529
vt 0.206309 0.389380
vt 0.208413 0.402623
vt 0.211527 0.407598
vt 0.208194 0.336799
vt 0.215897 0.333477
vt 0.217611 0.346066
vt 0.212413 0.378771
vt 0.212066 0.388659
vt 0.212897 0.400951
vt 0.217611 0.407202
vt 0.211177 0.330350
vt 0.217189 0.412840
vt 0.195419 0.372022
vt 0.187580 0.359014
vt 0.183476 0.364270
vt 0.207578 0.334674
vt 0.109893 0.301937
vt 0.109775 0.304434
vt 0.113241 0.304669
vt 0.113320 0.303121
vt 0.116189 0.304575
vt 0.117020 0.301556
vt 0.130721 0.301556
vt 0.483559 0.010762
vt 0.480153 0.012037
vt 0.480252 0.013619
vt 0.483708 0.013313
vt 0.477307 0.013577
vt 0.476440 0.010506
vt 0.462762 0.010762
vt 0.644298 0.050374
vt 0.641971 0.051420
vt 0.644065 0.054086
vt 0.644065 0.047082
vt 0.374142 0.556031
vt 0.370442 0.556265
vt 0.373100 0.558366
vt 0.377424 0.556265
vt 0.366701 0.749437
vt 0.369666 0.747953
vt 0.366950 0.751556
vt 0.364236 0.752186
vt 0.366383 0.744828
vt 0.367112 0.753323
vt 0.369666 0.753697
vt 0.367244 0.735019
vt 0.150892 0.720557
vt 0.154492 0.721012
vt 0.154257 0.719573
vt 0.151397 0.718677
vt 0.157099 0.720557
vt 0.104344 0.727692
vt 0.100979 0.728676
vt 0.100745 0.727237
vt 0.103840 0.729572
vt 0.098138 0.727692
vt 0.783165 0.443191
vt 0.779286 0.436837
vt 0.779700 0.436374
vt 0.783165 0.426070
vt 0.071761 0.856420
vt 0.071761 0.848638
vt 0.070985 0.848928
vt 0.753101 0.933325
vt 0.752335 0.932745
vt 0.755237 0.931907
vt 0.755237 0.938132
vt 0.752133 0.933604
vt 0.842186 0.406412
vt 0.842763 0.405644
vt 0.841350 0.403502
vt 0.847556 0.403502
vt 0.843042 0.406615
vt 0.056245 0.593385
vt 0.105120 0.593385
vt 0.095836 0.640856
vt 0.246315 0.560700
vt 0.232351 0.567093
vt 0.246315 0.616732
vt 0.140807 0.135019
vt 0.091322 0.149027
vt 0.084950 0.135019
vt 0.638867 0.892218
vt 0.638462 0.894553
vt 0.589992 0.892218
vt 0.351047 0.622957
vt 0.351047 0.573930
vt 0.348720 0.622545
vt 0.873933 0.235409
vt 0.856866 0.235409
vt 0.865765 0.240870
vt 0.862350 0.242412
vt 0.004267 0.044726
vt 0.010473 0.032296
vt 0.010473 0.045525
vt 0.005052 0.032338
vt 0.840574 0.259533
vt 0.842126 0.258385
vt 0.840574 0.254864
vt 0.588482 0.190505
vt 0.598800 0.196945
vt 0.587817 0.168506
vt 0.617430 0.175638
vt 0.626760 0.232186
vt 0.649195 0.246917
vt 0.629509 0.185740
vt 0.655834 0.244883
vt 0.625397 0.178387
vt 0.578852 0.186246
vt 0.570078 0.182927
vt 0.561737 0.171076
vt 0.567491 0.182546
vt 0.561898 0.184439
vt 0.608823 0.166869
vt 0.619842 0.230572
vt 0.599032 0.162050
vt 0.589360 0.159581
vt 0.600080 0.159144
vt 0.557105 0.173376
vt 0.557053 0.189097
vt 0.574824 0.162700
vt 0.552724 0.173445
vt 0.567505 0.159144
vt 0.544529 0.183299
vt 0.555544 0.196033
vt 0.542647 0.186396
vt 0.551876 0.199739
vt 0.536985 0.186805
vt 0.522113 0.194641
vt 0.566702 0.215217
vt 0.561254 0.226261
vt 0.538845 0.233122
vt 0.548463 0.243078
vt 0.565595 0.250318
vt 0.540755 0.242012
vt 0.533234 0.234306
vt 0.547589 0.248233
vt 0.526659 0.219924
vt 0.573829 0.239416
vt 0.566337 0.228456
vt 0.574216 0.236141
vt 0.577036 0.232485
vt 0.539518 0.181466
vt 0.556259 0.252021
vt 0.582698 0.241529
vt 0.655988 0.250901
vt 0.645164 0.253048
vt 0.658262 0.242137
vt 0.582742 0.250891
vt 0.617102 0.169965
vt 0.567133 0.190020
vt 0.640456 0.193765
vt 0.579748 0.159148
vt 0.515220 0.195844
vt 0.518799 0.211690
vt 0.510379 0.197539
vt 0.508473 0.194382
vt 0.514156 0.190118
vt 0.512351 0.180195
vt 0.520836 0.184765
vt 0.523837 0.178251
vt 0.503879 0.200142
vt 0.627231 0.256420
vt 0.585477 0.255812
vt 0.571551 0.224150
vt 0.575508 0.195492
vt 0.592663 0.213748
vt 0.584910 0.200364
vt 0.579516 0.195471
vt 0.590299 0.202912
vt 0.594887 0.204533
vt 0.597539 0.216438
vt 0.602063 0.231865
vt 0.601668 0.215232
vt 0.603316 0.229805
vt 0.608361 0.233925
vt 0.620990 0.242791
vt 0.606360 0.241534
vt 0.621598 0.246480
vt 0.566255 0.255433
vt 0.569775 0.185376
vt 0.561863 0.218462
vt 0.582352 0.237508
vt 0.575341 0.255336
vt 0.520738 0.189179
vt 0.276679 0.001945
vt 0.210628 0.001945
vt 0.267858 0.011265
vt 0.283553 0.015940
vt 0.273887 0.014999
vt 0.232350 0.010132
vt 0.246905 0.016719
vt 0.272791 0.019066
vt 0.232381 0.013902
vt 0.422558 0.592607
vt 0.438712 0.584047
vt 0.419317 0.584047
vt 0.797447 0.603502
vt 0.807991 0.601978
vt 0.803702 0.575486
vt 0.758340 0.575486
vt 0.787010 0.601527
vt 0.875485 0.282879
vt 0.871606 0.272643
vt 0.875485 0.271206
vt 0.391262 0.166215
vt 0.391583 0.150032
vt 0.388242 0.150778
vt 0.386970 0.135546
vt 0.388452 0.108351
vt 0.374821 0.136834
vt 0.376090 0.151248
vt 0.378071 0.166281
vt 0.421709 0.096628
vt 0.419698 0.092780
vt 0.425294 0.087381
vt 0.386060 0.107065
vt 0.417888 0.091225
vt 0.430832 0.097494
vt 0.373605 0.120820
vt 0.418844 0.146367
vt 0.420921 0.152914
vt 0.433915 0.138049
vt 0.428087 0.154509
vt 0.434093 0.120489
vt 0.428014 0.182119
vt 0.415059 0.179310
vt 0.403505 0.173109
vt 0.476842 0.145185
vt 0.401996 0.174963
vt 0.469591 0.179811
vt 0.480905 0.146685
vt 0.485509 0.140414
vt 0.474893 0.135746
vt 0.466205 0.134528
vt 0.481955 0.136323
vt 0.450959 0.138869
vt 0.442923 0.184825
vt 0.459762 0.183886
vt 0.482600 0.148369
vt 0.488363 0.149136
vt 0.395512 0.162967
vt 0.434497 0.104378
vt 0.469809 0.181791
vt 0.384487 0.118211
vt 0.416428 0.085652
vt 0.416162 0.083602
vt 0.394179 0.086792
vt 0.414519 0.078988
vt 0.394442 0.084909
vt 0.381264 0.081831
vt 0.372923 0.107614
vt 0.372757 0.099691
vt 0.386605 0.098259
vt 0.371218 0.078988
vt 0.898340 0.423735
vt 0.884794 0.423735
vt 0.887177 0.427626
vt 0.898759 0.425916
vt 0.189368 0.903113
vt 0.191234 0.920777
vt 0.179597 0.922660
vt 0.180725 0.948516
vt 0.191234 0.946940
vt 0.189494 0.953696
vt 0.179813 0.952871
vt 0.361908 0.083658
vt 0.352599 0.083658
vt 0.360761 0.092218
vt 0.935221 0.791784
vt 0.935221 0.801167
vt 0.930566 0.794343
vt 0.933551 0.788716
vt 0.548146 0.606145
vt 0.552468 0.607772
vt 0.544406 0.622786
vt 0.539544 0.620955
vt 0.561254 0.584203
vt 0.537105 0.630897
vt 0.544224 0.607660
vt 0.563615 0.584492
vt 0.539723 0.632044
vt 0.560918 0.583269
vt 0.544961 0.589638
vt 0.506286 0.663118
vt 0.508487 0.625012
vt 0.506813 0.626571
vt 0.501034 0.675985
vt 0.511250 0.686997
vt 0.498588 0.679262
vt 0.498903 0.677893
vt 0.495251 0.677765
vt 0.499355 0.725458
vt 0.471343 0.717117
vt 0.511132 0.749895
vt 0.523120 0.695890
vt 0.526069 0.681297
vt 0.499316 0.743099
vt 0.503544 0.756490
vt 0.512727 0.767161
vt 0.519332 0.767325
vt 0.517696 0.777630
vt 0.511541 0.785168
vt 0.514693 0.788727
vt 0.509527 0.766728
vt 0.530331 0.780550
vt 0.509535 0.802120
vt 0.509345 0.787680
vt 0.529317 0.790922
vt 0.529121 0.804708
vt 0.557634 0.801757
vt 0.538459 0.827626
vt 0.521894 0.823403
vt 0.557812 0.814025
vt 0.504527 0.818476
vt 0.495668 0.802071
vt 0.481066 0.811307
vt 0.482292 0.797329
vt 0.464335 0.805130
vt 0.465821 0.791588
vt 0.450428 0.799379
vt 0.451179 0.786412
vt 0.460163 0.776307
vt 0.453171 0.753233
vt 0.446209 0.762682
vt 0.439304 0.777693
vt 0.449032 0.743067
vt 0.430029 0.769077
vt 0.419517 0.782007
vt 0.461293 0.743112
vt 0.459378 0.758002
vt 0.467691 0.745768
vt 0.478696 0.741460
vt 0.468497 0.748923
vt 0.461574 0.757125
vt 0.464260 0.757192
vt 0.461239 0.770611
vt 0.476338 0.746604
vt 0.436463 0.753251
vt 0.461973 0.731895
vt 0.459486 0.770137
vt 0.433624 0.790702
vt 0.483582 0.781735
vt 0.429458 0.725513
vt 0.415563 0.710166
vt 0.403223 0.720095
vt 0.404057 0.693631
vt 0.391717 0.703560
vt 0.404967 0.660350
vt 0.387634 0.732427
vt 0.376759 0.715389
vt 0.368826 0.729659
vt 0.358418 0.712813
vt 0.368290 0.698423
vt 0.348083 0.693225
vt 0.362248 0.684576
vt 0.355061 0.674176
vt 0.370773 0.669396
vt 0.376729 0.740985
vt 0.386099 0.751886
vt 0.401799 0.747610
vt 0.399842 0.766117
vt 0.378527 0.680644
vt 0.390974 0.670483
vt 0.393858 0.658399
vt 0.399454 0.641598
vt 0.415423 0.654189
vt 0.396598 0.607475
vt 0.427397 0.650493
vt 0.410271 0.611147
vt 0.402881 0.599455
vt 0.385432 0.598639
vt 0.395108 0.617770
vt 0.428028 0.610450
vt 0.425629 0.657525
vt 0.385489 0.601923
vt 0.393107 0.617805
vt 0.367275 0.597724
vt 0.392725 0.651475
vt 0.393758 0.642731
vt 0.389783 0.650045
vt 0.387994 0.648464
vt 0.380808 0.652623
vt 0.380344 0.655307
vt 0.367006 0.652976
vt 0.367030 0.655440
vt 0.361037 0.653857
vt 0.361966 0.652172
vt 0.371621 0.645980
vt 0.379008 0.657207
vt 0.396112 0.631392
vt 0.466351 0.596741
vt 0.474679 0.609326
vt 0.477885 0.606698
vt 0.476047 0.608948
vt 0.476327 0.612665
vt 0.439021 0.652672
vt 0.445074 0.686121
vt 0.456968 0.675615
vt 0.466836 0.648985
vt 0.486413 0.649517
vt 0.484876 0.669539
vt 0.477725 0.696848
vt 0.437662 0.649971
vt 0.438274 0.647880
vt 0.437197 0.644130
vt 0.468210 0.647765
vt 0.488316 0.647749
vt 0.486679 0.668317
vt 0.471230 0.709590
vt 0.437946 0.639550
vt 0.486860 0.619337
vt 0.485996 0.617712
vt 0.480218 0.698555
vt 0.431017 0.698179
vt 0.470234 0.723169
vt 0.416800 0.760640
vt 0.531614 0.769696
vt 0.509649 0.785198
vt 0.518428 0.754053
vt 0.517849 0.735301
vt 0.526563 0.741888
vt 0.524478 0.719353
vt 0.533364 0.714815
vt 0.546304 0.736519
vt 0.522516 0.703220
vt 0.542892 0.722644
vt 0.527465 0.696105
vt 0.512177 0.675791
vt 0.494330 0.756933
vt 0.416889 0.735562
vt 0.469659 0.750982
vt 0.498529 0.785820
vt 0.382227 0.664495
vt 0.494252 0.758897
vt 0.516700 0.662101
vt 0.525411 0.670568
vt 0.529994 0.757129
vt 0.561615 0.790407
vt 0.348670 0.659665
vt 0.347944 0.643892
vt 0.563615 0.778183
vt 0.467820 0.720021
vt 0.483695 0.752556
vt 0.529186 0.661100
vt 0.531460 0.644441
vt 0.533870 0.626115
vt 0.529821 0.673207
vt 0.532785 0.685877
vt 0.528780 0.692597
vt 0.479973 0.700523
vt 0.560137 0.757062
vt 0.118171 0.588558
vt 0.126105 0.594942
vt 0.121936 0.589406
vt 0.105896 0.580934
vt 0.173390 0.580934
vt 0.166383 0.589088
vt 0.877036 0.965370
vt 0.896145 0.979613
vt 0.906190 0.983017
vt 0.925635 0.977329
vt 0.929632 0.965370
vt 0.934253 0.970915
vt 0.924562 0.989494
vt 0.970908 0.989318
vt 0.010991 0.713542
vt 0.001164 0.707782
vt 0.009155 0.714786
vt 0.012666 0.709732
vt 0.015904 0.707782
vt 0.624127 0.630739
vt 0.614042 0.623519
vt 0.624127 0.577821
vt 0.622314 0.630555
vt 0.033238 0.485646
vt 0.083009 0.497300
vt 0.116188 0.478899
vt 0.048696 0.476955
vt 0.064977 0.468965
vt 0.061188 0.469702
vt 0.109414 0.470561
vt 0.123599 0.466673
vt 0.084771 0.463255
vt 0.068750 0.461868
vt 0.019007 0.476115
vt 0.044982 0.474927
vt 0.133825 0.461868
vt 0.129939 0.476516
vt 0.085116 0.497665
vt 0.019599 0.475518
vt 0.938324 0.314008
vt 0.935997 0.310568
vt 0.938324 0.303891
vt 0.703747 0.368828
vt 0.707137 0.373930
vt 0.705930 0.367704
vt 0.705231 0.373828
vt 0.695500 0.367704
vt 0.726182 0.303891
vt 0.740497 0.288327
vt 0.717998 0.288327
vt 0.894104 0.682879
vt 0.904427 0.701158
vt 0.923584 0.702335
vt 0.920763 0.682879
vt 0.222478 0.593214
vt 0.212967 0.581022
vt 0.219928 0.564949
vt 0.227696 0.550584
vt 0.227696 0.606387
vt 0.222130 0.609168
vt 0.215390 0.597386
vt 0.227361 0.621401
vt 0.211404 0.604844
vt 0.218348 0.617417
vt 0.796939 0.154773
vt 0.803668 0.159607
vt 0.803207 0.154400
vt 0.797675 0.161094
vt 0.789469 0.157735
vt 0.790649 0.162762
vt 0.796833 0.152961
vt 0.800089 0.151197
vt 0.782026 0.164808
vt 0.780988 0.157978
vt 0.773624 0.166822
vt 0.807215 0.158720
vt 0.805156 0.152647
vt 0.789398 0.154054
vt 0.772189 0.158317
vt 0.764673 0.168969
vt 0.763577 0.159191
vt 0.755199 0.171153
vt 0.754295 0.159583
vt 0.763402 0.153314
vt 0.753991 0.153149
vt 0.763063 0.148919
vt 0.771639 0.150347
vt 0.772442 0.147780
vt 0.780025 0.150177
vt 0.762618 0.146085
vt 0.771739 0.153584
vt 0.744507 0.160563
vt 0.745052 0.173436
vt 0.744513 0.152885
vt 0.733855 0.161027
vt 0.734405 0.153221
vt 0.723004 0.161943
vt 0.723591 0.177605
vt 0.723447 0.153579
vt 0.711799 0.179838
vt 0.793400 0.150102
vt 0.744169 0.147332
vt 0.711093 0.163502
vt 0.734435 0.146987
vt 0.781536 0.147955
vt 0.753968 0.148026
vt 0.711289 0.153988
vt 0.699362 0.164860
vt 0.699175 0.154738
vt 0.712193 0.147510
vt 0.699683 0.147586
vt 0.686479 0.155682
vt 0.686574 0.147850
vt 0.694380 0.142689
vt 0.672696 0.155726
vt 0.713963 0.142023
vt 0.671550 0.147242
vt 0.656259 0.153317
vt 0.657116 0.146436
vt 0.658865 0.166044
vt 0.642601 0.159742
vt 0.644868 0.182565
vt 0.659301 0.183402
vt 0.635546 0.163488
vt 0.634849 0.182490
vt 0.632668 0.150016
vt 0.673302 0.166584
vt 0.734576 0.175606
vt 0.743500 0.143266
vt 0.731752 0.142258
vt 0.700481 0.181777
vt 0.630942 0.142023
vt 0.622576 0.144938
vt 0.789044 0.150867
vt 0.689086 0.183737
vt 0.672060 0.184047
vt 0.628784 0.153587
vt 0.631287 0.160184
vt 0.625823 0.152707
vt 0.753075 0.144170
vt 0.686813 0.166206
vt 0.723826 0.146733
vt 0.780210 0.153532
vt 0.853763 0.097665
vt 0.851435 0.090402
vt 0.853763 0.086770
vt 0.270365 0.292996
vt 0.278330 0.303113
vt 0.292863 0.292996
vt 0.026765 0.187938
vt 0.003491 0.187938
vt 0.022729 0.191829
vt 0.363460 0.926459
vt 0.372845 0.931907
vt 0.380528 0.926459
vt 0.089182 0.097285
vt 0.074048 0.098168
vt 0.074157 0.099315
vt 0.088224 0.101244
vt 0.076178 0.101992
vt 0.089072 0.096138
vt 0.104099 0.097074
vt 0.102632 0.091474
vt 0.120325 0.087446
vt 0.105102 0.080673
vt 0.066136 0.079204
vt 0.088031 0.095529
vt 0.069922 0.094452
vt 0.117767 0.076977
vt 0.111815 0.069135
vt 0.129447 0.071242
vt 0.127954 0.063314
vt 0.093727 0.075317
vt 0.069286 0.073683
vt 0.079869 0.066010
vt 0.068320 0.064073
vt 0.078580 0.061090
vt 0.054353 0.071709
vt 0.103937 0.073225
vt 0.058624 0.076414
vt 0.136875 0.067925
vt 0.137778 0.082661
vt 0.148009 0.068099
vt 0.145224 0.084472
vt 0.140991 0.093361
vt 0.129207 0.094805
vt 0.134233 0.099355
vt 0.124811 0.104273
vt 0.114013 0.101793
vt 0.113791 0.101259
vt 0.128985 0.094271
vt 0.117003 0.106738
vt 0.100893 0.108560
vt 0.139224 0.061090
vt 0.038402 0.091411
vt 0.039273 0.085349
vt 0.149341 0.063038
vt 0.571954 0.687049
vt 0.572424 0.671304
vt 0.573626 0.671384
vt 0.568032 0.685402
vt 0.575634 0.633074
vt 0.573157 0.687129
vt 0.569626 0.702379
vt 0.569695 0.673407
vt 0.575656 0.701815
vt 0.576793 0.720631
vt 0.586382 0.706162
vt 0.588034 0.719767
vt 0.597143 0.714982
vt 0.594539 0.704203
vt 0.589879 0.693575
vt 0.600441 0.732464
vt 0.596179 0.677415
vt 0.587757 0.666229
vt 0.600853 0.674899
vt 0.592005 0.732691
vt 0.595247 0.665284
vt 0.594183 0.740863
vt 0.578797 0.739348
vt 0.592127 0.752269
vt 0.575670 0.746694
vt 0.567195 0.740873
vt 0.567688 0.728532
vt 0.562138 0.732940
vt 0.558641 0.722448
vt 0.563025 0.711770
vt 0.557409 0.714021
vt 0.557642 0.697366
vt 0.563608 0.711608
vt 0.568278 0.728393
vt 0.600853 0.744405
vt 0.588219 0.668908
vt 0.597137 0.754475
vt 0.832816 0.454632
vt 0.818963 0.448222
vt 0.794511 0.460739
vt 0.800779 0.446303
vt 0.768809 0.446303
vt 0.785985 0.461107
vt 0.767649 0.450340
vt 0.780571 0.465657
vt 0.795552 0.466748
vt 0.792680 0.475875
vt 0.906122 0.476101
vt 0.913315 0.485104
vt 0.915054 0.485023
vt 0.917250 0.469671
vt 0.904892 0.465423
vt 0.897817 0.469829
vt 0.915597 0.461907
vt 0.909285 0.457977
vt 0.925410 0.468009
vt 0.925205 0.459457
vt 0.933430 0.459417
vt 0.931266 0.467793
vt 0.949497 0.460846
vt 0.892552 0.464726
vt 0.926917 0.484275
vt 0.947128 0.468487
vt 0.958923 0.460862
vt 0.959702 0.470161
vt 0.948142 0.475398
vt 0.967125 0.460244
vt 0.965724 0.457977
vt 0.968705 0.467071
vt 0.973763 0.458805
vt 0.977659 0.464863
vt 0.965370 0.470934
vt 0.929771 0.482918
vt 0.979441 0.464943
vt 0.923819 0.488327
vt 0.932088 0.484888
vt 0.931711 0.482649
vt 0.938770 0.480774
vt 0.733514 0.703113
vt 0.729930 0.696061
vt 0.732604 0.695510
vt 0.729635 0.666345
vt 0.732310 0.665794
vt 0.732708 0.650195
vt 0.733514 0.650619
vt 0.229181 0.073714
vt 0.221733 0.084264
vt 0.223489 0.084049
vt 0.216950 0.069113
vt 0.209002 0.085211
vt 0.208553 0.068070
vt 0.204508 0.083335
vt 0.218010 0.061042
vt 0.228875 0.063241
vt 0.208084 0.059309
vt 0.199750 0.059930
vt 0.212887 0.089105
vt 0.203589 0.086631
vt 0.202605 0.068087
vt 0.203665 0.084171
vt 0.195882 0.083198
vt 0.196614 0.080851
vt 0.169804 0.067715
vt 0.170537 0.065368
vt 0.157099 0.056816
vt 0.157835 0.056420
vt 0.186713 0.068239
vt 0.184308 0.061597
vt 0.223717 0.056420
vt 0.240884 0.061320
vt 0.236204 0.066760
vt 0.176064 0.062028
vt 0.991854 0.596498
vt 0.983032 0.575254
vt 0.989905 0.576590
vt 0.988849 0.564083
vt 0.979797 0.561739
vt 0.991430 0.559130
vt 0.989188 0.554674
vt 0.991044 0.545933
vt 0.982161 0.553663
vt 0.983894 0.546991
vt 0.991854 0.544358
vt 0.979441 0.554057
vt 0.223302 0.871572
vt 0.226401 0.868059
vt 0.223604 0.867302
vt 0.225419 0.873074
vt 0.236515 0.875813
vt 0.233534 0.880841
vt 0.249634 0.889415
vt 0.258919 0.900362
vt 0.266666 0.897499
vt 0.253767 0.884010
vt 0.222595 0.877324
vt 0.278934 0.909614
vt 0.268111 0.911869
vt 0.304219 0.927888
vt 0.282178 0.924570
vt 0.300231 0.930333
vt 0.265639 0.918137
vt 0.276609 0.929288
vt 0.248954 0.905691
vt 0.241528 0.907196
vt 0.263251 0.923045
vt 0.304739 0.922870
vt 0.295604 0.913204
vt 0.319882 0.932207
vt 0.317021 0.920893
vt 0.304515 0.911851
vt 0.302377 0.906895
vt 0.306733 0.906501
vt 0.312162 0.906747
vt 0.318371 0.915965
vt 0.283621 0.902984
vt 0.227314 0.893772
vt 0.328621 0.926843
vt 0.220390 0.874613
vt 0.232676 0.906107
vt 0.291207 0.934137
vt 0.235257 0.890773
vt 0.228008 0.905930
vt 0.215444 0.886196
vt 0.218135 0.897240
vt 0.204007 0.885142
vt 0.223653 0.936336
vt 0.211055 0.877029
vt 0.202160 0.900761
vt 0.213470 0.929517
vt 0.202634 0.917117
vt 0.221248 0.946439
vt 0.225644 0.954686
vt 0.233337 0.957577
vt 0.194799 0.887496
vt 0.193694 0.898399
vt 0.186503 0.889509
vt 0.187228 0.879212
vt 0.176797 0.881600
vt 0.178728 0.871942
vt 0.168318 0.872789
vt 0.193593 0.871500
vt 0.218978 0.877501
vt 0.165632 0.864981
vt 0.233389 0.964712
vt 0.225509 0.907513
vt 0.234836 0.914474
vt 0.199952 0.877040
vt 0.198426 0.906361
vt 0.243870 0.973386
vt 0.229684 0.939967
vt 0.247218 0.970271
vt 0.256163 0.979995
vt 0.253979 0.983280
vt 0.246017 0.978473
vt 0.262997 0.986345
vt 0.269053 0.984724
vt 0.273308 0.989494
vt 0.276457 0.986227
vt 0.229063 0.964436
vt 0.236772 0.915510
vt 0.312716 0.902666
vt 0.315793 0.912106
vt 0.288062 0.988812
vt 0.286455 0.985605
vt 0.237076 0.972127
vt 0.291013 0.988692
vt 0.269084 0.890709
vt 0.282580 0.894686
vt 0.295274 0.896883
vt 0.237039 0.952307
vt 0.295940 0.903642
vt 0.304738 0.897468
vt 0.333194 0.920938
vt 0.333440 0.914991
vt 0.350596 0.918687
vt 0.349627 0.913832
vt 0.365348 0.913608
vt 0.361996 0.918848
vt 0.374096 0.912637
vt 0.381004 0.905067
vt 0.385329 0.905459
vt 0.382104 0.910649
vt 0.393730 0.895127
vt 0.390544 0.903684
vt 0.374674 0.916188
vt 0.394739 0.898125
vt 0.365542 0.920757
vt 0.389152 0.896257
vt 0.378586 0.903076
vt 0.364403 0.909975
vt 0.347255 0.923936
vt 0.305977 0.901597
vt 0.336613 0.929755
vt 0.347805 0.926977
vt 0.315884 0.899764
vt 0.356516 0.924384
vt 0.207327 0.873960
vt 0.397519 0.893838
vt 0.399147 0.896163
vt 0.312874 0.895626
vt 0.321384 0.908480
vt 0.318512 0.893051
vt 0.325351 0.893975
vt 0.319452 0.900135
vt 0.328625 0.884960
vt 0.336714 0.878781
vt 0.335085 0.876246
vt 0.341049 0.864981
vt 0.339517 0.875919
vt 0.338004 0.880513
vt 0.333052 0.888608
vt 0.217540 0.874303
vt 0.091239 0.008951
vt 0.109336 0.012062
vt 0.093218 0.004280
vt 0.087277 0.007058
vt 0.112102 0.004280
vt 0.467417 0.860311
vt 0.467417 0.871206
vt 0.464313 0.867820
vt 0.877812 0.541245
vt 0.935221 0.541245
vt 0.929727 0.544358
vt 0.881691 0.655642
vt 0.829776 0.658755
vt 0.824282 0.655642
vt 0.246315 0.223735
vt 0.252521 0.223735
vt 0.248515 0.226848
vt 0.138479 0.519455
vt 0.135376 0.521450
vt 0.138479 0.529572
vt 0.863072 0.314786
vt 0.873158 0.314786
vt 0.865172 0.317899
vt 0.876261 0.136894
vt 0.877812 0.139689
vt 0.877812 0.129572
vt 0.566718 0.617510
vt 0.560512 0.621702
vt 0.566718 0.638521
vt 0.582234 0.987223
vt 0.583786 0.988716
vt 0.583786 0.966926
vt 0.003491 0.171595
vt 0.003491 0.114008
vt 0.001164 0.165203
vt 0.651280 0.939689
vt 0.646625 0.944660
vt 0.651280 0.956031
vt 0.243988 0.130350
vt 0.233024 0.134241
vt 0.216835 0.130350
vt 0.892283 0.721012
vt 0.866175 0.717121
vt 0.893328 0.717121
vt 0.320016 0.002724
vt 0.317669 0.004280
vt 0.295966 0.002724
vt 0.344841 0.899222
vt 0.342719 0.900778
vt 0.336307 0.899222
vt 0.495345 0.862646
vt 0.493749 0.867315
vt 0.489139 0.862646
vt 0.909930 0.960700
vt 0.908068 0.954475
vt 0.912723 0.954475
vt 0.054470 0.795720
vt 0.063702 0.795720
vt 0.066330 0.809728
vt 0.053142 0.802026
vt 0.037626 0.697665
vt 0.037626 0.685992
vt 0.029092 0.695633
vt 0.472847 0.910117
vt 0.472847 0.938132
vt 0.468474 0.932212
vt 0.463538 0.935926
vt 0.705586 0.199611
vt 0.703239 0.201167
vt 0.681536 0.199611
vt 0.855314 0.646304
vt 0.866175 0.646304
vt 0.864545 0.650195
vt 0.779286 0.791829
vt 0.779286 0.779377
vt 0.769977 0.784055
vt 0.816524 0.776673
vt 0.824282 0.785603
vt 0.824282 0.764591
vt 0.247867 0.110117
vt 0.236698 0.116342
vt 0.226144 0.110117
vt 0.551202 0.128794
vt 0.551202 0.116342
vt 0.548099 0.128597
s 0
usemtl Material
f 3255/5952 3794/5953 3252/5955
f 3255/5952 1241/5951 3794/5953
f 3255/4710 3252/4707 3254/4709
f 3255/5952 1508/5949 1241/5951
f 3255/4710 1507/4711 1508/4712
f 3255/4710 3254/4709 1507/4711
f 3647/5971 3645/5974 3798/5972
f 3647/5587 3646/5586 3645/5585
f 3647/5971 3798/5972 2790/5969
f 3647/5971 2790/5969 1527/5968
f 3647/5587 1527/5589 1187/5588
f 3647/5587 1187/5588 3646/5586
f 3794/5953 3795/5956 3252/5955
f 3794/5953 1241/5951 1231/5954
f 3794/5953 1231/5954 3795/5956
f 3252/4707 3253/4708 3254/4709
f 3252/5955 3795/5956 3251/5957
f 3252/4707 3251/4706 3253/4708
f 3645/5974 3799/5975 3798/5972
f 3645/5585 3646/5586 3630/5538
f 3645/5585 3630/5538 3644/5584
f 3645/5974 3644/5976 3799/5975
f 3798/5972 2809/5973 2790/5969
f 3798/5972 3799/5975 2809/5973
f 1508/5949 1506/5950 1241/5951
f 1508/1671 1507/1670 1506/1669
f 1527/5968 2790/5969 1526/5970
f 1527/1700 1526/1698 1187/1699
f 1241/1317 1239/1315 1231/1306
f 1241/6046 1506/6045 1239/6044
f 2790/3444 2789/3442 1526/3443
f 2790/3444 2809/3468 2789/3442
f 3254/6201 1519/6198 1507/6202
f 3254/6201 3253/6199 1519/6198
f 1507/1670 1505/1668 1506/1669
f 1507/1670 1519/1684 1505/1668
f 1187/5588 1186/5552 3646/5586
f 1187/1699 1526/1698 1185/1697
f 1187/1260 1185/1258 1186/1259
f 3646/5586 1186/5552 3630/5538
f 3795/5956 3796/5958 3251/5957
f 3795/5956 1231/5954 1229/5967
f 3795/5956 1229/5967 3796/5958
f 3251/4706 3250/4705 3253/4708
f 3251/4706 3248/4703 3250/4705
f 3251/5957 3796/5958 3248/5959
f 1231/1306 1239/1315 1228/1303
f 1231/1306 1228/1303 1229/1304
f 3253/6199 3295/6196 1519/6198
f 3253/4708 3293/4773 3295/4775
f 3253/4708 3250/4705 3293/4773
f 1506/6045 1501/6043 1239/6044
f 1506/1669 1505/1668 1501/1664
f 1526/3443 2789/3442 1524/3440
f 1526/1698 1524/1693 1185/1697
f 3630/5538 3623/5531 3644/5584
f 3630/5538 1186/5552 3631/5539
f 3630/5538 3631/5539 3627/5535
f 3630/5538 3627/5535 3623/5531
f 2809/5973 3799/5975 1292/5986
f 2809/3468 2808/3467 2789/3442
f 2809/3468 1292/3469 2808/3467
f 3644/5976 3800/5977 3799/5975
f 3644/5584 3623/5531 3643/5583
f 3644/5976 3643/5978 3800/5977
f 3799/5975 3800/5977 1292/5986
f 3295/6196 1793/6197 1519/6198
f 3295/6196 3267/6200 1793/6197
f 3295/4775 3293/4773 3267/4731
f 1519/2015 1793/2014 1518/2013
f 1519/1684 1518/1683 1505/1668
f 1186/5552 1804/5549 3631/5539
f 1186/2036 1184/2034 1804/2035
f 1186/1259 1185/1258 1184/1257
f 3631/5539 1804/5549 2421/5546
f 3631/5539 2421/5546 3627/5535
f 3250/4705 3292/4772 3293/4773
f 3250/4705 3248/4703 3249/4704
f 3250/4705 3249/4704 3292/4772
f 1239/1315 1240/1316 1228/1303
f 1239/6044 1501/6043 1240/6042
f 1793/6197 3267/6200 1791/6203
f 1793/2014 1791/2010 1518/2013
f 1804/2874 1802/2872 2421/2873
f 1804/2035 1184/2034 1802/2031
f 2789/3442 2808/3467 2788/3441
f 2789/3442 2788/3441 1524/3440
f 3623/5531 3627/5535 3624/5532
f 3623/5531 3625/5533 3643/5583
f 3623/5531 3624/5532 3625/5533
f 3293/4773 3266/4730 3267/4731
f 3293/4773 3292/4772 3266/4730
f 3627/5535 2421/5546 3635/5544
f 3627/5535 3635/5544 3624/5532
f 3267/4731 3266/4730 3265/4729
f 3267/4731 3265/4729 1791/4739
f 2421/5546 2420/5563 3635/5544
f 2421/2873 1802/2872 2420/2871
f 1229/5967 1212/5966 3796/5958
f 1229/1304 1228/1303 1211/1284
f 1229/1304 1211/1284 1212/1285
f 1505/1668 1518/1683 1502/1665
f 1505/1668 1502/1665 1501/1664
f 1185/1258 1183/1256 1184/1257
f 1185/1697 1524/1693 1183/1694
f 1292/5986 3800/5977 1291/5985
f 1292/3469 1290/3466 2808/3467
f 1292/1377 1291/1376 1290/1375
f 1518/2013 1791/2010 1517/2009
f 1518/1683 1517/1682 1502/1665
f 1184/2034 1182/2030 1802/2031
f 1184/1257 1183/1256 1182/1255
f 3266/4730 3292/4772 3271/4735
f 3266/4730 3271/4735 3263/4727
f 3266/4730 3263/4727 3265/4729
f 3635/5544 3632/5540 3624/5532
f 3635/5544 3640/5560 3632/5540
f 3635/5544 2420/5563 3640/5560
f 3796/5958 3797/5960 3248/5959
f 3796/5958 1212/5966 3797/5960
f 3248/4703 3247/4702 3249/4704
f 3248/4703 3246/4701 3247/4702
f 3248/5959 3797/5960 3246/5961
f 3643/5978 3801/5979 3800/5977
f 3643/5583 3625/5533 3628/5536
f 3643/5583 3628/5536 3642/5582
f 3643/5978 3642/5980 3801/5979
f 3800/5977 3801/5979 1291/5985
f 3292/4772 3249/4704 3294/4774
f 3292/4772 3294/4774 3271/4735
f 3624/5532 3626/5534 3625/5533
f 3624/5532 3632/5540 3626/5534
f 3249/4704 3247/4702 3294/4774
f 3625/5533 3626/5534 3628/5536
f 1228/1303 1226/1301 1211/1284
f 1228/1303 1240/1316 1226/1301
f 1791/4739 3265/4729 1790/4738
f 1791/2010 1790/2008 1517/2009
f 1802/2872 1801/2870 2420/2871
f 1802/2031 1182/2030 1801/2029
f 2808/3467 1290/3466 2805/3462
f 2808/3467 2805/3462 2788/3441
f 1212/5966 1209/5963 3797/5960
f 1212/1285 1211/1284 1209/1282
f 1291/5985 3801/5979 1284/5982
f 1291/1376 1284/1368 1290/1375
f 3271/4735 3294/4774 3272/4736
f 3271/4735 3272/4736 3263/4727
f 3632/5540 3633/5541 3626/5534
f 3632/5540 3640/5560 3633/5541
f 3246/4701 3245/4700 3247/4702
f 3246/5961 3797/5960 3244/5962
f 3246/4701 3244/4699 3245/4700
f 3265/4729 3263/4727 3264/4728
f 3265/4729 3264/4728 1790/4738
f 2420/5563 2419/5561 3640/5560
f 2420/2871 1801/2870 2419/2868
f 3642/5582 3628/5536 3629/5537
f 3642/5980 3641/5981 3801/5979
f 3642/5582 3629/5537 3641/5581
f 3247/4702 3245/4700 3294/4774
f 3628/5536 3626/5534 3629/5537
f 3797/5960 1209/5963 3244/5962
f 3294/4774 3245/4700 3272/4736
f 1502/1665 1517/1682 1500/1663
f 1502/1665 1500/1663 1501/1664
f 1183/1256 1181/1254 1182/1255
f 1183/1694 1524/1693 1181/1692
f 3626/5534 3633/5541 3629/5537
f 3801/5979 3641/5981 1284/5982
f 1517/2009 1790/2008 1515/2007
f 1517/1682 1515/1680 1500/1663
f 1182/2030 1178/2028 1801/2029
f 1182/1255 1181/1254 1178/1251
f 1211/1284 1208/1281 1209/1282
f 1211/1284 1226/1301 1227/1302
f 1211/1284 1227/1302 1208/1281
f 1290/1375 1284/1368 1283/1367
f 1290/3466 2807/3465 2805/3462
f 1290/3466 1283/3470 2807/3465
f 3263/4727 3272/4736 3262/4726
f 3263/4727 3256/4713 3264/4728
f 3263/4727 3262/4726 3256/4713
f 3640/5560 3639/5559 3633/5541
f 3640/5560 2419/5561 2371/5558
f 3640/5560 2371/5558 3639/5559
f 1240/6042 1501/6043 1512/6040
f 1240/6042 1512/6040 1226/6041
f 2788/3441 2787/3438 1524/3440
f 2788/3441 2805/3462 2787/3438
f 1501/1664 1500/1663 1494/1657
f 1501/1664 1494/1657 1512/1676
f 1524/1693 1521/1686 1181/1692
f 1524/3440 2787/3438 1521/3439
f 1790/2008 1788/2004 1515/2007
f 1790/4738 3264/4728 1788/4754
f 1801/2029 1178/2028 1799/2025
f 1801/2870 1799/2869 2419/2868
f 1515/1680 1497/1660 1500/1663
f 1515/1680 1513/1678 1497/1660
f 1515/2007 1788/2004 1513/2001
f 1178/1251 1181/1254 1177/1250
f 1178/1251 1177/1250 1176/1249
f 1178/2028 1176/2022 1799/2025
f 1500/1663 1497/1660 1494/1657
f 1181/1692 1521/1686 1177/1689
f 3244/4699 3243/4697 3245/4700
f 3244/5962 1209/5963 1191/5964
f 3244/4699 1191/4698 3243/4697
f 3641/5581 3629/5537 3634/5542
f 3641/5981 1268/5983 1284/5982
f 3641/5581 3634/5542 1268/5580
f 3245/4700 3243/4697 3272/4736
f 3629/5537 3633/5541 3634/5542
f 1209/5963 1188/5965 1191/5964
f 1209/1282 1208/1281 1188/1261
f 1284/5982 1268/5983 1265/5984
f 1284/1368 1265/1347 1283/1367
f 3272/4736 3268/4732 3262/4726
f 3272/4736 3243/4697 3268/4732
f 3633/5541 3639/5559 2369/5543
f 3633/5541 2369/5543 3634/5542
f 1227/1302 1226/1301 1225/1300
f 1227/1302 1225/1300 1208/1281
f 2807/3465 45/3463 2805/3462
f 2807/3465 1283/3470 45/3463
f 3264/4728 1796/4753 1788/4754
f 3264/4728 3256/4713 3257/4716
f 3264/4728 3257/4716 1796/4753
f 1226/6041 1512/6040 1246/6038
f 1226/1301 2/1290 1225/1300
f 1226/1301 1246/1322 2/1290
f 2805/3462 2785/3436 2787/3438
f 2805/3462 45/3463 16/3449
f 2805/3462 16/3449 2785/3436
f 2419/2868 1799/2869 2416/2865
f 2419/5561 2370/5562 2371/5558
f 2419/2868 2416/2865 2370/2815
f 1191/4698 1190/4695 3243/4697
f 1191/1264 1188/1261 1190/1263
f 3262/4726 3268/4732 3261/4725
f 3262/4726 3261/4725 3256/4713
f 3639/5559 2367/5557 2369/5543
f 3639/5559 2371/5558 2367/5557
f 1268/5580 3634/5542 1266/5579
f 1268/1350 1266/1348 1265/1347
f 3243/4697 3242/4696 3268/4732
f 3243/4697 1190/4695 3242/4696
f 1208/1281 1202/1275 1188/1261
f 1208/1281 1225/1300 1202/1275
f 1497/1660 1495/1658 1494/1657
f 1497/1660 1513/1678 1495/1658
f 1177/1689 1521/1686 1175/1688
f 1177/1250 1175/1248 1176/1249
f 1283/1367 1265/1347 1278/1361
f 1283/3470 1278/3471 45/3463
f 3634/5542 2369/5543 3636/5545
f 3634/5542 3636/5545 1266/5579
f 1788/2004 1787/2002 1513/2001
f 1788/2004 1796/2020 1787/2002
f 1512/1676 1494/1657 1511/1675
f 1512/6040 1511/6036 1246/6038
f 2787/3438 2784/3434 1521/3439
f 2787/3438 2785/3436 2784/3434
f 1799/2025 1176/2022 1798/2024
f 1799/2869 1798/2888 2416/2865
f 1494/1657 1495/1658 1496/1659
f 1494/1657 1496/1659 1511/1675
f 1521/1686 1522/1687 1175/1688
f 1521/3439 2784/3434 1522/3435
f 1188/1261 1189/1262 1190/1263
f 1188/1261 1202/1275 1189/1262
f 1513/1678 1514/1679 1495/1658
f 1513/2001 1787/2002 1514/2003
f 1176/1249 1175/1248 1174/1247
f 1176/2022 1174/2023 1798/2024
f 1265/1347 1266/1348 1267/1349
f 1265/1347 1267/1349 1278/1361
f 3268/4732 3242/4696 3270/4734
f 3268/4732 3270/4734 3261/4725
f 2369/5543 2368/5547 3636/5545
f 2369/2814 2367/2812 2368/2813
f 1475/1620 1476/1622 1474/1617
f 1475/1645 1486/1642 1476/1647
f 1475/1620 1474/1617 1179/1619
f 1475/1645 1179/1644 1486/1642
f 1476/1622 1113/1630 1474/1617
f 1476/1647 1486/1642 1113/1655
f 1190/4695 3241/4693 3242/4696
f 1190/1263 1189/1262 1192/1265
f 1190/4695 1192/4692 3241/4693
f 1179/1619 1474/1617 1180/1616
f 1179/1644 1166/1641 1486/1642
f 1179/1252 1180/1253 1136/1243
f 1179/1252 1136/1243 1166/1237
f 1113/1630 1074/1629 1474/1617
f 1113/1655 1486/1642 1492/1654
f 1113/1184 1069/1140 1074/1145
f 1113/3700 1492/3664 1069/3656
f 1266/5579 3636/5545 3637/5548
f 1266/1348 1269/1351 1267/1349
f 1266/5579 3637/5548 1269/5577
f 3242/4696 3241/4693 3270/4734
f 1135/1206 1136/1207 1133/1204
f 1135/1206 1147/1218 1136/1207
f 1135/1206 1134/1205 1142/1213
f 1135/1206 1142/1213 1148/1219
f 1135/1206 1133/1204 1134/1205
f 1135/1206 1148/1219 1147/1218
f 3636/5545 2368/5547 3637/5548
f 1474/1617 1468/1606 1180/1616
f 1474/1617 1074/1629 1119/1618
f 1474/1617 1119/1618 1468/1606
f 1486/1642 1166/1641 1485/1639
f 1486/1642 1487/1643 1492/1654
f 1486/1642 1485/1639 1487/1643
f 1136/5519 1180/5517 1133/5518
f 1136/1243 1147/1238 1166/1237
f 1142/1213 1134/1205 1144/1215
f 1142/6416 1144/6413 1148/6415
f 1144/1215 1134/1205 1146/1217
f 1144/6413 3895/6414 1148/6415
f 1144/6387 1146/6384 3891/6385
f 1144/6387 3891/6385 3895/6399
f 1069/1140 1068/1139 1074/1145
f 1069/3656 1492/3664 2899/3655
f 1069/1140 1064/1135 1068/1139
f 1069/3656 2899/3655 1064/3651
f 1180/5517 1126/5516 1133/5518
f 1180/1616 1468/1606 1470/1609
f 1180/5517 1470/5514 1126/5516
f 1166/1237 1147/1238 1164/1235
f 1166/1641 1165/1640 1485/1639
f 1166/1237 1164/1235 1165/1236
f 1189/1262 1202/1275 1193/1266
f 1189/1262 1193/1266 1192/1265
f 3270/4734 3269/4733 3261/4725
f 3270/4734 3241/4693 3269/4733
f 1074/1145 1068/1139 1065/1136
f 1074/1145 1065/1136 1119/1190
f 1492/3664 2897/3652 2899/3655
f 1492/3664 1487/3704 2897/3652
f 2368/2813 2367/2812 2362/2807
f 2368/5547 2362/5550 3637/5548
f 1267/1349 1270/1352 1278/1361
f 1267/1349 1269/1351 1270/1352
f 2692/6050 2691/6051 97/6052
f 2692/3303 2689/3297 2691/3302
f 2692/4005 97/4006 93/4002
f 2692/4005 93/4002 2689/4004
f 1134/1205 1133/1204 1123/1194
f 1134/1205 1143/1214 1146/1217
f 1134/1205 1123/1194 1143/1214
f 1148/1219 1150/1221 1147/1218
f 1148/6363 3895/6399 3884/6364
f 1148/6363 3884/6364 1150/6365
f 2698/6056 105/6057 2697/6058
f 2698/3314 2697/3313 2695/3308
f 2698/4010 102/4009 105/4011
f 2698/4010 2695/4007 102/4009
f 2691/6051 99/6053 97/6052
f 2691/6051 2690/6054 99/6053
f 2691/3302 2689/3297 2690/3299
f 1133/1204 1126/1197 1123/1194
f 3891/6385 1146/6384 3889/6379
f 3891/6385 3889/6379 3895/6399
f 1147/6370 1150/6365 1164/6369
f 2697/6058 105/6057 107/6059
f 2697/6058 107/6059 2696/6060
f 2697/3313 2696/3310 2695/3308
f 97/99 99/101 94/96
f 97/99 94/96 93/95
f 3256/4713 3261/4725 2283/4714
f 3256/4713 2283/4714 6/4715
f 3256/4713 6/4715 3257/4716
f 2371/5558 2285/5555 2367/5557
f 2371/5796 2286/5797 2285/5798
f 2371/2817 2370/2815 2286/2816
f 105/107 101/103 107/109
f 105/107 102/104 101/103
f 2690/6054 2283/6055 99/6053
f 2690/3299 2689/3297 2688/3296
f 2690/3299 6/3300 2283/3301
f 2690/3299 2688/3296 2687/3295
f 2690/3299 2687/3295 6/3300
f 99/2664 2283/2663 94/2660
f 1225/1300 1230/1305 1202/1275
f 1225/1300 1220/1295 1230/1305
f 1225/1300 1222/1297 1220/1295
f 1225/1300 2/1290 1222/1297
f 2696/6060 107/6059 2285/6061
f 2696/3310 2694/3307 2695/3308
f 2696/3310 2285/3312 2286/3311
f 2696/3310 2693/3305 2694/3307
f 2696/3310 2286/3311 2693/3305
f 107/2670 101/2667 2285/2669
f 45/1380 1278/1361 46/1369
f 45/47 46/48 42/44
f 45/47 42/44 44/46
f 45/47 44/46 16/37
f 1202/1275 1230/1305 1201/1274
f 1202/1275 1201/1274 1193/1266
f 1230/1305 1220/1295 1221/1296
f 1230/1305 1221/1296 1219/1294
f 1230/1305 1219/1294 1201/1274
f 3261/4725 3260/4724 2283/4714
f 3261/4725 3259/4721 3260/4724
f 3261/4725 3269/4733 3259/4721
f 93/4002 95/4003 2689/4004
f 93/95 94/96 95/97
f 2689/3297 95/3293 2688/3296
f 94/2660 2283/2663 4/2661
f 94/96 96/98 95/97
f 94/2660 4/2661 96/2662
f 1146/6384 1143/6383 3889/6379
f 1068/1139 1064/1135 1065/1136
f 3895/6399 3889/6379 3884/6364
f 2899/3655 2897/3652 1064/3651
f 101/103 102/104 103/105
f 101/2667 2284/2668 2285/2669
f 101/103 103/105 104/106
f 101/2667 104/2671 2284/2668
f 2695/4007 103/4008 102/4009
f 2695/3308 2694/3307 103/3304
f 2367/5557 2285/5555 3638/5556
f 2367/5557 3638/5556 2366/5553
f 2367/2812 2366/2811 2362/2807
f 46/1369 1278/1361 40/1360
f 46/48 43/45 42/44
f 46/1369 41/1378 43/1379
f 46/1369 40/1360 41/1378
f 1278/1361 1270/1352 40/1360
f 1220/1295 1219/1294 1221/1296
f 1220/1295 1218/1293 1219/1294
f 1220/1295 1222/1297 1218/1293
f 2283/4714 3260/4724 3259/4721
f 2283/4714 3259/4721 4/4723
f 2285/5555 2366/5553 3638/5556
f 2285/5555 2284/5530 2366/5553
f 42/44 43/45 41/43
f 42/44 41/43 39/41
f 42/44 39/41 44/46
f 1192/4692 3240/4691 3241/4693
f 1192/1265 1193/1266 1194/1267
f 1192/4692 1194/4690 3240/4691
f 3241/4693 3240/4691 3269/4733
f 2688/3296 95/3293 2687/3295
f 2694/3307 2693/3305 103/3304
f 3637/5548 2375/5551 1269/5577
f 3637/5548 2362/5550 2375/5551
f 1269/1351 1271/1353 1270/1352
f 1269/5577 2375/5551 1271/5576
f 95/3293 98/3294 2687/3295
f 95/97 96/98 98/100
f 1468/1606 1469/1608 1470/1609
f 1468/1606 1119/1618 1264/1607
f 1468/1606 1264/1607 1469/1608
f 1485/1639 1165/1640 1163/1638
f 1485/1639 1484/1637 1487/1643
f 1485/1639 1163/1638 1484/1637
f 103/3304 2693/3305 106/3306
f 103/105 106/108 104/106
f 1495/1658 1514/1679 1498/1661
f 1495/1658 1498/1661 1496/1659
f 1470/5514 1469/5515 1126/5516
f 1165/1236 1164/1235 1163/1234
f 1175/1248 1172/1245 1174/1247
f 1175/1688 1522/1687 1172/1690
f 1119/1190 1065/1136 1070/1141
f 1119/1345 1070/1343 1264/1344
f 1487/3704 1493/3657 2897/3652
f 1487/1643 1484/1637 1493/1656
f 1126/1197 1124/1195 1123/1194
f 1126/4504 1469/4503 1124/4502
f 1164/6369 1150/6365 1162/6368
f 1164/1235 1162/1233 1163/1234
f 1514/2003 1787/2002 1516/2005
f 1514/1679 1516/1681 1498/1661
f 1123/1194 1125/1196 1143/1214
f 1123/1194 1124/1195 1125/1196
f 1150/6365 3884/6364 3885/6366
f 1150/6365 3885/6366 1162/6368
f 1174/2023 1173/2026 1798/2024
f 1174/1247 1172/1245 1173/1246
f 1193/1266 1195/1268 1194/1267
f 1193/1266 1201/1274 1195/1268
f 1787/2002 1796/2020 1789/2006
f 1787/2002 1789/2006 1516/2005
f 1798/2888 1800/2889 2416/2865
f 1798/2024 1173/2026 1800/2027
f 1270/1352 1271/1353 1272/1354
f 1270/1352 1272/1354 40/1360
f 3269/4733 26/4722 3259/4721
f 3269/4733 3240/4691 3296/4776
f 3269/4733 3296/4776 26/4722
f 1065/1136 1067/1138 1070/1141
f 1065/1136 1064/1135 1063/1134
f 1065/1136 1063/1134 1066/1137
f 1065/1136 1066/1137 1067/1138
f 1143/6383 1125/6395 3893/6388
f 1143/6383 2494/6381 3889/6379
f 1143/6383 3892/6386 2494/6381
f 1143/6383 3893/6388 3892/6386
f 3884/6364 3886/6367 3885/6366
f 3884/6364 3889/6379 2488/6378
f 3884/6364 2488/6378 3887/6371
f 3884/6364 3887/6371 3886/6367
f 2897/3652 1493/3657 2898/3653
f 2897/3652 2299/3650 1064/3651
f 2897/3652 22/3654 2299/3650
f 2897/3652 2898/3653 22/3654
f 2362/2807 2366/2811 21/2804
f 2362/2807 2360/2805 2375/2824
f 2362/2807 21/2804 2360/2805
f 1511/6036 1496/6037 1499/6035
f 1511/6036 3807/6034 1246/6038
f 1511/6036 1499/6035 3807/6034
f 1496/1659 1498/1661 1499/1662
f 1522/3435 2784/3434 1523/3433
f 1522/1687 1523/1691 1172/1690
f 2784/3434 2785/3436 2783/3432
f 2784/3434 2783/3432 1523/3433
f 1219/1294 1218/1293 1201/1274
f 3259/4721 26/4722 4/4723
f 1796/2020 1797/2021 1789/2006
f 1796/4753 3257/4716 1797/4749
f 2416/2865 1800/2889 2402/2851
f 2416/2865 2402/2851 2370/2815
f 2366/5553 2284/5530 21/5554
f 41/43 40/42 39/41
f 1246/6038 3807/6034 1235/6039
f 1246/1322 1235/1311 2/1290
f 2785/3436 2786/3437 2783/3432
f 2785/3436 16/3449 2786/3437
f 1194/4690 3239/4689 3240/4691
f 1194/1267 1195/1268 1196/1269
f 1194/4690 1196/4688 3239/4689
f 1264/1607 1471/1610 1469/1608
f 1264/1344 1070/1343 1263/1342
f 1264/1607 1263/1611 1471/1610
f 1469/4503 1471/4501 1124/4502
f 1163/1638 1161/1631 1484/1637
f 1163/1234 1162/1233 1161/1232
f 1484/1637 1481/1633 1493/1656
f 1484/1637 1161/1631 1481/1633
f 1271/5576 2375/5551 2361/5575
f 1271/1353 1273/1355 1272/1354
f 1271/5576 2361/5575 1273/5574
f 3240/4691 3239/4689 3296/4776
f 2375/2824 2360/2805 2361/2806
f 2687/3295 98/3294 100/3298
f 2687/3295 100/3298 6/3300
f 1124/1195 1127/1198 1125/1196
f 1124/4502 1471/4501 1127/4500
f 1162/6368 3885/6366 1160/6377
f 1162/1233 1160/1231 1161/1232
f 2693/3305 108/3309 106/3306
f 2693/3305 2286/3311 108/3309
f 98/100 96/98 100/102
f 106/108 108/110 104/106
f 1201/1274 1197/1270 1195/1268
f 1201/1274 1218/1293 1203/1276
f 1201/1274 1203/1276 1197/1270
f 26/4722 3296/4776 3273/4737
f 26/4722 3273/4737 5/4717
f 26/4722 5/4717 4/4723
f 1070/1343 1071/1335 1263/1342
f 1070/1141 1067/1138 1071/1142
f 1125/1196 1127/1198 1128/1199
f 1125/6395 1128/6396 3893/6388
f 3885/6366 3896/6402 1160/6377
f 3885/6366 3886/6367 3896/6402
f 1493/3657 1481/3705 2816/3658
f 1493/3657 2816/3658 2898/3653
f 21/2804 2358/2802 2360/2805
f 21/2804 2357/2801 2358/2802
f 21/5554 2284/5530 2357/5529
f 40/1360 1272/1354 1274/1356
f 40/42 38/40 39/41
f 40/1360 1274/1356 38/1362
f 1195/1268 1197/1270 1196/1269
f 1272/1354 1273/1355 1274/1356
f 3296/4776 3239/4689 3273/4737
f 2360/2805 2358/2802 2361/2806
f 2303/2700 2304/2705 2305/2706
f 2303/2700 2305/2706 2306/2707
f 2303/2700 2302/2699 2304/2705
f 2303/2700 2300/2696 2302/2699
f 2303/4291 2306/4286 2300/4289
f 2658/3216 2660/3222 2659/3221
f 2658/5991 3327/5990 2660/5987
f 2658/3216 2659/3221 2657/3215
f 2658/3216 2657/3215 2655/3212
f 2658/5991 2655/5992 3327/5990
f 2305/6141 2304/6122 3830/6125
f 2305/4284 3127/4283 2306/4286
f 2305/6141 3830/6125 3126/6135
f 2305/4284 3126/4282 3127/4283
f 2660/6168 3839/6152 2659/6147
f 2660/5987 3327/5990 3322/5988
f 2660/6168 3324/6162 3839/6152
f 2660/5987 3322/5988 3324/5989
f 2302/6120 3828/6121 2304/6122
f 2302/2699 2300/2696 2301/2698
f 2302/6120 2301/6123 3828/6121
f 2304/6122 3828/6121 3829/6124
f 2304/6122 3829/6124 3830/6125
f 2659/6147 3837/6148 2657/6149
f 2659/6147 3839/6152 3838/6151
f 2659/6147 3838/6151 3837/6148
f 2657/3215 2656/3213 2655/3212
f 2657/6149 3837/6148 2656/6150
f 2300/4289 2306/4286 3129/4287
f 2300/4289 3129/4287 3130/4290
f 2300/4289 3130/4290 1222/4288
f 2300/2696 1222/2697 2301/2698
f 2306/4286 3127/4283 3129/4287
f 1263/1611 1472/1612 1471/1610
f 1263/1611 1262/1613 1472/1612
f 1263/1342 1071/1335 1262/1341
f 1471/4501 1472/4498 1127/4500
f 1161/1631 1158/1632 1481/1633
f 1161/1232 1160/1231 1158/1229
f 1481/1633 1158/1632 1482/1634
f 1481/3705 1482/3706 2816/3658
f 3327/4849 2655/4851 3325/4846
f 3327/4849 3325/4846 3322/4843
f 2655/3212 2656/3213 44/3214
f 2655/4851 3328/4852 3325/4846
f 2655/4851 44/4847 3328/4852
f 1196/4688 3238/4687 3239/4689
f 1196/1269 1197/1270 1198/1271
f 1196/4688 1198/4678 3238/4687
f 3130/4290 3129/4287 1222/4288
f 2301/6191 3836/6189 3828/6188
f 2301/6123 3835/6134 3836/6145
f 2301/6123 6/6144 3835/6134
f 2301/2698 1222/2697 6/2701
f 3889/6379 2494/6381 3890/6380
f 3889/6379 3890/6380 2488/6378
f 1064/1135 1061/1131 1063/1134
f 1064/3651 2299/3650 1061/3644
f 2656/6195 3837/6192 3845/6194
f 2656/6150 3845/6173 3844/6161
f 2656/6150 3844/6161 2286/6171
f 2656/3213 2286/3217 44/3214
f 3328/4852 44/4847 3325/4846
f 1273/5574 2361/5575 2359/5573
f 1273/1355 1275/1357 1274/1356
f 1273/5574 2359/5573 1275/5567
f 3239/4689 3238/4687 3273/4737
f 3129/4287 3127/4283 3128/4285
f 3129/4287 3128/4285 1222/4288
f 3828/6188 3836/6189 3829/6190
f 3836/6145 3835/6134 3829/6124
f 3830/6125 3829/6124 3831/6126
f 3830/6125 3831/6126 3126/6135
f 1516/1681 1520/1685 1498/1661
f 1516/2005 1789/2006 1520/2011
f 1173/1246 1172/1245 1170/1242
f 1173/2026 1170/2032 1800/2027
f 3839/6152 3324/6162 3840/6153
f 3839/6152 3840/6153 3838/6151
f 3837/6192 3838/6193 3845/6194
f 3845/6173 3838/6151 3844/6161
f 3325/4846 3326/4848 3322/4843
f 3325/4846 44/4847 3326/4848
f 2361/2806 2358/2802 2359/2803
f 1498/1661 1503/1666 1499/1662
f 1498/1661 1520/1685 1503/1666
f 1127/1198 1129/1200 1128/1199
f 1127/4500 1472/4498 1129/4499
f 1160/6377 3896/6402 1159/6409
f 1160/1231 1159/1230 1158/1229
f 1172/1690 1523/1691 1171/1695
f 1172/1245 1171/1244 1170/1242
f 3829/6124 3835/6134 3832/6127
f 3829/6124 3832/6127 3831/6126
f 3126/4282 3120/4272 3127/4283
f 3126/6135 3831/6126 3120/6136
f 3324/4845 3322/4843 3323/4844
f 3324/6162 3323/6163 3840/6153
f 3838/6151 3841/6154 3844/6161
f 3838/6151 3840/6153 3841/6154
f 3128/4285 3127/4283 3119/4271
f 3128/4285 3119/4271 1/4292
f 3128/4285 1/4292 1222/4288
f 3127/4283 3120/4272 3119/4271
f 1128/1199 1129/1200 1130/1201
f 1128/6396 1130/6401 3893/6388
f 3896/6402 2430/6374 1159/6409
f 3896/6402 3886/6367 2430/6374
f 3322/4843 3326/4848 3321/4841
f 3322/4843 3321/4841 3323/4844
f 3326/4848 17/4850 3321/4841
f 3326/4848 44/4847 17/4850
f 3835/6134 25/6143 3832/6127
f 3835/6134 6/6144 25/6143
f 3844/6161 3841/6154 19/6170
f 3844/6161 19/6170 2286/6171
f 1063/6438 1060/6432 2490/6435
f 1063/2982 2490/2979 2492/2981
f 1063/1134 1061/1131 1060/1130
f 1063/2982 2492/2981 1066/2985
f 2494/6440 2490/6435 3899/6437
f 2494/2984 2491/2980 2490/2979
f 2494/6440 3899/6437 3890/6441
f 2494/6381 3892/6386 2491/6394
f 2488/2976 2298/2971 2487/2973
f 2488/6643 3994/6636 2298/6648
f 2488/6643 3890/6633 3994/6636
f 2488/6378 2487/6382 3887/6371
f 2299/2695 2298/2694 2296/2692
f 2299/2974 2486/2972 2298/2971
f 2299/3650 2296/3645 1061/3644
f 2299/2974 22/2977 2486/2972
f 2490/6435 1060/6432 3897/6431
f 2490/6435 3897/6431 3899/6437
f 2490/2979 2491/2980 2492/2981
f 2298/2694 2294/2690 2296/2692
f 2298/6648 3994/6636 2294/6644
f 2298/2971 2486/2972 2487/2973
f 1499/6035 1504/6033 3807/6034
f 1499/1662 1503/1666 1504/1667
f 1523/3433 2783/3432 1525/3431
f 1523/1691 1525/1696 1171/1695
f 1789/2006 1792/2012 1520/2011
f 1789/2006 1797/2021 1792/2012
f 1800/2027 1170/2032 1803/2033
f 1800/2889 1803/2890 2402/2851
f 3807/6034 1504/6033 3806/6032
f 3807/6034 3806/6032 1235/6039
f 2783/3432 2782/3430 1525/3431
f 2783/3432 2786/3437 2782/3430
f 3257/4716 3277/4743 1797/4749
f 3257/4716 6/4715 5/4717
f 3257/4716 5/4717 3276/4742
f 3257/4716 3276/4742 3277/4743
f 2370/2815 2402/2851 2400/2849
f 2370/2815 2357/2801 2286/2816
f 2370/2815 2364/2809 2357/2801
f 2370/2815 2400/2849 2364/2809
f 2/1290 1235/1311 1223/1298
f 2/7067 3/7068 1222/7069
f 2/1290 1217/1291 3/1292
f 2/1290 1223/1298 1217/1291
f 16/3449 2791/3445 2786/3437
f 16/7070 44/7071 18/7072
f 16/37 18/38 37/39
f 16/3449 37/3448 2791/3445
f 1262/1613 1260/1614 1472/1612
f 1262/1341 1071/1335 1260/1339
f 1472/4498 1131/4497 1129/4499
f 1472/1612 1260/1614 1473/1615
f 1472/4498 1473/4495 1131/4497
f 1158/1632 1483/1635 1482/1634
f 1158/1229 1159/1230 1157/1228
f 1158/1632 1151/1636 1483/1635
f 1158/1229 1157/1228 1151/1222
f 1482/3483 1483/3481 2816/3478
f 1071/4317 1067/4314 1256/4316
f 1071/1335 1257/1334 1260/1339
f 1071/1335 1256/1333 1257/1334
f 2816/4322 2813/4320 2898/4319
f 2816/3478 1483/3481 2814/3476
f 2816/3478 2814/3476 2813/3475
f 1129/1200 1131/1202 1130/1201
f 1159/6409 2430/6374 1157/6410
f 1503/1666 1520/1685 1509/1672
f 1503/1666 1509/1672 1504/1667
f 1130/6401 3894/6389 3893/6388
f 1130/1201 1131/1202 1132/1203
f 1130/4771 1132/4770 3088/4769
f 1130/4218 3088/4217 3086/4215
f 1130/6401 3086/6397 3894/6389
f 2430/6374 3886/6367 3888/6372
f 2430/6374 2429/6411 1157/6410
f 2430/2886 2426/2880 2429/2885
f 2430/4224 3089/4220 2426/4223
f 2430/6374 3888/6372 3089/6375
f 1171/1244 1169/1241 1170/1242
f 1171/1695 1525/1696 1169/1701
f 1520/2011 1792/2012 1794/2016
f 1520/4508 1794/4506 1509/4507
f 1067/4314 1255/4315 1256/4316
f 1067/4314 1072/4318 1255/4315
f 1067/1138 1066/1137 1072/1143
f 3893/6388 3894/6389 3892/6386
f 3886/6367 3887/6371 3888/6372
f 2898/4319 2813/4320 2812/4321
f 2898/4319 2812/4321 2815/4323
f 2898/3653 2815/3662 22/3654
f 1170/1242 1169/1241 1168/1240
f 1170/2032 1168/2037 1803/2033
f 1260/1614 1259/1621 1473/1615
f 1260/1339 1257/1334 1259/1338
f 1483/1635 1151/1636 1488/1646
f 1483/3481 1488/3480 2814/3476
f 3832/6127 27/6128 3831/6126
f 3832/6127 25/6143 27/6128
f 3831/6126 3121/6137 3120/6136
f 3831/6126 27/6128 3833/6129
f 3831/6126 3833/6129 3121/6137
f 1473/4495 1137/4493 1131/4497
f 1473/1615 1259/1621 1477/1623
f 1473/4495 1477/4491 1137/4493
f 1256/1333 1252/1329 1257/1334
f 1256/1333 1255/1332 1252/1329
f 2813/3475 2814/3476 2804/3461
f 2813/3475 2804/3461 2812/3474
f 1151/1222 1157/1228 1152/1223
f 1151/1636 1153/1648 1488/1646
f 1151/1222 1152/1223 1153/1224
f 3840/6153 20/6155 3841/6154
f 3840/6153 3323/6163 3320/6164
f 3840/6153 3842/6156 20/6155
f 3840/6153 3320/6164 3842/6156
f 3841/6154 20/6155 19/6170
f 3119/4271 3120/4272 3121/4273
f 3119/4271 3122/4274 1/4292
f 3119/4271 3121/4273 3122/4274
f 3088/4769 1132/4770 3288/4762
f 3088/4769 3288/4762 3084/4766
f 3088/4217 3084/4213 3086/4215
f 2426/2880 2411/2860 2429/2885
f 2426/2880 2414/2863 2411/2860
f 2426/4223 3089/4220 2414/4219
f 3321/4841 3320/4840 3323/4844
f 3321/4841 17/4850 3319/4839
f 3321/4841 3319/4839 3320/4840
f 1504/6033 1510/6028 3806/6032
f 1504/1667 1509/1672 1510/1673
f 1525/3431 2782/3430 1528/3426
f 1525/1696 1528/1702 1169/1701
f 1218/1293 1222/1297 3/1292
f 1218/1293 3/1292 1203/1276
f 1797/2021 1795/2017 1792/2012
f 1797/6246 1149/6247 1795/6248
f 1797/4749 3277/4743 1149/4748
f 3806/6032 1242/6030 1235/6039
f 3806/6032 1510/6028 1242/6030
f 1131/1202 1137/1208 1132/1203
f 1157/6410 2429/6411 1152/6412
f 2782/3430 2786/3437 2781/3427
f 2782/3430 2781/3427 1528/3426
f 2402/2851 1803/2890 1805/2882
f 2402/2851 1805/2882 2401/2850
f 2402/2851 2401/2850 2400/2849
f 39/41 18/38 44/46
f 39/41 38/40 18/38
f 1235/1311 1242/1318 1234/1310
f 1235/1311 1234/1310 1223/1298
f 1792/2012 1795/2017 1794/2016
f 1509/4507 1794/4506 1480/4496
f 1509/1672 1480/1674 1510/1673
f 1259/1621 1261/1624 1477/1623
f 1259/1338 1257/1334 1243/1319
f 1259/1338 1236/1312 1261/1340
f 1259/1338 1243/1319 1236/1312
f 1477/4491 1139/4492 1137/4493
f 1477/1623 1261/1624 1478/1625
f 1477/4491 1478/4494 1139/4492
f 1257/1334 1252/1329 1243/1319
f 2814/3476 1488/3480 2800/3457
f 2814/3476 2800/3457 2804/3461
f 1153/1648 1489/1649 1488/1646
f 1153/1224 1152/1223 1154/1225
f 1153/1648 1155/1650 1489/1649
f 1153/1224 1154/1225 1155/1226
f 1488/3480 1489/3482 2806/3464
f 1488/3480 2806/3464 2800/3457
f 1169/1241 1156/1227 1168/1240
f 1169/1701 1528/1702 1156/1703
f 1803/2033 1168/2037 1805/2038
f 2786/3437 2792/3446 2781/3427
f 2786/3437 2791/3445 2792/3446
f 1197/1270 1203/1276 1200/1273
f 1197/1270 1199/1272 1198/1271
f 1197/1270 1200/1273 1199/1272
f 3273/4737 3274/4740 5/4717
f 3273/4737 3238/4687 3235/4680
f 3273/4737 3235/4680 3274/4740
f 1132/1203 1137/1208 1138/1209
f 1132/4770 1138/4760 3288/4762
f 2429/6417 2431/6418 1152/6419
f 2429/2885 2411/2860 2431/2887
f 2358/2802 2357/2801 2352/2794
f 2358/2802 2354/2796 2359/2803
f 2358/2802 2352/2794 2354/2796
f 1274/1356 1277/1359 38/1362
f 1274/1356 1275/1357 1276/1358
f 1274/1356 1276/1358 1277/1359
f 96/2662 4/2661 100/2665
f 1222/2697 3/2702 6/2701
f 1222/4288 1/4292 3/4293
f 6/2666 100/2665 4/2661
f 6/2701 3/2702 5/2703
f 6/6144 5/6146 25/6143
f 2286/3217 18/3218 44/3214
f 2286/2673 2284/2668 108/2672
f 2286/3217 2357/3219 18/3218
f 2286/6171 19/6170 2357/6172
f 44/4847 18/4853 17/4850
f 104/2671 108/2672 2284/2668
f 1794/4506 1145/4505 1480/4496
f 1794/2016 1795/2017 1145/2018
f 1168/1240 1156/1227 1167/1239
f 1168/2037 1167/2039 1805/2038
f 1137/1208 1139/1210 1138/1209
f 1152/6419 2431/6418 1154/6420
f 1138/4760 3287/4761 3288/4762
f 1138/1209 1139/1210 1140/1211
f 1138/4760 3282/4750 3287/4761
f 1138/4760 1140/4752 3282/4750
f 3084/4766 3288/4762 3085/4765
f 3084/4213 3085/4214 3086/4215
f 1255/1332 1253/1330 1252/1329
f 1255/1332 1072/1336 1253/1330
f 2414/2863 2413/2862 2411/2860
f 2414/4219 3089/4220 2413/4221
f 2812/3474 2804/3461 2810/3472
f 2812/3474 2810/3472 2815/3477
f 2431/2887 2411/2860 2409/2858
f 2431/2887 2409/2858 2412/2861
f 2431/6418 2427/6421 1154/6420
f 2431/2887 2412/2861 2427/2881
f 1510/1673 1480/1674 1479/1677
f 1510/6028 1479/6029 1242/6030
f 1252/1329 1245/1321 1243/1319
f 1252/1329 1253/1330 1245/1321
f 3288/4762 3287/4761 3289/4763
f 3288/4762 3289/4763 3085/4765
f 2411/2860 2410/2859 2409/2858
f 2411/2860 2413/2862 2410/2859
f 2804/3461 2800/3457 2779/3422
f 2804/3461 2779/3422 2810/3472
f 1528/1702 1490/1704 1156/1703
f 1528/3426 2781/3427 1490/3428
f 1479/1626 1480/1627 1478/1625
f 1479/1626 1478/1625 1261/1624
f 1479/1626 1261/1624 1238/1628
f 1479/6029 1238/6031 1242/6030
f 1480/4496 1139/4492 1478/4494
f 1480/4496 1145/4505 1139/4492
f 3890/6441 3899/6437 3900/6442
f 3890/6633 3993/6635 3994/6636
f 3890/6441 3900/6442 3901/6443
f 3890/6633 3901/6634 3993/6635
f 1155/1650 1156/1652 1490/1651
f 1155/1226 1154/1225 1156/1227
f 1155/1650 1490/1651 1489/1649
f 1156/1227 1154/1225 1167/1239
f 1490/1651 1491/1653 1489/1649
f 1490/3428 2781/3427 1491/3429
f 5/2703 3/2702 1203/2704
f 5/4717 3275/4741 3276/4742
f 5/4717 3274/4740 3275/4741
f 3/4293 1/4292 1203/4294
f 3/1292 1217/1291 1203/1276
f 1261/1340 1236/1312 1238/1314
f 1061/1131 1058/1128 1060/1130
f 1061/3644 2296/3645 690/3646
f 1061/1131 29/1132 1058/1128
f 1061/3644 690/3646 29/3647
f 1489/3482 1491/3429 2806/3464
f 2357/3219 38/3220 18/3218
f 2357/2801 2364/2809 2356/2799
f 2357/2801 2356/2799 2352/2794
f 18/4853 38/4854 17/4850
f 18/38 38/40 37/39
f 1242/1318 1238/1314 1234/1310
f 2781/3427 2792/3446 1491/3429
f 1795/2017 1141/2019 1145/2018
f 1795/6248 1149/6247 1141/6249
f 1145/1216 1141/1212 1139/1210
f 1167/2039 1806/2040 1805/2038
f 1167/6423 1154/6420 1806/6422
f 1805/2882 1806/2883 2401/2850
f 1203/4294 1/4292 1204/4295
f 1203/1276 1204/1277 1200/1273
f 1139/1210 1141/1212 1140/1211
f 1243/1319 1237/1313 1236/1312
f 1243/1319 1244/1320 1237/1313
f 1243/1319 1245/1321 1244/1320
f 3287/4761 3282/4750 3283/4751
f 3287/4761 3283/4751 3290/4764
f 3287/4761 3290/4764 3289/4763
f 2409/2858 2407/2856 2412/2861
f 2409/2858 2408/2857 2407/2856
f 2409/2858 2410/2859 2408/2857
f 2800/3457 2806/3464 2799/3456
f 2800/3457 2799/3456 2778/3421
f 2800/3457 2778/3421 2779/3422
f 1154/6420 2427/6421 1806/6422
f 38/4854 1279/4855 17/4850
f 38/1362 1277/1359 1279/1363
f 1238/1314 1236/1312 1234/1310
f 1140/1211 1141/1212 1149/1220
f 1140/4752 1149/4748 3282/4750
f 2427/2881 2401/2850 1806/2883
f 2427/2881 2412/2861 2401/2850
f 1491/3429 2792/3446 2806/3464
f 1198/4678 3235/4680 3238/4687
f 1198/4678 1199/4679 3235/4680
f 2359/5573 2354/5564 1275/5567
f 1275/5567 2354/5564 1276/5566
f 1236/1312 1237/1313 1233/1309
f 1236/1312 1233/1309 1234/1310
f 2806/3464 2796/3452 2799/3456
f 2806/3464 2792/3446 2796/3452
f 3282/4750 3280/4746 3283/4751
f 3282/4750 1149/4748 3280/4746
f 2412/2861 2407/2856 2405/2854
f 2412/2861 2405/2854 2401/2850
f 1237/1313 1244/1320 1247/1323
f 1237/1313 1247/1323 1233/1309
f 3283/5313 3561/5310 3290/5307
f 3283/5313 3280/5314 3561/5310
f 2407/2856 2408/2857 2406/2855
f 2407/2856 2406/2855 2405/2854
f 2799/3456 2775/3418 2778/3421
f 2799/3456 2796/3452 2775/3418
f 3897/6431 1060/6432 1057/6433
f 3897/6431 3898/6434 3899/6437
f 3897/6431 1057/6433 3898/6434
f 1060/1130 1058/1128 1057/1127
f 2294/2690 2295/2691 2296/2692
f 2294/6644 3994/6636 2297/6638
f 2294/2690 2297/2693 2295/2691
f 2296/3645 2295/3648 690/3646
f 1234/1310 1224/1299 1223/1298
f 1234/1310 1233/1309 1224/1299
f 1149/4748 3277/4743 3279/4745
f 1149/4748 3279/4745 3280/4746
f 2401/2850 2399/2848 2400/2849
f 2401/2850 2405/2854 2399/2848
f 2792/3446 2791/3445 2793/3447
f 2792/3446 2793/3447 2796/3452
f 1/4292 10/4276 1204/4295
f 1/4292 3122/4274 10/4276
f 25/25 26/26 27/27
f 1223/1298 1224/1299 1217/1291
f 3277/4743 3276/4742 3279/4745
f 2400/2849 2399/2848 2364/2809
f 2791/3445 37/3448 2793/3447
f 19/19 20/20 21/21
f 17/4850 1279/4855 2801/4838
f 17/4850 2801/4838 3319/4839
f 3899/6613 3898/6610 1374/6612
f 3899/6613 1374/6612 3900/6614
f 2492/2981 2491/2980 2493/2983
f 2492/2981 2493/2983 1066/2985
f 2491/6394 3892/6386 3329/6392
f 2491/4865 3329/4861 2493/4863
f 2487/2973 2486/2972 13/2975
f 2487/6382 3339/6400 3887/6371
f 2487/4882 13/4878 3339/4881
f 3994/6636 3562/6637 2297/6638
f 3994/6636 3993/6635 3562/6637
f 2486/2972 22/2977 13/2975
f 1244/3406 2766/3396 1247/3400
f 1244/3406 1245/3407 2766/3396
f 3290/5307 3561/5310 2335/5308
f 3290/5307 2335/5308 3289/5306
f 2335/5308 3561/5310 2336/5311
f 2335/2769 2336/2770 2337/2771
f 2335/2769 2337/2771 2338/2772
f 2335/5308 2338/5309 3289/5306
f 2506/2999 2408/3017 2410/3014
f 2506/2999 2406/3016 2408/3017
f 2506/2999 2410/3014 2509/3002
f 2506/2999 2509/3002 2507/3000
f 2506/2999 2507/3000 2508/3001
f 2506/2999 2508/3001 2406/3016
f 2778/3421 2772/3414 2779/3422
f 2778/3421 2775/3418 2772/3414
f 1233/1309 1247/1323 1248/1325
f 1233/1309 1232/1308 1224/1299
f 1233/1309 1248/1325 1232/1308
f 2796/3452 2776/3419 2775/3418
f 2796/3452 2793/3447 2795/3451
f 2796/3452 2795/3451 2776/3419
f 3561/5310 2341/5312 2336/5311
f 3561/5310 3280/5314 2938/5315
f 3561/5310 2938/5315 2341/5312
f 2766/3396 2337/3393 2767/3397
f 2766/3396 2765/3394 2337/3393
f 2766/3396 2767/3397 1247/3400
f 2766/3396 1245/3407 2765/3394
f 2337/2771 2336/2770 2339/2773
f 2337/2771 2345/2779 2338/2772
f 2337/3393 2339/3398 2767/3397
f 2337/3393 2765/3394 2345/3395
f 3289/4763 3087/4767 3085/4765
f 3289/5306 2338/5309 2347/5304
f 3289/4763 3291/4768 3087/4767
f 3289/5306 2347/5304 3291/5303
f 3085/4214 3087/4216 3086/4215
f 1253/1330 1254/1331 1245/1321
f 1253/1330 1072/1336 1254/1331
f 2413/2862 2417/2866 2410/2859
f 2413/4221 3089/4220 2417/4222
f 2810/3472 2779/3422 2811/3473
f 2810/3472 2811/3473 2815/3477
f 2410/3014 2432/3015 2509/3002
f 2410/2859 2417/2866 2418/2867
f 2410/2859 2418/2867 2432/2891
f 2507/3411 2771/3413 2772/3414
f 2507/3411 2772/3414 2773/3415
f 2507/6408 2509/6405 2770/6407
f 2507/3000 2510/3003 2508/3001
f 2507/3411 2770/3412 2771/3413
f 2507/3411 2773/3415 2510/3416
f 2772/3414 2771/3413 2779/3422
f 2772/3414 2775/3418 2773/3415
f 2406/3776 2508/3777 2512/3770
f 2406/2855 2404/2853 2405/2854
f 2406/3776 2512/3770 2404/3772
f 1247/3400 2767/3397 1248/3401
f 2336/2770 2340/2774 2339/2773
f 2336/2770 2341/2775 2340/2774
f 2338/2772 2345/2779 2346/2780
f 2338/2772 2346/2780 2347/2781
f 1245/3407 1258/3408 2765/3394
f 1245/1321 1254/1331 1258/1337
f 2509/6405 2774/6404 2770/6407
f 2509/6405 2432/6403 2774/6404
f 2779/3422 2771/3413 2780/3423
f 2779/3422 2780/3423 2811/3473
f 2508/3001 2510/3003 2511/3004
f 2508/3001 2511/3004 2512/3005
f 2775/3418 2776/3419 2773/3415
f 1079/3104 1081/3100 2578/3099
f 1079/3104 2578/3099 1078/3097
f 1079/1150 1080/1151 1081/1152
f 1079/1150 1078/1149 1077/1148
f 1079/1150 1077/1148 1080/1151
f 2578/3099 1081/3100 2580/3102
f 2578/3099 2580/3102 2594/3121
f 2578/3099 2576/3095 1078/3097
f 2578/3099 2599/3126 2576/3095
f 2578/3099 2594/3121 2599/3126
f 2379/3154 2614/3159 2610/3151
f 2379/3154 2612/3157 2614/3159
f 2379/3154 2610/3151 2381/3150
f 2379/2828 2381/2830 2377/2826
f 2379/3154 2380/3155 2612/3157
f 2379/2828 2376/2825 2380/2829
f 2379/2828 2377/2826 2376/2825
f 2614/3669 2900/3667 2610/3668
f 2614/3669 2612/3671 2901/3670
f 2614/3669 2901/3670 2900/3667
f 3280/4746 3279/4745 3258/4718
f 3280/5314 3258/5316 2938/5315
f 2767/3719 2339/3720 2340/3716
f 2767/3719 2340/3716 2768/3712
f 2767/3397 2768/3402 1248/3401
f 2765/3394 2346/3399 2345/3395
f 2765/3394 1258/3408 2346/3399
f 2770/3412 2774/3417 2771/3413
f 2771/3413 2774/3417 2780/3423
f 2510/3729 2773/3728 2511/3725
f 2773/3728 2777/3721 2511/3725
f 2773/3415 2776/3419 2777/3420
f 2405/2854 2398/2847 2399/2848
f 2405/2854 2404/2853 2398/2847
f 1081/3100 2579/3101 2580/3102
f 1081/3100 1084/3103 2579/3101
f 1081/1152 1080/1151 1084/1155
f 2580/3102 2579/3101 2594/3121
f 2576/3095 1075/3096 1078/3097
f 2576/3095 2577/3098 1075/3096
f 2576/3095 2599/3126 2577/3098
f 1078/1149 1075/1146 1077/1148
f 2381/3150 2610/3151 2611/3152
f 2381/3150 2611/3152 2383/3153
f 2381/2830 2383/2832 2377/2826
f 2610/3668 2900/3667 2611/3665
f 2380/3155 2382/3156 2612/3157
f 2380/2829 2376/2825 2382/2831
f 2612/3157 2382/3156 2613/3158
f 2612/3671 2613/3674 2901/3670
f 1204/1277 1207/1280 1200/1273
f 1204/4295 10/4276 1207/4296
f 1279/1363 1277/1359 1282/1366
f 1279/4855 1282/4856 2801/4838
f 2341/2775 2342/2776 2340/2774
f 2341/3760 2938/3761 2343/3762
f 2341/2775 2343/2777 2342/2776
f 2512/3005 2511/3004 2513/3006
f 2512/3770 2514/3771 2404/3772
f 2512/3005 2513/3006 2514/3007
f 1224/1299 11/1307 1217/1291
f 1224/1299 1232/1308 11/1307
f 3279/4745 3276/4742 3258/4718
f 1066/7073 3894/7074 3202/7075
f 1066/7076 3202/7077 1073/7078
f 1066/5793 3202/5794 2348/5795
f 1066/5784 1373/5785 3202/5786
f 1066/1137 1073/1144 1072/1143
f 1066/2985 2493/2983 1073/2986
f 1066/3779 2348/3780 1373/3781
f 3892/6386 3894/6389 2348/6390
f 3892/6386 1073/6391 3329/6392
f 3892/6386 2348/6390 1073/6391
f 3887/6371 23/6373 3888/6372
f 3887/6371 3339/6400 2489/6376
f 3887/6371 2489/6376 23/6373
f 22/6430 24/6427 3888/6429
f 22/7079 2489/7080 24/7081
f 22/22 23/23 24/24
f 22/5781 24/5782 2937/5783
f 22/3654 2815/3662 2489/3663
f 22/2977 2489/2978 13/2975
f 22/5178 2937/5177 23/5142
f 2399/2848 2398/2847 2364/2809
f 2793/3447 37/3448 2794/3450
f 2793/3447 2794/3450 2795/3451
f 27/6128 3834/6130 3833/6129
f 27/6128 3157/6131 3834/6130
f 3276/4742 3275/4741 3278/4744
f 3276/4742 3278/4744 3258/4718
f 3122/4274 3121/4273 3123/4275
f 3122/4274 3123/4275 10/4276
f 3833/6129 3123/6138 3121/6137
f 3833/6129 3834/6130 3123/6138
f 2579/4363 1084/4362 2593/4360
f 2579/3101 2593/3120 2594/3121
f 3898/6434 1057/6433 1073/6436
f 3898/6610 1073/6611 1374/6612
f 1057/6433 1059/6439 1073/6436
f 1057/1127 1058/1128 1059/1129
f 2297/3501 2489/3499 2295/3500
f 2297/6649 3562/6650 2489/6651
f 2295/3500 2489/3499 14/3498
f 2295/3648 14/3643 690/3646
f 2382/4374 2385/4371 2613/4373
f 2382/2831 2376/2825 2385/2834
f 3842/6156 3843/6157 20/6155
f 3842/6156 3320/6164 3317/6165
f 3842/6156 3317/6165 3843/6157
f 20/6155 3843/6157 3159/6158
f 2364/2809 2365/2810 2356/2799
f 2364/2809 2398/2847 2365/2810
f 3319/4839 3317/4835 3320/4840
f 3319/4839 2801/4838 3317/4835
f 1217/1291 11/1307 10/1324
f 1084/1155 1080/1151 1085/1156
f 1084/4362 1085/4361 2593/4360
f 2340/3716 2342/3713 2768/3712
f 3086/6397 2348/6390 3894/6389
f 3086/5302 3087/5305 3291/5303
f 3086/5302 3291/5303 2347/5304
f 3086/6397 2347/6398 2348/6390
f 3202/6424 2348/6425 1073/6426
f 3202/5179 1373/5180 1073/5181
f 3202/4521 1073/4524 2661/4522
f 3202/4521 2661/4522 2348/4523
f 24/6427 23/6428 3888/6429
f 24/5182 2489/5183 2937/5184
f 24/4571 2824/4573 2489/4574
f 24/4571 23/4572 2824/4573
f 3888/6372 23/6373 3089/6375
f 3089/5805 2418/5806 2417/5807
f 3089/5805 2432/5808 2418/5806
f 3089/6375 23/6373 2432/6403
f 2511/3725 2777/3721 2513/3723
f 2613/3674 2904/3675 2901/3670
f 2613/4373 2385/4371 2904/4372
f 37/3448 2801/3458 2794/3450
f 1200/1273 1205/1278 1199/1272
f 1200/1273 1206/1279 1205/1278
f 1200/1273 1207/1280 1206/1279
f 3274/4740 3235/4680 3236/4682
f 3274/4740 3284/4755 3275/4741
f 3274/4740 3236/4682 3284/4755
f 1232/1308 1248/1325 1249/1326
f 1232/1308 1249/1326 1250/1327
f 1232/1308 1250/1327 11/1307
f 1072/1336 1258/1337 1254/1331
f 1072/1336 1075/1346 1258/1337
f 1072/1143 1073/1144 1075/1146
f 2815/3477 2811/3473 2780/3423
f 2815/3662 2611/3665 2489/3663
f 2815/3477 2780/3423 2611/3425
f 2795/3451 2797/3453 2776/3419
f 2795/3451 2395/3454 2797/3453
f 2795/3451 2794/3450 2395/3454
f 2352/2794 2353/2795 2354/2796
f 2352/2794 2356/2799 2355/2797
f 2352/2794 2355/2797 2353/2795
f 1277/1359 1276/1358 1280/1364
f 1277/1359 1280/1364 1281/1365
f 1277/1359 1281/1365 1282/1366
f 1199/4679 1205/4681 3235/4680
f 3235/4680 1205/4681 3236/4682
f 2354/5564 1280/5565 1276/5566
f 2354/5564 2353/5568 1280/5565
f 1374/3292 1073/3290 1373/3291
f 1374/1500 1373/1499 1370/1496
f 1374/6604 1370/6603 3988/6593
f 1374/6612 3988/6615 3900/6614
f 3329/4861 1073/4862 2493/4863
f 2493/4863 1073/4862 1059/4864
f 3339/4881 13/4878 2489/4880
f 13/4878 14/4879 2489/4880
f 3562/5323 2937/5322 2489/5319
f 3562/6637 674/6641 2937/6642
f 3562/6637 666/6639 674/6641
f 3562/6637 3993/6635 666/6639
f 2347/2781 2346/2780 2348/2782
f 2432/6403 23/6373 2774/6404
f 3275/4741 2598/4719 3278/4744
f 3275/4741 3284/4755 3281/4747
f 3275/4741 3281/4747 2598/4719
f 2356/2799 2365/2810 2363/2808
f 2356/2799 604/2800 2355/2797
f 2356/2799 2363/2808 604/2800
f 1080/1151 1083/1154 1085/1156
f 1080/1151 1077/1148 1082/1153
f 1080/1151 1082/1153 1083/1154
f 2594/3121 2593/3120 2591/3118
f 2594/3121 2595/3122 2599/3126
f 2594/3121 2591/3118 2595/3122
f 2376/2825 2384/2833 2385/2834
f 2376/2825 2377/2826 2378/2827
f 2376/2825 2378/2827 2384/2833
f 2901/3670 2904/3675 2903/3673
f 2901/3670 2902/3672 2900/3667
f 2901/3670 2903/3673 2902/3672
f 2938/3761 2939/3763 2343/3762
f 2938/3761 2940/3764 2939/3763
f 2938/5315 3258/5316 2940/5317
f 2346/3399 1258/3408 2577/3409
f 2346/5799 2577/5800 2349/5801
f 2346/2780 2349/2783 2348/2782
f 1258/3408 1075/3410 2577/3409
f 1073/1144 1076/1147 1075/1146
f 1073/6391 2348/6390 2661/6393
f 1073/3290 2661/3286 1373/3291
f 1073/7082 1059/7083 2661/7084
f 1073/7085 2661/7086 1076/7087
f 2489/3499 2824/3494 14/3498
f 2489/5319 2937/5322 2824/5320
f 2489/5319 2824/5320 23/5321
f 2489/3663 2611/3665 2728/3666
f 2489/3663 2728/3666 2824/3711
f 2774/3417 2383/3424 2780/3423
f 2774/6404 23/6373 3479/6406
f 2774/5802 3479/5803 2383/5804
f 2780/3423 2383/3424 2611/3425
f 2404/3772 2514/3771 2516/3773
f 2404/3772 2516/3773 2403/3774
f 2404/2853 2403/2852 2398/2847
f 2577/3098 2599/3126 2349/3136
f 1075/1146 1076/1147 1077/1148
f 2348/3780 1372/3782 1373/3781
f 2348/3285 2661/3286 2550/3280
f 2348/3780 7/3783 1372/3782
f 2348/2782 2349/2783 7/2784
f 2348/3285 2550/3280 7/3279
f 1373/1499 1372/1498 1370/1496
f 1059/3289 2550/3280 2661/3286
f 1059/3088 2568/3083 2550/3060
f 1059/4935 3374/4932 2568/4934
f 1059/4935 1058/4924 3374/4932
f 14/3498 2824/3494 15/3487
f 14/3643 15/3624 761/3638
f 14/805 761/802 763/804
f 14/805 763/804 690/730
f 2937/5177 2936/5173 23/5142
f 2937/3754 674/3751 2936/3753
f 23/3493 15/3487 2824/3494
f 23/5142 2936/5173 2818/5135
f 23/5142 2818/5135 3479/5137
f 23/3493 2818/3484 15/3487
f 2383/5136 3479/5137 2377/5138
f 2611/3665 2900/3667 2728/3666
f 1248/3401 2768/3402 1249/3403
f 2661/5185 2550/5186 1076/5187
f 2824/3711 2728/3666 15/3624
f 2776/3419 2797/3453 2777/3420
f 1372/1498 7/1549 1419/1547
f 1372/1498 1419/1547 1369/1495
f 1372/1498 1369/1495 1370/1496
f 2936/5173 3504/5172 2818/5135
f 2936/5173 2935/5171 3504/5172
f 2936/3753 674/3751 2935/3750
f 2593/4360 1085/4361 1086/4359
f 2593/4360 1086/4359 2592/4356
f 2593/3120 2592/3119 2591/3118
f 2768/3712 2342/3713 2769/3714
f 2768/3402 2769/3404 1249/3403
f 2777/3721 2817/3722 2513/3723
f 2777/3420 2797/3453 2817/3479
f 2385/4371 2905/4370 2904/4372
f 2385/4371 2386/4367 2905/4370
f 2385/2834 2384/2833 2386/2835
f 2343/2777 2344/2778 2342/2776
f 2343/3762 2939/3763 2344/3767
f 1085/1156 1083/1154 1086/1157
f 2514/3007 2513/3006 2515/3008
f 2514/3007 2515/3008 2516/3009
f 2904/3675 2905/3676 2903/3673
f 10/4276 3123/4275 3124/4277
f 10/4276 3124/4277 1207/4296
f 3157/6131 3156/6132 3834/6130
f 3157/4384 3124/4381 3156/4383
f 2349/3136 2599/3126 2604/3137
f 2349/3136 2604/3137 7/3139
f 3479/5137 2818/5135 3480/5139
f 3479/5137 3480/5139 2377/5138
f 3159/6158 3843/6157 3158/6159
f 3159/4392 3158/4391 2802/4389
f 2801/4838 2802/4836 3317/4835
f 2801/4838 1282/4856 2802/4836
f 2801/3458 2802/3459 2794/3450
f 3834/6130 3125/6139 3123/6138
f 3834/6130 2598/6133 3125/6139
f 3834/6130 3156/6132 2598/6133
f 3278/4744 2598/4719 3258/4718
f 3123/4275 3125/4278 3124/4277
f 2342/3713 2344/3715 2769/3714
f 2513/3723 2817/3722 2515/3724
f 3317/6165 3318/6166 3843/6157
f 3317/4835 2802/4836 3318/4837
f 3843/6157 3318/6166 2363/6160
f 3843/6157 2363/6160 3158/6159
f 2365/2810 2398/2847 2363/2808
f 1077/1148 1076/1147 1088/1159
f 1077/1148 1088/1159 1082/1153
f 2599/3126 2595/3122 2604/3137
f 7/3279 2550/3280 2551/3275
f 7/3279 2551/3275 1385/3277
f 7/3139 2604/3137 1385/3138
f 7/1549 8/1513 1419/1547
f 7/1549 1385/1512 8/1513
f 2550/5993 2551/5994 1076/5995
f 2550/3060 2549/3059 2551/3061
f 2550/3060 2548/3058 2549/3059
f 2550/3060 2568/3083 2548/3058
f 15/3487 2818/3484 2820/3486
f 15/3624 2728/3666 2820/3710
f 15/3487 2820/3486 2825/3495
f 15/3624 2825/3621 2888/3620
f 15/3624 2888/3620 761/3638
f 2818/3484 2819/3485 2820/3486
f 2818/5135 3504/5172 3478/5134
f 2818/5135 2819/5133 3480/5139
f 2818/5135 3478/5134 2819/5133
f 2377/5138 3480/5139 2378/5140
f 2900/3667 2907/3678 2728/3666
f 2900/3667 2902/3672 2907/3678
f 1076/7088 2551/7089 1103/7090
f 1076/1147 1103/1174 1088/1159
f 2728/3666 2727/3693 2820/3710
f 2728/3666 2907/3678 2727/3693
f 2551/3061 2549/3059 2558/3069
f 2551/3275 1103/3276 1385/3277
f 2551/3275 2287/3282 1103/3276
f 2551/3275 2558/3283 2287/3282
f 2820/3486 2823/3492 2825/3495
f 2820/3486 2819/3485 2727/3488
f 2820/3486 2726/3491 2823/3492
f 2820/3486 2727/3488 2726/3491
f 2604/3137 2595/3122 1384/3135
f 2604/3137 1384/3135 1385/3138
f 1419/1547 8/1513 1418/1546
f 1419/1547 1418/1546 1428/1557
f 1419/1547 1428/1557 1369/1495
f 3504/5172 3506/5175 3478/5134
f 3504/5172 3502/5169 3506/5175
f 3504/5172 2935/5171 3502/5169
f 3480/5139 2821/5141 2378/5140
f 3480/5139 2819/5133 2821/5141
f 2549/3059 2557/3068 2558/3069
f 2549/3059 2541/3051 2557/3068
f 2549/3059 2548/3058 2541/3051
f 2825/3621 2823/3622 2889/3623
f 2825/3621 2889/3623 2886/3618
f 2825/3621 2886/3618 2888/3620
f 2595/3122 2591/3118 1384/3135
f 1088/1159 1101/1172 1082/1153
f 1088/1159 1103/1174 1101/1172
f 2907/3678 2902/3672 2916/3692
f 2907/3678 2916/3692 2727/3693
f 2378/5140 2821/5141 2384/5144
f 3236/4682 1205/4681 1213/4683
f 3236/4682 3237/4684 3284/4755
f 3236/4682 1213/4683 3237/4684
f 1082/1153 1101/1172 1083/1154
f 1385/1512 1420/1548 8/1513
f 1385/3277 1103/3276 1384/3278
f 1385/1512 1384/1511 9/1510
f 1385/1512 9/1510 1420/1548
f 8/1513 1417/1545 1418/1546
f 8/1513 1420/1548 1417/1545
f 3478/5134 3477/5132 2819/5133
f 3478/5134 3506/5175 3505/5174
f 3478/5134 3505/5174 3477/5132
f 2819/3485 2821/3489 2727/3488
f 2819/5133 3475/5130 2821/5141
f 2819/5133 3477/5132 3475/5130
f 2902/3672 2903/3673 2916/3692
f 2353/5568 1286/5569 1280/5565
f 2353/2795 2355/2797 603/2798
f 2353/5568 603/5570 1286/5569
f 1205/1278 1206/1279 1213/1286
f 1103/3276 1102/3281 1384/3278
f 1103/1174 1102/1173 1101/1172
f 1103/3276 2287/3282 1102/3281
f 2558/3069 2557/3068 2556/3067
f 2558/3069 2534/3044 2287/3070
f 2558/3069 2556/3067 2534/3044
f 2823/3622 2881/3612 2889/3623
f 2823/3622 2726/3613 2867/3598
f 2823/3622 2867/3598 2881/3612
f 2727/3488 2821/3489 2822/3490
f 2727/3693 2916/3692 2822/3597
f 2727/3488 2822/3490 2726/3491
f 1280/1364 1286/1371 1281/1365
f 1384/1511 1383/1509 9/1510
f 1384/3278 1102/3281 1100/3287
f 1384/3278 1100/3287 1383/3288
f 1384/3135 2591/3118 1383/3147
f 1418/1546 1417/1545 1422/1551
f 1418/1546 1422/1551 1423/1552
f 1418/1546 1423/1552 1428/1557
f 3506/5175 3499/5164 3505/5174
f 3506/5175 3503/5170 3499/5164
f 3506/5175 3502/5169 3503/5170
f 2821/5141 3475/5130 2827/5143
f 2821/3489 2826/3496 2822/3490
f 2821/3489 2827/3497 2826/3496
f 2821/4675 2827/4676 2384/4677
f 1417/1545 1420/1548 1421/1550
f 1417/1545 1421/1550 1422/1551
f 3505/5174 3476/5131 3477/5132
f 3505/5174 3499/5164 3476/5131
f 1101/1172 1102/1173 1100/1171
f 1101/1172 1100/1171 1099/1170
f 1101/1172 1099/1170 1083/1154
f 9/1510 1416/1544 1420/1548
f 9/1510 1383/1509 1380/1506
f 9/1510 1380/1506 1416/1544
f 3475/5130 3477/5132 3474/5129
f 3475/5130 3472/5126 2827/5143
f 3475/5130 3474/5129 3472/5126
f 2916/3692 2826/3580 2822/3597
f 2916/3692 2915/3691 2826/3580
f 2916/3692 2903/3673 2915/3691
f 1207/1280 1210/1283 1206/1279
f 1207/4296 3124/4277 1210/4297
f 1102/3043 2287/3070 2527/3036
f 1102/3043 2527/3036 1100/3027
f 2557/3068 2555/3066 2556/3067
f 2557/3068 2541/3051 2555/3066
f 2889/3623 2881/3612 2887/3619
f 2889/3623 2887/3619 2886/3618
f 2822/3597 2860/3590 2726/3613
f 2822/3597 2826/3580 2860/3590
f 1282/1366 1281/1365 1285/1370
f 1282/4856 1285/4857 2802/4836
f 1420/1548 1416/1544 1421/1550
f 2287/3070 2534/3044 2527/3036
f 2726/3613 2860/3590 2867/3598
f 3477/5132 3476/5131 3474/5129
f 3284/4755 3237/4684 3281/4747
f 2355/2797 604/2800 603/2798
f 1206/1279 1210/1283 1213/1286
f 1422/1551 1421/1550 1429/1558
f 1422/1551 1429/1558 1424/1553
f 1422/1551 1424/1553 1423/1552
f 3499/5164 3494/5159 3476/5131
f 3499/5164 3495/5160 3494/5159
f 3499/5164 3503/5170 3495/5160
f 1281/1365 1286/1371 1285/1370
f 2556/3067 2536/3046 2534/3044
f 2556/3067 2537/3047 2536/3046
f 2556/3067 2555/3066 2537/3047
f 2881/3612 2867/3598 2869/3600
f 2881/3612 2869/3600 2870/3601
f 2881/3612 2870/3601 2887/3619
f 3125/4278 11/4279 3124/4277
f 3125/6139 2598/6133 11/6140
f 3318/4837 2802/4836 2794/4842
f 3318/6166 2794/6167 2363/6160
f 3156/4383 3124/4381 2598/4378
f 1383/1509 1381/1507 1380/1506
f 1383/3026 1100/3027 1098/3023
f 1383/3147 2591/3118 1381/3148
f 1383/3026 1098/3023 1381/3022
f 1370/1496 1369/1495 1363/1489
f 1370/6603 1363/6602 3988/6593
f 674/3751 673/3747 2935/3750
f 674/712 666/701 673/711
f 2827/5143 3472/5126 2845/5106
f 2827/3579 2848/3576 2826/3580
f 2827/5143 2845/5106 2384/5144
f 2827/3579 2845/3573 2848/3576
f 3158/4391 2363/4386 2802/4389
f 2939/3763 2925/3768 2344/3767
f 2939/3763 2940/3764 2941/3765
f 2939/3763 2941/3765 2925/3768
f 2527/3036 2534/3044 2528/3037
f 2527/3036 2523/3030 1100/3027
f 2527/3036 2528/3037 2523/3030
f 1421/1550 1416/1544 1403/1531
f 1421/1550 1403/1531 1429/1558
f 2534/3044 2536/3046 2528/3037
f 2867/3598 2860/3590 2861/3591
f 2867/3598 2861/3591 2869/3600
f 3476/5131 3473/5128 3474/5129
f 3476/5131 3494/5159 3473/5128
f 2860/3590 2826/3580 2854/3584
f 2860/3590 2854/3584 2861/3591
f 2516/3009 2515/3008 2517/3010
f 2516/3773 2518/3775 2403/3774
f 2516/3009 2517/3010 2518/3011
f 1086/4359 1087/4357 2592/4356
f 1086/1157 1083/1154 1087/1158
f 2592/3119 2590/3117 2591/3118
f 2592/4356 1087/4357 2590/4358
f 1380/1506 1415/1543 1416/1544
f 1380/1506 1382/1508 1415/1543
f 1380/1506 1381/1507 1382/1508
f 1416/1544 1415/1543 1403/1531
f 3474/5129 3471/5125 3472/5126
f 3474/5129 3473/5128 3471/5125
f 3472/5126 3471/5125 3458/5107
f 3472/5126 3458/5107 2845/5106
f 2386/4367 2906/4369 2905/4370
f 2386/2835 2384/2833 2387/2836
f 2386/4367 2387/4368 2906/4369
f 2905/3676 2906/3677 2903/3673
f 3124/4381 1110/4379 2598/4378
f 3124/4277 11/4279 1110/4280
f 3258/5316 2597/5318 2940/5317
f 3258/4718 2598/4719 2597/4720
f 1100/1171 1098/1169 1099/1170
f 1100/3027 2523/3030 1098/3023
f 2826/3580 2915/3691 2848/3576
f 2826/3580 2848/3576 2854/3584
f 2398/2847 2403/2852 2397/2846
f 2398/2847 2397/2846 2363/2808
f 2802/4389 2363/4386 2803/4388
f 2802/3459 2803/3460 2794/3450
f 2802/4836 1285/4857 2803/4858
f 1249/3403 2769/3404 1251/3405
f 1249/1326 1251/1328 1250/1327
f 2344/3715 2925/3717 2769/3714
f 2515/3724 2817/3722 2517/3726
f 2797/3453 2798/3455 2817/3479
f 2797/3453 2395/3454 2798/3455
f 2769/3714 2925/3717 1251/3718
f 2817/3722 2798/3727 2517/3726
f 1213/4683 1216/4685 3237/4684
f 1213/1286 1210/1283 1214/1287
f 1213/1286 1214/1287 1216/1289
f 3237/4684 3285/4757 3281/4747
f 3237/4684 1216/4685 2112/4686
f 3237/4684 2112/4686 3285/4757
f 2940/3764 2597/3766 2941/3765
f 2403/3774 2518/3775 2397/3778
f 603/5570 1289/5571 1286/5569
f 603/610 604/611 602/609
f 603/5570 599/5572 1289/5571
f 603/610 602/609 599/606
f 1286/1371 1287/1372 1285/1370
f 1286/1371 1289/1374 1287/1372
f 2548/3058 2568/3083 2566/3081
f 2548/3058 2542/3052 2541/3051
f 2548/3058 2566/3081 2542/3052
f 2888/3620 760/3636 761/3638
f 2888/3620 2886/3618 2885/3617
f 2888/3620 2885/3617 760/3636
f 2598/4719 3281/4747 2596/4756
f 2598/6133 12/6142 11/6140
f 2598/6214 2597/6215 12/6216
f 2598/3125 2596/3123 2597/3124
f 2598/4378 1110/4379 2596/4380
f 2591/3118 2590/3117 2585/3111
f 2591/3118 1404/3149 1381/3148
f 2591/4603 2586/4601 1404/4602
f 2591/3118 2585/3111 2586/3112
f 1429/1558 1403/1531 1401/1529
f 1429/1558 1402/1530 1424/1553
f 1429/1558 1401/1529 1402/1530
f 1369/1495 1428/1557 1354/1480
f 1369/1495 1354/1480 1363/1489
f 2568/4934 3374/4932 3370/4928
f 2568/4934 3370/4928 2566/4936
f 761/802 759/800 763/804
f 761/802 760/801 759/800
f 2935/5171 2933/5168 3502/5169
f 2935/3750 673/3747 2933/3743
f 3494/5159 3484/5148 3473/5128
f 3494/5159 3495/5160 3481/5145
f 3494/5159 3481/5145 3484/5148
f 2384/2833 2388/2837 2387/2836
f 2384/5144 2845/5106 2846/5117
f 2384/4518 2846/4517 2389/4515
f 2384/2833 2389/2838 2388/2837
f 2363/6160 2794/6167 2519/6169
f 2363/2808 2372/2818 604/2800
f 2363/6218 2519/6219 2397/6220
f 2363/2808 2397/2846 2372/2818
f 2363/4386 2372/4387 2803/4388
f 3281/4747 3285/4757 2596/4756
f 11/4279 1250/4281 1110/4280
f 2941/3765 2597/3766 2925/3768
f 1083/1154 1099/1170 1090/1161
f 1083/1154 1089/1160 1087/1158
f 1083/1154 1090/1161 1089/1160
f 1099/1170 1098/1169 1090/1161
f 2536/3046 2531/3040 2528/3037
f 2536/3046 2537/3047 2535/3045
f 2536/3046 2535/3045 2531/3040
f 3901/6443 3900/6442 2086/6444
f 3901/6634 2086/6647 3993/6635
f 29/2436 2114/2439 2113/2437
f 29/2449 2122/2451 2114/2452
f 29/2398 2086/2395 1062/2397
f 29/2404 2090/2402 2086/2401
f 29/1132 1062/1133 1058/1128
f 29/3647 690/3646 2090/3649
f 29/2436 2113/2437 31/2438
f 29/2449 32/2450 2122/2451
f 2114/2439 2117/2443 2113/2437
f 2114/2452 2122/2451 2117/2455
f 2869/3600 2861/3591 2864/3594
f 2869/3600 2868/3599 2870/3601
f 2869/3600 2864/3594 2868/3599
f 2915/3691 2903/3673 2909/3685
f 2915/3691 2909/3685 2848/3576
f 2903/3673 2906/3677 2908/3679
f 2903/3673 2908/3679 2909/3685
f 2518/3011 2517/3010 2397/3012
f 2794/3450 2803/3460 2395/3454
f 604/2800 2372/2818 602/2819
f 1210/1283 1215/1288 1214/1287
f 1210/4297 3131/4298 1215/4299
f 2590/4358 1087/4357 1250/4364
f 2590/3117 1250/3127 2589/3116
f 2590/3117 2589/3116 2585/3111
f 2528/3037 2526/3035 2523/3030
f 2528/3037 2531/3040 2526/3035
f 1403/1531 1415/1543 1400/1528
f 1403/1531 1400/1528 1401/1529
f 3473/5128 3470/5124 3471/5125
f 3473/5128 3484/5148 3470/5124
f 2861/3591 2854/3584 2859/3589
f 2861/3591 2859/3589 2864/3594
f 2387/4368 2395/4375 2906/4369
f 2387/2836 2394/2843 2395/2844
f 2387/2836 2388/2837 2394/2843
f 1285/4857 3200/4859 2803/4858
f 1285/1370 1287/1372 1288/1373
f 1285/6319 1288/6313 3200/6314
f 1087/4357 1107/4365 1250/4364
f 1087/1158 1089/1160 1107/1178
f 2925/5433 12/5431 1251/5430
f 2925/3768 2597/3766 12/3769
f 3374/4932 1058/4924 3365/4922
f 3374/4932 3365/4922 3370/4928
f 763/804 688/728 690/730
f 763/804 759/800 688/728
f 2517/5437 2798/5434 2519/5436
f 2517/3010 2519/3013 2397/3012
f 2906/4369 2395/4375 2917/4376
f 2906/3677 2917/3694 2908/3679
f 1251/5430 12/5431 1250/5432
f 1423/1552 1424/1553 1425/1554
f 1423/1552 1425/1554 1428/1557
f 2541/3051 2543/3053 2555/3066
f 2541/3051 2542/3052 2543/3053
f 2886/3618 2887/3619 2884/3616
f 2886/3618 2884/3616 2885/3617
f 3503/5170 3500/5165 3495/5160
f 3503/5170 3502/5169 3500/5165
f 2798/5434 2395/5435 2519/5436
f 2597/6215 2589/6217 12/6216
f 2597/3124 2596/3123 2589/3116
f 1415/1543 1382/1508 1414/1542
f 1415/1543 1414/1542 1400/1528
f 2086/6444 3900/6442 2087/6445
f 2086/6647 2091/6646 3993/6635
f 2086/2395 2087/2396 1062/2397
f 2086/2401 2090/2402 2091/2403
f 3471/5125 3469/5123 3458/5107
f 3471/5125 3470/5124 3469/5123
f 2397/4312 2519/4310 2394/4309
f 2397/2846 2394/2843 2372/2818
f 1110/4366 1250/4364 1107/4365
f 1110/1181 1107/1178 1109/1180
f 1110/4379 1109/4382 2596/4380
f 12/5787 2589/5788 1250/5789
f 2523/3030 2520/3021 1098/3023
f 2523/3030 2526/3035 2520/3021
f 1424/1553 1426/1555 1425/1554
f 1424/1553 1402/1530 1426/1555
f 2117/6240 3847/6241 2118/6242
f 2117/6243 36/6244 3847/6245
f 2117/2443 2118/2444 2113/2437
f 2117/2455 2122/2451 36/2456
f 3495/5160 3500/5165 3493/5158
f 3495/5160 3493/5158 3481/5145
f 2854/3584 2848/3576 2852/3582
f 2854/3584 2852/3582 2859/3589
f 2519/5790 2395/5791 2394/5792
f 2395/4375 2803/4377 2917/4376
f 2803/3697 2919/3696 2917/3694
f 2803/4858 3200/4859 2919/4860
f 2803/4388 2372/4387 2919/4390
f 2537/3047 2555/3066 2554/3065
f 2537/3047 2554/3065 2535/3045
f 2870/3601 2880/3611 2887/3619
f 2870/3601 2868/3599 2880/3611
f 1216/2584 1214/2582 2211/2581
f 1216/4200 2211/4187 2105/4199
f 1216/4685 2105/4694 2112/4686
f 1107/1178 1108/1179 1109/1180
f 1107/1178 1089/1160 1108/1179
f 1381/1507 1404/1532 1382/1508
f 1381/3022 1098/3023 1095/3018
f 1381/3022 1095/3018 1404/3019
f 2555/3066 2543/3053 2554/3065
f 2887/3619 2880/3611 2884/3616
f 2845/5106 3458/5107 2846/5117
f 2845/3573 2847/3575 2848/3576
f 2845/3573 2846/3574 2847/3575
f 2917/3694 2919/3696 2918/3695
f 2917/3694 2918/3695 2908/3679
f 1289/2177 1901/2176 1287/2172
f 1289/5037 3421/5036 1901/5035
f 1289/5571 599/5572 3421/5578
f 2211/2581 1214/2582 2212/2583
f 2211/4187 2106/4186 2105/4199
f 2211/2581 2212/2583 2215/2588
f 2211/4187 2215/4185 2106/4186
f 1382/1508 1405/1533 1414/1542
f 1382/1508 1404/1532 1405/1533
f 3458/5107 3469/5123 3463/5116
f 3458/5107 3463/5116 2846/5117
f 1901/2176 1899/2173 1287/2172
f 1901/5035 3421/5036 3420/5034
f 1901/2176 1903/2179 1899/2173
f 1901/5035 3420/5034 1903/5033
f 1214/2582 1215/2585 2212/2583
f 1287/2172 1899/2173 1288/2174
f 2112/2435 2105/2420 837/2417
f 2112/4012 837/4013 2606/4014
f 2112/4686 2602/4759 3285/4757
f 2112/3143 2606/3142 2602/3132
f 1098/1169 1095/1166 1090/1161
f 1098/3023 2520/3021 1095/3018
f 2848/3576 2847/3575 2852/3582
f 2848/3576 2909/3685 2847/3575
f 599/5063 843/5038 3421/5036
f 599/4198 593/4194 843/4195
f 599/606 602/609 598/605
f 599/606 598/605 593/600
f 2105/2420 2104/2418 837/2417
f 2105/2420 2106/2423 2104/2418
f 2212/2583 2214/2587 2215/2588
f 2212/2583 1215/2585 2213/2586
f 2212/2583 2213/2586 2214/2587
f 3131/4298 2673/4300 1215/4299
f 3131/4298 3132/4301 2673/4300
f 3131/4298 2596/4302 3132/4301
f 1401/1529 1400/1528 1395/1523
f 1401/1529 1395/1523 1402/1530
f 3484/5148 3483/5147 3470/5124
f 3484/5148 3481/5145 3483/5147
f 3200/6314 1288/6313 3871/6311
f 3200/6314 3871/6311 3872/6315
f 3200/6314 3872/6315 2372/6316
f 3200/4509 2372/4510 2919/4511
f 3421/5036 843/5038 3422/5040
f 3421/5036 3422/5040 3420/5034
f 1899/2173 1900/2175 1288/2174
f 1899/2173 1903/2179 1902/2178
f 1899/2173 1902/2178 1900/2175
f 837/2417 2104/2418 836/2419
f 837/886 836/885 832/879
f 837/4013 832/4015 2606/4014
f 2531/3040 2530/3039 2526/3035
f 2531/3040 2535/3045 2530/3039
f 2864/3594 2859/3589 2863/3593
f 2864/3594 2863/3593 2868/3599
f 843/5038 842/5039 3422/5040
f 843/899 838/891 842/898
f 843/4195 593/4194 838/4193
f 2215/4185 2109/4163 2106/4186
f 2215/2588 2214/2587 2217/2590
f 2215/4185 2217/4184 2109/4163
f 836/2419 2104/2418 126/2421
f 836/885 126/887 55/877
f 836/885 55/877 832/879
f 1215/2585 2226/2599 2213/2586
f 1215/3245 2673/3243 2226/3244
f 1428/1557 1425/1554 1353/1479
f 1428/1557 1353/1479 1354/1480
f 3502/5169 3501/5166 3500/5165
f 3502/5169 2933/5168 3501/5166
f 1288/2174 1900/2175 1911/2190
f 1288/6313 1911/6312 3871/6311
f 842/5039 844/5041 3422/5040
f 842/898 78/890 844/900
f 842/898 838/891 78/890
f 1903/5033 3420/5034 3419/5031
f 1903/2179 1905/2181 1902/2178
f 1903/5033 3419/5031 1905/5032
f 2104/2418 2106/2423 2107/2424
f 2104/2418 149/2422 126/2421
f 2104/2418 2107/2424 149/2422
f 3285/4757 3286/4758 2596/4756
f 3285/4757 2602/4759 3286/4758
f 602/2819 2372/2818 2373/2820
f 602/2819 2373/2820 598/2821
f 3422/5040 3424/5043 3420/5034
f 3422/5040 844/5041 3423/5042
f 3422/5040 3423/5042 3424/5043
f 1400/1528 1414/1542 1399/1527
f 1400/1528 1399/1527 1395/1523
f 3470/5124 3468/5122 3469/5123
f 3470/5124 3483/5147 3468/5122
f 2106/2423 2108/2425 2107/2424
f 2106/2423 2109/2426 2108/2425
f 2214/2587 2213/2586 2216/2589
f 2214/2587 2218/2591 2217/2590
f 2214/2587 2216/2589 2218/2591
f 2213/2586 2226/2599 2216/2589
f 1900/2175 1902/2178 1904/2180
f 1900/2175 1904/2180 1911/2190
f 3420/5034 3424/5043 3425/5044
f 3420/5034 3425/5044 3419/5031
f 1902/2178 1905/2181 1906/2182
f 1902/2178 1906/2182 1904/2180
f 2526/3035 2525/3032 2520/3021
f 2526/3035 2530/3039 2525/3032
f 1425/1554 1426/1555 1427/1556
f 1425/1554 1427/1556 1353/1479
f 3500/5165 3498/5163 3493/5158
f 3500/5165 3501/5166 3498/5163
f 2859/3589 2852/3582 2856/3586
f 2859/3589 2856/3586 2863/3593
f 2226/3244 2673/3243 2227/3242
f 2226/2599 2227/2600 2216/2589
f 126/128 149/151 123/125
f 126/128 123/125 121/123
f 126/887 121/888 55/877
f 844/5041 3451/5082 3423/5042
f 844/5041 845/5081 3451/5082
f 844/900 78/890 845/901
f 1911/6312 1912/6295 3871/6311
f 1911/2190 1904/2180 1912/2191
f 2217/4184 2222/4162 2109/4163
f 2217/2590 2218/2591 2221/2594
f 2217/2590 2221/2594 2222/2595
f 1414/1542 1405/1533 1413/1541
f 1414/1542 1413/1541 1399/1527
f 1402/1530 1395/1523 1394/1522
f 1402/1530 1393/1521 1426/1555
f 1402/1530 1394/1522 1393/1521
f 2542/3052 2544/3054 2543/3053
f 2542/3052 2566/3081 2544/3054
f 2885/3617 2883/3615 760/3636
f 2885/3617 2884/3616 2883/3615
f 3481/5145 3493/5158 3490/5154
f 3481/5145 3482/5146 3483/5147
f 3481/5145 3490/5154 3482/5146
f 3469/5123 3467/5121 3463/5116
f 3469/5123 3468/5122 3467/5121
f 1905/5032 3419/5031 1910/5030
f 1905/2181 1909/2185 1906/2182
f 1905/2181 1910/2186 1909/2185
f 2107/2424 133/2427 149/2422
f 2107/2424 2108/2425 133/2427
f 149/151 133/135 123/125
f 1354/1480 1355/1481 1363/1489
f 1354/1480 1353/1479 1352/1478
f 1354/1480 1352/1478 1355/1481
f 1363/6602 3989/6594 3988/6593
f 1363/6602 1355/6605 3989/6594
f 673/3747 681/3742 2933/3743
f 673/711 666/701 665/700
f 673/711 665/700 681/720
f 2933/5168 2932/5167 3501/5166
f 2933/3743 681/3742 2932/3740
f 3423/5042 3426/5045 3424/5043
f 3423/5042 3451/5082 3426/5045
f 3424/5043 3426/5045 3425/5044
f 2109/2426 2110/2430 2108/2425
f 2109/4163 2222/4162 2111/4161
f 2109/2426 2111/2431 2110/2430
f 2673/4300 3132/4301 2674/4304
f 2673/3243 2672/3240 2227/3242
f 2673/3243 2674/3246 2672/3240
f 1090/1161 1091/1162 1089/1160
f 1090/1161 1095/1166 1091/1162
f 2520/3021 2521/3028 1095/3018
f 2520/3021 2525/3032 2521/3028
f 2535/3045 2554/3065 2547/3057
f 2535/3045 2538/3048 2530/3039
f 2535/3045 2547/3057 2538/3048
f 1058/4924 3362/4919 3365/4922
f 1058/4924 1062/4940 3362/4919
f 690/730 688/728 685/725
f 690/3646 685/3659 2090/3649
f 2868/3599 2878/3609 2880/3611
f 2868/3599 2863/3593 2871/3602
f 2868/3599 2871/3602 2878/3609
f 2852/3582 2847/3575 2851/3581
f 2852/3582 2851/3581 2856/3586
f 2909/3685 2908/3679 2910/3686
f 2909/3685 2910/3686 2847/3575
f 3871/6311 3882/6342 3872/6315
f 3871/6311 1912/6295 3859/6286
f 3871/6311 3859/6286 3882/6342
f 3419/5031 3425/5044 3429/5048
f 3419/5031 3418/5029 1910/5030
f 3419/5031 3429/5048 3418/5029
f 2216/2589 2219/2592 2218/2591
f 2216/2589 2227/2600 2219/2592
f 3132/4301 2596/4302 3133/4303
f 3132/4301 3133/4303 2674/4304
f 2596/3123 2587/3114 2589/3116
f 2596/4380 1109/4382 1111/4385
f 2596/4756 3286/4758 2602/4759
f 2596/4302 1111/4308 3133/4303
f 2596/3123 2600/3128 2587/3114
f 2596/3123 2602/3132 2600/3128
f 2589/3116 2587/3114 2585/3111
f 1404/1532 1406/1534 1405/1533
f 1404/3019 1095/3018 1096/3024
f 1404/4602 2586/4601 1406/4600
f 1404/3019 1096/3024 1406/3025
f 1405/1533 1407/1535 1413/1541
f 1405/1533 1406/1534 1407/1535
f 3463/5116 2850/5115 2846/5117
f 3463/5116 3467/5121 3462/5114
f 3463/5116 3462/5114 2850/5115
f 2846/3574 2849/3577 2847/3575
f 2846/4517 2850/4512 2389/4515
f 2846/3574 2850/3578 2849/3577
f 2394/2843 2396/2845 2372/2818
f 2394/2843 2388/2837 2396/2845
f 2372/6316 3872/6315 2923/6317
f 2372/4387 2920/4393 2919/4390
f 2372/2818 598/2821 2373/2820
f 2372/6316 2923/6317 2920/6318
f 2372/2818 2396/2845 2374/2822
f 2372/2818 2374/2822 598/2821
f 3872/6315 3882/6342 2923/6317
f 1904/2180 1906/2182 1907/2183
f 1904/2180 1907/2183 1912/2191
f 2218/2591 2219/2592 2220/2593
f 2218/2591 2220/2593 2221/2594
f 1109/1180 1108/1179 1111/1182
f 1108/1179 1089/1160 1112/1183
f 1108/1179 1112/1183 1111/1182
f 2585/3111 2583/3107 2586/3112
f 2585/3111 2581/3105 2583/3107
f 2585/3111 2587/3114 2581/3105
f 2543/3053 2545/3055 2554/3065
f 2543/3053 2544/3054 2545/3055
f 2566/4936 3370/4928 3371/4929
f 2566/3081 2562/3075 2544/3054
f 2566/4936 3371/4929 2562/4937
f 760/801 753/794 759/800
f 760/3636 2883/3615 764/3629
f 760/801 764/806 753/794
f 2884/3616 2880/3611 2882/3614
f 2884/3616 2882/3614 2883/3615
f 2388/2837 2389/2838 2390/2839
f 2388/2837 2390/2839 2391/2840
f 2388/2837 2391/2840 2396/2845
f 2918/3695 2919/3696 2920/3698
f 2918/3695 2921/3699 2908/3679
f 2918/3695 2920/3698 2921/3699
f 1906/2182 1908/2184 1907/2183
f 1906/2182 1909/2185 1908/2184
f 123/125 117/119 121/123
f 123/125 133/135 117/119
f 1089/1160 1091/1162 1092/1163
f 1089/1160 1092/1163 1112/1183
f 2908/3679 2911/3687 2910/3686
f 2908/3679 2921/3699 2911/3687
f 3451/5082 845/5081 3450/5077
f 3451/5082 3450/5077 3426/5045
f 2108/2425 148/2428 133/2427
f 2108/2425 144/2429 148/2428
f 2108/2425 2110/2430 144/2429
f 121/123 117/119 120/122
f 121/888 127/889 55/877
f 121/123 120/122 127/129
f 1395/1523 1399/1527 1391/1519
f 1395/1523 1391/1519 1394/1522
f 1426/1555 1393/1521 1427/1556
f 3493/5158 3498/5163 3490/5154
f 3483/5147 3485/5149 3468/5122
f 3483/5147 3482/5146 3485/5149
f 845/5081 2832/5080 3450/5077
f 845/901 78/890 846/902
f 845/5081 846/5083 2832/5080
f 3425/5044 3426/5045 3427/5046
f 3425/5044 3427/5046 3428/5047
f 3425/5044 3428/5047 3429/5048
f 133/135 148/150 116/118
f 133/135 116/118 117/119
f 2227/2600 2229/2602 2219/2592
f 2227/3242 2672/3240 2229/3241
f 1095/3018 2521/3028 1096/3024
f 1095/1166 1096/1167 1091/1162
f 2847/3575 2849/3577 2851/3581
f 2847/3575 2910/3686 2849/3577
f 1912/6295 1907/6293 3862/6289
f 1912/6295 3862/6289 3859/6286
f 3426/5045 3450/5077 3449/5076
f 3426/5045 3449/5076 3427/5046
f 2554/3065 2545/3055 2547/3057
f 2880/3611 2878/3609 2882/3614
f 2222/4162 2225/4160 2111/4161
f 2222/2595 2221/2594 2224/2597
f 2222/2595 2224/2597 2225/2598
f 2586/4601 2583/4599 1406/4600
f 2530/3039 2529/3038 2525/3032
f 2530/3039 2538/3048 2529/3038
f 2863/3593 2856/3586 2862/3592
f 2863/3593 2862/3592 2871/3602
f 2389/4515 2850/4512 2390/4514
f 1910/5030 3418/5029 189/5028
f 1910/2186 188/2188 1909/2185
f 1910/2186 189/2189 188/2188
f 2219/2592 2229/2602 2220/2593
f 1399/1527 1413/1541 1397/1525
f 1399/1527 1397/1525 1391/1519
f 3370/4928 3365/4922 3359/4916
f 3370/4928 3359/4916 3371/4929
f 759/800 682/722 688/728
f 759/800 753/794 682/722
f 3468/5122 3466/5120 3467/5121
f 3468/5122 3485/5149 3466/5120
f 1907/6293 1908/6292 3862/6289
f 2111/2431 644/2433 2110/2430
f 2111/4161 2225/4160 645/4159
f 2111/2431 645/2434 644/2433
f 148/150 144/146 116/118
f 117/119 116/118 114/116
f 117/119 119/121 120/122
f 117/119 118/120 119/121
f 117/119 114/116 118/120
f 1427/1556 1351/1477 1353/1479
f 1427/1556 1393/1521 1351/1477
f 1353/1479 1351/1477 1352/1478
f 3501/5166 3497/5162 3498/5163
f 3501/5166 2932/5167 3497/5162
f 3498/5163 3497/5162 3490/5154
f 3450/5077 2831/5074 3449/5076
f 3450/5077 2832/5080 2830/5079
f 3450/5077 2830/5079 2829/5078
f 3450/5077 2829/5078 2831/5074
f 3427/5046 3449/5076 3428/5047
f 3418/5029 3429/5048 3431/5050
f 3418/5029 3417/5027 189/5028
f 3418/5029 3431/5050 3417/5027
f 2221/2594 2220/2593 2223/2596
f 2221/2594 2223/2596 2224/2597
f 1413/1541 1407/1535 1412/1540
f 1413/1541 1412/1540 1397/1525
f 2525/3032 2524/3031 2521/3028
f 2525/3032 2529/3038 2524/3031
f 2856/3586 2851/3581 2855/3585
f 2856/3586 2855/3585 2862/3592
f 3467/5121 3465/5119 3462/5114
f 3467/5121 3466/5120 3465/5119
f 1909/2185 190/2187 1908/2184
f 1909/2185 188/2188 190/2187
f 2672/3240 2674/3246 2670/3238
f 2672/3240 2282/3234 2229/3241
f 2672/3240 2670/3238 2664/3228
f 2672/3240 2664/3228 2282/3234
f 2674/4304 3133/4303 2671/4305
f 2674/3246 2671/3239 2670/3238
f 2544/3054 2546/3056 2545/3055
f 2544/3054 2562/3075 2546/3056
f 3988/6593 3989/6594 3984/6586
f 3988/6593 3984/6586 3900/6442
f 666/701 661/696 665/700
f 666/6639 3993/6635 661/6640
f 2883/3615 2882/3614 2879/3610
f 2883/3615 2879/3610 764/3629
f 3882/6342 3859/6286 3858/6285
f 3882/6352 2924/6353 2923/6354
f 3882/6342 3858/6285 2924/6300
f 3859/6286 3862/6289 3861/6288
f 3859/6286 3857/6284 3858/6285
f 3859/6286 3861/6288 3857/6284
f 1394/1522 1391/1519 1390/1518
f 1394/1522 1390/1518 1393/1521
f 3365/4922 3362/4919 3359/4916
f 688/728 682/722 685/725
f 3482/5146 3486/5150 3485/5149
f 3482/5146 3490/5154 3486/5150
f 2110/2430 143/2432 144/2429
f 2110/2430 644/2433 143/2432
f 3133/4303 1111/4308 1115/4306
f 3133/4303 1115/4306 2671/4305
f 2923/3707 2922/3701 2920/3698
f 2923/3707 2924/3708 2922/3701
f 3429/5048 3428/5047 3430/5049
f 3429/5048 3430/5049 3431/5050
f 116/118 144/146 115/117
f 116/118 115/117 114/116
f 1407/1535 1406/1534 1408/1536
f 1407/1535 1409/1537 1412/1540
f 1407/1535 1408/1536 1409/1537
f 2521/3028 2522/3029 1096/3024
f 2521/3028 2524/3031 2522/3029
f 2538/3048 2547/3057 2539/3049
f 2538/3048 2539/3049 2529/3038
f 2545/3055 2546/3056 2547/3057
f 1352/1478 1356/1482 1355/1481
f 1352/1478 1351/1477 1350/1476
f 1352/1478 1350/1476 1356/1482
f 2932/3740 681/3742 678/3739
f 2932/5167 2931/5176 3497/5162
f 2932/3740 678/3739 2931/3738
f 2882/3614 2878/3609 2879/3610
f 2871/3602 2872/3603 2878/3609
f 2871/3602 2862/3592 2872/3603
f 2851/3581 2849/3577 2853/3583
f 2851/3581 2853/3583 2855/3585
f 3462/5114 3201/5113 2850/5115
f 3462/5114 3465/5119 3461/5112
f 3462/5114 3461/5112 3201/5113
f 3449/5076 3448/5075 3428/5047
f 3449/5076 2831/5074 3448/5075
f 2220/2593 2229/2602 2228/2601
f 2220/2593 2228/2601 2223/2596
f 1406/4600 2583/4599 1408/4597
f 2850/4512 3201/4513 2390/4514
f 1908/6292 3863/6290 3862/6289
f 1908/6292 190/6294 3863/6290
f 2229/2602 2282/2659 2228/2601
f 1091/1162 1093/1164 1092/1163
f 1091/1162 1096/1167 1097/1168
f 1091/1162 1097/1168 1093/1164
f 1355/6605 3907/6454 3989/6594
f 1355/6605 1356/6606 3907/6454
f 681/720 665/700 663/698
f 681/720 663/698 678/717
f 2910/3686 2911/3687 2912/3688
f 2910/3686 2890/3625 2849/3577
f 2910/3686 2912/3688 2890/3625
f 3862/6289 3863/6290 3861/6288
f 1391/1519 1397/1525 1389/1517
f 1391/1519 1389/1517 1390/1518
f 3989/6594 3907/6454 3984/6586
f 665/700 661/696 663/698
f 3485/5149 3487/5151 3466/5120
f 3485/5149 3486/5150 3487/5151
f 2225/2598 2224/2597 2250/2623
f 2225/4160 2250/4060 645/4159
f 144/146 143/145 115/117
f 1092/1163 1094/1165 1112/1183
f 1092/1163 1093/1164 1094/1165
f 2581/3105 2582/3106 2583/3107
f 2581/3105 2587/3114 2588/3115
f 2581/3105 2584/3108 2582/3106
f 2581/3105 1365/3113 2584/3108
f 2581/3105 2588/3115 1365/3113
f 2583/4599 2582/4595 1408/4597
f 1393/1521 1392/1520 1351/1477
f 1393/1521 1390/1518 1392/1520
f 3490/5154 3497/5162 3491/5155
f 3490/5154 3491/5155 3486/5150
f 2390/2839 2392/2841 2391/2840
f 2390/4514 3201/4513 2392/4516
f 2391/2840 2415/2864 2396/2845
f 2391/2840 2392/2841 2393/2842
f 2391/2840 2393/2842 2422/2875
f 2391/2840 2422/2875 2415/2864
f 2911/3687 2921/3699 2913/3689
f 2911/3687 2913/3689 2912/3688
f 3428/5047 3448/5075 3430/5049
f 189/5028 3417/5027 186/5022
f 189/191 186/188 188/190
f 2547/3057 2546/3056 2552/3062
f 2547/3057 2552/3062 2539/3049
f 2562/3075 2561/3074 2546/3056
f 2562/4937 3371/4929 3373/4931
f 2562/4937 3373/4931 2561/4938
f 764/3629 2879/3610 793/3628
f 764/806 752/793 753/794
f 764/806 793/835 752/793
f 2878/3609 2877/3608 2879/3610
f 2878/3609 2872/3603 2877/3608
f 1111/1182 1112/1183 1115/1186
f 1096/3024 2522/3029 1120/3033
f 1096/1167 1120/1191 1097/1168
f 1397/1525 1412/1540 1386/1514
f 1397/1525 1386/1514 1389/1517
f 2529/3038 2533/3042 2524/3031
f 2529/3038 2539/3049 2533/3042
f 2862/3592 2855/3585 2866/3596
f 2862/3592 2866/3596 2872/3603
f 3466/5120 3464/5118 3465/5119
f 3466/5120 3487/5151 3464/5118
f 2849/3577 2857/3587 2853/3583
f 2849/3577 2890/3625 2857/3587
f 2920/3698 2922/3701 2921/3699
f 2224/2597 2223/2596 2230/2603
f 2224/2597 2247/2620 2250/2623
f 2224/2597 2230/2603 2247/2620
f 645/655 643/652 644/654
f 645/4159 2250/4060 643/4158
f 3417/5027 3431/5050 3416/5026
f 3417/5027 3416/5026 186/5022
f 188/190 187/189 190/192
f 188/190 186/188 183/185
f 188/190 183/185 187/189
f 1112/1183 1094/1165 1114/1185
f 1112/1183 1114/1185 1115/1186
f 2587/3114 2600/3128 2588/3115
f 2396/2845 2415/2864 2374/2822
f 2921/3699 2896/3634 2913/3689
f 2921/3699 2922/3701 2896/3634
f 2223/2596 2228/2601 2230/2603
f 3362/4919 3360/4917 3359/4916
f 3362/4919 1062/4940 3360/4917
f 685/725 682/722 684/724
f 685/3659 684/3660 2090/3649
f 190/6294 187/6301 3863/6290
f 2524/3031 2532/3041 2522/3029
f 2524/3031 2533/3042 2532/3041
f 1351/1477 1347/1473 1350/1476
f 1351/1477 1392/1520 1347/1473
f 2546/3056 2553/3063 2552/3062
f 2546/3056 2561/3074 2553/3063
f 2879/3610 2877/3608 2876/3607
f 2879/3610 2876/3607 793/3628
f 3497/5162 2931/5176 3496/5161
f 3497/5162 3496/5161 3491/5155
f 2855/3585 2853/3583 2865/3595
f 2855/3585 2865/3595 2866/3596
f 644/654 142/653 143/656
f 644/654 643/652 641/648
f 644/654 641/648 142/653
f 2600/3128 2602/3132 2601/3129
f 2600/3128 2601/3129 2588/3115
f 1412/1540 1409/1537 1386/1514
f 1390/1518 1389/1517 1388/1516
f 1390/1518 1388/1516 1392/1520
f 3486/5150 3488/5152 3487/5151
f 3486/5150 3491/5155 3488/5152
f 3465/5119 3464/5118 3461/5112
f 2374/2822 600/2823 598/2821
f 2374/2822 2415/2864 600/2823
f 3431/5050 3430/5049 3433/5052
f 3431/5050 3432/5051 3416/5026
f 3431/5050 3433/5052 3432/5051
f 2228/2601 2231/2604 2230/2603
f 2228/2601 2282/2659 2231/2604
f 3371/4929 3359/4916 3364/4921
f 3371/4929 3364/4921 3373/4931
f 3900/6442 3984/6586 3902/6446
f 3900/6442 3902/6446 2087/6445
f 3993/6635 662/6645 661/6640
f 3993/6635 2091/6646 662/6645
f 753/794 687/727 682/722
f 753/794 752/793 687/727
f 3863/6290 187/6301 3864/6291
f 3863/6290 3864/6291 3861/6288
f 2539/3049 2540/3050 2533/3042
f 2539/3049 2552/3062 2540/3050
f 2872/3603 2866/3596 2873/3604
f 2872/3603 2873/3604 2877/3608
f 143/145 142/144 115/117
f 1389/1517 1386/1514 1388/1516
f 1350/1476 1357/1483 1356/1482
f 1350/1476 1347/1473 1349/1475
f 1350/1476 1349/1475 1357/1483
f 2931/3738 678/3739 680/3737
f 2931/5176 2929/5157 3496/5161
f 2931/3738 680/3737 2929/3735
f 3487/5151 3488/5152 3464/5118
f 3430/5049 3448/5075 3433/5052
f 115/117 142/144 113/115
f 115/117 113/115 114/116
f 2522/3029 1121/3034 1120/3033
f 2522/3029 2532/3041 1121/3034
f 2853/3583 2857/3587 2858/3588
f 2853/3583 2858/3588 2865/3595
f 3448/5075 3447/5073 3433/5052
f 3448/5075 2831/5074 3447/5073
f 2250/4060 642/4039 643/4158
f 2250/2623 2247/2620 2243/2616
f 2250/4060 2243/4059 642/4039
f 1392/1520 1388/1516 1348/1474
f 1392/1520 1348/1474 1347/1473
f 3359/4916 3360/4917 3361/4918
f 3359/4916 3361/4918 3364/4921
f 682/722 683/723 684/724
f 682/722 687/727 683/723
f 3491/5155 3496/5161 3492/5156
f 3491/5155 3492/5156 3488/5152
f 186/5022 3416/5026 656/5023
f 186/188 179/181 183/185
f 186/5022 656/5023 179/5024
f 2533/3042 2540/3050 2532/3041
f 1356/6606 3992/6607 3907/6454
f 1356/6673 1357/6672 3992/6669
f 678/717 663/698 672/710
f 678/717 672/710 680/719
f 2866/3596 2865/3595 2873/3604
f 643/652 642/649 641/648
f 2552/3062 2553/3063 2540/3050
f 3907/6454 3902/6446 3984/6586
f 3907/6671 3992/6669 3906/6668
f 3907/6454 3906/6453 3902/6446
f 661/696 662/697 663/698
f 663/698 664/699 672/710
f 663/698 662/697 664/699
f 2877/3608 2873/3604 2876/3607
f 3416/5026 3432/5051 656/5023
f 2247/2620 2230/2603 2232/2605
f 2247/2620 2232/2605 2243/2616
f 183/185 168/170 187/189
f 183/185 179/181 168/170
f 2230/2603 2231/2604 2232/2605
f 1386/1514 1387/1515 1388/1516
f 1386/1514 1409/1537 1398/1526
f 1386/1514 1398/1526 1387/1515
f 1388/1516 1387/1515 1348/1474
f 1347/1473 1348/1474 1349/1475
f 2553/3063 2561/3074 2560/3072
f 2553/3063 1106/3064 2540/3050
f 2553/3063 2560/3072 1106/3064
f 2876/3607 794/3627 793/3628
f 2876/3607 2873/3604 2875/3606
f 2876/3607 2875/3606 794/3627
f 3496/5161 2929/5157 3492/5156
f 3488/5152 3489/5153 3464/5118
f 3488/5152 3492/5156 3489/5153
f 3464/5118 3459/5108 3461/5112
f 3464/5118 3489/5153 3459/5108
f 187/6301 168/6337 3864/6291
f 641/648 146/650 142/653
f 641/648 642/649 146/650
f 1094/1165 1093/1164 1104/1175
f 1094/1165 1104/1175 1105/1176
f 1094/1165 1105/1176 1114/1185
f 1409/1537 1408/1536 1410/1538
f 1409/1537 1410/1538 1398/1526
f 1120/1191 1121/1192 1097/1168
f 2561/4938 3373/4931 3375/4933
f 2561/4938 3375/4933 2560/4939
f 793/835 748/789 752/793
f 793/835 794/836 748/789
f 3461/5112 2928/5111 3201/5113
f 3461/5112 3459/5108 2928/5111
f 2857/3587 2890/3625 2858/3588
f 2913/3689 2914/3690 2912/3688
f 2913/3689 2892/3630 2914/3690
f 2913/3689 2896/3634 2892/3630
f 3432/5051 3433/5052 3434/5053
f 3432/5051 3434/5053 656/5023
f 2532/3041 2540/3050 2559/3071
f 2532/3041 2559/3071 1121/3034
f 3360/4917 1062/4940 2088/4941
f 3360/4917 2088/4941 3340/4883
f 3360/4917 3363/4920 3361/4918
f 3360/4917 3340/4883 3363/4920
f 684/3660 2092/3661 2090/3649
f 684/3660 694/3680 2092/3661
f 684/724 683/723 686/726
f 684/3660 686/3681 694/3680
f 2865/3595 2874/3605 2873/3604
f 2865/3595 2858/3588 2874/3605
f 2582/4595 1410/4596 1408/4597
f 2582/3106 2584/3108 1362/3109
f 2582/4595 1362/4598 1410/4596
f 1093/1164 1097/1168 1104/1175
f 1097/1168 1121/1192 1122/1193
f 1097/1168 1122/1193 1104/1175
f 1349/1475 1348/1474 1361/1487
f 1349/1475 1361/1487 1359/1485
f 1349/1475 1358/1484 1357/1483
f 1349/1475 1359/1485 1358/1484
f 2929/5157 2926/5127 3492/5156
f 2929/3735 680/3737 2930/3736
f 2929/3735 2428/3734 2926/3730
f 2929/3735 2930/3736 2428/3734
f 2890/3625 2912/3688 2914/3690
f 2890/3625 2891/3626 2858/3588
f 2890/3625 2914/3690 2891/3626
f 3201/4513 2928/4519 2392/4516
f 2392/2841 2424/2877 2393/2842
f 2392/4516 2928/4519 2424/4520
f 142/144 146/148 113/115
f 2540/3050 1106/3064 2559/3071
f 2873/3604 2874/3605 2875/3606
f 3433/5052 3447/5073 3434/5053
f 2670/3238 2671/3239 2662/3226
f 2670/3238 2662/3226 2664/3228
f 1348/1474 1387/1515 1361/1487
f 3492/5156 2926/5127 3489/5153
f 3858/6285 3856/6283 2924/6300
f 3858/6285 3857/6284 3856/6283
f 1121/3788 2559/3784 1122/3786
f 1387/1515 1398/1526 1396/1524
f 1387/1515 1396/1524 1361/1487
f 3489/5153 3460/5109 3459/5108
f 3489/5153 2926/5127 3460/5109
f 2858/3793 2891/3791 2874/3790
f 2671/4305 1115/4306 1708/4307
f 2671/3239 2665/3229 2662/3226
f 2671/3239 1708/3254 2665/3229
f 1398/1526 1411/1539 1396/1524
f 1398/1526 1410/1538 1411/1539
f 2559/3784 1106/3785 1122/3786
f 1106/3785 1104/3787 1122/3786
f 1106/1177 1105/1176 1104/1175
f 1106/3064 2560/3072 1105/3073
f 2875/3789 2874/3790 2891/3791
f 2875/3789 2891/3791 2914/3792
f 2875/3606 2892/3630 794/3627
f 2875/3606 2914/3690 2892/3630
f 3459/5108 3460/5109 2927/5110
f 3459/5108 2927/5110 2928/5111
f 2924/3708 1683/3709 2922/3701
f 2924/6300 3856/6283 3854/6281
f 2924/6300 3854/6281 1683/6279
f 127/3523 120/3522 55/3521
f 3373/4931 3364/4921 3369/4927
f 3373/4931 3369/4927 3375/4933
f 752/793 747/788 687/727
f 752/793 748/789 747/788
f 846/3532 78/3530 2832/3531
f 55/3521 120/3522 119/3517
f 55/877 59/878 832/879
f 55/3521 119/3517 53/3516
f 55/57 53/55 49/51
f 55/57 49/51 59/61
f 1361/1487 1396/1524 1411/1539
f 1361/4605 1411/4604 1362/4598
f 1361/1487 1362/1488 1359/1485
f 1357/6672 3983/6670 3992/6669
f 1357/6585 3982/6581 3983/6583
f 1357/6585 1358/6584 3982/6581
f 680/719 672/710 675/713
f 680/3737 675/3759 679/3757
f 680/3737 679/3757 2930/3736
f 2926/5127 2927/5110 3460/5109
f 2926/3730 2428/3734 2424/3731
f 2926/3730 2424/3731 2927/3732
f 78/3530 2830/3526 2832/3531
f 78/890 838/891 82/892
f 78/3530 76/3524 2830/3526
f 78/80 71/73 76/78
f 78/80 82/84 71/73
f 2243/4059 2244/4040 642/4039
f 2243/2616 2232/2605 2242/2615
f 2243/2616 2242/2615 2244/2617
f 179/5024 656/5023 180/5025
f 179/181 178/180 168/170
f 179/181 180/182 178/180
f 642/649 150/651 146/650
f 642/4039 2244/4040 646/4041
f 642/649 646/657 150/651
f 2584/3108 1360/3110 1362/3109
f 2584/3108 1365/3113 1360/3110
f 2113/2437 2115/2440 31/2438
f 2113/2437 2118/2444 2115/2440
f 31/2438 2115/2440 30/2441
f 32/2450 1808/2453 2122/2451
f 32/2450 28/2454 1808/2453
f 2122/2451 1808/2453 36/2456
f 2393/2842 2424/2877 2423/2876
f 2393/2842 2423/2876 2422/2875
f 656/5023 3434/5053 3435/5054
f 656/675 654/671 180/674
f 656/5023 3435/5054 654/5055
f 2602/3132 2606/3142 2603/3134
f 2602/3132 2603/3134 2601/3129
f 1410/4596 1362/4598 1411/4604
f 3992/6669 3995/6664 3906/6668
f 3992/6669 3983/6670 3995/6664
f 2118/2444 2119/2445 2115/2440
f 36/2456 1808/2453 2123/2457
f 672/710 664/699 668/703
f 672/710 668/703 675/713
f 2928/3733 2927/3732 2424/3731
f 598/605 590/597 593/600
f 598/605 600/607 590/597
f 1115/1902 1116/1901 1708/1900
f 1115/1186 1114/1185 1116/1187
f 2560/4939 3375/4933 2572/4915
f 2560/3072 2572/3087 2563/3076
f 2560/3072 2563/3076 1105/3073
f 3902/6446 3903/6447 2087/6445
f 3902/6446 3906/6453 3905/6452
f 3902/6446 3904/6450 3903/6447
f 3902/6446 3905/6452 3904/6450
f 2087/2396 2088/2399 1062/2397
f 2087/2396 2089/2400 2088/2399
f 2087/6445 3903/6447 2089/6448
f 2091/2403 2090/2402 2092/2405
f 2091/6551 3963/6550 662/6549
f 2091/2403 2092/2405 2093/2406
f 2091/6551 2093/6552 3963/6550
f 662/697 667/702 664/699
f 662/6549 3963/6550 3956/6531
f 662/6549 3956/6531 667/6528
f 794/836 749/790 748/789
f 794/3627 2893/3631 749/3642
f 794/3627 2892/3630 2893/3631
f 2922/3701 1683/3709 1684/3702
f 2922/3701 1684/3702 2896/3634
f 2232/2605 2231/2604 2233/2606
f 2232/2605 2234/2607 2242/2615
f 2232/2605 2233/2606 2234/2607
f 2662/3226 2665/3229 2663/3227
f 2662/3226 2663/3227 2664/3228
f 2665/3229 2675/3247 2663/3227
f 2665/3229 1708/3254 2675/3247
f 1362/3109 1360/3110 1359/3133
f 3364/4921 3361/4918 3366/4923
f 3364/4921 3366/4923 3369/4927
f 687/727 689/729 683/723
f 687/727 747/788 689/729
f 2424/2877 2428/2884 2423/2876
f 3854/6281 3856/6283 3855/6282
f 3854/6281 3855/6282 3853/6277
f 3854/6281 3853/6277 1683/6279
f 3856/6283 3857/6284 3855/6282
f 168/6337 170/6341 3864/6291
f 168/170 178/180 169/171
f 168/170 169/171 170/172
f 2231/2604 2282/2659 2103/2658
f 2231/2604 2253/2626 2233/2606
f 2231/2604 2103/2658 2253/2626
f 113/115 146/148 145/147
f 113/115 109/111 114/116
f 113/115 145/147 110/112
f 113/115 110/112 109/111
f 3447/5073 3439/5061 3434/5053
f 3447/5073 2831/5074 3443/5069
f 3447/5073 3445/5071 3439/5061
f 3447/5073 3443/5069 3445/5071
f 3864/6291 3865/6296 3861/6288
f 3864/6291 170/6341 3870/6306
f 3864/6291 3870/6306 3865/6296
f 146/148 150/152 145/147
f 2606/4014 832/4015 2607/4016
f 2606/3142 2607/3144 2603/3134
f 1359/1485 1360/1486 1358/1484
f 2119/2445 2116/2442 2115/2440
f 2119/2445 2120/2446 2116/2442
f 2123/2457 1808/2453 1807/2460
f 2123/2457 1807/2460 2124/2458
f 2428/3734 2930/3736 2423/3741
f 593/4194 592/4191 838/4193
f 593/600 590/597 592/599
f 3434/5053 3439/5061 3435/5054
f 832/4015 833/4017 2607/4016
f 832/879 59/878 833/880
f 2351/4583 3214/4586 1437/4587
f 2351/4583 3213/4585 3214/4586
f 2351/2793 1437/2788 2350/2792
f 2351/4583 2350/4584 3213/4585
f 3214/4586 1440/4588 1437/4587
f 3214/6632 3213/6630 1440/6629
f 3212/4578 2334/4575 1430/4579
f 3212/4578 3211/4576 2334/4575
f 3212/4578 1430/4579 1433/4580
f 3212/6570 1433/6569 3211/6553
f 2334/2765 695/2764 1430/2760
f 2334/4575 3211/4576 695/4577
f 838/4193 592/4191 839/4192
f 838/891 839/893 82/892
f 2115/2440 2116/2442 30/2441
f 30/2714 2116/2708 2307/2710
f 2088/4590 2089/4589 2350/4584
f 2088/4941 2350/4884 3340/4883
f 2089/6448 3903/6447 3213/6449
f 2089/4589 3213/4585 2350/4584
f 1440/1569 1438/1567 1437/1566
f 1440/6629 3213/6630 1443/6631
f 1440/1569 1443/1572 1438/1567
f 1437/2788 2121/2785 2350/2792
f 1437/2788 1439/2786 2121/2785
f 1437/1566 1438/1567 1439/1568
f 1433/1562 1430/1559 1432/1561
f 1433/6569 1436/6568 3211/6553
f 1433/1562 1432/1561 1436/1565
f 1430/2760 695/2764 693/2757
f 1430/2760 693/2757 1431/2759
f 1430/1559 1431/1560 1432/1561
f 2093/4581 2092/4582 695/4577
f 2093/6552 3211/6553 3963/6550
f 2093/4581 695/4577 3211/4576
f 2092/3661 694/3680 695/3684
f 28/2046 1807/2043 1808/2047
f 28/2046 33/2041 1807/2043
f 118/3515 53/3516 119/3517
f 118/3515 50/3518 53/3516
f 118/3515 114/3519 50/3518
f 53/55 50/52 49/51
f 3906/6668 3995/6664 3905/6667
f 3361/4918 3363/4920 3366/4923
f 2120/2446 2121/2447 2116/2442
f 2124/2458 1807/2460 693/2459
f 683/723 689/729 686/726
f 664/699 667/702 668/703
f 76/3524 2829/3525 2830/3526
f 76/3524 73/3527 2829/3525
f 76/78 71/73 73/75
f 2829/3525 73/3527 2831/3528
f 50/3518 114/3519 47/3520
f 50/52 47/49 49/51
f 3903/6447 1443/6451 3213/6449
f 3903/6447 3904/6450 1443/6451
f 3963/6550 3211/6553 1436/6568
f 3963/6550 1436/6568 3956/6531
f 73/3527 70/3529 2831/3528
f 73/75 71/73 70/72
f 3375/4933 3372/4930 2572/4915
f 3375/4933 3369/4927 3372/4930
f 748/789 749/790 746/787
f 748/789 746/787 747/788
f 2282/3234 2664/3228 2667/3231
f 2282/3234 2667/3231 2669/3233
f 2282/3234 2669/3233 2103/3236
f 2664/3228 2666/3230 2667/3231
f 2664/3228 2663/3227 2666/3230
f 3340/4883 2350/4884 2121/4885
f 3340/4883 2121/4885 35/4886
f 3340/4883 3376/4942 3363/4920
f 3340/4883 35/4886 2291/4944
f 3340/4883 2291/4944 3376/4942
f 2121/2712 35/2709 2116/2708
f 2121/2687 2290/2685 35/2684
f 2121/2785 1439/2786 2290/2787
f 693/733 695/736 694/734
f 693/733 694/734 34/735
f 693/2045 1807/2043 34/2042
f 693/2681 34/2678 2288/2680
f 693/2757 2288/2758 1431/2759
f 694/3680 686/3681 754/3682
f 694/734 755/796 34/735
f 694/734 754/795 755/796
f 3857/6284 3861/6288 3880/6339
f 3857/6284 3860/6287 3855/6282
f 3857/6284 3880/6339 3860/6287
f 3861/6288 3866/6297 3880/6339
f 3861/6288 3865/6296 3866/6297
f 2244/2617 2242/2615 2241/2614
f 2244/4040 2241/4042 646/4041
f 2242/2615 2234/2607 2236/2609
f 2242/2615 2236/2609 2241/2614
f 2666/3230 2668/3232 2667/3231
f 2666/3230 2663/3227 2675/3247
f 2666/3230 2675/3247 2668/3232
f 2667/3231 2668/3232 2669/3233
f 3983/6583 3982/6581 3981/6580
f 3983/6670 3981/6665 3995/6664
f 2116/2708 35/2709 2307/2710
f 33/2041 34/2042 1807/2043
f 675/713 676/714 679/718
f 675/713 668/703 676/714
f 3855/6282 3860/6287 3853/6277
f 3860/6287 3880/6339 3873/6322
f 3860/6287 3873/6322 3853/6277
f 3880/6360 3866/6361 3873/6362
f 180/182 177/179 178/180
f 180/674 654/671 177/673
f 178/180 172/174 169/171
f 178/180 177/179 172/174
f 3363/4920 3367/4925 3366/4923
f 3363/4920 3376/4942 3367/4925
f 35/2684 2290/2685 2291/2686
f 34/2678 755/2679 2288/2680
f 686/726 689/729 691/731
f 686/3681 691/3683 754/3682
f 646/657 647/658 150/651
f 646/4041 2241/4042 648/4043
f 646/657 648/659 647/658
f 2234/2607 2233/2606 2235/2608
f 2234/2607 2235/2608 2236/2609
f 114/6007 109/6004 47/6006
f 2831/6019 70/6018 3443/6016
f 654/5055 3435/5054 3436/5056
f 654/671 655/672 177/673
f 654/5055 3436/5056 655/5057
f 169/171 171/173 170/172
f 169/171 172/174 171/173
f 2563/3076 2572/3087 2569/3084
f 2563/3076 2564/3077 1105/3073
f 2563/3076 2569/3084 2567/3082
f 2563/3076 2567/3082 2564/3077
f 1358/6584 1375/6582 3982/6581
f 1358/1484 1360/1486 1364/1490
f 1358/1484 1364/1490 1375/1501
f 2930/3736 679/3757 640/3755
f 2930/3736 2934/3744 2423/3741
f 2930/3736 640/3755 2934/3744
f 2893/3631 762/3639 749/3642
f 2893/3631 2892/3630 2894/3632
f 2893/3631 1700/3637 762/3639
f 2893/3631 2894/3632 1700/3637
f 2233/2606 2253/2626 2235/2608
f 150/152 147/149 145/147
f 150/651 647/658 147/668
f 47/49 48/50 49/51
f 47/6006 109/6004 51/6003
f 47/49 51/53 48/50
f 3982/6581 1375/6582 3980/6579
f 3982/6581 3980/6579 3981/6580
f 679/718 677/715 640/721
f 679/718 676/714 677/715
f 70/72 71/73 72/74
f 70/6018 74/6015 3443/6016
f 70/72 72/74 74/76
f 3435/5054 3439/5061 3440/5062
f 3435/5054 3440/5062 3436/5056
f 170/6341 171/6321 3870/6306
f 145/147 147/149 110/112
f 2668/3232 2094/3235 2669/3233
f 2668/3232 2675/3247 2094/3235
f 2669/3233 2097/3237 2103/3236
f 2669/3233 2094/3235 2097/3237
f 3873/6322 3866/6297 3868/6299
f 3873/6359 3868/6355 3853/6358
f 3866/6297 3865/6296 3867/6298
f 3866/6297 3867/6298 3868/6299
f 3439/5061 3445/5071 3440/5062
f 2572/4915 3356/4908 2569/4911
f 2572/4915 3372/4930 3357/4909
f 2572/4915 3357/4909 3356/4908
f 749/790 762/803 750/791
f 749/790 745/786 746/787
f 749/790 750/791 745/786
f 2675/3247 1708/3254 2680/3258
f 2675/3247 2677/3249 2094/3235
f 2675/3247 2680/3258 2681/3259
f 2675/3247 2681/3259 2682/3260
f 2675/3247 2682/3260 2676/3248
f 2675/3247 2676/3248 2677/3249
f 2588/3115 2601/3129 1367/3130
f 2588/3115 1367/3130 1365/3113
f 3369/4927 3366/4923 3368/4926
f 3369/4927 3368/4926 3372/4930
f 747/788 692/732 689/729
f 747/788 746/787 692/732
f 2415/2864 2425/2878 600/2823
f 2415/2864 2422/2875 2425/2878
f 3853/6277 1917/6276 1683/6279
f 3853/6358 3868/6355 3874/6357
f 3853/6277 3852/6270 1917/6276
f 3853/6277 2763/6308 3852/6270
f 3853/6277 2761/6323 2763/6308
f 3853/6277 3874/6324 2761/6323
f 49/51 61/63 59/61
f 49/51 62/64 61/63
f 49/51 54/56 62/64
f 49/51 48/50 54/56
f 71/73 82/84 84/86
f 71/73 84/86 85/87
f 71/73 85/87 77/79
f 71/73 77/79 72/74
f 1116/1901 1118/1897 1708/1900
f 1116/1187 1114/1185 1117/1188
f 1116/1187 1117/1188 1118/1189
f 1105/3073 2565/3078 1114/3079
f 1105/3073 2564/3077 2565/3078
f 1360/1486 1365/1491 1364/1490
f 2423/3741 2934/3744 2422/3745
f 2892/3630 2895/3633 2894/3632
f 2892/3630 2896/3634 2895/3633
f 1684/1870 1683/1869 1680/1866
f 1684/3702 1699/3635 2896/3634
f 1684/3702 1680/3703 1699/3635
f 2601/3129 2603/3134 1371/3131
f 2601/3129 1371/3131 1367/3130
f 600/607 597/604 590/597
f 600/2823 2425/2878 597/2879
f 1708/3254 1701/3262 2680/3258
f 1708/1900 1118/1897 1701/1892
f 3995/6664 3981/6665 3979/6666
f 3995/6664 3979/6666 3905/6667
f 668/703 669/704 676/714
f 668/703 667/702 669/704
f 1683/6279 1917/6276 1675/6280
f 1683/1869 1675/1861 1680/1866
f 109/6004 111/5999 51/6003
f 109/111 110/112 111/113
f 2103/2416 2097/2410 2096/2409
f 2103/2658 2102/2657 2253/2626
f 2103/2416 2096/2409 2102/2415
f 2607/3144 2605/3140 2603/3134
f 2607/4016 833/4017 834/4018
f 2607/4016 834/4018 2608/4019
f 2607/3144 2608/3145 2605/3140
f 2603/3134 2605/3140 1371/3131
f 1365/1491 1366/1492 1364/1490
f 1365/1491 1367/1493 1366/1492
f 2422/3745 2934/3744 626/3746
f 2422/3745 626/3746 2425/3748
f 590/597 591/598 592/599
f 590/597 597/604 591/598
f 592/4191 840/4190 839/4192
f 592/599 591/598 594/601
f 592/4191 594/4189 840/4190
f 3865/6296 3869/6302 3867/6298
f 3865/6346 3870/6343 3883/6345
f 3865/6346 3883/6345 3869/6347
f 3443/6016 74/6015 3444/6011
f 3443/5069 3444/5070 3445/5071
f 833/880 59/878 66/881
f 833/880 66/881 834/882
f 2569/4911 3343/4891 2567/4912
f 2569/4911 3356/4908 3353/4902
f 2569/4911 3353/4902 3343/4891
f 762/1889 1700/1890 1698/1885
f 762/803 751/792 750/791
f 762/1889 1698/1885 751/1886
f 839/893 89/894 82/892
f 839/893 840/895 89/894
f 2241/2614 2236/2609 2237/2610
f 2241/4042 2246/4044 648/4043
f 2241/2614 2237/2610 2240/2613
f 2241/2614 2240/2613 2246/2619
f 51/6003 111/5999 56/6001
f 51/53 56/58 52/54
f 51/53 52/54 48/50
f 2097/2410 2094/2407 2096/2409
f 2094/2407 2095/2408 2096/2409
f 2094/3235 2677/3249 2095/3252
f 1114/3079 2565/3078 1117/3080
f 2564/3077 2567/3082 2570/3085
f 2564/3077 2570/3085 2565/3078
f 2894/3632 1695/3640 1700/3637
f 2894/3632 2895/3633 1695/3640
f 2896/3634 1699/3635 2895/3633
f 3868/6299 3867/6298 3869/6302
f 3868/6299 3869/6302 3881/6340
f 3868/6355 3881/6356 3874/6357
f 74/6015 79/6012 3444/6011
f 74/76 75/77 79/81
f 74/76 72/74 75/77
f 177/179 173/175 172/174
f 177/673 655/672 182/678
f 177/179 176/178 173/175
f 177/179 182/184 176/178
f 2236/2609 2235/2608 2237/2610
f 1364/1490 1376/1502 1375/1501
f 1364/1490 1366/1492 1377/1503
f 1364/1490 1377/1503 1376/1502
f 3366/4923 3367/4925 3368/4926
f 689/729 692/732 691/731
f 2934/3744 640/3755 632/3756
f 2934/3744 623/3758 626/3746
f 2934/3744 632/3756 623/3758
f 172/174 173/175 171/173
f 648/659 649/660 647/658
f 648/659 650/661 649/660
f 648/4043 2246/4044 650/4045
f 59/61 61/63 65/67
f 59/61 65/67 66/68
f 2567/4912 3343/4891 2570/4887
f 1700/1890 1695/1882 1698/1885
f 82/84 88/90 84/86
f 82/84 89/91 88/90
f 655/5057 3436/5056 3437/5058
f 655/5057 3437/5058 657/5059
f 655/672 657/676 182/678
f 647/658 649/660 147/668
f 2253/2626 2238/2611 2235/2608
f 2253/2626 2102/2657 2101/2637
f 2253/2626 2251/2624 2238/2611
f 2253/2626 2101/2637 2251/2624
f 2565/3078 2571/3086 1117/3080
f 2565/3078 2570/3085 2571/3086
f 1375/6582 1376/6609 3990/6595
f 1375/6582 3990/6595 3980/6579
f 3372/4930 3368/4926 3357/4909
f 746/787 745/786 692/732
f 640/647 639/646 632/639
f 640/721 677/715 639/716
f 2895/3633 1699/3635 1691/3641
f 2895/3633 1691/3641 1695/3640
f 3870/6306 171/6321 174/6320
f 3870/6343 2751/6344 3883/6345
f 3870/6306 174/6320 191/6304
f 3870/6306 191/6304 2751/6262
f 3436/5056 3440/5062 3437/5058
f 2681/6250 2680/6253 2274/6251
f 2681/6250 2274/6251 2275/6252
f 2681/3259 2275/3273 2682/3260
f 2680/4563 2280/4562 2274/4564
f 2680/4563 2683/4558 2280/4562
f 2680/3258 1701/3262 2683/3263
f 1366/1492 1367/1493 1368/1494
f 1366/1492 1368/1494 1378/1504
f 1366/1492 1378/1504 1377/1503
f 626/3746 601/3749 2425/3748
f 626/633 605/612 601/608
f 626/633 623/630 605/612
f 1917/6276 3852/6270 1918/6268
f 1917/2196 1918/2197 1916/2195
f 1917/4553 1913/4552 1675/4549
f 1917/2196 1916/2195 1913/2192
f 3852/6270 3851/6269 1918/6268
f 3852/6270 2763/6308 3851/6269
f 2235/2608 2238/2611 2237/2610
f 110/112 147/149 122/124
f 110/112 112/114 111/113
f 110/112 122/124 112/114
f 2274/2649 2273/2648 2275/2650
f 2274/2649 2271/2646 2273/2648
f 2274/2649 2280/2655 2271/2646
f 1367/1493 1371/1497 1368/1494
f 3356/4908 3355/4904 3353/4902
f 3356/4908 3357/4909 3355/4904
f 3981/6580 3980/6579 3979/6578
f 676/714 669/704 677/715
f 750/791 751/792 744/785
f 750/791 744/785 745/786
f 2425/3748 601/3749 597/3752
f 1918/6268 3851/6269 2764/6267
f 1918/6268 2764/6267 3848/6259
f 1918/6268 3848/6259 1916/6278
f 3445/5071 3441/5064 3440/5062
f 3445/5071 3444/5070 3446/5072
f 3445/5071 3446/5072 3441/5064
f 171/173 173/175 174/176
f 147/668 649/660 122/667
f 1117/4914 2571/4889 3348/4896
f 1117/4914 3348/4896 1118/4906
f 1699/1888 1686/1872 1691/1877
f 1699/1888 1680/1866 1686/1872
f 3440/5062 3441/5064 3437/5058
f 65/6806 61/6803 3204/6792
f 65/4532 3204/4531 67/4529
f 65/67 67/69 66/68
f 2570/4887 3341/4888 2571/4889
f 2570/4887 3343/4891 3342/4890
f 2570/4887 3342/4890 3341/4888
f 1376/6609 1377/6599 3977/6575
f 1376/6609 3977/6575 3990/6595
f 632/639 624/631 623/630
f 632/639 639/646 624/631
f 1695/1882 1691/1877 1685/1871
f 1695/1882 1692/1878 1698/1885
f 1695/1882 1685/1871 1692/1878
f 88/6843 2574/6830 84/6841
f 88/3093 90/3089 2574/3092
f 88/90 89/91 90/92
f 2275/3273 2273/3272 2682/3260
f 61/6803 4062/6790 3204/6792
f 61/6803 62/6781 4062/6790
f 3204/6792 4062/6790 3332/6791
f 3204/4531 3203/4530 67/4529
f 3204/6792 3332/6791 3203/6793
f 2571/4889 3341/4888 3348/4896
f 1368/1494 1371/1497 1379/1505
f 1368/1494 1379/1505 1378/1504
f 601/608 596/603 597/604
f 601/608 605/612 596/603
f 1691/1877 1686/1872 1685/1871
f 2574/6830 4071/6828 84/6841
f 2574/6830 3338/6829 4071/6828
f 2574/3092 90/3089 2573/3091
f 2574/6830 2573/6831 3338/6829
f 84/6841 4071/6828 85/6822
f 3851/6269 2763/6308 2764/6267
f 2682/3260 2273/3272 2685/3269
f 2682/3260 2685/3269 2676/3248
f 1371/3131 2605/3140 1379/3141
f 1377/6599 1378/6596 3914/6463
f 1377/6599 3914/6463 3977/6575
f 2311/2724 2312/2725 2314/2721
f 2311/2718 2310/2717 2312/2719
f 2311/6565 2316/6566 3968/6558
f 2311/6565 3968/6558 2308/6564
f 2311/2724 2314/2721 2316/2723
f 2311/2718 2308/2715 2310/2717
f 2312/3512 2828/3505 2314/3513
f 2312/3512 2310/3514 2828/3505
f 623/630 613/620 605/612
f 623/630 624/631 613/620
f 597/604 596/603 591/598
f 2763/6308 2762/6338 2764/6267
f 2763/3391 2761/3389 2762/3390
f 111/5999 57/6000 56/6001
f 111/5999 3803/6002 57/6000
f 111/5999 112/5996 3803/6002
f 3444/6011 79/6012 80/6013
f 3444/6011 80/6013 3805/6014
f 3444/6011 3805/6014 3446/6008
f 3353/4902 3345/4893 3343/4891
f 3353/4902 3355/4904 3345/4893
f 751/1886 1698/1885 758/1881
f 751/792 758/799 744/785
f 56/58 57/59 52/54
f 2096/2409 2095/2408 2098/2411
f 2096/2409 2099/2412 2102/2415
f 2096/2409 2098/2411 2099/2412
f 2685/3269 2273/3272 2686/3270
f 2685/3269 2686/3270 2676/3248
f 2273/3272 2268/3274 2686/3270
f 2273/2648 2271/2646 2268/2643
f 3343/4891 3345/4893 3342/4890
f 1698/1885 1692/1878 758/1881
f 2764/3392 2762/3390 2760/3388
f 2764/3392 2760/3388 2757/3385
f 2764/6267 2757/6266 3848/6259
f 2762/3390 2761/3389 2760/3388
f 3869/6347 3878/6349 3881/6350
f 3869/6347 3883/6345 3879/6348
f 3869/6347 3879/6348 3878/6349
f 79/81 75/77 80/82
f 2095/3252 2677/3249 2678/3253
f 2095/3252 2678/3253 2098/3255
f 3968/6558 2316/6566 3969/6559
f 3968/6558 3967/6557 2308/6564
f 3968/6558 3969/6559 3966/6556
f 3968/6558 3966/6556 3967/6557
f 723/3502 2315/3504 2828/3505
f 723/3502 2828/3505 2309/3508
f 723/3502 721/3503 2315/3504
f 723/764 715/756 721/762
f 723/3502 2309/3508 722/3509
f 723/764 722/763 716/757
f 723/764 717/758 715/756
f 723/764 716/757 717/758
f 2828/3505 2315/3504 2314/3513
f 2828/3505 2310/3514 2309/3508
f 3881/6340 3875/6330 3874/6324
f 3881/6340 3878/6335 3875/6330
f 2608/4019 834/4018 835/4020
f 2608/3145 2609/3146 2605/3140
f 2608/4019 835/4020 2609/4021
f 1378/6596 1379/6468 3916/6466
f 1378/6596 3916/6466 3914/6463
f 605/612 609/616 596/603
f 605/612 613/620 609/616
f 594/601 591/598 595/602
f 594/4189 841/4188 840/4190
f 594/4189 595/4138 841/4188
f 4062/6790 62/6781 4057/6780
f 4062/6790 4057/6780 3330/6773
f 4062/6790 3330/6773 3332/6791
f 3341/4888 3342/4890 3344/4892
f 3341/4888 3346/4894 3348/4896
f 3341/4888 3344/4892 3346/4894
f 3342/4890 3345/4893 3344/4892
f 1692/1878 1685/1871 1690/1876
f 1692/1878 1690/1876 758/1881
f 1685/1871 1686/1872 1687/1873
f 1685/1871 1687/1873 1690/1876
f 4071/6828 4070/6826 85/6822
f 4071/6828 3333/6816 4070/6826
f 4071/6828 3338/6829 3333/6816
f 834/882 66/881 68/883
f 834/882 68/883 835/884
f 1118/4906 3348/4896 1702/4905
f 1118/1897 1702/1893 1701/1892
f 2605/6471 2609/6469 1379/6468
f 591/598 596/603 595/602
f 1680/1866 1677/1863 1686/1872
f 1680/1866 1675/1861 1677/1863
f 840/895 91/896 89/894
f 840/895 841/897 91/896
f 66/68 67/69 68/70
f 3348/4896 3350/4898 1702/4905
f 3348/4896 3349/4897 3350/4898
f 3348/4896 3346/4894 3349/4897
f 1686/1872 1677/1863 1689/1875
f 1686/1872 1689/1875 1688/1874
f 1686/1872 1688/1874 1687/1873
f 89/91 91/93 90/92
f 1379/6468 2609/6469 3917/6467
f 1379/6468 3917/6467 3916/6466
f 596/603 606/613 595/602
f 596/603 609/616 606/613
f 62/6781 4056/6778 4057/6780
f 62/64 54/56 64/66
f 62/6781 64/6779 4056/6778
f 85/6822 4070/6826 4066/6818
f 85/87 87/89 77/79
f 85/6822 4066/6818 87/6819
f 2102/2415 2099/2412 2101/2414
f 2676/3248 2686/3270 2270/3271
f 2676/3248 2270/3271 2269/3261
f 2676/3248 2269/3261 2266/3250
f 2676/3248 2266/3250 2677/3249
f 3368/4926 3358/4910 3357/4909
f 3368/4926 3367/4925 3358/4910
f 692/732 745/786 743/784
f 692/732 743/784 691/731
f 2761/3389 2759/3387 2760/3388
f 2761/3389 2758/3386 2759/3387
f 2761/6323 2755/6325 2758/6326
f 2761/6323 3874/6324 2755/6325
f 3883/6345 2751/6344 3879/6348
f 2686/3270 2268/3274 2270/3271
f 2760/3388 2759/3387 2757/3385
f 2268/2643 2267/2642 2270/2645
f 2268/2643 2263/2638 2267/2642
f 2268/2643 2271/2646 2263/2638
f 4057/6780 4056/6778 3330/6773
f 4070/6826 3333/6816 4066/6818
f 2757/3385 2759/3387 2756/3384
f 2757/3385 2756/3384 2752/3380
f 2757/6266 2752/6257 3848/6259
f 2270/2645 2267/2642 2269/2644
f 2759/3387 2758/3386 2756/3384
f 2269/2644 2267/2642 2266/2641
f 2758/3386 2755/3383 2756/3384
f 54/56 48/50 63/65
f 54/56 63/65 64/66
f 2267/2642 2263/2638 2266/2641
f 2280/4562 2683/4558 3209/4561
f 2280/4562 3209/4561 2279/4567
f 2280/2655 2279/2654 2271/2646
f 1701/4555 3208/4557 2683/4558
f 1701/4555 1703/4556 3208/4557
f 1701/1892 1702/1893 1703/1894
f 3980/6579 3978/6577 3979/6578
f 3980/6579 3990/6595 3978/6577
f 3357/4909 3358/4910 3355/4904
f 3979/6578 3978/6577 3905/6452
f 669/704 670/705 677/715
f 669/704 667/702 670/705
f 745/786 744/785 743/784
f 677/715 670/705 639/716
f 1675/4549 1913/4552 1915/4550
f 1675/4549 1915/4550 1676/4551
f 1675/1861 1676/1862 1677/1863
f 1916/2195 1914/2193 1913/2192
f 1916/6278 1922/6274 1914/6310
f 1916/6278 3848/6259 1922/6274
f 2756/3384 2755/3383 2752/3380
f 77/79 86/88 72/74
f 77/79 87/89 86/88
f 67/69 69/71 68/70
f 67/4529 3203/4530 69/4526
f 2683/4558 3208/4557 3209/4561
f 1913/2192 1914/2193 1915/2194
f 90/92 91/93 92/94
f 90/3089 92/3090 2573/3091
f 2314/2721 2315/2722 2316/2723
f 2316/6566 2317/6608 3969/6559
f 2316/2723 2315/2722 2317/2726
f 2308/2715 2309/2716 2310/2717
f 2308/6564 3967/6557 2313/6562
f 2308/2715 2313/2720 2309/2716
f 2266/2641 2263/2638 2264/2639
f 2266/3250 2264/3268 2265/3251
f 2266/3250 2265/3251 2677/3249
f 68/4528 69/4526 835/4525
f 91/4547 841/4546 92/4537
f 2755/3383 2753/3381 2752/3380
f 2755/3383 2754/3382 2753/3381
f 2755/6325 3874/6324 2754/6327
f 3203/6793 3332/6791 3205/6794
f 3203/4530 3205/4533 69/4526
f 3904/6450 3905/6452 3908/6455
f 3904/6450 3908/6455 3991/6600
f 3904/6450 3991/6600 1443/6451
f 3956/6531 3954/6527 667/6528
f 3956/6531 3953/6526 3954/6527
f 3956/6531 1436/6568 3953/6526
f 2573/6831 2575/6832 3338/6829
f 2573/3091 92/3090 2575/3094
f 3376/4942 3377/4943 3367/4925
f 3376/4942 712/4945 3377/4943
f 3376/4942 2291/4944 712/4945
f 3969/6559 2317/6608 3973/6571
f 3969/6559 3973/6571 3970/6560
f 3969/6559 3970/6560 3966/6556
f 3967/6557 3971/6561 2313/6562
f 3967/6557 3964/6554 3971/6561
f 3967/6557 3966/6556 3964/6554
f 754/795 691/731 740/781
f 754/795 740/781 714/755
f 754/795 714/755 755/796
f 3332/4871 3330/4866 141/4870
f 3332/5294 141/5297 140/5295
f 3332/6791 3559/6795 3205/6794
f 3332/5294 140/5295 3559/5296
f 141/4870 3330/4866 139/4868
f 141/143 139/141 140/142
f 3338/4877 3337/4876 3333/4872
f 3338/5298 3455/5300 3337/5301
f 3338/6829 2575/6832 3560/6833
f 3338/5298 3560/5299 3455/5300
f 3337/4876 3334/4873 3333/4872
f 3337/5096 3455/5095 3334/5094
f 48/50 52/54 63/65
f 2263/2638 2258/2631 2264/2639
f 2263/2638 2259/2632 2258/2631
f 2263/2638 2271/2646 2259/2632
f 2752/3380 2753/3381 2745/3373
f 2752/3380 2745/3373 2746/3374
f 2752/6257 2746/6258 3848/6259
f 72/74 86/88 75/77
f 649/660 651/662 122/667
f 649/660 650/661 651/662
f 3209/4561 3208/4557 3210/4565
f 3209/4561 3210/4565 2279/4567
f 1914/2193 1919/2198 1915/2194
f 1914/2193 1922/2201 1919/2198
f 3437/5058 3441/5064 3438/5060
f 3437/5058 3438/5060 657/5059
f 2264/2639 2258/2631 2265/2640
f 64/6779 4054/6774 4056/6778
f 64/6779 63/6788 4054/6774
f 87/6819 4066/6818 4065/6817
f 87/6819 4065/6817 86/6820
f 2753/3381 2754/3382 2745/3373
f 2677/3249 2265/3251 2255/3264
f 2677/3249 2254/3265 2678/3253
f 2677/3249 2255/3264 2254/3265
f 4056/6778 4054/6774 3330/6773
f 1703/4556 1704/4559 3208/4557
f 1703/1894 1702/1893 1704/1895
f 1676/4551 1915/4550 1678/4554
f 1676/1862 1678/1864 1677/1863
f 4066/6818 3333/6816 4065/6817
f 3874/6324 2743/6328 2754/6327
f 3874/6324 2741/6329 2743/6328
f 3874/6324 3875/6330 2741/6329
f 2265/2640 2258/2631 2255/2628
f 3208/4557 1704/4559 3055/4560
f 3208/4557 3055/4560 3058/4566
f 3208/4557 3058/4566 3210/4565
f 2609/4021 835/4020 3055/4022
f 2609/4021 3055/4022 1704/4029
f 2609/4021 1704/4029 3059/4030
f 2609/6469 3059/6470 3917/6467
f 595/4138 1921/4139 841/4188
f 595/4138 1678/4137 1921/4139
f 595/4138 607/4136 1678/4137
f 595/602 606/613 607/614
f 1915/2194 1921/2200 1678/2205
f 1915/2194 1920/2199 1921/2200
f 1915/2194 1919/2198 1920/2199
f 2754/3382 2743/3371 2745/3373
f 2237/2610 2239/2612 2240/2613
f 2237/2610 2238/2611 2239/2612
f 835/4525 69/4526 3056/4527
f 835/4020 3056/4023 3055/4022
f 3990/6595 3977/6575 3911/6458
f 3990/6595 3911/6458 3978/6577
f 639/716 670/705 637/706
f 639/646 637/644 624/631
f 841/4546 3081/4538 92/4537
f 841/4203 1921/4204 3081/4205
f 173/175 176/178 175/177
f 173/175 175/177 174/176
f 69/4526 3057/4534 3056/4527
f 69/4526 3205/4533 3057/4534
f 3355/4904 3358/4910 3354/4903
f 3355/4904 3354/4903 3345/4893
f 744/785 742/783 743/784
f 744/785 758/799 742/783
f 92/4537 3081/4538 3082/4539
f 92/4537 3082/4539 2575/4540
f 52/54 57/59 58/60
f 52/6786 4060/6784 63/6788
f 52/6786 58/6785 4060/6784
f 75/6825 86/6820 4068/6823
f 75/77 81/83 80/82
f 75/6825 4068/6823 81/6827
f 2258/2631 2257/2630 2255/2628
f 2258/2631 2259/2632 2257/2630
f 2745/3373 2743/3371 2744/3372
f 2745/3373 2744/3372 2746/3374
f 2254/2627 2255/2628 2256/2629
f 2254/6254 2256/6255 2260/6256
f 2254/3265 2260/3266 2678/3253
f 2256/2629 2255/2628 2257/2630
f 2256/2629 2257/2630 2260/2633
f 2271/2646 2272/2647 2259/2632
f 2271/2646 2279/2654 2277/2652
f 2271/2646 2277/2652 2276/2651
f 2271/2646 2276/2651 2272/2647
f 3848/6259 2746/6258 3849/6260
f 3848/6259 1923/6273 1922/6274
f 3848/6259 167/6271 1923/6273
f 3848/6259 3849/6260 167/6271
f 2741/3369 2742/3370 2743/3371
f 2741/3369 2747/3375 2742/3370
f 2741/6329 3875/6330 2747/6331
f 2742/3370 2744/3372 2743/3371
f 2742/3370 2747/3375 2744/3372
f 2678/3253 2260/3266 2684/3267
f 2678/3253 2684/3267 2679/3256
f 2678/3253 2679/3256 2098/3255
f 3056/4023 3058/4025 3055/4022
f 3056/4023 3057/4024 3058/4025
f 1704/1895 1702/1893 1705/1896
f 1704/4029 1705/4031 3059/4030
f 3905/6452 3978/6577 3911/6458
f 3905/6452 3909/6456 3908/6455
f 3905/6452 3911/6458 3910/6457
f 3905/6452 3910/6457 3909/6456
f 667/702 637/706 670/705
f 667/6528 3954/6527 3952/6525
f 667/702 671/707 637/706
f 667/6528 3952/6525 671/6529
f 1678/1864 1679/1865 1677/1863
f 1678/4137 607/4136 1679/4135
f 1921/4204 1920/4206 3081/4205
f 3081/4205 1920/4206 3082/4207
f 3875/6330 3876/6332 2747/6331
f 3875/6330 3877/6333 3876/6332
f 3875/6330 3878/6335 3877/6333
f 2684/3267 2260/3266 2679/3256
f 3876/6332 3877/6333 2747/6331
f 2240/2613 2239/2612 2245/2618
f 2240/2613 2245/2618 2246/2619
f 57/59 60/62 58/60
f 57/6000 3803/6002 60/6005
f 2257/2630 2259/2632 2260/2633
f 63/6788 4060/6784 4058/6782
f 63/6788 4058/6782 4054/6774
f 3977/6575 3914/6463 3912/6459
f 3977/6575 3912/6459 3911/6458
f 3358/4910 3367/4925 3354/4903
f 743/784 742/783 691/731
f 624/631 622/629 613/620
f 624/631 637/644 622/629
f 86/6820 4067/6821 4068/6823
f 86/6820 4065/6817 4067/6821
f 2744/3372 2747/3375 2746/3374
f 80/82 81/83 83/85
f 80/6013 83/6017 3805/6014
f 176/178 181/183 175/177
f 176/178 182/184 181/183
f 2259/2632 2261/2634 2260/2633
f 2259/2632 2262/2635 2261/2634
f 2259/2632 2272/2647 2262/2635
f 3205/4533 203/4535 3057/4534
f 3205/6794 3559/6795 203/6796
f 3345/4893 3352/4900 3344/4892
f 3345/4893 3354/4903 3352/4900
f 758/1881 1690/1876 1696/1883
f 758/1881 1696/1883 742/1887
f 2575/4540 3082/4539 3206/4541
f 2575/6832 3206/6834 3560/6833
f 2746/3374 2747/3375 2748/3376
f 2746/6258 2748/6272 2750/6261
f 2746/6258 2750/6261 3849/6260
f 2098/3255 2679/3256 2100/3257
f 2098/2411 2100/2413 2099/2412
f 4060/6784 58/6785 4059/6783
f 4060/6784 4059/6783 4058/6782
f 4068/6823 4073/6842 81/6827
f 4068/6823 4067/6821 4073/6842
f 3878/6335 2749/6334 3877/6333
f 3878/6335 3879/6336 2749/6334
f 2260/3266 2100/3257 2679/3256
f 2260/2633 2261/2634 2100/2636
f 2747/6331 3877/6333 2749/6334
f 2747/3375 2749/3377 2748/3376
f 4054/6774 3380/6772 3330/6773
f 4054/6774 4058/6782 4055/6775
f 4054/6774 4055/6775 3380/6772
f 2279/4567 3210/4565 2277/4570
f 1922/2201 1923/2204 1919/2198
f 4065/6817 3333/6816 3383/6815
f 4065/6817 4069/6824 4067/6821
f 4065/6817 3383/6815 4069/6824
f 3330/4866 3331/4867 139/4868
f 3330/6773 3380/6772 3331/6771
f 139/141 138/140 140/142
f 139/4868 3331/4867 137/4869
f 139/141 137/139 138/140
f 3367/4925 3377/4943 734/4949
f 3367/4925 2064/4913 3354/4903
f 3367/4925 734/4949 2064/4913
f 3908/6455 3909/6456 3991/6600
f 3954/6527 3953/6526 3952/6525
f 691/731 738/779 740/781
f 691/731 742/783 741/782
f 691/731 741/782 738/779
f 3333/4872 3334/4873 3335/4874
f 3333/6816 3335/6813 3383/6815
f 3334/5094 3455/5095 3454/5093
f 3334/4873 3336/4875 3335/4874
f 3334/5094 3454/5093 3336/5092
f 58/6785 60/6787 4059/6783
f 3914/6463 3916/6466 3913/6461
f 3914/6463 3913/6461 3912/6459
f 3377/4943 711/4948 734/4949
f 3377/4943 712/4945 711/4948
f 740/781 738/779 713/754
f 740/781 713/754 714/755
f 613/620 614/621 609/616
f 613/620 622/629 614/621
f 81/6853 4073/6852 83/6851
f 3210/4565 3058/4566 2333/4568
f 3210/4565 2332/4569 2277/4570
f 3210/4565 2333/4568 2332/4569
f 3350/4898 3351/4899 1702/4905
f 3350/4898 3349/4897 3351/4899
f 3344/4892 3347/4895 3346/4894
f 3344/4892 3352/4900 3347/4895
f 1690/1876 1687/1873 1693/1879
f 1690/1876 1693/1879 1696/1883
f 1689/1875 1677/1863 1694/1880
f 1689/1875 1694/1880 1688/1874
f 1919/2198 165/2202 1920/2199
f 1919/2198 1923/2204 164/2203
f 1919/2198 164/2203 165/2202
f 4058/6782 4059/6783 4055/6775
f 3057/4024 2333/4026 3058/4025
f 3057/4534 203/4535 202/4536
f 3057/4024 202/4027 2333/4026
f 1702/1893 1706/1898 1705/1896
f 1702/4905 3351/4899 1707/4907
f 1702/1893 1707/1899 1706/1898
f 1438/1567 1441/1570 1439/1568
f 1438/1567 1443/1572 1442/1571
f 1438/1567 1442/1571 1441/1570
f 1439/2786 1441/2789 2290/2787
f 1432/1561 1431/1560 1434/1563
f 1432/1561 1435/1564 1436/1565
f 1432/1561 1434/1563 1435/1564
f 1431/2759 2288/2758 1434/2761
f 1677/1863 1679/1865 1681/1867
f 1677/1863 1682/1868 1694/1880
f 1677/1863 1681/1867 1682/1868
f 3082/4207 1920/4206 165/4208
f 3082/4539 3083/4542 3206/4541
f 3082/4207 165/4208 3083/4209
f 4067/6821 4069/6824 4073/6842
f 2239/2612 2238/2611 2245/2618
f 3917/6467 3915/6464 3916/6466
f 3917/6467 3059/6470 3060/6472
f 3917/6467 3060/6472 3915/6464
f 3916/6466 3915/6464 3913/6461
f 609/616 610/617 606/613
f 609/616 614/621 610/617
f 606/613 608/615 607/614
f 606/613 610/617 608/615
f 175/177 181/183 174/176
f 3346/4894 3351/4899 3349/4897
f 3346/4894 3347/4895 3351/4899
f 1443/6628 3991/6625 1442/6627
f 1436/6568 1435/6563 3953/6526
f 1687/1873 1688/1874 1694/1880
f 1687/1873 1694/1880 1693/1879
f 3559/6795 140/6800 138/6799
f 3559/6795 201/6797 203/6796
f 3559/6795 4063/6798 201/6797
f 3559/6795 138/6799 4063/6798
f 2291/2686 2290/2685 2292/2688
f 2291/2686 2292/2688 2293/2689
f 2291/4944 2293/4946 712/4945
f 2290/2787 1441/2789 2292/2790
f 755/2679 2289/2682 2288/2680
f 755/2679 756/2683 2289/2682
f 755/796 714/755 756/797
f 2288/2758 2289/2762 1434/2761
f 3560/6833 3454/6839 3455/6840
f 3560/6833 3206/6834 3207/6835
f 3560/6833 3207/6835 4072/6836
f 3560/6833 4072/6836 3454/6839
f 3911/6458 3912/6459 3910/6457
f 637/706 671/707 622/708
f 3354/4903 2064/4913 3352/4900
f 742/1887 1696/1883 741/1891
f 203/210 201/208 202/209
f 3910/6457 3985/6587 3909/6456
f 3910/6457 3018/6462 3985/6587
f 3910/6457 3399/6460 3018/6462
f 3910/6457 3912/6459 3399/6460
f 3909/6456 3985/6587 3578/6601
f 3909/6616 3975/6619 3991/6620
f 3909/6616 3578/6617 3930/6618
f 3909/6616 3930/6618 3975/6619
f 3952/6525 3955/6530 671/6529
f 3952/6525 3570/6548 3955/6530
f 3952/6525 3953/6526 3951/6524
f 3952/6525 3950/6523 3570/6548
f 3952/6525 3951/6524 3950/6523
f 671/6529 3955/6530 638/6533
f 671/6529 638/6533 627/6535
f 671/707 627/709 622/708
f 3206/4541 3083/4542 3207/4543
f 1442/5524 2315/5525 1441/5526
f 1442/5524 2317/5527 2315/5525
f 1442/6627 3991/6625 2317/6624
f 1435/5520 1434/5521 2309/5522
f 1435/5520 2309/5522 2313/5523
f 1435/6563 2313/6562 3953/6526
f 3059/4030 1705/4031 3060/4032
f 734/4949 2075/4950 2064/4913
f 734/4949 735/4951 2075/4950
f 734/775 733/774 735/776
f 734/775 711/752 733/774
f 1441/2789 2315/2791 2292/2790
f 1434/2761 2289/2762 2309/2763
f 738/779 741/782 757/798
f 738/779 757/798 739/780
f 738/779 739/780 737/778
f 738/779 737/778 713/754
f 607/4136 608/4122 1679/4135
f 202/4027 200/4028 2333/4026
f 202/209 201/208 200/206
f 3083/4209 165/4208 660/4210
f 3083/4542 660/4544 3207/4543
f 2238/2611 2251/2624 2245/2618
f 2277/2749 2332/2745 2276/2748
f 2064/2363 2075/2375 2074/2374
f 2064/2363 2074/2374 2063/2362
f 2064/4913 2053/4901 3352/4900
f 2064/2363 2063/2362 2053/2351
f 3018/5383 3015/5379 3577/5382
f 3018/3918 3014/3912 3015/3913
f 3018/6462 3577/6592 3985/6587
f 3018/6462 3399/6460 3014/6576
f 2317/6624 3991/6625 3973/6626
f 2313/6562 3971/6561 3953/6526
f 638/5351 3569/5350 2975/5347
f 638/3851 2975/3847 628/3846
f 638/6533 3955/6530 3569/6534
f 638/645 628/635 627/634
f 741/2269 1992/2279 757/2280
f 741/2269 1983/2268 1992/2279
f 741/1891 1696/1883 1697/1884
f 741/2269 1697/2257 1983/2268
f 1923/6273 167/6271 164/6275
f 174/176 181/183 191/193
f 122/667 651/662 124/663
f 122/124 124/126 112/114
f 4059/6783 60/6787 4061/6789
f 4059/6783 4061/6789 4055/6775
f 2333/2746 2330/2743 2332/2745
f 2333/4026 200/4028 2330/4034
f 1705/4031 1706/4033 3060/4032
f 1679/4135 608/4122 1681/4134
f 165/167 164/166 162/164
f 165/4208 162/4211 660/4210
f 4073/6852 4069/6846 4074/6849
f 4073/6852 4074/6849 83/6851
f 3441/5064 3442/5065 3438/5060
f 3441/5064 3446/5072 3442/5065
f 2261/2634 2262/2635 2100/2636
f 2332/2745 2331/2744 2276/2748
f 2332/2745 2330/2743 2331/2744
f 2292/3506 721/3503 2293/3507
f 2292/3506 2315/3504 721/3503
f 2293/4946 721/4947 712/4945
f 721/762 715/756 712/753
f 722/3509 2309/3508 2289/3510
f 722/3509 2289/3510 756/3511
f 722/763 756/797 714/755
f 722/763 714/755 716/757
f 164/166 167/169 163/165
f 164/166 163/165 162/164
f 2748/3376 2749/3377 2750/3378
f 3912/6459 3913/6461 3399/6460
f 2074/5668 2075/5666 3674/5625
f 2074/5668 3674/5625 3675/5630
f 2074/5668 3675/5630 2063/5671
f 3973/6571 3991/6600 3970/6560
f 715/756 717/758 709/750
f 715/756 710/751 712/753
f 715/756 709/750 710/751
f 716/757 709/750 717/758
f 716/757 714/755 708/749
f 716/757 708/749 709/750
f 3971/6561 3964/6554 3953/6526
f 1992/5757 3719/5715 757/5754
f 1992/5757 3720/5720 3719/5715
f 1992/5757 1983/5762 3720/5720
f 622/629 627/634 614/621
f 3380/4958 3378/4952 2499/4957
f 3380/5097 2499/5100 2498/5098
f 3380/6772 4055/6775 3378/6776
f 3380/6772 3456/6765 3331/6771
f 3380/5097 2498/5098 3456/5099
f 2499/4957 3378/4952 2495/4954
f 2499/2992 2495/2987 2498/2991
f 3352/4900 2053/4901 3347/4895
f 3015/5379 3576/5377 3577/5382
f 3015/3913 3014/3912 3013/3909
f 3015/5379 3575/5376 3576/5377
f 3015/3913 3013/3909 3016/3915
f 3015/5379 3016/5380 3575/5376
f 3970/6560 3965/6555 3966/6556
f 3970/6560 3991/6600 3972/6567
f 3970/6560 3972/6567 3965/6555
f 3964/6554 3966/6556 3965/6555
f 3964/6554 3957/6532 3953/6526
f 3964/6554 3965/6555 3957/6532
f 2975/5347 3569/5350 3568/5345
f 2975/3847 2974/3843 628/3846
f 2975/5347 3568/5345 3567/5344
f 2975/3847 2976/3848 2974/3843
f 2975/5347 3567/5344 2976/5348
f 1696/1883 1693/1879 1697/1884
f 3383/4965 2505/4964 3381/4959
f 3383/5101 2504/5102 2505/5103
f 3383/6844 3381/6845 4069/6846
f 3383/6815 3335/6813 3457/6807
f 3383/5101 3457/5104 2504/5102
f 2505/4964 2500/4960 3381/4959
f 2505/2998 2504/2997 2500/2993
f 650/661 124/663 651/662
f 650/4045 2246/4044 652/4046
f 650/661 652/664 124/663
f 3803/6002 112/5996 60/6005
f 3805/6014 83/6017 3446/6008
f 3438/5060 3442/5065 657/5059
f 657/676 658/677 182/678
f 657/5059 3442/5065 658/5066
f 2100/2413 2101/2414 2099/2412
f 2100/2636 2262/2635 2101/2637
f 2749/6351 3879/6348 2751/6344
f 2749/3377 2751/3379 2750/3378
f 60/6787 3802/6805 4061/6789
f 60/6005 112/5996 3802/5998
f 4055/6775 4061/6789 128/6804
f 4055/6775 3379/6777 3378/6776
f 4055/6775 128/6804 3379/6777
f 4069/6846 2503/6848 4074/6849
f 4069/6846 3381/6845 3382/6847
f 4069/6846 3382/6847 2503/6848
f 83/6851 4074/6849 3804/6850
f 83/6017 3804/6009 3446/6008
f 201/6797 4063/6798 199/6801
f 201/208 199/205 200/206
f 3913/6461 3915/6464 3399/6460
f 3985/6587 3577/6592 3578/6601
f 3955/6530 3570/6548 3569/6534
f 614/621 627/634 610/617
f 3207/6835 215/6837 4072/6836
f 3207/4543 660/4544 215/4545
f 2262/2635 2272/2647 2101/2637
f 3347/4895 2053/4901 3351/4899
f 3399/4993 3397/4988 3014/4992
f 3399/6460 3915/6464 3397/6465
f 627/634 628/635 617/624
f 627/634 617/624 610/617
f 1693/1879 1694/1880 1697/1884
f 2750/6261 2751/6262 3849/6260
f 3331/5191 3507/5189 137/5188
f 3331/6771 3456/6765 3507/6768
f 137/139 136/138 138/140
f 137/5188 3507/5189 135/5190
f 137/139 135/137 136/138
f 2053/2351 2063/2362 2062/2361
f 2053/4901 1707/4907 3351/4899
f 2053/2351 2062/2361 2061/2360
f 2053/2351 2052/2350 1707/2349
f 2053/2351 2061/2360 2052/2350
f 3577/5382 3576/5377 1668/5384
f 3577/5382 1668/5384 3578/5385
f 2075/5666 735/5665 3674/5625
f 757/5754 3719/5715 739/5753
f 3569/5350 1609/5352 3568/5345
f 3569/5350 3570/5353 1609/5352
f 1697/2257 1982/2267 1983/2268
f 1697/1884 1694/1880 1682/1868
f 1697/2257 1682/2255 1973/2256
f 1697/2257 1981/2266 1982/2267
f 1697/2257 1973/2256 1981/2266
f 3335/5197 3336/5194 3509/5196
f 3335/6813 3509/6810 3457/6807
f 3336/5092 3454/5093 205/5091
f 3336/5194 3453/5195 3509/5196
f 3336/5092 205/5091 3453/5090
f 4061/6789 3802/6805 128/6804
f 4063/6798 138/6799 136/6802
f 4063/6798 136/6802 199/6801
f 4072/6836 205/6838 3454/6839
f 4072/6836 215/6837 205/6838
f 4074/6849 2503/6848 3804/6850
f 2276/2748 2331/2744 2329/2742
f 2276/2748 2329/2742 2272/2750
f 200/4028 2328/4035 2330/4034
f 200/206 199/205 198/204
f 200/4028 198/4036 2328/4035
f 3397/4988 826/4987 3014/4992
f 3397/6465 3915/6464 3918/6473
f 3397/4988 3394/4982 826/4987
f 3397/6465 3918/6473 3394/6590
f 3014/3912 826/3914 825/3908
f 3014/3912 825/3908 3013/3909
f 3674/5625 3669/5617 3675/5630
f 3674/5625 735/5665 3673/5623
f 3674/5625 3673/5623 3669/5617
f 3719/5715 3720/5720 3715/5708
f 3719/5715 3718/5713 739/5753
f 3719/5715 3715/5708 3718/5713
f 628/635 629/636 617/624
f 628/850 805/849 629/848
f 628/3846 2974/3843 805/3842
f 617/4490 629/4489 618/4487
f 617/624 611/618 610/617
f 617/624 618/625 611/618
f 660/4210 162/4211 160/4212
f 660/4544 214/4548 215/4545
f 660/695 160/693 214/694
f 167/169 161/163 163/165
f 167/6271 3849/6260 161/6307
f 3576/5377 3575/5376 1654/5375
f 3576/5377 1647/5378 1668/5384
f 3576/5377 1654/5375 1647/5378
f 3568/5345 1595/5343 3567/5344
f 3568/5345 1609/5352 1588/5346
f 3568/5345 1588/5346 1595/5343
f 2331/2744 2330/2743 2329/2742
f 2330/2743 2328/2741 2329/2742
f 2063/2362 2065/2364 2062/2361
f 2063/5671 3675/5630 2079/5629
f 2063/2362 2079/2379 2078/2378
f 2063/2362 2078/2378 2066/2365
f 2063/2362 2066/2365 2065/2364
f 3991/6620 3975/6619 3972/6621
f 3953/6526 3957/6532 3951/6524
f 1983/2268 1982/2267 1984/2270
f 1983/5762 1996/5719 3720/5720
f 1983/2268 1995/2283 1996/2284
f 1983/2268 1985/2271 1995/2283
f 1983/2268 1984/2270 1985/2271
f 162/164 163/165 161/163
f 162/164 161/163 160/162
f 3915/6464 3060/6472 3918/6473
f 825/870 826/871 823/868
f 825/870 823/868 824/869
f 825/3908 3012/3907 3013/3909
f 825/3908 824/3906 3012/3907
f 826/4987 3396/4984 823/4991
f 826/4987 3394/4982 3396/4984
f 629/848 805/849 804/847
f 629/848 804/847 803/846
f 629/4489 803/4484 618/4487
f 805/849 806/851 804/847
f 805/3842 2974/3843 2973/3841
f 805/3842 2973/3841 806/3840
f 610/617 611/618 608/615
f 712/753 710/751 711/752
f 714/755 713/754 708/749
f 199/205 136/195 198/204
f 823/868 822/867 824/869
f 823/4991 3396/4984 819/4990
f 823/868 819/864 822/867
f 804/847 806/851 808/853
f 804/847 802/845 803/846
f 804/847 808/853 802/845
f 215/222 214/221 205/212
f 3378/4952 3379/4953 2495/4954
f 2495/2987 2497/2989 2498/2991
f 2495/4954 3379/4953 2496/4955
f 2495/2987 2496/2988 2497/2989
f 3013/3909 3017/3916 3016/3915
f 3013/3909 3012/3907 361/3917
f 3013/3909 361/3917 3017/3916
f 3016/5380 3574/5374 3575/5376
f 3016/3915 3017/3916 3019/3919
f 3016/5380 3573/5372 3574/5374
f 3016/5380 3020/5381 3573/5372
f 3016/3915 3019/3919 3020/3920
f 2976/3848 2977/3849 2974/3843
f 2976/5348 3567/5344 3566/5342
f 2976/3848 2978/3852 2977/3849
f 2976/5348 3566/5342 3565/5340
f 2976/5348 3565/5340 2979/5349
f 2976/3848 2979/3853 2978/3852
f 2974/3843 262/3850 2973/3841
f 2974/3843 2977/3849 262/3850
f 3381/4959 2500/4960 3382/4961
f 2500/2993 2504/2997 2501/2994
f 2500/4960 2502/4962 3382/4961
f 2500/2993 2501/2994 2502/2995
f 2246/2619 2245/2618 2248/2621
f 2246/4044 2248/4047 652/4046
f 182/184 184/186 181/183
f 182/678 658/677 184/679
f 2245/2618 2251/2624 2249/2622
f 2245/2618 2249/2622 2248/2621
f 3456/6765 2498/6770 2497/6766
f 3456/6765 4053/6767 3507/6768
f 3456/6765 2497/6766 4053/6767
f 2062/2361 2065/2364 2061/2360
f 1982/2267 1981/2266 1984/2270
f 3457/6807 2501/6809 2504/6812
f 3457/6807 3509/6810 4064/6808
f 3457/6807 4064/6808 2501/6809
f 181/183 185/187 191/193
f 181/183 184/186 185/187
f 198/4036 194/4037 2328/4035
f 198/204 136/195 194/198
f 1707/2349 2051/2348 1706/2358
f 1707/2349 2052/2350 2050/2347
f 1707/2349 2050/2347 2051/2348
f 824/3906 3010/3897 3012/3907
f 824/869 822/867 831/876
f 824/3906 831/3910 3011/3898
f 824/3906 3011/3898 3010/3897
f 3575/5376 3574/5374 1654/5375
f 3675/5630 3669/5617 2079/5629
f 3567/5344 1595/5343 3566/5342
f 3720/5720 1996/5719 3715/5708
f 806/3840 2973/3841 2971/3831
f 806/851 830/875 808/853
f 806/3840 2972/3832 830/3844
f 806/3840 2971/3831 2972/3832
f 1682/2255 1971/2253 1973/2256
f 1682/2255 1681/2264 1972/2254
f 1682/2255 1972/2254 1971/2253
f 214/694 160/693 208/692
f 214/221 208/215 205/212
f 2272/2750 2329/2742 2327/2740
f 2272/2750 2327/2740 2278/2747
f 2272/2647 2278/2653 2101/2637
f 1706/4033 3061/4061 3060/4032
f 1706/4033 2051/4062 3061/4061
f 3060/4032 3061/4061 831/4063
f 3060/4032 831/4063 3063/4066
f 3060/6472 3063/6474 3918/6473
f 2052/2350 2059/2357 2050/2347
f 2052/2350 2061/2360 2059/2357
f 1973/2256 1971/2253 1979/2263
f 1973/2256 1979/2263 1981/2266
f 608/4122 3075/4123 1681/4134
f 608/4122 830/4121 3075/4123
f 608/4122 612/4120 830/4121
f 608/615 611/618 612/619
f 1681/4134 3075/4123 1972/4133
f 3849/6260 158/6265 161/6307
f 3849/6260 166/6263 158/6265
f 3849/6260 2751/6262 166/6263
f 652/664 653/665 124/663
f 652/4046 2248/4047 653/4048
f 124/126 125/127 112/114
f 124/663 653/665 125/666
f 2329/2742 2328/2741 2327/2740
f 3578/5385 1668/5384 1663/5386
f 3578/6601 1670/6495 3930/6490
f 3578/5385 1663/5386 1670/5387
f 3972/6567 3974/6572 3965/6555
f 3972/6621 3975/6619 3934/6622
f 3972/6621 3934/6622 3974/6623
f 3957/6532 3965/6555 3974/6572
f 3957/6532 3941/6506 3951/6524
f 3957/6532 3974/6572 3941/6506
f 3570/5353 1604/5354 1609/5352
f 3570/6548 3950/6523 1611/6537
f 3570/5353 1611/5355 1604/5354
f 161/163 158/160 160/162
f 3442/5065 218/5067 658/5066
f 3442/5065 3446/5072 219/5068
f 3442/5065 219/5068 218/5067
f 658/677 218/680 184/679
f 735/5665 3648/5590 3673/5623
f 735/776 733/774 786/828
f 735/5665 786/5593 3648/5590
f 710/751 707/748 711/752
f 710/751 709/750 703/744
f 710/751 703/744 707/748
f 708/749 713/754 704/745
f 708/749 703/744 709/750
f 708/749 704/745 703/744
f 739/5753 3718/5713 3686/5675
f 739/780 769/811 737/778
f 739/5753 3686/5675 769/5678
f 2328/4035 194/4037 2326/4038
f 2328/2741 2326/2739 2327/2740
f 1668/1854 1647/1833 1631/1817
f 1668/1854 1631/1817 1663/1849
f 1609/1795 1572/1758 1588/1774
f 1609/1795 1604/1790 1572/1758
f 160/693 157/691 208/692
f 160/162 158/160 157/159
f 3673/5623 3668/5616 3669/5617
f 3673/5623 3648/5590 3668/5616
f 3718/5713 3715/5708 3714/5707
f 3718/5713 3714/5707 3686/5675
f 3507/5189 3508/5192 135/5190
f 3507/6768 4053/6767 3508/6769
f 135/137 132/134 136/138
f 135/5190 3508/5192 134/5193
f 135/137 134/136 132/134
f 3012/3907 3010/3897 329/3905
f 3012/3907 329/3905 361/3917
f 1647/1833 1654/1840 1624/1810
f 1647/1833 1624/1810 1631/1817
f 711/752 707/748 733/774
f 713/754 737/778 704/745
f 1588/1774 1565/1751 1595/1781
f 1588/1774 1572/1758 1565/1751
f 2973/3841 230/3839 2971/3831
f 2973/3841 262/3850 230/3839
f 3509/5196 3453/5195 3510/5198
f 3509/6810 3510/6814 4064/6808
f 3453/5090 205/5091 207/5088
f 3453/5195 3452/5199 3510/5198
f 3453/5090 207/5088 3452/5089
f 3379/4953 128/4956 2496/4955
f 2496/2988 128/2990 2497/2989
f 2051/2348 2050/2347 2049/2346
f 2051/4062 2049/4075 3061/4061
f 3394/4982 3395/4983 3396/4984
f 3394/6590 3918/6473 3919/6475
f 3394/6590 3919/6475 3395/6500
f 618/4487 803/4484 620/4486
f 618/625 615/622 611/618
f 618/625 620/627 615/622
f 1972/2254 1970/2252 1971/2253
f 1972/4133 3075/4123 1970/4131
f 3382/4961 2502/4962 2503/4963
f 2502/2995 2501/2994 2503/2996
f 2251/2624 2101/2637 2252/2625
f 2251/2624 2252/2625 2249/2622
f 2050/2347 2059/2357 2058/2356
f 2050/2347 2048/2345 2049/2346
f 2050/2347 2058/2356 2048/2345
f 831/4063 3061/4061 3011/4064
f 831/876 822/867 829/874
f 831/4063 829/4071 3063/4066
f 3396/4984 818/4985 819/4990
f 3396/4984 3395/4983 818/4985
f 803/846 802/845 801/844
f 803/4484 801/4485 620/4486
f 830/4121 2972/4124 3075/4123
f 830/875 827/872 808/853
f 830/4121 612/4120 827/4119
f 1971/2253 1978/2262 1979/2263
f 1971/2253 1970/2252 1969/2251
f 1971/2253 1969/2251 1978/2262
f 191/6304 192/6303 2751/6262
f 191/193 185/187 192/194
f 3017/3916 361/3917 1894/3922
f 3017/3916 1894/3922 3019/3919
f 2977/3849 1869/3855 262/3850
f 2977/3849 2978/3852 1869/3855
f 136/195 193/197 194/198
f 136/195 132/196 193/197
f 3061/4061 3062/4065 3011/4064
f 3061/4061 2049/4075 3062/4065
f 819/864 820/865 822/867
f 819/864 818/863 816/861
f 819/864 816/861 820/865
f 3975/6573 3930/6490 3934/6497
f 3951/6524 3941/6506 3950/6523
f 802/845 808/853 807/852
f 802/845 800/842 801/844
f 802/845 807/852 800/842
f 3075/4123 2972/4124 3076/4125
f 3075/4123 3076/4125 1970/4131
f 205/212 208/215 206/213
f 205/212 206/213 207/214
f 194/4037 193/4058 2326/4038
f 1654/1840 1636/1822 1624/1810
f 1654/5375 3574/5374 1636/5373
f 3669/5617 3668/5616 3667/5615
f 3669/5617 3667/5615 2079/5629
f 3930/6490 1670/6495 3929/6489
f 3930/6490 3929/6489 3927/6487
f 3930/6490 3927/6487 3934/6497
f 3950/6523 3958/6536 1611/6537
f 3950/6523 3941/6506 3949/6522
f 3950/6523 3949/6522 3958/6536
f 1595/1781 1565/1751 1577/1763
f 1595/5343 1577/5341 3566/5342
f 3715/5708 3713/5706 3714/5707
f 3715/5708 1996/5719 3713/5706
f 208/692 157/691 206/690
f 4053/6767 2497/6766 128/6804
f 4053/6767 128/6804 3508/6769
f 2327/2740 2326/2739 2321/2734
f 2327/2740 2321/2734 2278/2747
f 158/160 151/153 157/159
f 158/160 166/168 151/153
f 4064/6808 2503/6811 2501/6809
f 4064/6808 3510/6814 2503/6811
f 112/5996 128/5997 3802/5998
f 112/114 125/127 128/130
f 2061/5920 3792/5916 2059/5938
f 2061/5920 2071/5913 3792/5916
f 2061/2360 2065/2364 2071/2371
f 1981/6989 1979/6986 4122/6985
f 1981/6989 4122/6985 1989/6987
f 1981/2266 1989/2276 1984/2270
f 3446/6008 3804/6009 2503/6010
f 3446/5072 2503/5084 219/5068
f 2326/4038 193/4058 2322/4057
f 2326/2739 2322/2735 2321/2734
f 3918/6473 3063/6474 3919/6475
f 733/774 789/831 786/828
f 733/774 707/748 727/768
f 733/774 727/768 789/831
f 737/778 769/811 774/816
f 737/778 724/765 704/745
f 737/778 774/816 724/765
f 611/618 615/622 612/619
f 157/691 153/689 206/690
f 157/159 151/153 153/155
f 3508/5388 128/5389 134/5390
f 134/136 128/130 132/134
f 2059/5938 3792/5916 2058/5936
f 3010/3897 3011/3898 3008/3895
f 3010/3897 327/3904 329/3905
f 3010/3897 3008/3895 3009/3896
f 3010/3897 3009/3896 327/3904
f 2971/3831 2969/3829 2972/3832
f 2971/3831 230/3839 228/3838
f 2971/3831 2970/3830 2969/3829
f 2971/3831 228/3838 2970/3830
f 1979/6986 1978/6984 4122/6985
f 3510/5391 3452/5392 2503/5393
f 3452/5089 207/5088 2503/5084
f 132/196 195/199 193/197
f 132/134 128/130 131/133
f 132/196 131/200 195/199
f 193/4058 195/4056 2322/4057
f 2278/2653 2281/2656 2101/2637
f 2278/2747 2321/2734 2323/2736
f 2278/2747 2323/2736 2281/2733
f 822/867 820/865 829/874
f 808/853 827/872 807/852
f 166/6263 2751/6262 3850/6264
f 166/168 152/154 151/153
f 166/6263 3850/6264 152/6309
f 206/213 209/216 207/214
f 206/690 153/689 209/688
f 207/5088 210/5087 2503/5084
f 207/214 209/216 210/217
f 2048/2345 2047/2344 2049/2346
f 2048/2345 2058/2356 2046/2343
f 2048/2345 2046/2343 2047/2344
f 3011/4064 3062/4065 3008/4067
f 1670/1856 1663/1849 1669/1855
f 1670/6495 3931/6491 3929/6489
f 1670/6495 1669/6589 3931/6491
f 1611/1797 1610/1796 1604/1790
f 1611/6537 3958/6536 3959/6538
f 1611/6537 3959/6538 1610/6539
f 2972/4124 2969/4126 3076/4125
f 1969/2251 1970/2252 1968/2250
f 1969/2251 1967/2249 1978/2262
f 1969/2251 1968/2250 1967/2249
f 2101/2637 2281/2656 2252/2625
f 1631/1817 1632/1818 1663/1849
f 1631/1817 1624/1810 1623/1809
f 1631/1817 1623/1809 1632/1818
f 1663/1849 1632/1818 1669/1855
f 786/5593 789/5591 3648/5590
f 769/5678 3686/5675 774/5677
f 1604/1790 1573/1759 1572/1758
f 1604/1790 1610/1796 1573/1759
f 1572/1758 1564/1750 1565/1751
f 1572/1758 1573/1759 1564/1750
f 2751/6262 192/6303 3850/6264
f 128/130 125/127 129/131
f 128/130 130/132 131/133
f 128/130 129/131 130/132
f 2321/2734 2322/2735 2323/2736
f 2049/4075 2047/4069 3062/4065
f 3648/5590 3672/5621 3668/5616
f 3648/5590 789/5591 3649/5592
f 3648/5590 3649/5592 3672/5621
f 3686/5675 3714/5707 3692/5684
f 3686/5675 3687/5676 774/5677
f 3686/5675 3692/5684 3687/5676
f 1970/4131 3076/4125 1968/4128
f 151/153 152/154 153/155
f 2503/5084 216/5085 219/5068
f 2503/5084 210/5087 211/5086
f 2503/5084 211/5086 216/5085
f 653/665 129/669 125/666
f 653/4048 2248/4047 2318/4049
f 653/665 204/670 129/669
f 653/4048 2318/4049 204/4050
f 195/4056 2324/4055 2322/4057
f 195/199 131/200 130/201
f 195/4056 196/4054 2324/4055
f 195/199 130/201 196/202
f 2322/2735 2324/2737 2323/2736
f 329/336 328/335 361/368
f 329/336 327/334 328/335
f 230/237 262/269 229/236
f 230/237 229/236 228/235
f 153/689 154/687 209/688
f 153/155 152/154 154/156
f 209/216 211/218 210/217
f 209/688 154/687 212/686
f 209/216 212/219 211/218
f 219/226 216/223 218/225
f 218/680 659/681 184/679
f 218/225 216/223 217/224
f 218/680 217/682 659/681
f 2248/2727 2249/2730 2252/2728
f 2248/2727 2252/2728 2318/2729
f 1624/1810 1619/1805 1623/1809
f 1624/1810 1636/1822 1619/1805
f 3668/5616 3672/5621 3665/5613
f 3668/5616 3665/5613 3667/5615
f 3714/5707 3711/5704 3692/5684
f 3714/5707 3713/5706 3711/5704
f 1565/1751 1564/1750 1557/1743
f 1565/1751 1557/1743 1577/1763
f 184/2751 192/2753 185/2754
f 184/2751 659/2752 192/2753
f 3062/4065 2047/4069 3064/4068
f 3062/4065 3064/4068 3008/4067
f 3076/4125 2969/4126 3077/4127
f 3076/4125 3077/4127 1968/4128
f 2323/2736 2324/2737 2320/2732
f 2323/2736 2320/2732 2281/2733
f 361/368 328/335 330/337
f 361/3917 330/3924 1894/3922
f 262/269 231/238 229/236
f 262/3850 1869/3855 231/3857
f 152/154 155/157 154/156
f 152/6309 3850/6264 155/6305
f 2324/4055 196/4054 2325/4053
f 2324/2737 2325/2738 2320/2732
f 2058/2356 2057/2355 2046/2343
f 2058/5936 3792/5916 3791/5907
f 2058/5936 3791/5907 2057/5935
f 3009/3896 3008/3895 3007/3894
f 3009/3896 3007/3894 327/3904
f 3574/5374 3573/5372 1636/5373
f 2079/5629 3667/5615 2078/5627
f 3566/5342 1577/5341 3565/5340
f 1996/5719 1995/5717 3713/5706
f 2970/3830 2968/3828 2969/3829
f 2970/3830 228/3838 2968/3828
f 1978/2262 1967/2249 1977/2261
f 1978/6984 4121/6983 4122/6985
f 1978/6984 1977/6982 4121/6983
f 154/687 156/685 212/686
f 154/156 155/157 156/158
f 707/748 705/746 727/768
f 707/748 703/744 705/746
f 704/745 724/765 696/737
f 704/745 696/737 703/744
f 204/211 197/203 129/207
f 204/4050 2318/4049 2319/4051
f 204/4050 2319/4051 197/4052
f 129/207 197/203 130/201
f 2047/2344 2046/2343 2044/2341
f 2047/4069 2044/4070 3064/4068
f 2046/2343 2045/2342 2044/2341
f 2046/2343 2057/2355 2045/2342
f 3008/4067 3064/4068 3006/4074
f 3008/3895 3006/3893 3007/3894
f 2969/4126 2967/4132 3077/4127
f 2969/3829 2968/3828 2967/3827
f 1968/2250 1965/2247 1967/2249
f 1968/4128 3077/4127 1965/4129
f 1967/2249 1965/2247 1966/2248
f 1967/2249 1966/2248 1977/2261
f 216/223 213/220 217/224
f 216/223 211/218 213/220
f 217/682 159/683 659/681
f 217/682 213/684 159/683
f 2318/2729 2252/2728 2319/2731
f 2252/2728 2281/2733 2320/2732
f 2252/2728 2320/2732 2319/2731
f 818/4985 3395/4983 817/4986
f 818/863 817/862 816/861
f 3395/6500 3919/6475 3920/6477
f 3395/6500 3920/6477 3398/6480
f 3395/4983 3398/4989 817/4986
f 620/4486 801/4485 635/4488
f 620/627 619/626 615/622
f 620/627 635/642 634/641
f 620/627 634/641 619/626
f 801/844 800/842 635/843
f 659/2752 159/2755 192/2753
f 192/6303 155/6305 3850/6264
f 192/2753 159/2755 155/2756
f 1632/1818 1623/1809 1665/1851
f 1632/1818 1666/1852 1669/1855
f 1632/1818 1665/1851 1666/1852
f 3931/6491 3928/6488 3929/6489
f 3931/6491 1669/6589 1673/6493
f 3931/6491 1673/6493 3932/6492
f 3931/6491 3932/6492 3928/6488
f 3929/6489 3928/6488 3927/6487
f 3934/6497 3927/6487 3925/6484
f 3934/6497 3937/6502 3974/6572
f 3934/6497 3925/6484 3936/6501
f 3934/6497 3936/6501 3937/6502
f 3941/6506 3974/6572 3937/6502
f 3941/6506 3948/6521 3949/6522
f 3941/6506 3939/6504 3948/6521
f 3941/6506 3937/6502 3939/6504
f 3958/6536 3962/6547 3959/6538
f 3958/6536 3949/6522 3962/6547
f 3959/6538 1614/6540 1610/6539
f 3959/6538 3960/6541 1614/6540
f 3959/6538 3962/6547 3960/6541
f 1573/1759 1610/1796 1607/1793
f 1573/1759 1606/1792 1564/1750
f 1573/1759 1607/1793 1606/1792
f 197/203 196/202 130/201
f 197/4052 2325/4053 196/4054
f 197/4052 2319/4051 2325/4053
f 1623/6916 4085/6900 1665/6917
f 1623/6916 1621/6915 4085/6900
f 1623/1809 1619/1805 1621/1807
f 1669/1855 1666/1852 1673/1859
f 789/5591 3136/5594 3649/5592
f 789/831 727/768 792/834
f 789/5591 792/5595 3136/5594
f 774/5677 3687/5676 3688/5679
f 774/816 778/820 724/765
f 774/5677 3688/5679 778/5680
f 1610/1796 1614/1800 1607/1793
f 1564/6867 1606/6859 4076/6858
f 1564/6867 4076/6858 1560/6861
f 1564/1750 1560/1746 1557/1743
f 211/218 212/219 213/220
f 213/684 212/686 156/685
f 213/684 156/685 159/683
f 3064/4068 2044/4070 3066/4073
f 3064/4068 3066/4073 3006/4074
f 327/3904 3007/3894 325/3902
f 327/334 326/333 328/335
f 327/334 325/332 326/333
f 3792/5916 2071/5913 3791/5907
f 816/861 814/859 820/865
f 816/861 817/862 815/860
f 816/861 815/860 814/859
f 3649/5592 3141/5658 3672/5621
f 3649/5592 3136/5594 3141/5658
f 3687/5676 3692/5684 3691/5683
f 3687/5676 3691/5683 3688/5679
f 800/842 807/852 798/840
f 800/842 799/841 635/843
f 800/842 798/840 799/841
f 4122/6985 4121/6983 1989/6987
f 228/3838 226/3836 2968/3828
f 228/235 229/236 227/234
f 228/235 227/234 226/233
f 3077/4127 2967/4132 3078/4130
f 3077/4127 3078/4130 1965/4129
f 3672/5621 3141/5658 3140/5652
f 3672/5621 3140/5652 3671/5620
f 3672/5621 3671/5620 3665/5613
f 3692/5684 3694/5686 3691/5683
f 3692/5684 3717/5711 3694/5686
f 3692/5684 3711/5704 3717/5711
f 2035/2332 2038/2335 2036/2333
f 2035/4083 2994/4082 2038/4081
f 2035/2332 2036/2333 2030/2327
f 2035/4083 2993/4084 2994/4082
f 2035/2332 2030/2327 2032/2329
f 2035/4083 2032/4085 2993/4084
f 2038/2335 2037/2334 2036/2333
f 2038/2335 2040/2337 2037/2334
f 2038/4081 2994/4082 2998/4080
f 2038/4081 2998/4080 2040/4079
f 2037/2334 2034/2331 2036/2333
f 2037/2334 2040/2337 2041/2338
f 2037/2334 2041/2338 2039/2336
f 2037/2334 2039/2336 2034/2331
f 2045/2342 2043/2340 2044/2341
f 2045/2342 2057/2355 2055/2353
f 2045/2342 2055/2353 2043/2340
f 3007/3894 3006/3893 3005/3892
f 3007/3894 3005/3892 325/3902
f 3919/6475 3063/6474 3065/6476
f 3919/6475 3065/6476 3920/6477
f 615/622 616/623 612/619
f 615/622 619/626 616/623
f 2968/3828 2966/3826 2967/3827
f 2968/3828 226/3836 2966/3826
f 1966/2248 1965/2247 1964/2246
f 1966/2248 1975/2259 1977/2261
f 1966/2248 1964/2246 1975/2259
f 1959/2241 1957/2239 1958/2240
f 1959/2241 1958/2240 1961/2243
f 1959/2241 1956/2238 1957/2239
f 1959/4145 2955/4146 1956/4147
f 1959/4145 1961/4143 2959/4144
f 1959/4145 2959/4144 2955/4146
f 1958/2240 1957/2239 1955/2237
f 1958/2240 1962/2244 1961/2243
f 1958/2240 1960/2242 1962/2244
f 1958/2240 1955/2237 1960/2242
f 1956/2238 1951/2233 1957/2239
f 1956/4147 2955/4146 2954/4148
f 1956/2238 1953/2235 1951/2233
f 1956/4147 2954/4148 1953/4149
f 2319/2731 2320/2732 2325/2738
f 2036/2333 2029/2326 2030/2327
f 2036/2333 2034/2331 2029/2326
f 2044/2341 2043/2340 2042/2339
f 2044/4070 2042/4076 3066/4073
f 3006/4074 3066/4073 3004/4093
f 3006/3893 3004/3891 3005/3892
f 328/335 326/333 330/337
f 229/236 231/238 227/234
f 2967/4132 2965/4157 3078/4130
f 2967/3827 2966/3826 2965/3825
f 1965/2247 1963/2245 1964/2246
f 1965/4129 3078/4130 1963/4140
f 1957/2239 1950/2232 1955/2237
f 1957/2239 1951/2233 1950/2232
f 159/161 156/158 155/157
f 2057/5935 3788/5902 2055/5937
f 2057/5935 3791/5907 3788/5902
f 1977/6982 4120/6980 4121/6983
f 1977/6982 1975/6981 4120/6980
f 2994/3880 2996/3882 2998/3885
f 2994/3880 2992/3876 2996/3882
f 2994/3880 2993/3877 2992/3876
f 2998/4080 3000/4078 2040/4079
f 2998/3885 2996/3882 2997/3884
f 2998/3885 2997/3884 3000/3887
f 2040/2337 2042/2339 2041/2338
f 2040/4079 3000/4078 2042/4076
f 2041/2338 2042/2339 2043/2340
f 2041/2338 2043/2340 2054/2352
f 2041/2338 2054/2352 2039/2336
f 2042/4076 3002/4077 3066/4073
f 2042/4076 3000/4078 3002/4077
f 2043/2340 2055/2353 2056/2354
f 2043/2340 2056/2354 2054/2352
f 3063/4066 829/4071 3065/4072
f 820/865 828/873 829/874
f 820/865 814/859 828/873
f 807/852 827/872 812/857
f 807/852 812/857 798/840
f 612/4120 616/4117 827/4119
f 1963/2245 1962/2244 1964/2246
f 1963/2245 1961/2243 1962/2244
f 1963/4140 2961/4142 1961/4143
f 1963/4140 3078/4130 2963/4141
f 1963/4140 2963/4141 2961/4142
f 1964/2246 1962/2244 1974/2258
f 1964/2246 1976/2260 1975/2259
f 1964/2246 1974/2258 1976/2260
f 1961/4143 2961/4142 2959/4144
f 1962/2244 1960/2242 1974/2258
f 2959/3819 2957/3816 2955/3814
f 2959/3819 2958/3818 2957/3816
f 2959/3819 2961/3821 2958/3818
f 2955/3814 2957/3816 2953/3810
f 2955/3814 2953/3810 2954/3811
f 2032/2329 2030/2327 2025/2322
f 2032/4085 2026/4086 2993/4084
f 2032/2329 2025/2322 2026/2323
f 2030/2327 2029/2326 2025/2322
f 2034/2331 2039/2336 2033/2330
f 2034/2331 2033/2330 2029/2326
f 2997/3884 2996/3882 2995/3881
f 2997/3884 3001/3888 3000/3887
f 2997/3884 2999/3886 3001/3888
f 2997/3884 2995/3881 2999/3886
f 3066/4073 3002/4077 3004/4093
f 1666/1852 1665/1851 1671/1857
f 1666/1852 1671/1857 1673/1859
f 3927/6487 3928/6488 3922/6481
f 3927/6487 3922/6481 3925/6484
f 3949/6522 3987/6591 3962/6547
f 3949/6522 3948/6521 3987/6591
f 1607/1793 1612/1798 1606/1792
f 1607/1793 1614/1800 1612/1798
f 3078/4130 2965/4157 2963/4141
f 2958/3818 2956/3815 2957/3816
f 2958/3818 2961/3821 2962/3822
f 2958/3818 2962/3822 2960/3820
f 2958/3818 2960/3820 2956/3815
f 1955/2237 1954/2236 1960/2242
f 1955/2237 1950/2232 1954/2236
f 1951/2233 1953/2235 1946/2228
f 1951/2233 1946/2228 1950/2232
f 1953/4149 2954/4148 1947/4150
f 1953/2235 1947/2229 1946/2228
f 2996/3882 2992/3876 2995/3881
f 2039/2336 2060/2359 2033/2330
f 2039/2336 2054/2352 2069/2368
f 2039/2336 2069/2368 2060/2359
f 1960/2242 1954/2236 1980/2265
f 1960/2242 1988/2274 1974/2258
f 1960/2242 1980/2265 1988/2274
f 2957/3816 2956/3815 2953/3810
f 3000/3887 3001/3888 3002/3889
f 3005/3892 3004/3891 3003/3890
f 3005/3892 323/3900 325/3902
f 3005/3892 3003/3890 323/3900
f 829/4071 828/4094 3065/4072
f 1665/1851 1672/1858 1671/1857
f 1665/6917 4085/6900 1672/6892
f 727/768 731/772 792/834
f 727/768 705/746 728/769
f 727/768 728/769 731/772
f 724/765 725/766 696/737
f 724/765 778/820 730/771
f 724/765 730/771 725/766
f 1606/1792 1612/1798 1613/1799
f 1606/6859 1613/6854 4076/6858
f 827/4119 616/4117 812/4118
f 2966/3826 226/3836 224/3834
f 2966/3826 2964/3824 2965/3825
f 2966/3826 224/3834 2964/3824
f 2961/3821 2963/3823 2962/3822
f 2993/3877 2989/3873 2992/3876
f 2993/4084 2026/4086 2990/4087
f 2993/3877 2990/3874 2989/3873
f 2029/2326 2033/2330 2031/2328
f 2029/2326 2024/2321 2025/2322
f 2029/2326 2031/2328 2024/2321
f 2033/2330 2068/2367 2031/2328
f 2033/2330 2060/2359 2068/2367
f 3001/3888 3003/3890 3002/3889
f 3001/3888 2999/3886 319/3899
f 3001/3888 319/3899 3003/3890
f 3002/3889 3003/3890 3004/3891
f 2055/2353 2070/2370 2056/2354
f 2055/5937 3788/5902 2070/5900
f 325/332 324/331 326/333
f 325/332 323/330 324/331
f 3791/5907 3787/5901 3788/5902
f 3791/5907 2071/5913 3787/5901
f 4121/6983 4120/6980 4125/6993
f 4121/6983 4125/6993 1989/6987
f 226/233 227/234 225/232
f 226/233 225/232 224/231
f 2965/3825 2964/3824 2963/3823
f 1975/6981 1976/6994 4118/6974
f 1975/6981 4118/6974 4120/6980
f 2963/3823 2964/3824 2962/3822
f 2962/3822 2964/3824 220/3833
f 2962/3822 220/3833 2960/3820
f 1954/2236 1950/2232 1952/2234
f 1954/2236 1987/2273 1980/2265
f 1954/2236 1952/2234 1987/2273
f 1950/2232 1946/2228 1945/2227
f 1950/2232 1945/2227 1952/2234
f 2954/3811 2953/3810 2950/3807
f 2954/4148 2951/4151 1947/4150
f 2954/3811 2950/3807 2951/3808
f 2992/3876 2991/3875 2995/3881
f 2992/3876 2989/3873 2991/3875
f 2995/3881 368/3903 2999/3886
f 2995/3881 2991/3875 362/3883
f 2995/3881 362/3883 368/3903
f 2999/3886 368/3903 322/3911
f 2999/3886 322/3911 319/3899
f 2054/2352 2056/2354 2070/2370
f 2054/2352 2070/2370 2069/2368
f 3003/3890 319/3899 321/3901
f 3003/3890 321/3901 323/3900
f 1673/1859 1671/1857 1674/1860
f 1673/6493 1674/6494 3932/6492
f 1614/6540 3960/6541 1615/6542
f 1614/1800 1615/1801 1612/1798
f 2964/3824 224/3834 221/3835
f 2964/3824 221/3835 220/3833
f 1974/6976 4118/6974 1976/6994
f 1974/6976 1988/6975 4118/6974
f 2960/3820 269/3837 2956/3815
f 2960/3820 220/3833 223/3845
f 2960/3820 223/3845 269/3837
f 2956/3815 2952/3809 2953/3810
f 2956/3815 269/3837 263/3817
f 2956/3815 263/3817 2952/3809
f 2953/3810 2952/3809 2950/3807
f 2026/2323 2025/2322 2022/2319
f 2026/4086 2023/4088 2990/4087
f 2026/2323 2022/2319 2023/2320
f 3141/4336 3136/4330 3139/4334
f 3141/4336 3139/4334 3140/4335
f 3136/4330 792/4324 3134/4326
f 3136/4330 3134/4326 3139/4334
f 3688/5679 3691/5683 3689/5681
f 3688/5679 3690/5682 778/5680
f 3688/5679 3689/5681 3690/5682
f 3691/5683 3694/5686 3689/5681
f 1947/2229 1943/2225 1946/2228
f 1947/4150 2951/4151 1944/4152
f 1947/2229 1944/2226 1943/2225
f 2025/2322 2024/2321 2022/2319
f 326/333 324/331 331/338
f 326/333 331/338 330/337
f 1671/1857 1672/1858 1674/1860
f 3932/6492 3935/6498 3928/6488
f 3932/6492 1674/6494 3935/6498
f 792/4324 791/4325 3134/4326
f 792/834 731/772 791/833
f 705/746 703/744 700/741
f 705/746 720/761 728/769
f 705/746 700/741 706/747
f 705/746 706/747 718/759
f 705/746 718/759 720/761
f 696/737 700/741 703/744
f 696/737 725/766 697/738
f 696/737 699/740 700/741
f 696/737 698/739 699/740
f 696/737 697/738 698/739
f 778/5680 3690/5682 780/5775
f 778/820 780/822 730/771
f 3960/6541 3962/6547 3961/6543
f 3960/6541 3961/6543 1615/6542
f 1612/1798 1615/1801 1613/1799
f 227/234 232/239 225/232
f 227/234 231/238 232/239
f 1946/2228 1943/2225 1945/2227
f 2990/3874 2987/3870 2989/3873
f 2990/4087 2023/4088 2986/4089
f 2990/3874 2986/3869 2987/3870
f 2991/3875 2989/3873 2988/3872
f 2991/3875 350/3878 362/3883
f 2991/3875 2988/3872 350/3878
f 368/375 362/369 335/342
f 368/375 335/342 322/329
f 319/326 322/329 320/327
f 319/326 320/327 321/328
f 323/330 321/328 320/327
f 323/330 320/327 324/331
f 224/231 222/229 221/228
f 224/231 225/232 222/229
f 220/227 221/228 222/229
f 220/227 222/229 223/230
f 269/276 223/230 236/243
f 269/276 236/243 263/270
f 2952/3809 263/3817 251/3812
f 2952/3809 2949/3806 2950/3807
f 2952/3809 251/3812 2949/3806
f 2951/3808 2950/3807 2948/3804
f 2951/4151 2947/4153 1944/4152
f 2951/3808 2948/3804 2947/3803
f 2031/2328 2027/2324 2024/2321
f 2031/5922 2068/5897 3789/5903
f 2031/5922 3789/5903 2027/5909
f 2060/5898 2069/5899 3783/5892
f 2060/5898 3783/5892 2068/5897
f 2069/5899 2070/5900 3783/5892
f 1988/6975 1980/6977 4116/6972
f 1988/6975 4116/6972 4118/6974
f 1980/6977 1987/6978 4116/6972
f 1952/7005 4124/6990 1987/6978
f 1952/2234 1945/2227 1948/2230
f 1952/7005 1948/7011 4124/6990
f 2989/3873 2987/3870 2988/3872
f 2024/2321 2019/2316 2022/2319
f 2024/2321 2027/2324 2019/2316
f 362/369 350/357 335/342
f 2068/5897 3785/5894 3789/5903
f 2068/5897 3783/5892 3785/5894
f 322/329 335/342 334/341
f 322/329 334/341 320/327
f 3788/5902 3781/5890 2070/5900
f 3788/5902 3787/5901 3781/5890
f 3928/6488 3935/6498 3922/6481
f 3962/6547 3987/6591 3961/6543
f 4120/6980 4118/6974 4115/6971
f 4120/6980 4115/6971 4125/6993
f 223/230 235/242 236/243
f 223/230 222/229 235/242
f 1987/6978 4124/6990 4119/6979
f 1987/6978 4119/6979 4116/6972
f 263/270 236/243 251/258
f 2950/3807 2949/3806 2948/3804
f 1945/2227 1943/2225 1940/2222
f 1945/2227 1940/2222 1948/2230
f 1636/5373 3573/5372 1617/5371
f 1636/1822 1617/1803 1619/1805
f 3667/5615 3663/5611 2078/5627
f 3667/5615 3665/5613 3663/5611
f 4085/6900 4083/6895 1672/6892
f 4085/6900 1621/6915 1656/6899
f 4085/6900 1656/6899 4083/6895
f 4076/6858 1613/6854 4075/6857
f 4076/6858 1597/6860 1560/6861
f 4076/6858 4075/6857 1597/6860
f 1577/5341 1562/5339 3565/5340
f 1577/1763 1557/1743 1562/1748
f 3713/5706 1995/5717 3709/5702
f 3713/5706 3709/5702 3711/5704
f 2023/2320 2022/2319 2016/2313
f 2023/4088 2014/4090 2986/4089
f 2023/2320 2016/2313 2014/2311
f 335/342 350/357 349/356
f 335/342 349/356 340/347
f 335/342 340/347 334/341
f 2070/5900 3781/5890 3783/5892
f 324/331 320/327 332/339
f 324/331 332/339 331/338
f 3134/4326 3135/4327 3139/4334
f 3134/4326 791/4325 3135/4327
f 3690/5682 3689/5681 3693/5685
f 3690/5682 3693/5685 780/5775
f 225/232 233/240 222/229
f 225/232 232/239 233/240
f 4118/6974 4116/6972 4115/6971
f 236/243 250/257 251/258
f 236/243 235/242 241/248
f 236/243 241/248 250/257
f 1944/2226 1937/2219 1943/2225
f 1944/4152 2947/4153 1935/4154
f 1944/2226 1935/2217 1937/2219
f 350/3878 2988/3872 351/3879
f 350/357 351/358 349/356
f 1672/6656 817/6655 1674/6652
f 1672/6892 815/6893 817/6894
f 1672/6892 4083/6895 815/6893
f 3139/4334 3138/4333 3140/4335
f 3139/4334 3135/4327 3138/4333
f 3689/5681 3694/5686 3744/5772
f 3689/5681 3744/5772 3693/5685
f 1613/6546 1615/6542 635/6545
f 1613/6854 635/6855 799/6856
f 1613/6854 799/6856 4075/6857
f 251/3812 252/3813 2949/3806
f 251/258 250/257 252/259
f 2022/2319 2019/2316 2016/2313
f 2988/3872 2987/3870 372/3871
f 2988/3872 372/3871 351/3879
f 3140/5652 3142/5642 3671/5620
f 3140/4335 3138/4333 3142/4337
f 3694/5686 3717/5711 3731/5732
f 3694/5686 3731/5732 3744/5772
f 2949/3806 273/3805 2948/3804
f 2949/3806 252/3813 273/3805
f 1943/2225 1937/2219 1940/2222
f 2986/3869 2985/3866 2987/3870
f 2986/4089 2014/4090 2984/4091
f 2986/3869 2984/3865 2985/3866
f 3789/5903 3790/5904 2027/5909
f 3789/5903 3785/5894 3790/5904
f 320/327 334/341 332/339
f 1674/6652 3398/6653 3935/6654
f 1674/6652 817/6655 3398/6653
f 3935/6498 3398/6480 3922/6481
f 3925/6484 3922/6481 3923/6482
f 3925/6484 3986/6588 3936/6501
f 3925/6484 3923/6482 3933/6496
f 3925/6484 3933/6496 3986/6588
f 3948/6521 633/6515 3987/6591
f 3948/6521 3939/6504 3940/6505
f 3948/6521 3947/6520 633/6515
f 3948/6521 3940/6505 3947/6520
f 3961/6543 634/6544 1615/6542
f 3961/6543 3987/6591 634/6544
f 1615/6542 634/6544 635/6545
f 222/229 233/240 235/242
f 4124/6990 1948/7011 4126/6995
f 4124/6990 4126/6995 4119/6979
f 2947/3803 2948/3804 2946/3800
f 2947/4153 2945/4155 1935/4154
f 2947/3803 2946/3800 2945/3799
f 2027/2324 2028/2325 2019/2316
f 2027/5909 3790/5904 2028/5919
f 2066/2365 2078/2378 2073/2373
f 2066/2365 2067/2366 2065/2364
f 2066/2365 2073/2373 2067/2366
f 1985/2271 1991/2278 1995/2283
f 1985/2271 1984/2270 1986/2272
f 1985/2271 1986/2272 1991/2278
f 1948/2230 1940/2222 1949/2231
f 1948/7011 1949/7000 4126/6995
f 2987/3870 2985/3866 372/3871
f 2071/5913 2072/5918 3787/5901
f 2071/2371 2065/2364 2072/2372
f 3920/6477 3921/6479 3398/6480
f 3920/6477 3065/6476 3067/6478
f 3920/6477 3067/6478 3921/6479
f 1621/1807 1619/1805 1620/1806
f 1621/1807 1622/1808 1656/1842
f 1621/1807 1620/1806 1622/1808
f 3922/6481 3398/6480 3921/6479
f 3922/6481 3921/6479 3923/6482
f 3987/6591 625/6597 634/6544
f 3987/6591 633/6515 625/6597
f 1560/1746 1558/1744 1557/1743
f 1560/1746 1597/1783 1561/1747
f 1560/1746 1561/1747 1558/1744
f 619/6598 634/6544 625/6597
f 619/626 621/628 616/623
f 619/626 625/632 621/628
f 1989/6987 4125/6993 1990/7043
f 1989/2276 1990/2277 1984/2270
f 2948/3804 273/3805 2946/3800
f 2019/2316 2017/2314 2016/2313
f 2019/2316 2028/2325 2017/2314
f 351/358 353/360 349/356
f 351/358 372/379 353/360
f 3573/5372 3020/5381 3572/5370
f 3573/5372 3572/5370 1617/5371
f 2078/5627 3663/5611 2073/5622
f 731/772 732/773 791/833
f 731/772 728/769 732/773
f 730/771 780/822 736/777
f 730/771 736/777 725/766
f 3565/5340 3564/5338 2979/5349
f 3565/5340 1562/5339 3564/5338
f 1995/5717 1991/5712 3709/5702
f 252/259 250/257 254/261
f 252/259 254/261 273/280
f 1940/2222 1937/2219 1938/2220
f 1940/2222 1938/2220 1949/2231
f 349/356 364/371 340/347
f 349/356 353/360 364/371
f 334/341 340/347 339/346
f 334/341 339/346 332/339
f 330/337 331/338 356/363
f 330/3924 356/3925 1894/3922
f 1619/1805 1616/1802 1620/1806
f 1619/1805 1617/1803 1616/1802
f 814/859 815/860 813/858
f 814/859 821/866 828/873
f 814/859 813/858 787/829
f 814/859 787/829 821/866
f 3671/5620 3666/5614 3665/5613
f 3671/5620 3142/5642 3677/5633
f 3671/5620 3677/5633 3666/5614
f 815/6893 4083/6895 1785/6896
f 815/6893 1785/6896 813/6903
f 791/4325 790/4328 3135/4327
f 791/833 732/773 790/832
f 780/5775 3693/5685 781/5774
f 780/822 781/823 736/777
f 799/841 798/840 797/839
f 799/6856 1775/6868 4075/6857
f 799/6856 797/6881 1775/6868
f 3717/5711 3711/5704 3712/5705
f 3717/5711 3722/5723 3731/5732
f 3717/5711 3712/5705 3722/5723
f 798/840 812/857 810/855
f 798/840 773/815 797/839
f 798/840 810/855 773/815
f 1557/1743 1558/1744 1559/1745
f 1557/1743 1559/1745 1562/1748
f 231/238 257/264 232/239
f 231/3857 1869/3855 257/3858
f 235/242 240/247 241/248
f 235/242 233/240 240/247
f 250/257 241/248 265/272
f 250/257 265/272 254/261
f 2014/2311 2016/2313 2013/2310
f 2014/4090 2012/4092 2984/4091
f 2014/2311 2013/2310 2012/2309
f 3785/5894 3783/5892 3784/5893
f 3785/5894 1053/5905 3790/5904
f 3785/5894 3784/5893 1054/5908
f 3785/5894 1054/5908 1053/5905
f 3783/5892 3781/5890 3782/5891
f 3783/5892 3782/5891 3784/5893
f 3665/5613 3666/5614 3664/5612
f 3665/5613 3664/5612 3663/5611
f 3711/5704 3710/5703 3712/5705
f 3711/5704 3709/5702 3710/5703
f 4116/6972 4119/6979 4127/6996
f 4116/6972 4114/6970 4115/6971
f 4116/6972 4127/6996 4114/6970
f 4119/6979 4126/6995 1037/6997
f 4119/6979 1038/7016 4127/6996
f 4119/6979 1037/6997 1038/7016
f 1935/2217 1934/2216 1937/2219
f 1935/4154 2945/4155 1933/4156
f 1935/2217 1933/2215 1934/2216
f 2016/2313 2017/2314 2013/2310
f 372/3871 2985/3866 369/3868
f 372/379 369/376 353/360
f 3065/4072 828/4094 821/4095
f 3065/4072 821/4095 3067/4096
f 3135/4327 790/4328 788/4329
f 3135/4327 3137/4331 3138/4333
f 3135/4327 788/4329 3137/4331
f 790/832 732/773 788/830
f 728/769 729/770 732/773
f 728/769 720/761 729/770
f 725/766 736/777 726/767
f 725/766 726/767 697/738
f 781/5774 3693/5685 782/5773
f 781/823 782/824 736/777
f 3693/5685 3744/5772 3743/5770
f 3693/5685 3743/5770 782/5773
f 616/4117 810/4116 812/4118
f 616/4117 621/4115 810/4116
f 273/3805 270/3802 2946/3800
f 273/280 254/261 270/277
f 1937/2219 1934/2216 1938/2220
f 340/4833 364/4832 3316/4831
f 340/4833 3316/4831 358/4814
f 340/347 358/365 339/346
f 3020/3920 3019/3919 3021/3921
f 3020/5381 3021/5368 3572/5370
f 2979/3853 2980/3854 2978/3852
f 2979/5349 3564/5338 2980/5336
f 241/4804 3306/4802 265/4803
f 241/4804 259/4785 3306/4802
f 241/248 240/247 259/266
f 2984/3865 2983/3864 2985/3866
f 2984/4091 2012/4092 2982/4165
f 2984/3865 2982/3863 2983/3864
f 3138/4333 3143/4338 3142/4337
f 3138/4333 3137/4331 3143/4338
f 3744/5772 3731/5732 3742/5769
f 3744/5772 3742/5769 3743/5770
f 2945/3799 2946/3800 2944/3798
f 2945/4155 2943/4164 1933/4156
f 2945/3799 2944/3798 2943/3797
f 2985/3866 2983/3864 369/3868
f 2028/5919 3790/5904 2021/5914
f 2028/2325 2021/2318 2017/2314
f 732/773 787/829 788/830
f 732/773 729/770 787/829
f 3936/6501 3938/6503 3937/6502
f 3936/6501 3986/6588 3938/6503
f 3939/6504 3937/6502 3938/6503
f 3939/6504 3938/6503 3940/6505
f 736/777 782/824 773/815
f 736/777 773/815 726/767
f 1949/7000 1942/6999 4126/6995
f 1949/2231 1938/2220 1942/2224
f 2946/3800 270/3802 2944/3798
f 3790/5904 1056/5906 2021/5914
f 3790/5904 1053/5905 1056/5906
f 3787/5901 3780/5889 3781/5890
f 3787/5901 2072/5918 3780/5889
f 331/338 332/339 333/340
f 331/338 333/340 356/363
f 232/239 234/241 233/240
f 232/239 257/264 234/241
f 4125/6993 4115/6971 4117/6973
f 4125/6993 4117/6973 1990/7043
f 4126/6995 1040/6998 1037/6997
f 4126/6995 1942/6999 1040/6998
f 2017/2314 2015/2312 2013/2310
f 2017/2314 2021/2318 2015/2312
f 353/360 365/372 364/371
f 353/360 369/376 366/373
f 353/360 366/373 365/372
f 364/4832 3312/4821 3316/4831
f 364/4832 365/4830 3312/4821
f 332/339 339/346 336/343
f 332/339 336/343 333/340
f 3781/5890 3779/5888 3782/5891
f 3781/5890 3780/5889 3779/5888
f 233/240 237/244 240/247
f 233/240 234/241 237/244
f 4115/6971 4114/6970 4113/6969
f 4115/6971 4113/6969 4117/6973
f 265/272 266/273 254/261
f 265/4803 3306/4802 3302/4792
f 265/4803 3302/4792 266/4801
f 254/261 267/274 270/277
f 254/261 266/273 267/274
f 1938/2220 1934/2216 1936/2218
f 1938/2220 1936/2218 1942/2224
f 3784/5893 1055/5895 1054/5908
f 3784/5893 3782/5891 1055/5895
f 1656/6899 4084/6897 4083/6895
f 1656/1842 1622/1808 1652/1838
f 1656/6899 1652/6901 4084/6897
f 1597/6860 4075/6857 4077/6862
f 1597/1783 1593/1779 1561/1747
f 1597/6860 4077/6862 1593/6863
f 4127/6996 1038/7016 1039/6991
f 4127/6996 1039/6991 4114/6970
f 1054/1124 1046/1113 1053/1123
f 1054/1124 1050/1119 1046/1113
f 1054/1124 1055/1125 1050/1119
f 4083/6895 4084/6897 1785/6896
f 4075/6857 1775/6868 4077/6862
f 1038/1102 1037/1101 1030/1091
f 1038/1102 1030/1091 1034/1097
f 1038/1102 1034/1097 1039/1103
f 3316/4831 3312/4821 3315/4828
f 3316/4831 3315/4828 3308/4811
f 3316/4831 3308/4811 358/4814
f 788/830 787/829 813/858
f 788/3344 813/3343 2724/3342
f 788/4329 2724/4332 3137/4331
f 782/824 797/839 773/815
f 782/3327 2709/3325 797/3326
f 782/5773 3743/5770 2709/5771
f 3306/4802 3305/4799 3302/4792
f 3306/4802 3298/4782 3305/4799
f 3306/4802 259/4785 3298/4782
f 2012/2309 2013/2310 2004/2301
f 2012/4092 2003/4175 2982/4165
f 2012/2309 2004/2301 2003/2300
f 369/3868 2983/3864 370/3867
f 369/376 370/377 366/373
f 3142/5642 3155/5640 3677/5633
f 3142/4337 3143/4338 3155/4351
f 813/6903 1785/6896 2717/6904
f 813/3343 2717/3335 2724/3342
f 797/6881 2702/6882 1775/6868
f 797/3326 2709/3325 2702/3318
f 3731/5732 3722/5723 3729/5730
f 3731/5732 3729/5730 3742/5769
f 270/3802 271/3801 2944/3798
f 270/277 267/274 271/278
f 1933/2215 1926/2208 1934/2216
f 1933/4156 2943/4164 1924/4166
f 1933/2215 1924/2206 1926/2208
f 2013/2310 2015/2312 2004/2301
f 3923/6482 3921/6479 3924/6483
f 3923/6482 3926/6485 3933/6496
f 3923/6482 3924/6483 3926/6485
f 633/640 631/638 625/632
f 633/6515 3947/6520 3945/6513
f 633/6515 3945/6513 631/6514
f 1934/2216 1926/2208 1936/2218
f 2021/2318 2020/2317 2015/2312
f 2021/5914 1056/5906 2020/5915
f 1053/1123 1046/1113 1044/1111
f 1053/1123 1044/1111 1056/1126
f 3312/4821 365/4830 3310/4816
f 3312/4821 3309/4815 3315/4828
f 3312/4821 3310/4816 3309/4815
f 1620/1806 1625/1811 1622/1808
f 1620/1806 1616/1802 1626/1812
f 1620/1806 1626/1812 1625/1811
f 1558/1744 1561/1747 1566/1752
f 1558/1744 1567/1753 1559/1745
f 1558/1744 1566/1752 1567/1753
f 3302/4792 3305/4799 3299/4786
f 3302/4792 3299/4786 3300/4788
f 3302/4792 3300/4788 266/4801
f 1037/1101 1028/1089 1030/1091
f 1037/1101 1040/1104 1028/1089
f 1942/2224 1936/2218 1941/2223
f 1942/6999 1941/7001 1040/6998
f 2982/3863 373/3862 2983/3864
f 2982/4165 2003/4175 2981/4176
f 2982/3863 2981/3860 373/3862
f 3666/5614 3677/5633 3678/5634
f 3666/5614 3684/5646 3664/5612
f 3666/5614 3678/5634 3684/5646
f 3712/5705 3723/5724 3722/5723
f 3712/5705 3710/5703 3734/5736
f 3712/5705 3734/5736 3723/5724
f 2943/3797 2944/3798 274/3795
f 2943/4164 2942/4167 1924/4166
f 2943/3797 274/3795 2942/3794
f 2983/3864 373/3862 370/3867
f 365/4830 366/4834 3313/4822
f 365/4830 3313/4822 3310/4816
f 1046/1113 1050/1119 1043/1110
f 1046/1113 1041/1105 1044/1111
f 1046/1113 1043/1110 1041/1105
f 1010/4818 3314/4826 3309/4815
f 1010/4818 3309/4815 1012/4817
f 1010/4818 1006/4827 3314/4826
f 1010/1067 1009/1066 1006/1063
f 1010/1067 1012/1069 1011/1068
f 1010/1067 1011/1068 1009/1066
f 3309/4815 3314/4826 3315/4828
f 3309/4815 3310/4816 1012/4817
f 3315/4828 3314/4826 3307/4808
f 3315/4828 3307/4808 3308/4811
f 2065/2364 1758/2384 2072/2372
f 2065/2364 2067/2366 1762/2369
f 2065/2364 1762/2369 1758/2384
f 3921/6479 3067/6478 3068/6499
f 3921/6479 3068/6499 3924/6483
f 625/632 630/637 621/628
f 625/632 631/638 630/637
f 1984/2270 1990/2277 1729/2289
f 1984/2270 1733/2275 1986/2272
f 1984/2270 1729/2289 1733/2275
f 3305/4799 3304/4797 3299/4786
f 3305/4799 3297/4777 3304/4797
f 3305/4799 3298/4782 3297/4777
f 859/4789 3299/4786 3304/4797
f 859/4789 861/4787 3299/4786
f 859/4789 3304/4797 857/4798
f 859/915 857/913 858/914
f 859/915 860/916 861/917
f 859/915 858/914 860/916
f 3299/4786 861/4787 3300/4788
f 1030/1091 1027/1088 1034/1097
f 1030/1091 1025/1084 1027/1088
f 1030/1091 1028/1089 1025/1084
f 266/4801 3303/4793 267/4805
f 266/4801 3300/4788 3303/4793
f 2944/3798 271/3801 274/3795
f 2015/2312 2010/2307 2004/2301
f 2015/2312 2020/2317 2010/2307
f 1006/4827 1008/4806 3314/4826
f 1006/1063 1009/1066 1007/1064
f 1006/1063 1007/1064 1008/1065
f 3314/4826 1008/4806 3307/4808
f 1050/1119 1052/1122 1043/1110
f 1050/1119 1055/1125 1052/1122
f 729/770 785/827 787/829
f 729/770 720/761 770/812
f 729/770 770/812 785/827
f 706/747 700/741 701/742
f 706/747 719/760 718/759
f 706/747 701/742 719/760
f 699/740 701/742 700/741
f 699/740 698/739 702/743
f 699/740 702/743 701/742
f 726/767 766/808 697/738
f 726/767 773/815 775/817
f 726/767 775/817 766/808
f 3304/4797 850/4779 857/4798
f 3304/4797 3297/4777 850/4779
f 1034/1097 1027/1088 1036/1100
f 1034/1097 1036/1100 1039/1103
f 857/913 852/908 858/914
f 857/913 850/906 852/908
f 1936/2218 1926/2208 1931/2213
f 1936/2218 1931/2213 1941/2223
f 339/346 358/365 354/361
f 339/346 354/361 336/343
f 1785/6896 1784/6906 2717/6904
f 1785/6896 4084/6897 1781/6898
f 1785/1999 1781/1995 1784/1998
f 3137/4331 3145/4340 3143/4338
f 3137/4331 2724/4332 3145/4340
f 3933/6660 3946/6662 3986/6663
f 3933/6496 3926/6485 3976/6574
f 3933/6660 3976/6661 3946/6662
f 3947/6520 3940/6505 3943/6508
f 3947/6520 3944/6511 3945/6513
f 3947/6520 3943/6508 3944/6511
f 3743/5770 3742/5769 3741/5761
f 3743/5770 3741/5761 2709/5771
f 1775/6868 1771/6879 4077/6862
f 1775/6868 2702/6882 1774/6883
f 1775/1989 1774/1988 1771/1985
f 240/247 255/262 259/266
f 240/247 237/244 255/262
f 370/377 371/378 366/373
f 370/377 373/380 371/378
f 366/4834 371/4829 3313/4822
f 1012/4817 3310/4816 3311/4819
f 1012/1069 1013/1070 1011/1068
f 1012/1069 1014/1071 1013/1070
f 1012/4817 3311/4819 1014/4820
f 1622/1808 1633/1819 1652/1838
f 1622/1808 1625/1811 1633/1819
f 3677/5633 3155/5640 3679/5635
f 3677/5633 3679/5635 3678/5634
f 3722/5723 3724/5725 3729/5730
f 3722/5723 3723/5724 3724/5725
f 1561/1747 1593/1779 1574/1760
f 1561/1747 1574/1760 1566/1752
f 861/917 860/916 862/918
f 861/4787 3301/4790 3300/4788
f 861/917 862/918 863/919
f 861/4787 863/4791 3301/4790
f 267/274 272/279 271/278
f 267/4805 3303/4793 272/4800
f 271/278 272/279 274/281
f 1056/1126 1044/1111 1045/1112
f 1056/5906 1048/5917 2020/5915
f 1056/1126 1045/1112 1048/1116
f 3310/4816 3313/4822 3311/4819
f 1041/1105 1009/1109 1011/1106
f 1041/1105 1011/1106 1042/1107
f 1041/1105 1042/1107 1044/1111
f 1041/1105 1043/1110 1009/1109
f 1011/1106 1013/1108 1042/1107
f 3019/3919 1894/3922 1891/3923
f 3019/3919 1891/3923 3021/3921
f 3067/4096 821/4095 811/4097
f 3067/4096 811/4097 3068/4098
f 3143/4338 3147/4342 3155/4351
f 3143/4338 3145/4340 3147/4342
f 787/829 811/856 821/866
f 787/829 785/827 811/856
f 720/761 718/759 771/813
f 720/761 771/813 770/812
f 697/738 767/809 698/739
f 697/738 766/808 767/809
f 773/815 810/855 809/854
f 773/815 809/854 775/817
f 3742/5769 3729/5730 3735/5740
f 3742/5769 3735/5740 3741/5761
f 621/4115 809/4114 810/4116
f 621/4115 630/4113 809/4114
f 2978/3852 1866/3856 1869/3855
f 2978/3852 2980/3854 1866/3856
f 860/1083 858/1087 1025/1084
f 860/1083 1025/1084 1026/1085
f 860/1083 1026/1085 862/1086
f 1025/1084 858/1087 1027/1088
f 1025/1084 1028/1089 1026/1085
f 3300/4788 3301/4790 3303/4793
f 1040/1104 1029/1090 1028/1089
f 1040/6998 1941/7001 1032/7002
f 1040/1104 1032/1094 1029/1090
f 1044/1111 1042/1107 1045/1112
f 1009/1109 1043/1110 1007/1120
f 1043/1110 1052/1122 1051/1121
f 1043/1110 1051/1121 1007/1120
f 3782/5891 3786/5896 1055/5895
f 3782/5891 3779/5888 3786/5896
f 2072/5918 1764/5821 3780/5889
f 2072/2372 1758/2384 1764/2391
f 1990/7043 4117/6973 1735/7058
f 1990/2277 1735/2296 1729/2289
f 4114/6970 4112/6968 4113/6969
f 4114/6970 1039/6991 4112/6968
f 1027/1088 858/1087 852/1098
f 1027/1088 1035/1099 1036/1100
f 1027/1088 852/1098 1035/1099
f 1028/1089 1029/1090 1026/1085
f 356/363 333/340 359/366
f 356/2169 359/2166 1894/2164
f 2724/3342 2717/3335 2714/3332
f 2724/4332 3144/4339 3145/4340
f 2724/3342 2714/3332 2723/3341
f 2724/4332 2723/4352 3146/4341
f 2724/4332 3146/4341 3144/4339
f 2709/3325 2699/3315 2702/3318
f 2709/5771 3741/5761 3740/5760
f 2709/3325 2708/3324 2699/3315
f 2709/5771 3740/5760 2713/5776
f 2709/3325 2713/3331 2708/3324
f 257/264 260/267 234/241
f 257/2138 1869/2133 260/2135
f 2003/2300 2004/2301 2005/2302
f 2003/4175 2006/4177 2981/4176
f 2003/2300 2005/2302 2006/2303
f 1013/1108 1047/1114 1042/1107
f 1013/1070 1014/1071 1015/1072
f 1013/1108 1015/1115 1047/1114
f 1042/1107 1047/1114 1045/1112
f 358/4814 3308/4811 354/4812
f 2717/6904 1784/6906 2715/6907
f 2717/3335 2715/3333 2714/3332
f 4084/6897 1652/6901 1651/6902
f 4084/6897 4086/6905 1781/6898
f 4084/6897 1651/6902 4086/6905
f 4077/6862 1592/6864 1593/6863
f 4077/6862 1771/6879 4078/6865
f 4077/6862 4078/6865 1592/6864
f 2702/6882 2701/6884 1774/6883
f 2702/3318 2699/3315 2701/3317
f 259/4785 255/4783 3298/4782
f 1026/1085 1031/1092 862/1086
f 1026/1085 1029/1090 1031/1092
f 862/918 864/920 863/919
f 862/1086 1031/1092 864/1093
f 1924/2206 1925/2207 1926/2208
f 1924/4166 2942/4167 1927/4168
f 1924/2206 1927/2209 1925/2207
f 2004/2301 2010/2307 2005/2302
f 1014/4820 3311/4819 374/4823
f 1014/1071 1016/1073 1015/1072
f 1014/4820 374/4823 1016/4824
f 1784/1998 1781/1995 1777/1991
f 1784/6906 1777/6908 2715/6907
f 718/759 719/760 771/813
f 698/739 767/809 702/743
f 1774/1988 1767/1981 1771/1985
f 1774/6885 2701/6886 1767/6887
f 863/4791 275/4794 3301/4790
f 863/919 864/920 865/921
f 863/4791 865/4795 275/4794
f 1926/2208 1925/2207 1931/2213
f 2981/3860 375/3861 373/3862
f 2981/4176 2006/4177 375/4178
f 2020/2317 2018/2315 2010/2307
f 2020/5915 1048/5917 2018/5921
f 3313/4822 374/4823 3311/4819
f 3313/4822 371/4829 374/4823
f 1055/5895 3786/5896 1052/5923
f 3779/5888 3780/5889 3747/5822
f 3779/5888 3748/5823 3786/5896
f 3779/5888 3747/5822 3748/5823
f 336/343 337/344 333/340
f 336/343 354/361 338/345
f 336/343 338/345 337/344
f 3780/5889 1764/5821 3747/5822
f 333/340 337/344 359/366
f 3664/5612 3657/5605 3663/5611
f 3664/5612 3684/5646 3685/5651
f 3664/5612 3685/5651 3657/5605
f 1652/1838 1633/1819 1651/1837
f 1593/1779 1592/1778 1574/1760
f 3710/5703 3709/5702 3703/5696
f 3710/5703 3736/5741 3734/5736
f 3710/5703 3703/5696 3736/5741
f 234/241 238/245 237/244
f 234/241 260/267 238/245
f 4117/6973 4113/6969 4123/6988
f 4117/6973 4123/6988 1735/7058
f 237/244 239/246 255/262
f 237/244 238/245 239/246
f 4113/6969 4112/6968 4109/6962
f 4113/6969 4109/6962 4123/6988
f 1039/6991 1036/6992 4112/6968
f 3301/4790 275/4794 3303/4793
f 3303/4793 275/4794 272/4800
f 1941/2223 1931/2213 1939/2221
f 1941/7001 1939/7003 1032/7002
f 2942/3794 274/3795 276/3796
f 2942/4167 276/4169 1927/4168
f 2010/2307 2018/2315 2005/2302
f 373/380 374/381 371/378
f 373/380 375/382 374/381
f 1616/1802 1617/1803 1618/1804
f 1616/1802 1628/1814 1626/1812
f 1616/1802 1618/1804 1628/1814
f 1781/6898 4086/6905 4087/6913
f 1781/1995 1778/1992 1777/1991
f 1781/6919 4087/6920 1778/6921
f 1771/6879 4079/6869 4078/6865
f 1771/1985 1767/1981 1769/1983
f 1771/6879 1769/6872 4079/6869
f 1559/1745 1563/1749 1562/1748
f 1559/1745 1567/1753 1569/1755
f 1559/1745 1569/1755 1563/1749
f 274/281 272/279 275/282
f 274/281 275/282 276/283
f 1931/2213 1925/2207 1939/2221
f 3308/4811 1344/4810 354/4812
f 3308/4811 3307/4808 1344/4810
f 3155/5640 3681/5637 3679/5635
f 3155/5640 3147/5650 3681/5637
f 3924/6483 3069/6486 3926/6485
f 3924/6483 3068/6499 3069/6486
f 3986/6588 3942/6507 3938/6503
f 3986/6588 3946/6518 3942/6507
f 3940/6505 3938/6503 3942/6507
f 3940/6505 3942/6507 3943/6508
f 631/6514 3945/6513 636/6512
f 631/638 636/643 630/637
f 3729/5730 3724/5725 3726/5727
f 3729/5730 3726/5727 3735/5740
f 3298/4782 255/4783 1317/4781
f 3298/4782 1317/4781 3297/4777
f 1045/1112 1047/1114 1048/1116
f 354/1467 1344/1461 355/1464
f 354/361 355/362 338/345
f 3145/4340 3144/4339 3147/4342
f 3741/5761 3735/5740 3740/5760
f 255/1421 256/1418 1317/1415
f 255/262 239/246 256/263
f 1029/1090 1032/1094 1031/1092
f 1015/1115 1049/1117 1047/1114
f 1015/1072 1016/1073 1017/1074
f 1015/1115 1017/1118 1049/1117
f 3786/5896 1541/5924 1052/5923
f 3786/5896 1550/5910 1541/5924
f 3786/5896 3748/5823 1550/5910
f 2714/3332 2715/3333 2716/3334
f 2714/3332 2721/3339 2723/3341
f 2714/3332 2716/3334 2718/3336
f 2714/3332 2718/3336 2721/3339
f 2699/3315 2700/3316 2701/3317
f 2699/3315 2708/3324 2706/3322
f 2699/3315 2703/3319 2700/3316
f 2699/3315 2706/3322 2703/3319
f 4112/6968 1036/6992 4048/7006
f 4112/6968 4048/7006 4046/6965
f 4112/6968 4046/6965 4109/6962
f 864/1093 1031/1092 1033/1095
f 864/920 866/922 865/921
f 864/1093 1033/1095 866/1096
f 1047/1114 1049/1117 1048/1116
f 1008/4806 1346/4807 3307/4808
f 1008/4806 1022/4809 1346/4807
f 1008/1065 1007/1064 1004/1061
f 1008/1065 1004/1061 1022/1080
f 1052/1742 1541/1723 1051/1735
f 3307/4808 1346/4807 1344/4810
f 785/827 770/812 796/838
f 785/827 796/838 811/856
f 775/817 795/837 766/808
f 775/817 809/854 795/837
f 3297/4777 1319/4778 850/4779
f 3297/4777 1317/4781 1319/4778
f 1036/6748 1035/6747 4048/6746
f 850/4779 1319/4778 853/4780
f 850/906 851/907 852/908
f 850/906 853/909 851/907
f 1031/1092 1032/1094 1033/1095
f 1344/1461 1346/1471 1343/1460
f 1344/1461 1343/1460 1342/1459
f 1344/1461 1342/1459 355/1464
f 1633/1819 1625/1811 1634/1820
f 1633/1819 1635/1821 1651/1837
f 1633/1819 1634/1820 1635/1821
f 1574/1760 1575/1761 1566/1752
f 1574/1760 1592/1778 1576/1762
f 1574/1760 1576/1762 1575/1761
f 1317/1415 1316/1414 1319/1425
f 1317/1415 256/1418 1315/1413
f 1317/1415 1315/1413 1316/1414
f 1346/4807 1022/4809 1023/4813
f 1346/1471 1023/1472 1343/1460
f 1894/2164 359/2166 1880/2147
f 1894/2164 1880/2147 1891/2161
f 1625/1811 1626/1812 1627/1813
f 1625/1811 1627/1813 1634/1820
f 3679/5635 3680/5636 3678/5634
f 3679/5635 3681/5637 3680/5636
f 3724/5725 3723/5724 3725/5726
f 3724/5725 3725/5726 3726/5727
f 1566/1752 1568/1754 1567/1753
f 1566/1752 1575/1761 1568/1754
f 1869/2133 1855/2116 260/2135
f 1869/2133 1866/2130 1855/2116
f 1319/4778 854/4784 853/4780
f 1319/1425 1316/1414 854/1426
f 2006/2303 2005/2302 2007/2304
f 2006/4177 2008/4179 375/4178
f 2006/2303 2007/2304 2008/2305
f 1016/4824 374/4823 375/4825
f 1016/1073 375/1075 1017/1074
f 1007/1736 1051/1735 1529/1705
f 1007/1736 1529/1705 1004/1714
f 1051/1735 1541/1723 1529/1705
f 1617/5371 3572/5370 1630/5369
f 1617/1803 1630/1816 1618/1804
f 3663/5611 3660/5608 2073/5622
f 3663/5611 3657/5605 3660/5608
f 3678/5634 3414/5647 3684/5646
f 3678/5634 3680/5636 3414/5647
f 4086/6905 1651/6902 1650/6914
f 4086/6905 1650/6914 4087/6913
f 3147/5650 3148/5641 3681/5637
f 3147/4342 3144/4339 3148/4343
f 3926/6485 3069/6486 3976/6574
f 3945/6513 3944/6511 636/6512
f 3735/5740 3726/5727 3730/5731
f 3735/5740 3730/5731 3740/5760
f 4078/6865 1591/6866 1592/6864
f 4078/6865 4079/6869 1591/6866
f 3723/5724 3734/5736 3406/5737
f 3723/5724 3406/5737 3725/5726
f 1562/5339 1571/5337 3564/5338
f 1562/1748 1563/1749 1571/1757
f 3709/5702 1991/5712 3706/5699
f 3709/5702 3706/5699 3703/5696
f 1035/6759 852/6760 3022/6761
f 1035/6747 3022/6733 4048/6746
f 852/3927 851/3928 3022/3929
f 865/4795 276/4796 275/4794
f 865/921 866/922 276/923
f 1927/2209 1928/2210 1925/2207
f 1927/4168 276/4169 1929/4170
f 1927/2209 1929/2211 1928/2210
f 2005/2302 2018/2315 2007/2304
f 1048/5917 2738/5925 2018/5921
f 1048/3364 1049/3362 2738/3363
f 1022/1080 1004/1061 1023/1081
f 1541/1723 1550/1733 1537/1718
f 1541/1723 1537/1718 1529/1705
f 3572/5370 3021/5368 1630/5369
f 2073/2373 2076/2376 2067/2366
f 2073/5622 3660/5608 2076/5626
f 1626/4657 1628/4654 1662/4656
f 1626/1812 1662/1848 1627/1813
f 719/760 701/742 765/807
f 719/760 772/814 771/813
f 719/760 765/807 772/814
f 702/743 765/807 701/742
f 702/743 767/809 768/810
f 702/743 768/810 765/807
f 1567/4630 1603/4629 1569/4627
f 1567/1753 1568/1754 1603/1789
f 3564/5338 1571/5337 2980/5336
f 1991/2278 1986/2272 1993/2281
f 1991/5712 1993/5716 3706/5699
f 4048/6746 4041/6735 4046/6742
f 4048/6746 3022/6733 4041/6735
f 853/909 854/910 851/907
f 1032/7002 1939/7003 2732/7004
f 1032/3354 2732/3353 1033/3352
f 1925/2207 1928/2210 1939/2221
f 375/1075 1018/1076 1017/1074
f 375/1075 1024/1082 1018/1076
f 375/4178 3080/4180 1024/4196
f 375/4178 2008/4179 3080/4180
f 1023/1472 1005/1462 1343/1460
f 1023/1081 1004/1061 1005/1062
f 854/1426 1316/1414 855/1416
f 854/910 855/911 851/907
f 276/923 866/922 867/924
f 276/923 867/924 935/992
f 276/4169 935/4197 3079/4171
f 276/4169 3079/4171 1929/4170
f 2018/5921 2738/5925 3793/5926
f 2018/6187 3793/6185 2007/6186
f 1343/1460 1341/1458 1342/1459
f 1343/1460 1005/1462 1341/1458
f 1342/1459 1345/1463 355/1464
f 1342/1459 1341/1458 1340/1457
f 1342/1459 1340/1457 1345/1463
f 1550/5910 3748/5823 1551/5930
f 1550/1733 1551/1734 1537/1718
f 355/362 343/350 338/345
f 355/1464 1345/1463 343/1470
f 2067/2366 2077/2377 1762/2369
f 2067/2366 2076/2376 2077/2377
f 586/2566 2189/2545 585/2570
f 586/593 585/592 516/523
f 586/2566 2179/2532 2189/2545
f 586/2566 587/2534 2179/2532
f 586/593 516/523 587/594
f 1464/2506 1463/2510 2146/2485
f 1464/2506 2146/2485 2136/2472
f 1464/1602 443/1601 1463/1600
f 1464/2506 2136/2472 1465/2474
f 1464/1602 1465/1603 443/1601
f 1986/2272 1733/2275 1994/2282
f 1986/2272 1994/2282 1993/2281
f 256/1418 1318/1417 1315/1413
f 256/263 239/246 244/251
f 256/1418 244/1424 1318/1417
f 4046/6965 4045/6950 4109/6962
f 4046/6742 4041/6735 4045/6741
f 1315/1413 1314/1412 1316/1414
f 1315/1413 1313/1411 1314/1412
f 1315/1413 1318/1417 1313/1411
f 1316/1414 1314/1412 855/1416
f 1939/7003 3846/7009 2732/7004
f 1939/6180 1928/6179 3846/6178
f 1004/1714 1529/1705 1003/1707
f 1004/1061 1002/1059 1005/1062
f 1004/1061 1003/1060 1002/1059
f 1529/1705 1537/1718 1530/1706
f 1529/1705 1530/1706 1003/1707
f 3748/5823 3747/5822 3746/5820
f 3748/5823 3746/5820 3749/5824
f 3748/5823 3750/5825 1551/5930
f 3748/5823 3749/5824 3750/5825
f 338/345 341/348 337/344
f 338/345 342/349 341/348
f 338/345 343/350 342/349
f 3747/5822 1764/5821 3746/5820
f 337/344 341/348 359/366
f 585/2570 2189/2545 2205/2567
f 585/592 520/527 516/523
f 585/2570 2205/2567 584/2571
f 585/592 584/591 520/527
f 2189/2545 2179/2532 2182/2536
f 2189/2545 2188/2544 2205/2567
f 2189/2545 2182/2536 2188/2544
f 3684/5646 553/5659 3685/5651
f 3684/5646 3414/5647 553/5659
f 2715/6907 1777/6908 2716/6909
f 1777/1991 1778/1992 1779/1993
f 1777/6908 1779/6910 2716/6909
f 3068/4098 811/4097 796/4099
f 3068/4098 796/4099 3069/4100
f 770/812 771/813 783/825
f 770/812 783/825 796/838
f 766/808 777/819 767/809
f 766/808 795/837 777/819
f 630/4113 795/4112 809/4114
f 630/4113 636/4111 795/4112
f 1767/6887 2701/6886 2700/6888
f 1767/1981 1768/1982 1769/1983
f 1767/6887 2700/6888 1768/6889
f 3734/5736 3736/5741 480/5748
f 3734/5736 480/5748 3406/5737
f 2146/2485 1463/2510 2162/2507
f 2146/2485 2139/2476 2136/2472
f 2146/2485 2162/2507 2145/2484
f 2146/2485 2145/2484 2139/2476
f 1463/1600 443/1601 447/1599
f 1463/1600 447/1599 1462/1598
f 1463/2510 1462/2511 2162/2507
f 238/245 242/249 239/246
f 238/245 260/267 242/249
f 4123/7059 4109/7060 4096/7061
f 4123/7059 4096/7061 1735/7062
f 239/246 242/249 243/250
f 239/246 243/250 244/251
f 4109/7060 4111/7063 4096/7061
f 4109/6962 4045/6950 4102/6949
f 4109/6962 4102/6949 4111/6967
f 3022/6733 851/6734 868/6731
f 3022/6733 4040/6730 4041/6735
f 3022/6733 868/6731 4040/6730
f 851/907 855/911 856/912
f 851/907 856/912 868/925
f 1628/1814 1618/1804 1629/1815
f 1628/4654 3232/4653 1662/4656
f 1628/4654 1629/4646 3232/4653
f 2179/2532 587/2534 2180/2533
f 2179/2532 2176/2529 2182/2536
f 2179/2532 2180/2533 2175/2528
f 2179/2532 2175/2528 2176/2529
f 587/5425 516/5426 522/5424
f 587/5425 522/5424 3583/5416
f 587/5425 3583/5416 2180/5429
f 1465/2474 2136/2472 2137/2473
f 1465/5407 449/5406 443/5408
f 1465/5407 2137/5411 3580/5398
f 1465/5407 3580/5398 449/5406
f 2136/2472 2139/2476 2133/2469
f 2136/2472 2132/2468 2137/2473
f 2136/2472 2133/2469 2132/2468
f 1569/1755 1570/1756 1563/1749
f 1569/4627 1603/4629 3223/4626
f 1569/4627 3223/4626 1570/4619
f 1017/3365 2735/3359 1049/3362
f 1017/1074 1018/1076 1019/1077
f 1017/3365 1019/3366 2735/3359
f 1049/3362 2737/3361 2738/3363
f 1049/3362 2735/3359 2737/3361
f 1005/1462 1002/1455 1341/1458
f 1764/1978 1758/1972 1750/1954
f 1764/5821 1750/5819 3746/5820
f 359/366 341/348 360/367
f 359/2166 360/2159 1880/2147
f 3685/5651 3656/5604 3657/5605
f 3685/5651 553/5659 545/5660
f 3685/5651 545/5660 3656/5604
f 1651/1837 1635/1821 1650/1836
f 1592/1778 1591/1777 1576/1762
f 3736/5741 3703/5696 3702/5695
f 3736/5741 472/5749 480/5748
f 3736/5741 3702/5695 472/5749
f 260/267 261/268 242/249
f 260/2135 1855/2116 261/2128
f 1735/1939 1721/1915 1729/1933
f 1735/7058 4096/6941 1721/6964
f 855/1416 1314/1412 856/1409
f 866/3355 1033/3352 2729/3349
f 866/922 848/904 867/924
f 866/3355 2729/3349 848/3356
f 1033/3352 2732/3353 2730/3350
f 1033/3352 2730/3350 2729/3349
f 1341/1458 1002/1455 1338/1454
f 1341/1458 1338/1454 1340/1457
f 516/523 520/527 515/522
f 516/523 515/522 509/516
f 516/523 509/516 522/529
f 443/450 442/449 447/454
f 443/450 436/443 442/449
f 443/450 449/456 436/443
f 1314/1412 1313/1411 1311/1408
f 1314/1412 1311/1408 856/1409
f 1537/1718 1534/1713 1530/1706
f 1537/1718 1551/1734 1548/1731
f 1537/1718 1548/1731 1534/1713
f 584/2571 2205/2567 2207/2572
f 584/591 523/530 520/527
f 584/591 583/590 523/530
f 584/2571 2207/2572 583/2573
f 2205/2567 2188/2544 2206/2568
f 2205/2567 2206/2568 2207/2572
f 520/527 519/526 515/522
f 520/527 523/530 519/526
f 3976/6657 3069/6658 3070/6659
f 3976/6574 3070/6519 3946/6518
f 3944/6511 3943/6508 3074/6510
f 3944/6511 3074/6510 636/6512
f 447/1599 450/1597 1462/1598
f 447/454 442/449 446/453
f 447/454 446/453 450/457
f 2162/2507 1462/2511 2164/2512
f 2162/2507 2163/2508 2145/2484
f 2162/2507 2164/2512 2163/2508
f 1462/1598 450/1597 1461/1596
f 1462/2511 1461/2513 2164/2512
f 4041/6735 4040/6730 4037/6727
f 4041/6735 4038/6728 4045/6741
f 4041/6735 4037/6727 4038/6728
f 2738/5925 2737/5927 3793/5926
f 2182/2536 2181/2535 2188/2544
f 2182/2536 2176/2529 2177/2530
f 2182/2536 2177/2530 2181/2535
f 515/522 503/510 509/516
f 515/522 519/526 502/509
f 515/522 502/509 503/510
f 442/449 436/443 430/437
f 442/449 429/436 446/453
f 442/449 430/437 429/436
f 2139/2476 2134/2470 2133/2469
f 2139/2476 2145/2484 2138/2475
f 2139/2476 2138/2475 2134/2470
f 2732/7004 3846/7009 2730/7010
f 509/3204 2646/3200 522/3206
f 509/516 503/510 507/514
f 509/516 507/514 514/521
f 509/3204 514/3199 2646/3200
f 522/5424 2646/5423 3583/5416
f 2180/2533 2174/2527 2175/2528
f 2180/5429 3583/5416 2174/5415
f 2137/2473 2132/2468 2131/2467
f 2137/5411 2131/5397 3580/5398
f 449/3180 2624/3172 436/3178
f 449/5406 3580/5398 2624/5405
f 436/443 434/441 430/437
f 436/3178 2624/3172 441/3171
f 436/443 441/448 434/441
f 1024/5809 3198/5810 1018/5811
f 1024/4970 3385/4971 3198/4972
f 1024/4970 3080/4973 3385/4971
f 1018/4482 3198/4479 1020/4481
f 1018/1076 1020/1078 1019/1077
f 1003/1707 1530/1706 1531/1708
f 1003/1060 1001/1058 1002/1059
f 1003/1707 1531/1708 1001/1709
f 341/348 382/389 360/367
f 341/348 342/349 379/386
f 341/348 379/386 382/389
f 1758/1972 1743/1947 1750/1954
f 1758/1972 1762/1976 1742/1946
f 1758/1972 1742/1946 1743/1947
f 2188/2544 2181/2535 2185/2539
f 2188/2544 2185/2539 2206/2568
f 2176/2529 2175/2528 2168/2521
f 2176/2529 2168/2521 2177/2530
f 2133/2469 2125/2461 2132/2468
f 2133/2469 2134/2470 2125/2461
f 2145/2484 2142/2479 2138/2475
f 2145/2484 2163/2508 2142/2479
f 1729/1933 1721/1915 1714/1908
f 1729/1933 1713/1907 1733/1937
f 1729/1933 1714/1908 1713/1907
f 242/249 261/268 283/290
f 242/249 280/287 243/250
f 242/249 283/290 280/287
f 868/6731 4039/6729 4040/6730
f 868/925 856/912 869/926
f 868/6731 869/6732 4039/6729
f 867/5812 3196/5813 935/5814
f 867/4477 847/4475 3196/4474
f 867/924 848/904 847/903
f 935/4966 3196/4967 3384/4968
f 935/4966 3384/4968 3079/4969
f 3198/4479 3199/4480 1020/4481
f 3198/5946 3385/5947 3199/5948
f 1530/1706 1534/1713 1531/1708
f 3746/5820 1750/5819 3745/5818
f 3746/5820 3755/5831 3749/5824
f 3746/5820 3745/5818 3755/5831
f 1880/2147 360/2159 1878/2145
f 1880/2147 1878/2145 1874/2141
f 1880/2147 1874/2141 1891/2161
f 523/530 524/531 519/526
f 523/530 583/590 525/532
f 523/530 525/532 524/531
f 1627/1813 1662/1848 1664/1850
f 1627/1813 1661/1847 1634/1820
f 1627/3570 1664/3567 1661/3563
f 2175/2528 2174/2527 2171/2524
f 2175/2528 2171/2524 2168/2521
f 3681/5637 3682/5638 3680/5636
f 3681/5637 3148/5641 3683/5639
f 3681/5637 3683/5639 3682/5638
f 771/813 772/814 783/825
f 767/809 777/819 768/810
f 3726/5727 3725/5726 3727/5728
f 3726/5727 3728/5729 3730/5731
f 3726/5727 3727/5728 3728/5729
f 2132/2468 2128/2464 2131/2467
f 2132/2468 2125/2461 2128/2464
f 1568/1754 1575/1761 1602/1788
f 1568/1754 1605/1791 1603/1789
f 1568/3550 1602/3543 1605/3547
f 450/457 446/453 451/458
f 450/1597 452/1573 1461/1596
f 450/457 451/458 452/459
f 1855/2116 1853/2114 261/2128
f 1855/2116 1849/2110 1853/2114
f 1855/2116 1866/2130 1849/2110
f 4096/6941 4091/6934 1721/6964
f 4096/6941 4111/6967 4092/6936
f 4096/6941 4092/6936 4091/6934
f 4040/6730 4039/6729 4037/6727
f 3196/4474 847/4475 3197/4476
f 3196/5943 3197/5944 3384/5945
f 2735/3359 1019/3366 2736/3360
f 2735/3359 2736/3360 2737/3361
f 1750/1954 1743/1947 1749/1953
f 1750/5819 1749/5815 3745/5818
f 360/367 382/389 389/396
f 360/2159 389/2158 1878/2145
f 3021/3921 1891/3923 1896/3926
f 3021/5368 1660/5364 1630/5369
f 3021/5368 1896/5367 1660/5364
f 519/526 518/525 502/509
f 519/526 524/531 518/525
f 1618/1804 1637/1823 1629/1815
f 1618/1804 1630/1816 1637/1823
f 3657/5605 3656/5604 3655/5603
f 3657/5605 3655/5603 3660/5608
f 3703/5696 3701/5694 3702/5695
f 3703/5696 3706/5699 3701/5694
f 1563/1749 1570/1756 1578/1764
f 1563/1749 1578/1764 1571/1757
f 446/453 429/436 445/452
f 446/453 445/452 451/458
f 2980/3854 1871/3859 1866/3856
f 2980/5336 1571/5337 1601/5332
f 2980/5336 1601/5332 1871/5335
f 261/2128 1853/2114 290/2127
f 261/268 290/297 283/290
f 1721/1915 1720/1914 1714/1908
f 1721/6964 4091/6934 1720/6931
f 2729/3349 2731/3351 848/3356
f 2729/3349 2730/3350 2731/3351
f 1551/5930 3750/5825 1554/5827
f 1551/1734 1554/1739 1548/1731
f 583/2573 2207/2572 2208/2574
f 583/590 566/573 525/532
f 583/2573 2208/2574 566/2575
f 503/510 502/509 499/506
f 503/510 504/511 507/514
f 503/510 499/506 504/511
f 3414/5647 3680/5636 3412/5648
f 3414/5647 3413/5661 553/5659
f 3414/5018 3412/5014 3413/5016
f 3583/5416 3582/5412 2174/5415
f 3583/5416 2646/5423 2643/5418
f 3583/5416 2643/5418 3582/5412
f 3580/5398 2131/5397 3579/5394
f 3580/5398 2621/5400 2624/5405
f 3580/5398 3579/5394 2621/5400
f 3406/5737 3404/5738 3725/5726
f 3406/5737 480/5748 3405/5750
f 3406/5004 3405/5002 3404/5000
f 430/437 434/441 431/438
f 430/437 426/433 429/436
f 430/437 431/438 426/433
f 1461/2513 2165/2514 2164/2512
f 1461/1596 452/1573 1444/1575
f 1461/2513 1444/2515 2165/2514
f 4045/6950 4101/6947 4102/6949
f 4045/6950 4038/6951 4101/6947
f 2207/2572 2206/2568 2208/2574
f 1662/4656 3232/4653 2202/4655
f 1662/3572 2202/3571 1664/3567
f 3680/5636 3682/5638 3412/5648
f 2174/2527 2172/2525 2171/2524
f 2174/5415 3582/5412 2172/5414
f 1634/1820 1641/1827 1635/1821
f 1634/1820 1661/1847 1641/1827
f 2131/2467 2128/2464 2129/2465
f 2131/5397 2129/5395 3579/5394
f 1575/1761 1576/1762 1582/1768
f 1575/1761 1582/1768 1602/1788
f 3725/5726 3404/5738 3727/5728
f 1603/4629 2159/4628 3223/4626
f 1603/3552 1605/3547 2159/3551
f 2164/2512 2165/2514 2163/2508
f 1002/1455 1335/1451 1338/1454
f 1002/1059 1001/1058 1000/1057
f 1002/1455 1000/1449 1335/1451
f 1340/1457 1339/1456 1345/1463
f 1340/1457 1338/1454 1336/1452
f 1340/1457 1336/1452 1339/1456
f 1345/1463 1339/1456 343/1470
f 342/349 343/350 344/351
f 342/349 344/351 379/386
f 1762/2369 2077/2377 1763/2390
f 1762/1976 1763/1977 1742/1946
f 502/509 500/507 499/506
f 502/509 518/525 500/507
f 2181/2535 2177/2530 2178/2531
f 2181/2535 2184/2538 2185/2539
f 2181/2535 2178/2531 2183/2537
f 2181/2535 2183/2537 2184/2538
f 3232/4653 1629/4646 3231/4651
f 3232/4653 2201/4652 2202/4655
f 3232/4653 3231/4651 2201/4652
f 2177/2530 2168/2521 2170/2523
f 2177/2530 2170/2523 2178/2531
f 507/514 512/519 514/521
f 507/514 504/511 512/519
f 2646/3200 514/3199 2643/3194
f 3069/4100 796/4099 783/4101
f 3069/4100 783/4101 3070/4102
f 3946/6518 3071/6517 3942/6507
f 3946/6518 3070/6519 3071/6517
f 3943/6508 3942/6507 3073/6509
f 3943/6508 3073/6509 3074/6510
f 636/4111 777/4109 795/4112
f 636/4111 3074/4110 777/4109
f 2624/3172 2621/3166 441/3171
f 434/441 441/448 439/446
f 434/441 439/446 431/438
f 2134/2470 2138/2475 2135/2471
f 2134/2470 2126/2462 2125/2461
f 2134/2470 2135/2471 2126/2462
f 3223/4626 3222/4624 1570/4619
f 3223/4626 2159/4628 2158/4625
f 3223/4626 2158/4625 3222/4624
f 2138/2475 2142/2479 2141/2478
f 2138/2475 2140/2477 2135/2471
f 2138/2475 2141/2478 2140/2477
f 429/436 426/433 427/434
f 429/436 427/434 445/452
f 1733/2275 1734/2295 1994/2282
f 1733/1937 1713/1907 1734/1938
f 243/250 245/252 244/251
f 243/250 280/287 245/252
f 1318/1417 1312/1410 1313/1411
f 1318/1417 244/1424 1312/1410
f 1313/1411 1309/1406 1311/1408
f 1313/1411 1312/1410 1309/1406
f 856/1409 1311/1408 1308/1405
f 856/912 870/927 869/926
f 856/1409 1308/1405 870/1403
f 1338/1454 1335/1451 1336/1452
f 3749/5824 3755/5831 3754/5830
f 3749/5824 3751/5826 3750/5825
f 3749/5824 3754/5830 3751/5826
f 1635/1821 1646/1832 1650/1836
f 1635/1821 1641/1827 1646/1832
f 1576/1762 1591/1777 1587/1773
f 1576/1762 1587/1773 1582/1768
f 4111/6967 4094/6938 4092/6936
f 4111/6967 4102/6949 4098/6943
f 4111/6967 4098/6943 4094/6938
f 1311/1408 1309/1406 1308/1405
f 382/389 410/417 389/396
f 382/389 379/386 400/407
f 382/389 400/407 410/417
f 1878/2145 389/2158 1877/2144
f 1878/2145 1877/2144 1874/2141
f 2076/2376 2080/2380 2077/2377
f 2076/5626 3660/5608 3670/5618
f 2076/5626 3670/5618 2080/5667
f 525/532 526/533 524/531
f 525/532 527/534 526/533
f 525/532 566/573 527/534
f 553/560 517/524 545/552
f 553/5021 3413/5016 517/5020
f 514/3199 512/3197 2644/3195
f 514/3199 2644/3195 2643/3194
f 441/3171 2622/3167 439/3169
f 441/3171 2621/3166 2622/3167
f 480/487 472/479 444/451
f 480/5007 444/5006 3405/5002
f 452/459 451/458 453/460
f 452/459 453/460 454/461
f 452/1573 454/1574 1444/1575
f 1853/2114 1852/2113 290/2127
f 1853/2114 1849/2110 1852/2113
f 1993/2281 1994/2282 1997/2285
f 1993/5716 3716/5709 3706/5699
f 1993/5716 1997/5756 3716/5709
f 283/290 290/297 311/318
f 283/290 311/318 301/308
f 283/290 301/308 280/287
f 2008/2305 2007/2304 2009/2306
f 2008/4179 2009/4181 3080/4180
f 2007/6186 3793/6185 2011/6182
f 2007/2304 2011/2308 2009/2306
f 3199/4480 1021/4483 1020/4481
f 3199/5506 3385/5507 1021/5508
f 1020/1078 1021/1079 1019/1077
f 343/350 345/352 344/351
f 343/1470 1339/1456 345/1469
f 1743/1947 1744/1948 1749/1953
f 1743/1947 1738/1942 1744/1948
f 1743/1947 1742/1946 1738/1942
f 389/2543 410/2569 2187/2541
f 389/2543 2187/2541 1877/2542
f 2206/2568 2185/2539 2187/2541
f 2206/2568 2187/2541 410/2569
f 2206/2568 410/2569 2208/2574
f 524/531 526/533 518/525
f 545/5660 539/5664 3656/5604
f 545/552 517/524 494/501
f 545/552 494/501 539/546
f 2168/2521 2171/2524 2169/2522
f 2168/2521 2169/2522 2170/2523
f 2125/2461 2127/2463 2128/2464
f 2125/2461 2126/2462 2127/2463
f 472/5749 3702/5695 466/5755
f 472/479 421/428 444/451
f 472/479 466/473 421/428
f 451/458 445/452 453/460
f 2163/2508 2144/2481 2142/2479
f 2163/2508 311/2509 2144/2481
f 2163/2508 2165/2514 311/2509
f 290/2483 2144/2481 311/2509
f 290/2483 1852/2482 2144/2481
f 1714/1908 1720/1914 1715/1909
f 1714/1908 1715/1909 1709/1903
f 1714/1908 1709/1903 1713/1907
f 244/251 245/252 246/253
f 244/1424 246/1423 1312/1410
f 847/4475 849/4478 3197/4476
f 847/903 848/904 849/905
f 3197/5502 849/5503 3384/5504
f 1929/2211 1930/2212 1928/2210
f 1929/4170 3079/4171 1930/4172
f 1928/6179 1932/6177 3846/6178
f 1928/2210 1930/2212 1932/2214
f 3080/5509 1021/5508 3385/5507
f 3080/4180 2739/4182 1021/4183
f 3080/4180 2009/4181 2739/4182
f 3745/5818 1749/5815 521/5817
f 3745/5818 544/5857 3755/5831
f 3745/5818 521/5817 544/5857
f 1749/1953 1744/1948 508/1958
f 1749/5815 508/5816 521/5817
f 2185/2539 2186/2540 2187/2541
f 2185/2539 2184/2538 2186/2540
f 772/814 765/807 779/821
f 772/814 779/821 783/825
f 3942/6507 3071/6517 3072/6516
f 3942/6507 3072/6516 3073/6509
f 768/810 776/818 765/807
f 768/810 777/819 776/818
f 2142/2479 2144/2481 2143/2480
f 2142/2479 2143/2480 2141/2478
f 1720/6931 4091/6934 448/6932
f 1720/1914 435/1919 1715/1909
f 1720/6931 448/6932 435/6933
f 4091/6934 4092/6936 471/6935
f 4091/6934 471/6935 448/6932
f 3079/5505 3384/5504 849/5503
f 3079/4171 849/4174 2733/4173
f 3079/4171 2733/4173 1930/4172
f 1019/4201 1021/4183 2739/4182
f 1019/3366 2739/3367 2736/3360
f 379/386 378/385 400/407
f 379/386 344/351 378/385
f 1891/2161 1890/2160 1896/2167
f 1891/2161 1874/2141 1890/2160
f 410/2569 415/2577 2208/2574
f 410/417 400/407 415/422
f 2187/2541 2186/2540 1877/2542
f 1629/4646 3229/4644 3231/4651
f 1629/4646 1637/4645 3229/4644
f 499/506 501/508 504/511
f 499/506 500/507 498/505
f 499/506 491/498 501/508
f 499/506 498/505 491/498
f 2178/2531 2202/2562 2201/2561
f 2178/2531 2170/2523 2202/2562
f 2178/2531 2201/2561 2183/2537
f 504/511 513/520 512/519
f 504/511 501/508 513/520
f 1664/3567 2202/3571 2844/3565
f 1664/3567 2844/3565 2843/3562
f 1664/3567 2843/3562 1661/3563
f 2171/2524 2172/2525 2169/2522
f 2128/2464 2127/2463 2129/2465
f 1605/3547 2838/3545 2159/3551
f 1605/3547 2837/3542 2838/3545
f 1605/3547 1602/3543 2837/3542
f 431/438 428/435 426/433
f 431/438 439/446 440/447
f 431/438 440/447 428/435
f 2135/2471 2159/2502 2126/2462
f 2135/2471 2158/2501 2159/2502
f 2135/2471 2140/2477 2158/2501
f 426/433 425/432 427/434
f 426/433 428/435 418/425
f 426/433 418/425 425/432
f 1570/4619 3222/4624 3220/4617
f 1570/4619 3220/4617 1578/4618
f 2144/2481 1852/2482 2143/2480
f 311/2509 2165/2514 316/2517
f 311/318 316/323 301/308
f 1866/2130 1871/2136 1865/2129
f 1866/2130 1865/2129 1849/2110
f 280/287 301/308 279/286
f 280/287 279/286 245/252
f 848/3356 2731/3351 2733/3357
f 848/4202 2733/4173 849/4174
f 2737/3361 2736/3360 2740/3368
f 2737/5927 2740/5939 3793/5926
f 2736/3360 2739/3367 2740/3368
f 2077/2377 2081/2381 1763/2390
f 2077/2377 2080/2380 2081/2381
f 2202/3571 2170/3566 2844/3565
f 2159/3551 2838/3545 2126/3546
f 1994/2282 1734/2295 1998/2286
f 1994/2282 1998/2286 1997/2285
f 2731/3351 2730/3350 2734/3358
f 2731/3351 2734/3358 2733/3357
f 2730/7010 3846/7009 2734/7012
f 3793/6185 2740/6183 2011/6182
f 3755/5831 544/5857 3764/5842
f 3755/5831 3764/5842 3754/5830
f 1877/2542 2186/2540 2191/2547
f 1877/2144 1875/2142 1874/2141
f 1877/2542 2191/2547 1875/2548
f 3656/5604 539/5664 3654/5602
f 3656/5604 3654/5602 3655/5603
f 2201/2561 2200/2560 2183/2537
f 2201/4652 3231/4651 2200/4650
f 2170/3566 2169/3564 2844/3565
f 2126/3546 2838/3545 2127/3544
f 2158/2501 2140/2477 2157/2500
f 2158/4625 2157/4623 3222/4624
f 3702/5695 3700/5693 466/5755
f 3702/5695 3701/5694 3700/5693
f 1852/2482 2148/2487 2143/2480
f 1852/2113 1849/2110 1851/2112
f 1852/2482 1851/2488 2148/2487
f 4092/6936 4093/6937 471/6935
f 4092/6936 4094/6938 4093/6937
f 3846/6178 1932/6177 2734/6176
f 2009/6181 2011/6182 2740/6183
f 2009/6181 2740/6183 2739/6184
f 1744/1948 510/1957 508/1958
f 1744/1948 1745/1949 510/1957
f 1744/1948 1738/1942 1745/1949
f 2208/2574 415/2577 2209/2576
f 2208/2574 2209/2576 566/2575
f 518/525 521/528 500/507
f 518/525 529/536 521/528
f 518/525 526/533 529/536
f 3413/5016 2650/5017 517/5020
f 3413/5016 3412/5014 3411/5013
f 3413/5016 3411/5013 2650/5017
f 512/3197 2645/3196 2644/3195
f 512/3197 513/3198 2645/3196
f 3582/5412 2197/5413 2172/5414
f 3582/5412 2643/5418 3584/5417
f 3582/5412 3584/5417 2197/5413
f 765/807 784/826 779/821
f 765/807 776/818 784/826
f 3579/5394 2129/5395 2154/5396
f 3579/5394 3581/5399 2621/5400
f 3579/5394 2154/5396 3581/5399
f 439/3169 2622/3167 2623/3168
f 439/3169 2623/3168 440/3170
f 3405/5002 3403/4999 3404/5000
f 3405/5002 444/5006 2630/5003
f 3405/5002 2630/5003 3403/4999
f 445/452 427/434 448/455
f 445/452 448/455 456/463
f 445/452 456/463 453/460
f 2165/2514 2166/2516 316/2517
f 2165/2514 1444/2515 2166/2516
f 1715/1909 435/1919 437/1918
f 1715/1909 437/1918 1716/1910
f 1715/1909 1716/1910 1709/1903
f 1930/6174 2734/6176 1932/6177
f 1930/6174 2733/6175 2734/6176
f 1001/1709 1531/1708 1532/1710
f 1001/1058 999/1056 1000/1057
f 1001/1709 1532/1710 999/1711
f 1531/1708 1534/1713 1533/1712
f 1531/1708 1533/1712 1532/1710
f 3750/5825 3751/5826 1554/5827
f 521/528 508/515 500/507
f 521/528 529/536 544/551
f 508/515 505/512 500/507
f 508/515 510/517 505/512
f 500/507 505/512 498/505
f 2184/2538 2190/2546 2186/2540
f 2184/2538 2183/2537 2190/2546
f 2844/3565 2169/3564 2843/3562
f 2172/2525 2173/2526 2169/2522
f 2172/2525 2196/2556 2173/2526
f 2172/2525 2197/2557 2196/2556
f 3146/4341 2723/4352 2725/4345
f 3146/4341 2725/4345 3144/4339
f 2713/5776 3740/5760 2710/5777
f 2713/3331 2710/3328 2708/3324
f 2129/2465 2127/2463 2130/2466
f 2129/2465 2153/2496 2154/2497
f 2129/2465 2130/2466 2153/2496
f 2838/3545 2837/3542 2127/3544
f 2141/2478 2147/2486 2140/2477
f 2141/2478 2143/2480 2147/2486
f 427/434 435/442 448/455
f 427/434 432/439 435/442
f 427/434 425/432 432/439
f 435/442 432/439 437/444
f 448/455 471/478 456/463
f 4102/6949 4101/6947 4098/6943
f 4039/6729 869/6732 4042/6736
f 4039/6729 4034/6724 4037/6727
f 4039/6729 4042/6736 4034/6724
f 869/926 870/927 871/928
f 869/6732 871/6745 4042/6736
f 2186/2540 2190/2546 2191/2547
f 2183/2537 2200/2560 2190/2546
f 501/508 494/501 517/524
f 501/508 517/524 513/520
f 501/508 491/498 494/501
f 1661/3563 2843/3562 1667/3557
f 1661/1847 1667/1853 1641/1827
f 2643/3194 2644/3195 2641/3192
f 2643/5418 2639/5427 3584/5417
f 2643/3194 2641/3192 2639/3190
f 1778/6921 4087/6920 4088/6922
f 1778/6921 4088/6922 1780/6924
f 1778/1992 1780/1994 1779/1993
f 4087/6913 1650/6914 1657/6918
f 4087/6920 1657/6923 4088/6922
f 2723/3341 2722/3340 2725/3345
f 2723/3341 2721/3339 2722/3340
f 3144/4339 3149/4344 3148/4343
f 3144/4339 2725/4345 3149/4344
f 3740/5760 3730/5731 3733/5735
f 3740/5760 3733/5735 2710/5777
f 2708/3324 2710/3328 2707/3323
f 2708/3324 2707/3323 2706/3322
f 1769/6872 4080/6871 4079/6869
f 1769/6872 1770/6878 4080/6871
f 1769/1983 1768/1982 1770/1984
f 4079/6869 1598/6870 1591/6866
f 4079/6869 4080/6871 1598/6870
f 2621/3166 2619/3164 2622/3167
f 2621/5400 3581/5399 2620/5409
f 2621/3166 2620/3165 2619/3164
f 1602/3543 1608/3537 2837/3542
f 1602/1788 1582/1768 1608/1794
f 428/435 440/447 444/451
f 428/435 444/451 421/428
f 428/435 421/428 418/425
f 2140/2477 2147/2486 2157/2500
f 2143/2480 2148/2487 2147/2486
f 1534/1713 1548/1731 1540/1722
f 1534/1713 1540/1722 1533/1712
f 400/407 414/421 415/422
f 400/407 378/385 399/406
f 400/407 399/406 414/421
f 415/2577 414/2579 2209/2576
f 1630/1816 1639/1825 1637/1823
f 1630/1816 1660/1846 1638/1824
f 1630/1816 1638/1824 1639/1825
f 3660/5608 3655/5603 3653/5601
f 3660/5608 3659/5607 3670/5618
f 3660/5608 3653/5601 3659/5607
f 3231/4651 3230/4649 2200/4650
f 3231/4651 3229/4644 3230/4649
f 517/3209 2650/3205 513/3198
f 3412/5648 3682/5638 3410/5657
f 3412/5014 3410/5012 3411/5013
f 2644/3195 2645/3196 2641/3192
f 3070/4102 783/4101 3071/4103
f 3074/4110 3073/4107 777/4109
f 2622/3167 2619/3164 2623/3168
f 3404/5738 3402/5746 3727/5728
f 3404/5000 3403/4999 3402/4998
f 444/3183 440/3170 2630/3179
f 3222/4624 2157/4623 3221/4622
f 3222/4624 3221/4622 3220/4617
f 1571/1757 1578/1764 1579/1765
f 1571/1757 1580/1766 1601/1787
f 1571/1757 1579/1765 1580/1766
f 3706/5699 3695/5687 3701/5694
f 3706/5699 3716/5709 3705/5698
f 3706/5699 3705/5698 3695/5687
f 316/323 315/322 301/308
f 316/2517 2166/2516 315/2519
f 301/308 300/307 279/286
f 301/308 315/322 300/307
f 4037/6727 4036/6726 4038/6728
f 4037/6727 4034/6724 4036/6726
f 526/533 528/535 529/536
f 526/533 527/534 528/535
f 494/501 493/500 539/546
f 494/501 491/498 493/500
f 513/3198 2650/3205 2645/3196
f 440/3170 2623/3168 2630/3179
f 421/428 466/473 419/426
f 421/428 419/426 418/425
f 453/460 456/463 455/462
f 453/460 455/462 454/461
f 1000/1449 1330/1443 1335/1451
f 1000/1057 999/1056 998/1055
f 1000/1449 998/1442 1330/1443
f 529/536 534/541 544/551
f 529/536 528/535 534/541
f 510/517 506/513 505/512
f 510/1957 1745/1949 506/1962
f 437/444 432/439 433/440
f 437/1918 433/1923 1716/1910
f 456/463 471/478 461/468
f 456/463 461/468 455/462
f 870/1403 1308/1405 1303/1397
f 870/927 872/929 871/928
f 870/1403 1303/1397 872/1396
f 1335/1451 1331/1444 1336/1452
f 1335/1451 1330/1443 1331/1444
f 544/5857 543/5866 3764/5842
f 544/551 534/541 543/550
f 498/505 505/512 492/499
f 498/505 492/499 491/498
f 539/546 493/500 538/545
f 539/5664 538/5669 3654/5602
f 2650/5017 3411/5013 2645/5015
f 2630/5003 2623/5001 3403/4999
f 466/473 465/472 419/426
f 466/5755 3700/5693 465/5758
f 425/432 420/427 432/439
f 425/432 418/425 420/427
f 471/6935 4093/6937 470/6940
f 471/478 470/477 461/468
f 1308/1405 1309/1406 1304/1398
f 1308/1405 1304/1398 1303/1397
f 344/351 377/384 378/385
f 344/351 345/352 346/353
f 344/351 346/353 377/384
f 1896/2167 1890/2160 1897/2168
f 1896/5367 1897/5366 1660/5364
f 505/512 506/513 492/499
f 2200/4650 3230/4649 2199/4647
f 2200/2560 2199/2559 2190/2546
f 783/4101 779/4104 3071/4103
f 777/4109 3073/4107 776/4108
f 2157/4623 2156/4620 3221/4622
f 2157/2500 2147/2486 2156/2499
f 432/439 420/427 433/440
f 1871/5335 1601/5332 1872/5334
f 1871/2136 1872/2137 1865/2129
f 245/252 279/286 278/285
f 245/252 247/254 246/253
f 245/252 278/285 247/254
f 491/498 492/499 493/500
f 2169/3564 2173/3561 2843/3562
f 2843/3562 2839/3553 1667/3557
f 2843/3562 2173/3561 2839/3553
f 1650/1836 1646/1832 1657/1843
f 3148/5641 3149/5645 3683/5639
f 3730/5731 3728/5729 3733/5735
f 1591/1777 1598/1784 1587/1773
f 2837/3542 2130/3541 2127/3544
f 2837/3542 1608/3537 2833/3533
f 2837/3542 2833/3533 2130/3541
f 418/425 419/426 420/427
f 1336/1452 1337/1453 1339/1456
f 1336/1452 1331/1444 1337/1453
f 1548/1731 1554/1739 1540/1722
f 3071/4103 784/4105 3072/4106
f 3071/4103 779/4104 784/4105
f 3073/4107 3072/4106 784/4105
f 3073/4107 784/4105 776/4108
f 4038/6951 4036/6948 4101/6947
f 1309/1406 1312/1410 1310/1407
f 1309/1406 1310/1407 1304/1398
f 1637/4645 1639/4643 3229/4644
f 1641/1827 1667/1853 1648/1834
f 1641/1827 1648/1834 1646/1832
f 3682/5638 3415/5643 3410/5657
f 3682/5638 3683/5639 3415/5643
f 3727/5728 3402/5746 3407/5733
f 3727/5728 3407/5733 3728/5729
f 1582/1768 1589/1775 1608/1794
f 1582/1768 1587/1773 1589/1775
f 1578/4618 3220/4617 1579/4616
f 1763/1977 1761/1975 1742/1946
f 1763/2390 2081/2381 1761/2387
f 3655/5603 3654/5602 3653/5601
f 3701/5694 3695/5687 3700/5693
f 1734/1938 1713/1907 1732/1936
f 1734/2295 1732/2292 1998/2286
f 378/385 398/405 399/406
f 378/385 377/384 398/405
f 493/500 495/502 538/545
f 493/500 492/499 495/502
f 419/426 465/472 422/429
f 419/426 422/429 420/427
f 279/286 300/307 299/306
f 279/286 299/306 278/285
f 1339/1456 1337/1453 345/1469
f 3411/5013 2642/5011 2645/5015
f 3411/5013 3410/5012 3408/5008
f 3411/5013 3408/5008 2642/5011
f 3403/4999 2623/5001 2618/4997
f 3403/4999 3400/4994 3402/4998
f 3403/4999 2618/4997 3400/4994
f 1312/1410 246/1423 1310/1407
f 1742/1946 1739/1943 1738/1942
f 1742/1946 1761/1975 1739/1943
f 2645/3196 2642/3193 2641/3192
f 1667/3557 2839/3553 2841/3555
f 1667/3557 2841/3555 1648/3569
f 1608/3537 2834/3534 2833/3533
f 1608/3537 1589/3549 2834/3534
f 2623/3168 2619/3164 2618/3163
f 1713/1907 1709/1903 1711/1905
f 1713/1907 1711/1905 1732/1936
f 999/1711 1532/1710 1536/1716
f 999/1056 997/1054 998/1055
f 999/1711 1536/1716 997/1717
f 1554/5827 3752/5828 1540/5928
f 1554/5827 3751/5826 3752/5828
f 3764/5842 3763/5841 3754/5830
f 3764/5842 543/5866 3763/5841
f 4093/6937 4094/6938 4095/6939
f 4093/6937 4095/6939 470/6940
f 4101/6947 4036/6948 4100/6945
f 4101/6947 4100/6945 4098/6943
f 871/6745 4050/6750 4042/6736
f 871/928 872/929 873/930
f 871/6756 873/6757 4050/6758
f 1532/1710 1533/1712 1535/1715
f 1532/1710 1535/1715 1536/1716
f 2080/2380 2082/2382 2081/2381
f 2080/5667 3670/5618 2083/5619
f 2080/2380 2083/2383 2082/2382
f 3229/4644 3228/4642 3230/4649
f 3229/4644 1639/4643 3228/4642
f 3584/5417 2639/5427 2647/5419
f 3584/5417 2647/5419 2197/5413
f 3581/5399 2154/5396 2625/5401
f 3581/5399 2625/5401 2620/5409
f 3220/4617 3221/4622 3219/4615
f 3220/4617 3219/4615 1579/4616
f 1997/2285 1998/2286 1999/2287
f 1997/5756 2000/5710 3716/5709
f 1997/2285 1999/2287 2000/2288
f 4042/6736 4031/6721 4034/6724
f 4042/6736 4050/6750 4031/6721
f 1890/2160 1874/2141 1879/2146
f 1890/2160 1892/2162 1897/2168
f 1890/2160 1879/2146 1892/2162
f 1874/2141 1875/2142 1876/2143
f 1874/2141 1876/2143 1879/2146
f 1660/5364 1897/5366 1898/5362
f 1660/1846 1655/1841 1638/1824
f 1660/5364 1898/5362 1655/5363
f 2173/3561 2196/3560 2839/3553
f 3410/5012 3409/5009 3408/5008
f 3410/5012 3415/5019 3409/5009
f 2639/3190 2641/3192 2637/3188
f 2639/3190 2637/3188 2638/3189
f 2639/3190 2638/3189 2647/3201
f 2197/2557 2203/2563 2196/2556
f 2197/5413 2647/5419 2203/5420
f 2154/2497 2153/2496 2160/2503
f 2154/5396 2160/5402 2625/5401
f 2620/3165 2615/3160 2619/3164
f 2620/3165 2616/3161 2615/3160
f 2620/3165 2625/3173 2616/3161
f 3402/4998 3400/4994 3401/4996
f 3402/4998 3401/4996 3407/5005
f 2130/3541 2833/3533 2153/3540
f 1601/5332 1873/5330 1872/5334
f 1601/1787 1580/1766 1596/1782
f 1601/5332 1596/5331 1873/5330
f 1849/2110 1865/2129 1854/2115
f 1849/2110 1850/2111 1851/2112
f 1849/2110 1854/2115 1850/2111
f 1865/2129 1872/2137 1867/2131
f 1865/2129 1867/2131 1854/2115
f 2081/2381 2082/2382 1761/2387
f 3654/5602 538/5669 3652/5600
f 3654/5602 3652/5600 3653/5601
f 1646/1832 1649/1835 1657/1843
f 1646/1832 1648/1834 1649/1835
f 1587/1773 1598/1784 1590/1776
f 1587/1773 1590/1776 1589/1775
f 3700/5693 3697/5689 465/5758
f 3700/5693 3695/5687 3697/5689
f 1998/2286 1732/2292 1999/2287
f 998/1442 1326/1437 1330/1443
f 998/1055 997/1054 996/1053
f 998/1442 996/1436 1326/1437
f 1533/1712 1540/1722 1542/1724
f 1533/1712 1542/1724 1535/1715
f 345/1469 1337/1453 347/1468
f 345/352 347/354 346/353
f 399/406 416/423 414/421
f 399/406 398/405 397/404
f 399/406 397/404 416/423
f 3683/5639 3149/5645 3154/5644
f 3683/5639 3154/5644 3415/5643
f 3728/5729 3732/5734 3733/5735
f 3728/5729 3407/5733 3732/5734
f 300/307 315/322 317/324
f 300/307 298/305 299/306
f 300/307 317/324 298/305
f 246/1423 248/1422 1310/1407
f 246/253 247/254 248/255
f 4034/6724 4032/6722 4036/6726
f 4034/6724 4031/6721 4032/6722
f 872/1396 1303/1397 1299/1391
f 872/929 874/931 873/930
f 872/1396 1299/1391 874/1390
f 3754/5830 3756/5832 3751/5826
f 3754/5830 3763/5841 3756/5832
f 3670/5618 3659/5607 2083/5619
f 3230/4649 3227/4639 2199/4647
f 3230/4649 3228/4642 3227/4639
f 3221/4622 2156/4620 3218/4612
f 3221/4622 3218/4612 3219/4615
f 3716/5709 2000/5710 3705/5698
f 4094/6938 4098/6943 4097/6942
f 4094/6938 4097/6942 4095/6939
f 1330/1443 1327/1438 1331/1444
f 1330/1443 1326/1437 1327/1438
f 2641/3192 2642/3193 2637/3188
f 2619/3164 2615/3160 2618/3163
f 1303/1397 1304/1398 1300/1392
f 1303/1397 1300/1392 1299/1391
f 566/2575 2209/2576 567/2578
f 566/573 567/574 527/534
f 414/5292 3558/5290 2209/5293
f 414/5292 416/5289 3558/5290
f 2725/4345 3150/4346 3149/4344
f 2725/4345 2722/4353 3151/4347
f 2725/4345 3151/4347 3150/4346
f 2710/5777 3733/5735 3738/5747
f 2710/3328 2712/3330 2707/3323
f 2710/5777 3738/5747 2712/5778
f 1444/2515 1445/2518 2166/2516
f 1444/1575 454/1574 1445/1576
f 315/5245 2166/5246 3534/5243
f 315/5245 3534/5243 317/5242
f 1540/5928 3752/5828 1542/5929
f 2209/5293 3558/5290 567/5291
f 543/550 534/541 535/542
f 543/5866 546/5875 3763/5841
f 543/550 535/542 546/553
f 2191/2547 2190/2546 2192/2549
f 2191/2547 1886/2550 1875/2548
f 2191/2547 2192/2549 1886/2550
f 2190/2546 2199/2559 2194/2552
f 2190/2546 2194/2552 2192/2549
f 2199/4647 3227/4639 2194/4648
f 538/545 495/502 537/544
f 538/5669 537/5670 3652/5600
f 2642/5011 3408/5008 2635/5010
f 2642/3193 2635/3186 2637/3188
f 2839/3553 2196/3560 2840/3554
f 2839/3553 2840/3554 2841/3555
f 4088/6922 1657/6923 4090/6927
f 4088/6922 4089/6925 1780/6924
f 4088/6922 4090/6927 4089/6925
f 4080/6871 4081/6873 1598/6870
f 4080/6871 1770/6878 4082/6875
f 4080/6871 4082/6875 4081/6873
f 2833/3533 2835/3535 2153/3540
f 2833/3533 2834/3534 2835/3535
f 2618/4997 2617/4995 3400/4994
f 2618/3163 2615/3160 2617/3162
f 465/472 464/471 422/429
f 465/5758 3697/5689 464/5759
f 2156/2499 2147/2486 2151/2492
f 2156/4620 2151/4621 3218/4612
f 2147/2486 2148/2487 2149/2489
f 2147/2486 2149/2489 2151/2492
f 2148/2487 1851/2488 1861/2490
f 2148/2487 1861/2490 2149/2489
f 2166/5246 1445/5244 3534/5243
f 470/477 462/469 461/468
f 470/6940 4095/6939 473/7013
f 470/477 473/480 462/469
f 4036/6948 4032/6966 4100/6945
f 1331/1444 363/1447 1337/1453
f 1331/1444 1327/1438 363/1447
f 3751/5826 3753/5829 3752/5828
f 3751/5826 3756/5832 3753/5829
f 1738/1942 1740/1944 1745/1949
f 1738/1942 1739/1943 1740/1944
f 1875/2142 1886/2153 1876/2143
f 1657/6923 1649/6930 4090/6927
f 3149/4344 3150/4346 3154/4350
f 3733/5735 3732/5734 3738/5747
f 1598/6870 4081/6873 1590/6874
f 1851/2112 1850/2111 1861/2122
f 1709/1903 1716/1910 1710/1904
f 1709/1903 1710/1904 1711/1905
f 4098/6943 4100/6945 4099/6944
f 4098/6943 4099/6944 4097/6942
f 1304/1398 1310/1407 264/1401
f 1304/1398 264/1401 1300/1392
f 527/534 530/537 528/535
f 527/534 567/574 530/537
f 534/541 528/535 531/538
f 534/541 531/538 535/542
f 1897/2168 1892/2162 1898/2170
f 3408/5008 3409/5009 2635/5010
f 3400/4994 2617/4995 3401/4996
f 1872/2137 1873/2139 1867/2131
f 461/468 458/465 455/462
f 461/468 462/469 458/465
f 454/461 455/462 457/464
f 454/1574 457/1577 1445/1576
f 1745/1949 511/1959 506/1962
f 1745/1949 1740/1944 511/1959
f 1716/1910 433/1923 438/1920
f 1716/1910 438/1920 1710/1904
f 492/499 496/503 495/502
f 492/499 506/513 497/504
f 492/499 497/504 496/503
f 495/502 496/503 537/544
f 422/429 423/430 420/427
f 422/429 464/471 423/430
f 420/427 424/431 433/440
f 420/427 423/430 424/431
f 1337/1453 363/1447 347/1468
f 528/535 530/537 531/538
f 506/513 511/518 497/504
f 1639/1825 1638/1824 1640/1826
f 1639/4643 1640/4641 3228/4642
f 1579/4616 3219/4615 1581/4614
f 1579/1765 1581/1767 1580/1766
f 433/440 424/431 438/445
f 455/462 458/465 457/464
f 1310/1407 248/1422 264/1401
f 377/384 346/353 376/383
f 377/384 393/400 398/405
f 377/384 376/383 393/400
f 3653/5601 3651/5599 3659/5607
f 3653/5601 3652/5600 3651/5599
f 2196/2556 2203/2563 2204/2564
f 2196/3560 2204/3559 2840/3554
f 2153/2496 2161/2504 2160/2503
f 2153/3540 2835/3535 2161/3539
f 3695/5687 3696/5688 3697/5689
f 3695/5687 3705/5698 3696/5688
f 278/285 277/284 247/254
f 278/285 299/306 294/301
f 278/285 294/301 277/284
f 346/353 347/354 348/355
f 346/353 348/355 376/383
f 2716/6909 1779/6910 2719/6911
f 2716/3334 2719/3337 2718/3336
f 1779/1993 1780/1994 1782/1996
f 1779/6910 1782/6912 2719/6911
f 1768/6889 2700/6888 2704/6890
f 1768/1982 1772/1986 1770/1984
f 1768/6889 2704/6890 1772/6891
f 2700/3316 2703/3319 2704/3320
f 247/254 249/256 248/255
f 247/254 277/284 249/256
f 997/1717 1536/1716 1538/1719
f 997/1054 995/1052 996/1053
f 997/1717 1538/1719 995/1720
f 398/405 393/400 397/404
f 2841/3555 2842/3556 1648/3569
f 2841/3555 2840/3554 2842/3556
f 2834/3534 1589/3549 2836/3536
f 2834/3534 2836/3536 2835/3535
f 299/306 298/305 294/301
f 873/6744 4027/6717 4050/6750
f 873/930 874/931 875/932
f 873/6744 875/6740 4027/6717
f 1761/2387 2082/2382 1765/2386
f 1761/1975 1751/1955 1739/1943
f 1761/1975 1765/1979 1751/1955
f 1648/1834 1658/1844 1649/1835
f 1648/3569 2842/3556 1658/3568
f 2718/3336 2720/3338 2721/3339
f 2718/3336 2719/3337 2720/3338
f 1780/6924 4089/6925 1783/6926
f 1780/1994 1783/1997 1782/1996
f 1770/6878 1773/6877 4082/6875
f 1770/1984 1772/1986 1773/1987
f 2703/3319 2706/3322 2705/3321
f 2703/3319 2705/3321 2704/3320
f 1589/1775 1590/1776 1599/1785
f 1589/3549 1599/3548 2836/3536
f 1732/2292 1736/2291 1999/2287
f 1732/1936 1711/1905 1722/1916
f 1732/1936 1722/1916 1736/1940
f 1536/1716 1535/1715 1539/1721
f 1536/1716 1539/1721 1538/1719
f 3763/5841 546/5875 3768/5846
f 3763/5841 3768/5846 3756/5832
f 1879/2146 1881/2148 1892/2162
f 1879/2146 1876/2143 1881/2148
f 1638/1824 1655/1841 1642/1828
f 1638/1824 1642/1828 1640/1826
f 3228/4642 3226/4638 3227/4639
f 3228/4642 1640/4641 3226/4638
f 2651/6024 3409/6026 3415/6027
f 2651/6024 2635/6025 3409/6026
f 2651/5663 3415/5643 2653/5649
f 2651/3207 2649/3203 2635/3186
f 2651/3207 2653/3210 2649/3203
f 3415/5643 3154/5644 2653/5649
f 2721/3339 2720/3338 2722/3340
f 2722/4353 3153/4349 3151/4347
f 2722/4353 2720/4354 3153/4349
f 2707/3323 2705/3321 2706/3322
f 2707/3323 2712/3330 2711/3329
f 2707/3323 2711/3329 2705/3321
f 3407/6023 3401/6020 2631/6022
f 3407/5733 2631/5752 2633/5739
f 3407/5733 2633/5739 3732/5734
f 3401/6020 2617/6021 2631/6022
f 2615/3160 2616/3161 2617/3162
f 2631/3181 2617/3162 2629/3177
f 2631/3181 2629/3177 2633/3184
f 3219/4615 3218/4612 3217/4611
f 3219/4615 3217/4611 1581/4614
f 1580/1766 1583/1769 1596/1782
f 1580/1766 1581/1767 1583/1769
f 1854/2115 1867/2131 1856/2117
f 1854/2115 1856/2117 1850/2111
f 4095/6939 4108/6961 473/7013
f 4095/6939 4097/6942 4108/6961
f 4050/6750 4028/6718 4031/6721
f 4050/6750 4027/6717 4028/6718
f 996/1436 1321/1429 1326/1437
f 996/1053 995/1052 994/1051
f 996/1436 994/1427 1321/1429
f 3752/5828 1552/5887 1542/5929
f 3752/5828 3753/5829 1552/5887
f 4100/6945 4032/6966 4033/6946
f 4100/6945 4033/6946 4099/6944
f 874/1390 1299/1391 1293/1382
f 874/931 876/933 875/932
f 874/1390 1293/1382 876/1381
f 3659/5607 3658/5606 2083/5619
f 3659/5607 3651/5599 3658/5606
f 3652/5600 537/5670 558/5596
f 3652/5600 558/5596 3651/5599
f 3697/5689 485/5690 464/5759
f 3697/5689 3696/5688 485/5690
f 3705/5698 2000/5710 3704/5697
f 3705/5698 3704/5697 3696/5688
f 1535/1715 1542/1724 1545/1728
f 1535/1715 1545/1728 1539/1721
f 397/404 417/424 416/423
f 397/404 393/400 395/402
f 397/404 395/402 417/424
f 567/5291 3558/5290 568/5287
f 567/574 568/575 530/537
f 3227/4639 3225/4637 2194/4648
f 3227/4639 3226/4638 3225/4637
f 2635/3186 2649/3203 2636/3187
f 1649/6930 1658/6928 4090/6927
f 1590/6874 4081/6873 1599/6876
f 2617/3162 2616/3161 2627/3175
f 2617/3162 2627/3175 2629/3177
f 3218/4612 2151/4621 3216/4610
f 3218/4612 3216/4610 3217/4611
f 1445/5244 1446/5240 3534/5243
f 1445/1576 457/1577 1446/1578
f 298/305 317/324 318/325
f 298/305 295/302 294/301
f 298/305 318/325 295/302
f 4031/6721 4030/6720 4032/6722
f 4031/6721 4028/6718 4030/6720
f 1326/1437 1325/1435 1327/1438
f 1326/1437 1321/1429 1325/1435
f 1898/2170 1892/2162 1893/2163
f 1898/5362 3571/5359 1655/5363
f 1898/5362 1893/5361 3571/5359
f 1873/2139 1868/2132 1867/2131
f 1873/5330 1596/5331 3563/5327
f 1873/5330 3563/5327 1868/5329
f 1299/1391 1300/1392 1298/1389
f 1299/1391 1298/1389 1293/1382
f 416/5289 3557/5286 3558/5290
f 416/5289 417/5285 3557/5286
f 3558/5290 3557/5286 568/5287
f 1892/2162 1881/2148 1893/2163
f 2082/2382 2083/2383 2084/2385
f 2082/2382 2084/2385 1765/2386
f 2194/2552 2198/2558 2192/2549
f 2194/4648 3225/4637 2198/4658
f 2203/5420 2647/5419 1786/5421
f 2203/2563 1786/2565 2204/2564
f 4090/6927 1783/6926 4089/6925
f 4090/6927 1658/6928 1783/6926
f 3154/4350 3150/4346 3152/4348
f 3154/5644 3152/5655 2653/5649
f 3150/4346 3151/4347 3152/4348
f 3738/5747 3732/5734 3737/5744
f 3738/5747 3737/5744 2712/5778
f 4081/6873 4082/6875 1773/6877
f 4081/6873 1773/6877 1599/6876
f 3732/5734 2633/5739 3737/5744
f 2160/5402 1776/5403 2625/5401
f 2160/2503 2161/2504 1776/2505
f 2151/2492 2149/2489 2155/2498
f 2151/4621 2155/4631 3216/4610
f 1867/2131 1868/2132 1856/2117
f 1999/2287 2001/2290 2000/2288
f 1999/2287 1736/2291 2001/2290
f 3534/5243 3533/5239 317/5242
f 3534/5243 1446/5240 3533/5239
f 317/5242 3533/5239 318/5238
f 347/354 363/370 352/359
f 347/354 352/359 348/355
f 546/553 535/542 536/543
f 546/5875 551/5873 3768/5846
f 546/553 536/543 551/558
f 530/537 532/539 531/538
f 530/537 568/575 532/539
f 2083/5619 3658/5606 2084/5632
f 537/544 496/503 547/554
f 537/544 547/554 558/565
f 2638/3189 2640/3191 2647/3201
f 2638/3189 2636/3187 2640/3191
f 2840/3554 2204/3559 1786/3558
f 2840/3554 1786/3558 2842/3556
f 2647/5419 2648/5422 1786/5421
f 2647/3201 2640/3191 2648/3202
f 2625/3173 2626/3174 2616/3161
f 2625/5401 1776/5403 2628/5404
f 2625/3173 2628/3176 2626/3174
f 2616/3161 2626/3174 2627/3175
f 2835/3535 1776/3538 2161/3539
f 2835/3535 2836/3536 1776/3538
f 464/471 474/481 423/430
f 464/471 485/492 474/481
f 2000/5710 2001/5722 3704/5697
f 457/464 458/465 459/466
f 457/1577 459/1579 1446/1578
f 473/480 463/470 462/469
f 473/7013 4108/6961 478/7014
f 473/480 478/485 463/470
f 248/255 253/260 264/271
f 248/255 249/256 253/260
f 1327/1438 367/1446 363/1447
f 1327/1438 1325/1435 367/1446
f 1300/1392 264/1401 268/1400
f 1300/1392 268/1400 1298/1389
f 1542/1724 1552/1737 1545/1728
f 1739/1943 1741/1945 1740/1944
f 1739/1943 1751/1955 1741/1945
f 2192/2549 2193/2551 1886/2550
f 2192/2549 2198/2558 2193/2551
f 496/503 497/504 548/555
f 496/503 548/555 547/554
f 3151/4347 3153/4349 3152/4348
f 2712/5778 3737/5744 2711/5779
f 423/430 475/482 424/431
f 423/430 474/481 475/482
f 2149/2489 1861/2490 2150/2491
f 2149/2489 2150/2491 2155/2498
f 1711/1905 1710/1904 1712/1906
f 1711/1905 1712/1906 1722/1916
f 4032/6722 4030/6720 4033/6723
f 3756/5832 3768/5846 3762/5840
f 3756/5832 3762/5840 3757/5833
f 3756/5832 3757/5833 3753/5829
f 535/542 531/538 533/540
f 535/542 533/540 536/543
f 531/538 532/539 533/540
f 1655/5363 3571/5359 1642/5365
f 1596/5331 1583/5333 3563/5327
f 458/465 462/469 460/467
f 458/465 460/467 459/466
f 462/469 463/470 460/467
f 4097/6942 4104/6953 4108/6961
f 4097/6942 4103/6952 4104/6953
f 4097/6942 4099/6944 4103/6952
f 497/1968 511/1959 552/1967
f 497/504 552/559 548/555
f 424/1929 479/1928 438/1920
f 424/431 475/482 479/486
f 363/370 367/374 352/359
f 264/271 253/260 268/275
f 2636/3187 2649/3203 2640/3191
f 2627/3175 2626/3174 2629/3177
f 2653/3210 2652/3208 2649/3203
f 2653/5649 3152/5655 2652/5656
f 2633/3184 2629/3177 2632/3182
f 2633/5739 2632/5745 3737/5744
f 995/1720 1538/1719 1544/1726
f 995/1052 993/1050 994/1051
f 995/1720 1544/1726 993/1727
f 376/383 401/408 393/400
f 376/383 348/355 380/387
f 376/383 380/387 401/408
f 1876/2143 1886/2153 1883/2150
f 1876/2143 1882/2149 1881/2148
f 1876/2143 1883/2150 1882/2149
f 1886/2550 2193/2551 1888/2553
f 1886/2153 1888/2155 1883/2150
f 1640/4641 1643/4640 3226/4638
f 1640/1826 1642/1828 1643/1829
f 2649/3203 2652/3208 2640/3191
f 2629/3177 2626/3174 2632/3182
f 1581/4614 3217/4611 1584/4613
f 1581/1767 1584/1770 1583/1769
f 1861/2122 1850/2111 1858/2119
f 1861/2490 1863/2493 2150/2491
f 1861/2122 1858/2119 1863/2124
f 1850/2111 1856/2117 1857/2118
f 1850/2111 1857/2118 1858/2119
f 277/284 294/301 302/309
f 277/284 281/288 249/256
f 277/284 302/309 281/288
f 875/932 876/933 877/934
f 875/6740 4022/6712 4027/6717
f 875/6740 877/6709 4022/6712
f 1740/1944 1746/1950 511/1959
f 1740/1944 1741/1945 1746/1950
f 511/1959 1746/1950 552/1967
f 3651/5599 558/5596 3650/5598
f 3651/5599 3650/5598 3658/5606
f 2842/3556 1786/3558 1658/3568
f 2836/3536 1599/3548 1776/3538
f 3696/5688 3698/5691 485/5690
f 3696/5688 3704/5697 3698/5691
f 438/1920 1717/1911 1710/1904
f 438/1920 479/1928 1717/1911
f 1710/1904 1717/1911 1712/1906
f 1765/2386 2084/2385 1760/2388
f 1765/2386 1760/2388 1751/2394
f 3226/4638 3224/4633 3225/4637
f 3226/4638 1643/4640 3224/4633
f 1658/6928 1786/6929 1783/6926
f 1599/6876 1773/6877 1776/6880
f 3217/4611 3216/4610 3215/4606
f 3217/4611 3215/4606 1584/4613
f 1736/2291 1731/2293 2001/2290
f 1736/2291 1722/2299 1731/2293
f 1538/1719 1539/1721 1543/1725
f 1538/1719 1543/1725 1544/1726
f 994/1427 1320/1428 1321/1429
f 994/1051 993/1050 992/1049
f 994/1427 992/1430 1320/1428
f 568/5287 3557/5286 569/5284
f 568/575 569/576 532/539
f 1881/2148 1882/2149 1893/2163
f 1856/2117 1868/2132 1857/2118
f 1446/5240 1447/5237 3533/5239
f 1446/1578 459/1579 1447/1580
f 876/1381 1293/1382 1294/1383
f 876/933 878/935 877/934
f 876/1381 1294/1383 878/1384
f 4027/6717 4026/6716 4028/6718
f 4027/6717 4022/6712 4026/6716
f 393/400 394/401 395/402
f 393/400 401/408 396/403
f 393/400 396/403 394/401
f 3225/4637 2210/4635 2198/4658
f 3225/4637 3224/4633 2210/4635
f 558/565 547/554 561/568
f 558/5596 561/5597 3650/5598
f 485/5690 3699/5692 474/5766
f 485/5690 3698/5691 3699/5692
f 3216/4610 2155/4631 2167/4607
f 3216/4610 2167/4607 3215/4606
f 294/301 295/302 296/303
f 294/301 297/304 302/309
f 294/301 296/303 297/304
f 395/5288 3555/5282 417/5285
f 395/5288 394/5281 3555/5282
f 3557/5286 417/5285 3556/5283
f 3557/5286 3556/5283 569/5284
f 1893/5361 1889/5360 3571/5359
f 1893/2163 1882/2149 1889/2157
f 2198/2558 2195/2554 2193/2551
f 2198/4658 2210/4635 2195/4659
f 3152/4348 3153/4349 2720/4354
f 3152/5655 2654/5672 2652/5656
f 3152/4348 2720/4354 2654/4355
f 3737/5744 2705/5780 2711/5779
f 3737/5744 2632/5745 2634/5763
f 3737/5744 2634/5763 2705/5780
f 2155/2498 2150/2491 2152/2494
f 2155/4631 2152/4632 2167/4607
f 1868/5329 3563/5327 1864/5328
f 1868/2132 1864/2126 1857/2118
f 3533/5239 3532/5236 318/5238
f 3533/5239 1447/5237 3532/5236
f 295/5241 318/5238 3531/5235
f 295/5241 3531/5235 296/5234
f 3768/5846 551/5873 554/5867
f 3768/5846 3769/5847 3762/5840
f 3768/5846 554/5867 3769/5847
f 417/5285 3555/5282 3556/5283
f 532/539 540/547 533/540
f 532/539 569/576 540/547
f 459/466 460/467 467/474
f 459/1579 467/1581 1447/1580
f 318/5238 3532/5236 3531/5235
f 4108/6961 481/7015 478/7014
f 4108/6961 4104/6953 4129/7017
f 4108/6961 4129/7017 481/7015
f 1539/1721 1545/1728 1546/1729
f 1539/1721 1546/1729 1543/1725
f 1321/1429 1323/1433 1325/1435
f 1321/1429 1320/1428 1323/1433
f 2084/5632 3658/5606 2085/5624
f 2084/2385 2085/2389 1760/2388
f 547/554 548/555 555/562
f 547/554 555/562 561/568
f 1783/1997 1786/2000 1782/1996
f 1773/1987 1772/1986 1776/1990
f 474/481 482/489 475/482
f 474/5766 3699/5692 482/5767
f 2001/5722 2002/5714 3704/5697
f 2001/2290 1731/2293 2002/2294
f 1293/1382 1298/1389 1296/1387
f 1293/1382 1296/1387 1294/1383
f 4028/6718 4029/6719 4030/6720
f 4028/6718 4026/6716 4029/6719
f 551/558 536/543 542/549
f 551/558 542/549 554/561
f 2193/2551 2195/2554 1888/2553
f 548/555 552/559 556/563
f 548/555 556/563 555/562
f 1782/6230 1786/6227 2719/6226
f 1772/6225 2704/6222 1776/6221
f 475/482 483/490 479/486
f 475/482 482/489 483/490
f 2150/2491 1863/2493 2152/2494
f 478/485 469/476 463/470
f 478/485 481/488 469/476
f 1552/1737 1553/1738 1545/1728
f 1552/5887 3753/5829 1553/5835
f 533/540 541/548 536/543
f 533/540 540/547 541/548
f 2652/3208 2654/3211 2648/3202
f 2652/3208 2648/3202 2640/3191
f 2719/6226 1786/6227 2720/6228
f 1786/6227 2654/6229 2720/6228
f 1786/5421 2648/5422 2654/5428
f 1776/6221 2704/6222 2705/6223
f 1776/6221 2705/6223 2634/6224
f 1776/5403 2634/5410 2628/5404
f 2632/3182 2628/3176 2634/3185
f 2632/3182 2626/3174 2628/3176
f 460/467 463/470 468/475
f 460/467 468/475 467/474
f 4033/6723 4030/6720 4035/6725
f 4033/6946 4035/6954 4099/6944
f 1325/1435 1333/1448 367/1446
f 1325/1435 1323/1433 1333/1448
f 536/543 541/548 542/549
f 1751/1955 1748/1952 1741/1945
f 1751/1955 1760/1974 1748/1952
f 1722/1916 1712/1906 1719/1913
f 1722/1916 1719/1913 1731/1935
f 463/470 469/476 468/475
f 1298/1389 268/1400 1306/1402
f 1298/1389 1306/1402 1296/1387
f 552/1967 1746/1950 557/1966
f 552/559 557/564 556/563
f 479/1928 484/1927 1717/1911
f 479/486 483/490 484/491
f 1545/1728 1553/1738 1546/1729
f 352/359 367/374 357/364
f 352/359 357/364 348/355
f 1741/1945 1747/1951 1746/1950
f 1741/1945 1748/1952 1747/1951
f 3658/5606 3650/5598 3661/5609
f 3658/5606 3661/5609 2085/5624
f 3704/5697 3707/5700 3698/5691
f 3704/5697 2002/5714 3707/5700
f 1712/1906 1717/1911 1718/1912
f 1712/1906 1718/1912 1719/1913
f 253/260 258/265 268/275
f 253/260 249/256 258/265
f 4030/6720 4029/6719 4035/6725
f 3571/5359 1645/5358 1642/5365
f 3571/5359 1889/5360 1895/5356
f 3571/5359 1895/5356 1645/5358
f 3563/5327 1583/5333 1586/5324
f 3563/5327 1870/5326 1864/5328
f 3563/5327 1586/5324 1870/5326
f 367/1446 1333/1448 357/1465
f 268/1400 258/1419 1306/1402
f 3762/5840 3761/5839 3757/5833
f 3762/5840 3769/5847 3773/5852
f 3762/5840 3773/5852 2484/5855
f 3762/5840 2484/5855 3761/5839
f 1642/1828 1644/1830 1643/1829
f 1642/1828 1645/1831 1644/1830
f 1583/1769 1584/1770 1585/1771
f 1583/1769 1585/1771 1586/1772
f 4104/6953 4103/6952 4105/6955
f 4104/6953 3603/6957 4129/7017
f 4104/6953 4106/6956 3603/6957
f 4104/6953 4105/6955 4106/6956
f 993/1050 991/1048 992/1049
f 993/4269 1544/4270 3118/4267
f 993/4269 3118/4267 991/4268
f 3753/5829 3757/5833 3758/5834
f 3753/5829 3758/5834 1553/5835
f 348/355 381/388 380/387
f 348/355 357/364 381/388
f 569/5284 3556/5283 570/5280
f 569/576 570/577 540/547
f 1882/2149 1883/2150 1884/2151
f 1882/2149 1884/2151 1889/2157
f 1857/2118 1859/2120 1858/2119
f 1857/2118 1864/2126 1859/2120
f 1447/1580 467/1581 1448/1582
f 1447/5237 1448/5233 3532/5236
f 249/256 281/288 282/289
f 249/256 282/289 258/265
f 4099/6944 4110/6963 4103/6952
f 4099/6944 4035/6954 4110/6963
f 877/934 878/935 879/936
f 877/6709 4018/6706 4022/6712
f 877/6709 879/6707 4018/6706
f 1760/2388 2085/2389 1756/2392
f 1760/1974 1756/1970 1748/1952
f 1643/4640 1653/4634 3224/4633
f 1643/1829 1644/1830 1653/1839
f 3224/4633 1653/4634 2210/4635
f 3650/5598 561/5597 3662/5610
f 3650/5598 3662/5610 3661/5609
f 3215/4606 1594/4608 1584/4613
f 3215/4606 2167/4607 1594/4608
f 3698/5691 3708/5701 3699/5692
f 3698/5691 3707/5700 3708/5701
f 1584/1770 1594/1780 1585/1771
f 1731/2293 1727/2297 2002/2294
f 1731/1935 1719/1913 1727/1931
f 1883/2150 1888/2155 1885/2152
f 1883/2150 1885/2152 1884/2151
f 1858/2119 1860/2121 1863/2124
f 1858/2119 1859/2120 1860/2121
f 992/1430 1322/1431 1320/1428
f 992/1049 991/1048 990/1047
f 992/1430 990/1432 1322/1431
f 401/408 380/387 402/409
f 401/4438 3178/4434 3181/4437
f 401/4438 402/4440 3178/4434
f 401/4438 3181/4437 396/4439
f 3556/5283 3555/5282 3554/5279
f 3556/5283 3554/5279 570/5280
f 540/547 549/556 541/548
f 540/547 570/577 549/556
f 1889/2157 1884/2151 1895/2165
f 2210/2580 1887/2555 2195/2554
f 2210/4635 1653/4634 1887/4636
f 561/568 555/562 563/570
f 561/5597 563/5662 3662/5610
f 3699/5692 3739/5751 482/5767
f 3699/5692 3708/5701 3739/5751
f 2167/2520 2152/2494 1862/2495
f 2167/4607 1862/4609 1594/4608
f 1864/2126 1870/2134 1859/2120
f 467/474 468/475 476/483
f 467/1581 476/1583 1448/1582
f 3532/5236 3530/5232 3531/5235
f 3532/5236 1448/5233 3530/5232
f 302/309 303/310 281/288
f 302/4398 3163/4397 3160/4394
f 302/4398 3160/4394 303/4400
f 302/4398 297/4399 3163/4397
f 878/1384 1294/1383 1295/1385
f 878/935 880/937 879/936
f 878/1384 1295/1385 880/1386
f 1544/1726 1543/1725 1547/1730
f 1544/4270 1547/4265 3118/4267
f 1746/1950 1755/1963 557/1966
f 1746/1950 1747/1951 1752/1956
f 1746/1950 1752/1956 1755/1963
f 2195/2554 1887/2555 1888/2553
f 2152/2494 1863/2493 1862/2495
f 1717/1911 484/1927 1726/1924
f 1717/1911 1723/1917 1718/1912
f 1717/1911 1726/1924 1723/1917
f 4022/6712 4019/6708 4026/6716
f 4022/6712 4018/6706 4019/6708
f 3757/5833 3761/5839 3758/5834
f 394/5281 3553/5278 3555/5282
f 394/401 396/403 405/412
f 394/5281 405/5254 3553/5278
f 3555/5282 3553/5278 3554/5279
f 555/562 556/563 560/567
f 555/562 560/567 563/570
f 482/489 487/494 483/490
f 482/5767 3739/5751 487/5768
f 3531/5235 3529/5231 296/5234
f 3531/5235 3530/5232 3529/5231
f 296/303 306/313 297/304
f 296/5234 3529/5231 306/5207
f 4103/6952 4110/6963 4105/6955
f 3769/5847 554/5867 1847/5864
f 3769/5847 3774/5853 3773/5852
f 3769/5847 1847/5864 3774/5853
f 556/563 557/564 559/566
f 556/563 559/566 560/567
f 483/490 486/493 484/491
f 483/490 487/494 486/493
f 4129/7017 1827/7018 481/7015
f 4129/7017 3603/6957 4138/7038
f 4129/7017 4138/7038 1827/7018
f 541/548 550/557 542/549
f 541/548 549/556 550/557
f 1888/2155 1887/2154 1885/2152
f 1863/2124 1860/2121 1862/2123
f 468/475 469/476 477/484
f 468/475 477/484 476/483
f 1543/1725 1546/1729 1549/1732
f 1543/1725 1549/1732 1547/1730
f 1320/1428 1324/1434 1323/1433
f 1320/1428 1322/1431 1324/1434
f 380/387 403/410 402/409
f 380/387 381/388 403/410
f 554/2109 542/2108 1848/2105
f 554/2109 1848/2105 1847/2098
f 542/2108 550/2106 1848/2105
f 2085/2389 1766/2393 1756/2392
f 2085/5624 3661/5609 1766/5628
f 2002/2294 1727/2297 1737/2298
f 2002/5714 1737/5718 3707/5700
f 469/2077 481/2078 1828/2074
f 469/2077 1828/2074 477/2075
f 481/2078 1827/2067 1828/2074
f 281/288 303/310 304/311
f 281/288 304/311 282/289
f 1294/1383 1296/1387 1297/1388
f 1294/1383 1297/1388 1295/1385
f 4026/6716 4051/6751 4029/6719
f 4026/6716 4019/6708 4051/6751
f 557/1966 1755/1963 559/1969
f 484/1927 486/1930 1726/1924
f 3178/4434 3180/4436 3181/4437
f 3178/4434 402/4440 3179/4435
f 3178/4434 3179/4435 3180/4436
f 3160/4394 3163/4397 3161/4395
f 3160/4394 3161/4395 3162/4396
f 3160/4394 3162/4396 303/4400
f 1323/1433 1332/1445 1333/1448
f 1323/1433 1324/1434 1332/1445
f 2484/5855 3773/5852 3617/5886
f 2484/5855 3617/5886 2482/5941
f 2484/2963 2482/2961 2483/2962
f 2484/5855 2478/5871 3761/5839
f 2484/2963 2483/2962 2478/2956
f 1747/1951 1748/1952 1752/1956
f 1718/1912 1723/1917 1719/1913
f 4106/6956 3597/6958 3603/6957
f 4106/6956 2456/6959 3597/6958
f 4106/6956 4128/7008 2456/6959
f 4106/6956 4105/6955 4107/6960
f 4106/6956 4107/6960 4128/7008
f 1296/1387 1306/1402 1305/1399
f 1296/1387 1305/1399 1297/1388
f 3773/5852 3616/5911 3617/5886
f 3773/5852 3774/5853 3775/5854
f 3773/5852 3775/5854 3616/5911
f 3181/5255 3541/5256 396/5253
f 3181/6117 3180/6116 3541/6113
f 396/5253 3540/5252 405/5254
f 396/5253 3541/5256 3535/5247
f 396/5253 3535/5247 3540/5252
f 1748/1952 1756/1970 1753/1960
f 1748/1952 1753/1960 1752/1956
f 1719/1913 1724/1921 1727/1931
f 1719/1913 1723/1917 1724/1921
f 297/5206 3517/5208 3163/5209
f 297/5206 306/5207 3516/5205
f 297/5206 3511/5200 3517/5208
f 297/5206 3516/5205 3511/5200
f 3163/6088 3517/6084 3161/6087
f 3603/5467 3597/5459 3596/5458
f 3603/6957 3604/7041 4138/7038
f 3603/5467 3596/5458 3604/5469
f 1546/1729 1553/1738 1549/1732
f 1895/5356 1659/5357 1645/5358
f 1895/2165 1884/2151 1659/2156
f 1645/1831 1659/1845 1644/1830
f 1586/5324 1600/5325 1870/5326
f 1586/1772 1585/1771 1600/1786
f 1870/2134 1600/2125 1859/2120
f 4029/6719 4051/6751 4035/6725
f 402/4440 3194/4469 3179/4435
f 402/4440 403/4467 3194/4469
f 3180/4673 3179/4674 3195/4672
f 3180/4673 3195/4672 3234/4671
f 3180/6116 3234/6115 3541/6113
f 570/5280 3554/5279 571/5277
f 570/577 571/578 549/556
f 1884/2151 1885/2152 1887/2154
f 1884/2151 1887/2154 1659/2156
f 1859/2120 1862/2123 1860/2121
f 1859/2120 1600/2125 1862/2123
f 1448/1582 476/1583 1449/1584
f 1448/5233 1449/5230 3530/5232
f 3161/4667 3177/4666 3162/4668
f 3161/4667 3233/4663 3177/4666
f 3161/6087 3517/6084 3233/6086
f 303/4400 3162/4396 3176/4429
f 303/4400 3176/4429 304/4427
f 1333/1448 383/1466 357/1465
f 1333/1448 1332/1445 383/1466
f 357/364 383/390 381/388
f 258/1419 284/1420 1306/1402
f 258/265 282/289 284/291
f 1306/1402 284/1420 1305/1399
f 3617/5886 3615/5942 2482/5941
f 3617/5492 3616/5491 3615/5490
f 3554/5279 3553/5278 3551/5268
f 3554/5279 3551/5268 571/5277
f 549/2107 572/2104 550/2106
f 549/556 571/578 572/579
f 476/2076 477/2075 1450/2073
f 476/1583 1450/1585 1449/1584
f 3530/5232 3527/5221 3529/5231
f 3530/5232 1449/5230 3527/5221
f 3597/6958 2456/6959 3595/7007
f 3597/5459 3595/5457 3596/5458
f 3179/4435 3194/4469 3195/4472
f 3162/4396 3177/4432 3176/4429
f 3195/4672 948/4669 3234/4671
f 3195/4472 949/4471 948/4473
f 3195/4472 3194/4469 3193/4468
f 3195/4472 3193/4468 949/4471
f 3553/5278 405/5254 3550/5267
f 3553/5278 3550/5267 3551/5268
f 3529/5231 3526/5220 306/5207
f 3529/5231 3527/5221 3526/5220
f 3177/4666 3233/4663 918/4665
f 3177/4432 918/4433 919/4431
f 3177/4432 3175/4428 3176/4429
f 3177/4432 919/4431 3175/4428
f 991/1048 989/1046 990/1047
f 991/4268 3118/4267 3106/4249
f 991/4268 3106/4249 989/4250
f 948/4669 951/4670 3234/4671
f 948/1005 950/1007 951/1008
f 948/1005 949/1006 950/1007
f 3234/6115 951/6114 3541/6113
f 405/5254 3540/5252 3550/5267
f 1756/1970 1766/1980 1759/1973
f 1756/1970 1759/1973 1753/1960
f 1727/1931 1730/1934 1737/1941
f 1727/1931 1724/1921 1730/1934
f 306/5207 3526/5220 3516/5205
f 3233/4663 916/4664 918/4665
f 3233/6086 3517/6084 916/6085
f 918/975 916/973 917/974
f 918/975 917/974 919/976
f 879/936 880/937 882/939
f 879/6707 4016/6704 4018/6706
f 879/6707 882/6737 4016/6704
f 1553/1738 1555/1740 1549/1732
f 1553/5835 3758/5834 1555/5836
f 2482/5500 3615/5490 2485/5488
f 2482/2961 2485/2966 2481/2960
f 2482/2961 2477/2955 2483/2962
f 2482/2961 2481/2960 2477/2955
f 550/2106 1843/2093 1848/2105
f 550/2106 572/2104 1843/2093
f 3661/5609 3676/5631 1766/5628
f 3661/5609 3662/5610 3676/5631
f 3707/5700 1737/5718 3721/5721
f 3707/5700 3721/5721 3708/5701
f 477/2075 1828/2074 1823/2062
f 477/2075 1823/2062 1450/2073
f 2456/5468 2457/5455 3595/5457
f 2456/2924 2455/2923 2457/2927
f 2456/2924 2452/2919 2455/2923
f 2456/6959 4128/7008 2452/7047
f 4035/6762 4051/6763 4044/6764
f 4035/6954 4044/7039 4110/6963
f 990/1432 1329/1440 1322/1431
f 990/1047 989/1046 988/1045
f 990/1432 988/1441 1329/1440
f 951/1008 950/1007 952/1009
f 951/1008 952/1009 953/1010
f 951/6114 953/6111 3541/6113
f 916/973 915/972 917/974
f 916/6085 3517/6084 913/6082
f 916/973 913/970 915/972
f 880/1386 1295/1385 1302/1394
f 880/937 881/938 882/939
f 880/1386 1302/1394 881/1395
f 3774/5853 1847/5864 1841/5858
f 3774/5853 1841/5858 3775/5854
f 1847/2098 1848/2105 1842/2092
f 1847/2098 1842/2092 1841/2091
f 1848/2105 1843/2093 1842/2092
f 1766/5628 3676/5631 1759/5674
f 1737/5718 1730/5765 3721/5721
f 1828/2074 1827/2067 1822/2061
f 1828/2074 1822/2061 1823/2062
f 1827/7018 4138/7038 1821/7046
f 1827/2067 1821/2060 1822/2061
f 4138/7038 3604/7041 1821/7046
f 3118/4267 1547/4265 3107/4251
f 3118/4267 3107/4251 3106/4249
f 950/5501 2485/5488 952/5493
f 950/2964 2481/2960 2485/2966
f 950/2964 965/2958 2481/2960
f 950/1007 949/1006 965/1022
f 3615/5490 3613/5486 2485/5488
f 3615/5490 3616/5491 3613/5486
f 3595/5457 2457/5455 3593/5453
f 3595/5457 3593/5453 3596/5458
f 917/5470 915/5460 2457/5455
f 917/2925 2457/2927 2455/2923
f 917/2925 2455/2923 920/2921
f 917/974 920/977 919/976
f 4018/6706 4017/6705 4019/6708
f 4018/6706 4016/6704 4017/6705
f 1322/1431 1328/1439 1324/1434
f 1322/1431 1329/1440 1328/1439
f 3761/5839 2478/5871 3760/5838
f 3761/5839 3760/5838 3758/5834
f 2485/5488 954/5487 952/5493
f 2485/5488 3613/5486 954/5487
f 952/1009 954/1011 953/1010
f 3541/6113 953/6111 3827/6110
f 3541/6113 3827/6110 3535/6112
f 3517/6084 3511/6083 3817/6081
f 3517/6084 3817/6081 913/6082
f 915/5460 914/5454 2457/5455
f 915/972 913/970 914/971
f 2457/5455 914/5454 3593/5453
f 4105/6955 4130/7019 4107/6960
f 4105/6955 4110/6963 4130/7019
f 1295/1385 1297/1388 1301/1393
f 1295/1385 1301/1393 1302/1394
f 3194/4469 3192/4466 3193/4468
f 3194/4469 403/4467 3192/4466
f 2483/2962 2477/2955 2478/2956
f 2481/2960 965/2958 2475/2953
f 2481/2960 2475/2953 2477/2955
f 2455/2923 2450/2917 920/2921
f 2455/2923 2452/2919 2450/2917
f 4128/7008 4107/6960 2452/7047
f 3176/4429 3175/4428 3174/4426
f 3176/4429 3174/4426 304/4427
f 3616/5911 3775/5854 3614/5882
f 3616/5491 3614/5489 3613/5486
f 3596/7064 3594/7065 3604/7066
f 3596/5458 3593/5453 3594/5456
f 1547/4265 1549/4266 1556/4264
f 1547/4265 1556/4264 3107/4251
f 571/578 573/580 572/579
f 571/5277 3551/5268 3549/5266
f 571/5277 3549/5266 573/5269
f 1752/1956 1753/1960 1754/1961
f 1752/1956 1754/1961 1755/1963
f 1644/1830 1659/1845 1653/1839
f 1585/1771 1594/1780 1600/1786
f 1723/1917 1725/1922 1724/1921
f 1723/1917 1726/1924 1725/1922
f 1449/1584 1450/1585 1451/1586
f 1449/5230 3525/5219 3527/5221
f 1449/5230 1451/5222 3525/5219
f 4019/6708 4023/6713 4051/6751
f 4019/6708 4017/6705 4023/6713
f 2478/2956 2477/2955 2467/2937
f 2478/5871 2467/5884 3760/5838
f 572/2104 1840/2090 1843/2093
f 572/579 573/580 574/581
f 572/2104 574/2099 1840/2090
f 1659/2156 1887/2154 1653/2171
f 1600/2125 1594/2140 1862/2123
f 1450/2073 1823/2062 1820/2059
f 1450/1585 1452/1587 1451/1586
f 1450/2073 1820/2059 1452/2068
f 4107/6960 2442/7020 2452/7047
f 4107/6960 4130/7019 2442/7020
f 1324/1434 1334/1450 1332/1445
f 1324/1434 1328/1439 1334/1450
f 949/4471 3193/4468 966/4465
f 949/1006 966/1023 965/1022
f 1753/1960 1759/1973 1754/1961
f 1724/1921 1725/1922 1730/1934
f 919/976 920/977 921/978
f 919/4431 921/4425 3175/4428
f 1297/1388 1305/1399 1307/1404
f 1297/1388 1307/1404 1301/1393
f 3551/5268 3550/5267 3548/5265
f 3551/5268 3548/5265 3549/5266
f 3527/5221 3524/5218 3526/5220
f 3527/5221 3525/5219 3524/5218
f 1549/1732 1555/1740 1556/1741
f 4051/6751 4023/6713 4044/6739
f 3193/4468 3191/4461 966/4465
f 3193/4468 3192/4466 3191/4461
f 965/2958 967/2948 2475/2953
f 965/1022 966/1023 967/1024
f 1843/2093 1839/2089 1842/2092
f 1843/2093 1840/2090 1839/2089
f 1823/2062 1822/2061 1819/2058
f 1823/2062 1819/2058 1820/2059
f 920/2921 2450/2917 922/2912
f 920/977 922/979 921/978
f 3175/4428 921/4425 3173/4421
f 3175/4428 3173/4421 3174/4426
f 1332/1445 1334/1450 383/1466
f 403/410 381/388 404/411
f 403/4467 404/4464 3192/4466
f 2477/2955 2475/2953 2468/2938
f 2477/2955 2468/2938 2467/2937
f 3550/5267 3540/5252 3548/5265
f 3526/5220 3524/5218 3516/5205
f 2452/2919 2443/2902 2450/2917
f 2452/2919 2442/2901 2443/2902
f 304/311 305/312 282/289
f 304/4427 3174/4426 305/4424
f 1305/1399 284/1420 1307/1404
f 1842/2092 1839/2089 1841/2091
f 3662/5610 563/5662 564/5653
f 3662/5610 564/5653 3676/5631
f 3708/5701 489/5742 3739/5751
f 3708/5701 3721/5721 489/5742
f 1822/2061 1821/2060 1819/2058
f 3540/5252 3535/5247 3537/5249
f 3540/5252 3537/5249 3548/5265
f 3516/5205 3512/5201 3511/5200
f 3516/5205 3524/5218 3512/5201
f 381/388 383/390 384/391
f 381/388 384/391 404/411
f 2475/2953 967/2948 2462/2932
f 2475/2953 2462/2932 2468/2938
f 1755/1963 562/1964 559/1969
f 1755/1963 1754/1961 562/1964
f 563/570 560/567 564/571
f 3739/5751 489/5742 487/5768
f 1726/1924 486/1930 488/1925
f 1726/1924 488/1925 1725/1922
f 2450/2917 2437/2896 922/2912
f 2450/2917 2443/2902 2437/2896
f 282/289 285/292 284/291
f 282/289 305/312 285/292
f 989/1046 987/1044 988/1045
f 989/4250 3106/4249 3104/4247
f 989/4250 3104/4247 987/4246
f 3758/5834 3759/5837 1555/5836
f 3758/5834 3760/5838 3759/5837
f 1841/5858 1838/5859 3775/5854
f 1841/2091 1839/2089 1838/2088
f 559/566 562/569 560/567
f 560/567 562/569 564/571
f 487/494 488/495 486/493
f 487/494 489/496 488/495
f 1821/7046 3604/7041 1818/7048
f 1821/2060 1818/2057 1819/2058
f 4110/6963 4044/7039 4137/7037
f 4110/6963 4137/7037 4130/7019
f 882/939 881/938 883/940
f 882/6737 4014/6701 4016/6704
f 882/6737 883/6702 4014/6701
f 966/1023 968/1025 967/1024
f 966/4465 3191/4461 968/4459
f 1759/5674 3676/5631 1757/5654
f 1759/1973 1757/1971 1754/1961
f 3676/5631 564/5653 1757/5654
f 3721/5721 1730/5765 1728/5743
f 3721/5721 1728/5743 489/5742
f 1730/1934 1725/1922 1728/1932
f 921/978 922/979 923/980
f 921/4425 923/4419 3173/4421
f 988/3991 3050/3984 1329/3989
f 988/1045 987/1044 986/1043
f 988/3991 986/3983 3050/3984
f 3775/5854 3622/5860 3614/5882
f 3775/5854 1838/5859 3622/5860
f 3604/7041 3594/7050 3602/7049
f 3604/7041 3602/7049 1818/7048
f 881/3955 1302/3953 3034/3948
f 881/938 884/941 883/940
f 881/3955 3034/3948 884/3947
f 573/580 575/582 574/581
f 573/5269 3549/5266 3542/5257
f 573/5269 3542/5257 575/5270
f 574/2099 1833/2083 1840/2090
f 574/581 575/582 576/583
f 574/2099 576/2100 1833/2083
f 1452/1587 1453/1588 1451/1586
f 1452/2068 1820/2059 1813/2052
f 1452/1587 1454/1589 1453/1588
f 1452/2068 1813/2052 1454/2069
f 1451/5222 3518/5210 3525/5219
f 1451/5222 1453/5223 3518/5210
f 3106/4249 3107/4251 3105/4248
f 3106/4249 3105/4248 3104/4247
f 383/4000 1334/3992 385/3997
f 383/390 385/392 384/391
f 967/1024 968/1025 969/1026
f 967/2948 969/2946 2462/2932
f 954/1011 955/1012 953/1010
f 954/5487 3613/5486 3609/5481
f 954/5487 3609/5481 955/5480
f 953/6111 3819/6097 3827/6110
f 953/1010 955/1012 956/1013
f 953/6111 956/6101 3819/6097
f 3535/6112 3827/6110 3822/6100
f 3535/5247 3536/5248 3537/5249
f 3535/6112 3822/6100 3536/6109
f 3511/6083 3812/6071 3817/6081
f 3511/5200 3512/5201 3513/5202
f 3511/6083 3513/6080 3812/6071
f 913/970 905/962 914/971
f 913/6082 3817/6081 3809/6068
f 913/6082 3809/6068 903/6072
f 913/970 903/960 905/962
f 914/5454 3587/5443 3593/5453
f 914/5454 905/5447 3587/5443
f 922/979 924/981 923/980
f 922/2912 2437/2896 924/2910
f 284/3964 286/3961 1307/3956
f 284/291 285/292 286/293
f 4016/6704 4015/6703 4017/6705
f 4016/6704 4014/6701 4015/6703
f 1329/3989 3051/3985 1328/3990
f 1329/3989 3050/3984 3051/3985
f 3192/4466 3190/4458 3191/4461
f 3192/4466 404/4464 3190/4458
f 3613/5486 3614/5489 3611/5483
f 3613/5486 3611/5483 3609/5481
f 3827/6110 3819/6097 3822/6100
f 3817/6081 3812/6071 3809/6068
f 3593/5453 3590/5446 3594/5456
f 3593/5453 3587/5443 3590/5446
f 3174/4426 3173/4421 3172/4418
f 3174/4426 3172/4418 305/4424
f 1302/3953 1301/3954 3035/3949
f 1302/3953 3035/3949 3034/3948
f 3549/5266 3548/5265 3545/5260
f 3549/5266 3545/5260 3542/5257
f 1840/2090 1837/2087 1839/2089
f 1840/2090 1833/2083 1837/2087
f 1820/2059 1819/2058 1817/2056
f 1820/2059 1817/2056 1813/2052
f 3525/5219 3521/5213 3524/5218
f 3525/5219 3518/5210 3521/5213
f 3614/5489 3622/5499 3611/5483
f 3594/5456 3590/5446 3602/5466
f 3107/4251 1556/4264 3113/4259
f 3107/4251 3113/4259 3105/4248
f 1328/3990 3054/3988 1334/3992
f 1328/3990 3051/3985 3054/3988
f 1301/3954 1307/3956 3038/3952
f 1301/3954 3038/3952 3035/3949
f 4017/6705 4021/6711 4023/6713
f 4017/6705 4015/6703 4021/6711
f 1555/5836 3778/5874 1556/5932
f 1555/5836 3759/5837 3778/5874
f 3548/5265 3537/5249 3545/5260
f 1839/2089 1837/2087 1838/2088
f 1819/2058 1818/2057 1817/2056
f 3524/5218 3521/5213 3512/5201
f 4044/6739 4023/6713 4043/6738
f 4044/7039 4043/7040 4137/7037
f 3191/4461 3189/4457 968/4459
f 3191/4461 3190/4458 3189/4457
f 968/1025 970/1027 969/1026
f 968/4459 3189/4457 970/4456
f 923/4419 3171/4417 3173/4421
f 923/980 924/981 925/982
f 923/4419 925/4416 3171/4417
f 3173/4421 3171/4417 3172/4418
f 1556/5932 3778/5874 3113/5931
f 3760/5838 2467/5884 3765/5843
f 3760/5838 3765/5843 3759/5837
f 2468/2938 2461/2931 2467/2937
f 2468/2938 2462/2932 2461/2931
f 1754/1961 1757/1971 565/1965
f 1754/1961 565/1965 562/1964
f 1725/1922 488/1925 490/1926
f 1725/1922 490/1926 1728/1932
f 2443/2902 2436/2895 2437/2896
f 2443/2902 2442/2901 2436/2895
f 4130/7019 4131/7021 2442/7020
f 4130/7019 4137/7037 4131/7021
f 4023/6713 4021/6711 4043/6738
f 969/2946 2458/2928 2462/2932
f 969/2946 936/2944 2458/2928
f 969/1026 970/1027 936/993
f 3537/5249 3538/5250 3545/5260
f 3537/5249 3536/5248 3538/5250
f 1838/5859 1834/5861 3622/5860
f 1838/2088 1837/2087 1834/2084
f 1818/2057 1814/2053 1817/2056
f 1818/7048 3602/7049 1814/7051
f 3512/5201 3521/5213 3514/5203
f 3512/5201 3514/5203 3513/5202
f 924/2910 2437/2896 2433/2892
f 924/2910 2433/2892 926/2908
f 924/981 926/983 925/982
f 1334/3992 3054/3988 385/3997
f 2467/2937 2461/2931 2465/2935
f 2467/5884 2465/5879 3765/5843
f 2462/2932 2458/2928 2461/2931
f 564/5653 565/5673 1757/5654
f 564/571 562/569 565/572
f 489/496 490/497 488/495
f 489/5742 1728/5743 490/5764
f 2437/2896 2436/2895 2433/2892
f 2442/2901 2440/2899 2436/2895
f 2442/7020 4131/7021 2440/7022
f 1307/3956 286/3961 3038/3952
f 987/1044 985/1042 986/1043
f 987/4246 3104/4247 3102/4243
f 987/4246 3102/4243 985/4245
f 576/583 575/582 577/584
f 576/2100 1829/2079 1833/2083
f 576/583 577/584 578/585
f 576/2100 578/2101 1829/2079
f 1454/1589 1455/1590 1453/1588
f 1454/2069 1813/2052 1809/2048
f 1454/1589 1456/1591 1455/1590
f 1454/2069 1809/2048 1456/2070
f 883/940 884/941 885/942
f 883/6702 4005/6692 4014/6701
f 883/6702 885/6691 4005/6692
f 986/3983 3048/3981 3050/3984
f 986/1043 985/1042 984/1041
f 986/3983 984/3980 3048/3981
f 956/1013 955/1012 957/1014
f 956/6101 3820/6098 3819/6097
f 956/6101 958/6102 3820/6098
f 956/1013 957/1014 958/1015
f 575/5270 3542/5257 3544/5259
f 575/5270 3544/5259 577/5271
f 1453/5223 3519/5211 3518/5210
f 1453/5223 1455/5224 3519/5211
f 903/6072 3809/6068 3811/6070
f 903/960 904/961 905/962
f 903/6072 3811/6070 906/6073
f 903/960 906/963 904/961
f 884/3947 3034/3948 3032/3945
f 884/941 886/943 885/942
f 884/3947 3032/3945 886/3944
f 955/5480 3609/5481 3607/5477
f 955/5480 3607/5477 957/5476
f 3819/6097 3821/6099 3822/6100
f 3819/6097 3820/6098 3821/6099
f 1833/2083 1831/2081 1837/2087
f 1833/2083 1829/2079 1831/2081
f 1813/2052 1817/2056 1810/2049
f 1813/2052 1810/2049 1809/2048
f 3809/6068 3812/6071 3810/6069
f 3809/6068 3810/6069 3811/6070
f 905/5447 3588/5444 3587/5443
f 905/5447 904/5448 3588/5444
f 3542/5257 3545/5260 3543/5258
f 3542/5257 3543/5258 3544/5259
f 3518/5210 3520/5212 3521/5213
f 3518/5210 3519/5211 3520/5212
f 3104/4247 3105/4248 3103/4244
f 3104/4247 3103/4244 3102/4243
f 404/4464 406/4462 3190/4458
f 404/411 384/391 406/413
f 3190/4458 3188/4455 3189/4457
f 3190/4458 406/4462 3188/4455
f 3609/5481 3611/5483 3610/5482
f 3609/5481 3610/5482 3607/5477
f 3822/6100 3821/6099 3536/6109
f 3812/6071 3513/6080 3810/6069
f 3587/5443 3589/5445 3590/5446
f 3587/5443 3588/5444 3589/5445
f 3172/4418 307/4422 305/4424
f 3172/4418 3171/4417 3170/4415
f 3172/4418 3170/4415 307/4422
f 305/312 307/314 285/292
f 4014/6701 4007/6694 4015/6703
f 4014/6701 4005/6692 4007/6694
f 3050/3984 3049/3982 3051/3985
f 3050/3984 3048/3981 3049/3982
f 3622/5499 3618/5494 3611/5483
f 3622/5860 1834/5861 3777/5862
f 3622/5860 3777/5862 3618/5863
f 3545/5260 3538/5250 3543/5258
f 1837/2087 1831/2081 1834/2084
f 1817/2056 1814/2053 1810/2049
f 3521/5213 3520/5212 3514/5203
f 3602/5466 3590/5446 3598/5461
f 3602/7049 4139/7052 1814/7051
f 3602/7049 3598/7057 4139/7052
f 3034/3948 3035/3949 3033/3946
f 3034/3948 3033/3946 3032/3945
f 3611/5483 3618/5494 3610/5482
f 3590/5446 3589/5445 3598/5461
f 3105/4248 3113/4259 3111/4257
f 3105/4248 3111/4257 3103/4244
f 3051/3985 3052/3986 3054/3988
f 3051/3985 3049/3982 3052/3986
f 3035/3949 3038/3952 3036/3950
f 3035/3949 3036/3950 3033/3946
f 4015/6703 4025/6715 4021/6711
f 4015/6703 4007/6694 4025/6715
f 3538/5250 3536/5248 3539/5251
f 3538/5250 3539/5251 3543/5258
f 3514/5203 3515/5204 3513/5202
f 3514/5203 3520/5212 3515/5204
f 3113/5931 3778/5874 3116/5865
f 3113/4259 3116/4262 3111/4257
f 3054/3988 3052/3986 385/3997
f 2461/2931 2458/2928 2460/2930
f 2461/2931 2460/2930 2465/2935
f 3536/6109 3821/6099 3825/6107
f 3536/6109 3825/6107 3539/6119
f 3513/6080 3815/6078 3810/6069
f 3513/6080 3515/6090 3815/6078
f 2436/2895 2434/2893 2433/2892
f 2436/2895 2440/2899 2434/2893
f 3038/3952 286/3961 3036/3950
f 4021/6711 4049/6749 4043/6738
f 4021/6711 4025/6715 4049/6749
f 3778/5874 3759/5837 3116/5865
f 385/392 386/393 384/391
f 385/3997 3052/3986 387/3994
f 385/392 387/394 386/393
f 384/391 386/393 406/413
f 3189/4457 3185/4452 970/4456
f 3189/4457 3188/4455 3185/4452
f 3171/4417 925/4416 3167/4412
f 3171/4417 3167/4412 3170/4415
f 285/292 287/294 286/293
f 285/292 307/314 287/294
f 286/3961 288/3958 3036/3950
f 286/293 287/294 288/295
f 4043/7040 4049/7042 4137/7037
f 3759/5837 3765/5843 3766/5844
f 3759/5837 3766/5844 3116/5865
f 2458/2928 936/2944 2459/2929
f 2458/2928 2459/2929 2460/2930
f 2433/2892 2435/2894 926/2908
f 2433/2892 2434/2893 2435/2894
f 4137/7037 4133/7024 4131/7021
f 4137/7037 4049/7042 4133/7024
f 970/1027 937/994 936/993
f 970/4456 3185/4452 937/4451
f 925/982 926/983 927/984
f 925/4416 927/4411 3167/4412
f 936/993 937/994 938/995
f 936/2944 938/2943 2459/2929
f 926/983 928/985 927/984
f 926/2908 2435/2894 928/2907
f 578/585 577/584 579/586
f 578/2101 1832/2082 1829/2079
f 578/2101 580/2102 1832/2082
f 578/585 579/586 580/587
f 1456/1591 1457/1592 1455/1590
f 1456/2070 1809/2048 1812/2051
f 1456/2070 1812/2051 1458/2071
f 1456/1591 1458/1593 1457/1592
f 958/6102 3823/6103 3820/6098
f 958/1015 957/1014 959/1016
f 958/6102 960/6104 3823/6103
f 958/1015 959/1016 960/1017
f 3820/6098 3824/6105 3821/6099
f 3820/6098 3823/6103 3824/6105
f 577/5271 3544/5259 3547/5262
f 577/5271 3547/5262 579/5272
f 1455/5224 3523/5215 3519/5211
f 1455/5224 1457/5225 3523/5215
f 906/6073 3811/6070 3813/6074
f 906/963 907/964 904/961
f 906/6073 3813/6074 908/6075
f 906/963 908/965 907/964
f 3811/6070 3810/6069 3814/6076
f 3811/6070 3814/6076 3813/6074
f 957/5476 3607/5477 3608/5478
f 957/5476 3608/5478 959/5479
f 1829/2079 1830/2080 1831/2081
f 1829/2079 1832/2082 1830/2080
f 1809/2048 1810/2049 1811/2050
f 1809/2048 1811/2050 1812/2051
f 904/5448 3591/5449 3588/5444
f 904/5448 907/5450 3591/5449
f 985/1042 983/1040 984/1041
f 985/4245 3102/4243 3100/4241
f 985/4245 3100/4241 983/4240
f 984/3980 3046/3978 3048/3981
f 984/1041 983/1040 982/1039
f 984/3980 982/3977 3046/3978
f 3821/6099 3824/6105 3825/6107
f 1834/2084 1831/2081 1830/2080
f 1834/2084 1830/2080 1835/2085
f 1834/5861 1835/5868 3777/5862
f 3544/5259 3543/5258 3546/5261
f 3544/5259 3546/5261 3547/5262
f 3519/5211 3522/5214 3520/5212
f 3519/5211 3523/5215 3522/5214
f 1814/2053 1811/2050 1810/2049
f 1814/2053 1815/2054 1811/2050
f 1814/7051 4139/7052 1815/7053
f 3810/6069 3815/6078 3814/6076
f 886/943 887/944 885/942
f 886/3944 3032/3945 3030/3942
f 886/943 888/945 887/944
f 886/3944 3030/3942 888/3941
f 885/6691 4004/6690 4005/6692
f 885/6691 887/6689 4004/6690
f 3607/5477 3610/5482 3612/5484
f 3607/5477 3612/5484 3608/5478
f 3543/5258 3539/5251 3546/5261
f 3520/5212 3522/5214 3515/5204
f 3588/5444 3592/5451 3589/5445
f 3588/5444 3591/5449 3592/5451
f 3765/5843 2465/5879 3767/5845
f 3765/5843 3767/5845 3766/5844
f 2465/2935 2460/2930 2466/2936
f 2465/5879 2466/5876 3767/5845
f 2440/7022 4131/7021 4132/7023
f 2440/2899 2441/2900 2434/2893
f 2440/7022 4132/7023 2441/7036
f 4131/7021 4133/7024 4132/7023
f 3102/4243 3103/4244 3101/4242
f 3102/4243 3101/4242 3100/4241
f 3048/3981 3047/3979 3049/3982
f 3048/3981 3046/3978 3047/3979
f 3610/5482 3618/5494 3621/5498
f 3610/5482 3621/5498 3612/5484
f 3618/5863 3777/5862 3621/5885
f 3598/5461 3589/5445 3601/5465
f 3598/7057 3601/7056 4139/7052
f 3589/5445 3592/5451 3601/5465
f 3032/3945 3033/3946 3031/3943
f 3032/3945 3031/3943 3030/3942
f 4005/6692 4006/6693 4007/6694
f 4005/6692 4004/6690 4006/6693
f 3103/4244 3111/4257 3110/4256
f 3103/4244 3110/4256 3101/4242
f 3049/3982 3053/3987 3052/3986
f 3049/3982 3047/3979 3053/3987
f 3052/3986 3053/3987 387/3994
f 3188/4455 406/4462 3187/4454
f 3188/4455 3187/4454 3185/4452
f 3170/4415 3169/4414 307/4422
f 3170/4415 3167/4412 3169/4414
f 3036/3950 3037/3951 3033/3946
f 3036/3950 288/3958 3037/3951
f 3033/3946 3037/3951 3031/3943
f 4007/6694 4008/6695 4025/6715
f 4007/6694 4006/6693 4008/6695
f 3539/6119 3825/6107 3390/6118
f 3539/5251 3390/5264 3546/5261
f 3515/6090 3389/6089 3815/6078
f 3515/5204 3522/5214 3389/5217
f 3111/4257 3116/4262 3114/4260
f 3111/4257 3114/4260 3110/4256
f 3116/5865 3766/5844 3114/5880
f 4049/6749 4025/6715 4012/6699
f 4049/7042 4012/7033 4133/7024
f 4025/6715 4008/6695 4012/6699
f 406/413 386/393 407/414
f 406/4462 407/4463 3187/4454
f 2460/2930 2459/2929 2463/2933
f 2460/2930 2463/2933 2466/2936
f 2434/2893 2438/2897 2435/2894
f 2434/2893 2441/2900 2438/2897
f 307/314 308/315 287/294
f 307/4422 3169/4414 308/4423
f 960/6104 962/6106 3823/6103
f 960/1017 959/1016 961/1018
f 960/1017 961/1018 962/1019
f 3823/6103 3826/6108 3824/6105
f 3823/6103 962/6106 3826/6108
f 580/2102 1846/2097 1832/2082
f 580/587 579/586 581/588
f 580/2102 582/2103 1846/2097
f 580/587 581/588 582/589
f 1458/2071 1812/2051 1826/2066
f 1458/1593 1459/1594 1457/1592
f 1458/2071 1826/2066 1460/2072
f 1458/1593 1460/1595 1459/1594
f 908/6075 3813/6074 910/6077
f 908/965 909/966 907/964
f 908/965 910/967 909/966
f 3813/6074 3814/6076 3816/6079
f 3813/6074 3816/6079 910/6077
f 3824/6105 3826/6108 3825/6107
f 1832/2082 1836/2086 1830/2080
f 1832/2082 1846/2097 1836/2086
f 1812/2051 1811/2050 1816/2055
f 1812/2051 1816/2055 1826/2066
f 3814/6076 3815/6078 3816/6079
f 959/5479 3608/5478 961/5485
f 3825/6107 3826/6108 3390/6118
f 579/5272 3547/5262 581/5273
f 3547/5262 3546/5261 3392/5263
f 3547/5262 3392/5263 581/5273
f 1457/5225 1459/5226 3523/5215
f 3523/5215 3387/5216 3522/5214
f 3523/5215 1459/5226 3387/5216
f 3815/6078 3389/6089 3816/6079
f 907/5450 909/5452 3591/5449
f 387/394 388/395 386/393
f 387/3994 3053/3987 390/3993
f 387/394 390/397 388/395
f 386/393 388/395 407/414
f 3608/5478 3612/5484 3619/5495
f 3608/5478 3619/5495 961/5485
f 3546/5261 3390/5264 3392/5263
f 1830/2080 1836/2086 1835/2085
f 1811/2050 1815/2054 1816/2055
f 3522/5214 3387/5216 3389/5217
f 3591/5449 3599/5462 3592/5451
f 3591/5449 909/5452 3599/5462
f 287/294 289/296 288/295
f 287/294 308/315 289/296
f 288/3958 291/3957 3037/3951
f 288/295 289/296 291/298
f 982/1039 983/1040 981/1038
f 982/3977 3042/3973 3046/3978
f 982/1039 981/1038 980/1037
f 982/3977 980/3971 3042/3973
f 3185/4452 3184/4448 937/4451
f 3185/4452 3187/4454 3184/4448
f 937/994 939/996 938/995
f 937/4451 3184/4448 939/4449
f 927/4411 3166/4408 3167/4412
f 927/984 928/985 929/986
f 927/4411 929/4409 3166/4408
f 3167/4412 3166/4408 3169/4414
f 888/945 889/946 887/944
f 888/3941 3030/3942 3026/3937
f 888/3941 3026/3937 890/3935
f 888/945 890/947 889/946
f 983/4240 3100/4241 3098/4237
f 983/4240 3098/4237 981/4239
f 2459/2929 938/2943 2464/2934
f 2459/2929 2464/2934 2463/2933
f 938/995 939/996 940/997
f 938/2943 940/2945 2464/2934
f 3612/5484 3621/5498 3619/5495
f 3592/5451 3599/5462 3601/5465
f 928/2907 2435/2894 2439/2898
f 928/985 930/987 929/986
f 928/2907 2439/2898 930/2909
f 2435/2894 2438/2897 2439/2898
f 887/6689 4003/6688 4004/6690
f 887/6689 889/6684 4003/6688
f 3046/3978 3044/3975 3047/3979
f 3046/3978 3042/3973 3044/3975
f 3621/5885 3777/5862 3606/5870
f 3621/5498 3606/5475 3619/5495
f 1835/5868 1844/5869 3777/5862
f 1835/2085 1836/2086 1844/2094
f 1815/7053 4139/7052 1824/7054
f 1815/2054 1824/2063 1816/2055
f 3601/7056 3586/7055 4139/7052
f 3601/5465 3599/5462 3586/5442
f 3030/3942 3031/3943 3028/3939
f 3030/3942 3028/3939 3026/3937
f 3100/4241 3101/4242 3099/4238
f 3100/4241 3099/4238 3098/4237
f 3047/3979 3044/3975 3053/3987
f 3053/3987 3044/3975 390/3993
f 3766/5844 3770/5848 3114/5880
f 3766/5844 3767/5845 3770/5848
f 3826/6108 3391/6095 3390/6118
f 3826/6108 962/6106 3391/6095
f 3777/5862 1844/5869 3606/5870
f 3816/6079 3389/6089 3386/6066
f 3816/6079 3386/6066 910/6077
f 4139/7052 3586/7055 1824/7054
f 4133/7024 4012/7033 4134/7025
f 4133/7024 4134/7025 4132/7023
f 3037/3951 3028/3939 3031/3943
f 3037/3951 291/3957 3028/3939
f 4004/6690 4013/6700 4006/6693
f 4004/6690 4003/6688 4013/6700
f 3101/4242 3110/4256 3109/4255
f 3101/4242 3109/4255 3099/4238
f 4006/6693 4009/6696 4008/6695
f 4006/6693 4013/6700 4009/6696
f 3110/4256 3114/4260 3115/4261
f 3110/4256 3115/4261 3109/4255
f 3114/5880 3770/5848 3115/5912
f 3619/5495 3606/5475 3605/5474
f 3619/5495 3605/5474 961/5485
f 3390/4978 3391/4979 3392/4980
f 3389/4977 3387/4975 3386/4974
f 3599/5462 3585/5441 3586/5442
f 3599/5462 909/5452 3585/5441
f 4012/6699 4008/6695 4010/6697
f 4012/7033 4010/7031 4134/7025
f 4008/6695 4009/6696 4010/6697
f 3606/5475 1844/5472 3605/5474
f 3586/5442 3585/5441 1824/5440
f 3187/4454 407/4463 3186/4453
f 3187/4454 3186/4453 3184/4448
f 962/6106 964/6091 3391/6095
f 962/1019 961/1018 963/1020
f 962/1019 963/1020 964/1021
f 910/6077 3386/6066 912/6062
f 910/967 911/968 909/966
f 910/967 912/969 911/968
f 3169/4414 3168/4413 308/4423
f 3169/4414 3166/4408 3168/4413
f 3767/5845 2466/5876 3771/5849
f 3767/5845 3771/5849 3770/5848
f 2466/2936 2463/2933 2469/2939
f 2466/2936 2469/2939 2470/2940
f 2466/5876 2470/5877 3771/5849
f 3391/6095 964/6091 3818/6094
f 3391/6095 3818/6094 3620/6093
f 3391/6095 3620/6093 3393/6096
f 3391/4979 3393/4981 3392/4980
f 3386/6066 3808/6065 912/6062
f 3386/6066 3600/6063 3808/6065
f 3386/6066 3388/6067 3600/6063
f 3386/4974 3387/4975 3388/4976
f 2441/7036 4132/7023 4135/7026
f 2441/2900 2444/2903 2438/2897
f 2441/2900 2445/2904 2444/2903
f 2441/7036 4135/7026 2445/7035
f 4132/7023 4134/7025 4135/7026
f 2463/2933 2464/2934 2469/2939
f 961/5485 3605/5474 3620/5496
f 961/5485 3620/5496 963/5497
f 3605/5474 3393/5471 3620/5496
f 3605/5474 1844/5472 3393/5471
f 3585/5441 909/5452 3600/5463
f 3585/5441 3600/5463 3388/5438
f 3585/5441 3388/5438 1824/5440
f 909/5452 911/5464 3600/5463
f 2438/2897 2444/2903 2439/2898
f 964/6091 3620/6093 3818/6094
f 964/6091 963/6092 3620/6093
f 912/6062 3808/6065 3600/6063
f 912/6062 3600/6063 911/6064
f 980/1037 981/1038 979/1036
f 980/3971 3041/3972 3042/3973
f 980/1037 979/1036 978/1035
f 980/3971 978/3970 3041/3972
f 407/414 388/395 391/398
f 407/4463 408/4460 3186/4453
f 407/414 391/398 408/415
f 3393/5471 1844/5472 3392/5473
f 3388/5438 3387/5439 1824/5440
f 308/315 292/299 289/296
f 308/4423 3168/4413 309/4420
f 308/315 309/316 292/299
f 890/3935 3026/3937 3025/3936
f 890/947 891/948 889/946
f 890/3935 3025/3936 892/3934
f 890/947 892/949 891/948
f 981/4239 3098/4237 3095/4233
f 981/4239 3095/4233 979/4235
f 3042/3973 3043/3974 3044/3975
f 3042/3973 3041/3972 3043/3974
f 3044/3975 3043/3974 390/3993
f 3028/3939 3027/3938 3026/3937
f 3028/3939 291/3957 3027/3938
f 3026/3937 3027/3938 3025/3936
f 889/6684 4001/6683 4003/6688
f 889/6684 891/6682 4001/6683
f 3098/4237 3099/4238 3096/4234
f 3098/4237 3096/4234 3095/4233
f 582/2103 589/2096 1846/2097
f 582/589 581/588 588/595
f 582/589 588/595 589/596
f 1846/2097 589/2096 1836/2086
f 1460/2072 1826/2066 1467/2065
f 1460/1595 1466/1604 1459/1594
f 1460/1595 1467/1605 1466/1604
f 1826/2066 1816/2055 1467/2065
f 4003/6688 4052/6752 4013/6700
f 4003/6688 4001/6683 4052/6752
f 3099/4238 3109/4255 3112/4258
f 3099/4238 3112/4258 3096/4234
f 3392/5263 588/5274 581/5273
f 3392/5263 1844/5276 3552/5275
f 3392/5263 3552/5275 588/5274
f 1836/2086 1845/2095 1844/2094
f 1836/2086 589/2096 1845/2095
f 1816/2055 1824/2063 1825/2064
f 1816/2055 1825/2064 1467/2065
f 1459/5226 1466/5227 3387/5216
f 3387/5216 3528/5228 1824/5229
f 3387/5216 1466/5227 3528/5228
f 4013/6700 4011/6698 4009/6696
f 4013/6700 4052/6752 4011/6698
f 3109/4255 3115/4261 3112/4258
f 4009/6696 4011/6698 4010/6697
f 1844/6213 1845/6211 3552/6210
f 1824/6208 3528/6206 1825/6205
f 3115/5912 3770/5848 3117/5883
f 3115/4261 3117/4263 3112/4258
f 390/397 391/398 388/395
f 390/3993 3043/3974 392/3998
f 390/397 392/399 391/398
f 939/996 941/998 940/997
f 939/4449 3184/4448 941/4445
f 940/2945 942/2947 2464/2934
f 940/997 941/998 942/999
f 588/6212 3552/6210 589/6209
f 589/6209 3552/6210 1845/6211
f 1467/6204 3528/6206 1466/6207
f 1467/6204 1825/6205 3528/6206
f 930/987 931/988 929/986
f 930/2909 2439/2898 932/2911
f 930/987 932/989 931/988
f 929/4409 931/4405 3166/4408
f 291/298 289/296 292/299
f 291/3957 293/3962 3027/3938
f 291/298 292/299 293/300
f 4010/7031 4024/7028 4134/7025
f 4010/6697 4011/6698 4024/6714
f 3184/4448 3186/4453 3182/4446
f 3184/4448 3182/4446 941/4445
f 3166/4408 3165/4407 3168/4413
f 3166/4408 931/4405 3165/4407
f 2464/2934 2472/2942 2469/2939
f 2464/2934 942/2947 2472/2942
f 2439/2898 2444/2903 2447/2906
f 2439/2898 2447/2906 932/2911
f 3770/5848 3772/5850 3117/5883
f 3770/5848 3771/5849 3772/5850
f 4134/7025 4024/7028 4136/7027
f 4134/7025 4136/7027 4135/7026
f 978/1035 979/1036 977/1034
f 978/3970 3039/3966 3041/3972
f 978/3970 976/3969 3039/3966
f 978/1035 977/1034 976/1033
f 3186/4453 408/4460 3182/4446
f 3168/4413 3165/4407 309/4420
f 892/3934 3025/3936 3023/3930
f 892/949 893/950 891/948
f 892/3934 3023/3930 894/3933
f 892/949 894/951 893/950
f 979/4235 3095/4233 3093/4230
f 979/4235 3093/4230 977/4232
f 3041/3972 3045/3976 3043/3974
f 3041/3972 3039/3966 3045/3976
f 3043/3974 3045/3976 392/3998
f 3027/3938 3029/3940 3025/3936
f 3027/3938 293/3962 3029/3940
f 3025/3936 3029/3940 3023/3930
f 891/6682 3998/6678 4001/6683
f 891/6682 893/6679 3998/6678
f 3095/4233 3096/4234 3094/4231
f 3095/4233 3094/4231 3093/4230
f 2469/2939 2471/2941 2470/2940
f 2469/2939 2472/2942 2473/2949
f 2469/2939 2473/2949 2471/2941
f 2444/2903 2445/2904 2446/2905
f 2444/2903 2448/2913 2447/2906
f 2444/2903 2446/2905 2448/2913
f 4001/6683 4002/6687 4052/6752
f 4001/6683 3998/6678 4002/6687
f 3096/4234 3112/4258 3097/4236
f 3096/4234 3097/4236 3094/4231
f 3112/4258 3117/4263 3097/4236
f 4011/6698 4052/6752 4047/6743
f 4011/6698 4047/6743 4024/6714
f 4052/6752 4002/6687 4047/6743
f 3117/5883 3772/5850 3108/5881
f 3117/5883 3108/5881 3097/5933
f 2470/5877 2471/5878 3771/5849
f 2445/7035 4135/7026 2446/7034
f 4024/7028 4020/7030 4136/7027
f 4024/6753 4047/6754 4020/6755
f 391/398 392/399 409/416
f 391/398 409/416 408/415
f 292/299 310/317 293/300
f 292/299 309/316 310/317
f 3771/5849 2476/5851 3772/5850
f 3771/5849 2471/5878 2476/5851
f 4135/7026 4136/7027 2451/7029
f 4135/7026 2451/7029 2446/7034
f 941/998 943/1000 942/999
f 941/4445 3182/4446 3183/4447
f 941/4445 3183/4447 943/4450
f 942/2947 2473/2949 2472/2942
f 942/999 943/1000 944/1001
f 942/2947 944/2950 2473/2949
f 932/989 933/990 931/988
f 932/2911 2447/2906 2448/2913
f 932/2911 2448/2913 934/2914
f 932/989 934/991 933/990
f 931/4405 3164/4406 3165/4407
f 931/4405 933/4410 3164/4406
f 3182/4446 408/4460 3183/4447
f 3165/4407 3164/4406 309/4420
f 976/3969 974/3967 3039/3966
f 976/1033 977/1034 975/1032
f 976/1033 975/1032 974/1031
f 894/3933 3023/3930 896/3932
f 894/951 895/952 893/950
f 894/951 896/953 895/952
f 3039/3966 3040/3968 3045/3976
f 3039/3966 974/3967 3040/3968
f 3045/3976 411/3999 392/3998
f 3045/3976 3040/3968 411/3999
f 392/399 411/418 409/416
f 3772/5850 3776/5856 3108/5881
f 3772/5850 2476/5851 3776/5856
f 293/3962 312/3963 3029/3940
f 293/300 310/317 312/319
f 4136/7027 4020/7030 4000/7032
f 4136/7027 4000/7032 2451/7029
f 3029/3940 3024/3931 3023/3930
f 3029/3940 312/3963 3024/3931
f 3023/3930 3024/3931 896/3932
f 977/4232 3093/4230 975/4228
f 3093/4230 3094/4231 3090/4225
f 3093/4230 3090/4225 975/4228
f 893/6679 895/6677 3998/6678
f 3998/6678 3996/6674 4002/6687
f 3998/6678 895/6677 3996/6674
f 3094/4231 3097/4236 3092/4229
f 3094/4231 3092/4229 3090/4225
f 3097/4236 3108/4252 3092/4229
f 408/4460 409/4470 3183/4447
f 309/4420 3164/4406 310/4430
f 4047/6743 4002/6687 3999/6680
f 4047/6743 3999/6680 4020/6710
f 4002/6687 3996/6674 3999/6680
f 3108/5881 3776/5856 3092/5934
f 4020/6710 3999/6680 4000/6681
f 409/416 411/418 412/419
f 409/4470 412/4441 3183/4447
f 310/317 313/320 312/319
f 310/4430 3164/4406 313/4401
f 974/3967 972/3995 3040/3968
f 974/1031 975/1032 973/1030
f 974/1031 973/1030 972/1029
f 2471/2941 2473/2949 2476/2954
f 2446/2905 2451/2918 2448/2913
f 896/3932 3024/3931 898/3959
f 896/953 897/954 895/952
f 896/953 898/955 897/954
f 3040/3968 413/3996 411/3999
f 3040/3968 972/3995 413/3996
f 411/418 413/420 412/419
f 312/3963 314/3960 3024/3931
f 312/319 313/320 314/321
f 3024/3931 314/3960 898/3959
f 975/4228 3090/4225 973/4227
f 895/6677 897/6675 3996/6674
f 3090/4225 3092/4229 3091/4226
f 3090/4225 3091/4226 973/4227
f 3092/5934 3776/5856 3091/5940
f 3999/6680 3996/6674 3997/6676
f 3999/6680 3997/6676 4000/6681
f 3996/6674 897/6675 3997/6676
f 3183/4447 945/4443 943/4450
f 3183/4447 412/4441 945/4443
f 944/1001 943/1000 945/1002
f 944/2950 2474/2951 2473/2949
f 944/1001 945/1002 946/1003
f 944/2950 946/2952 2474/2951
f 934/2914 2448/2913 2449/2915
f 934/991 902/959 933/990
f 934/991 901/958 902/959
f 934/2914 2449/2915 901/2916
f 3164/4406 933/4410 902/4402
f 3164/4406 902/4402 313/4401
f 2473/2949 2474/2951 2476/2954
f 2448/2913 2451/2918 2449/2915
f 3776/5856 2476/5851 2480/5872
f 3776/5856 2480/5872 3091/5940
f 4000/7032 2454/7044 2451/7029
f 4000/7032 3997/7045 2454/7044
f 972/3995 947/4001 413/3996
f 972/1029 971/1028 947/1004
f 972/1029 973/1030 971/1028
f 412/4441 413/4444 947/4442
f 412/4441 947/4442 945/4443
f 2476/2954 2474/2951 2480/2959
f 2451/2918 2454/2922 2449/2915
f 313/4401 902/4402 900/4403
f 313/4401 900/4403 314/4404
f 898/3959 314/3960 900/3965
f 898/955 900/957 899/956
f 898/955 899/956 897/954
f 945/1002 947/1004 946/1003
f 902/959 901/958 900/957
f 947/1004 971/1028 946/1003
f 946/2952 2479/2957 2474/2951
f 946/2952 971/2965 2479/2957
f 2474/2951 2479/2957 2480/2959
f 901/2916 2449/2915 2453/2920
f 901/958 899/956 900/957
f 901/2916 2453/2920 899/2926
f 2449/2915 2454/2922 2453/2920
f 973/4227 3091/4226 971/4253
f 897/6675 899/6685 3997/6676
f 3091/4226 2480/4254 971/4253
f 3997/6676 899/6685 2454/6686
f 2480/2959 2479/2957 971/2965
f 2454/2922 899/2926 2453/2920
f 4/4 5/5 6/6
f 3131/4298 1210/4297 3124/4277
f 1/6234 1222/6235 2/6236
f 25/4591 5/4594 1203/4592
f 25/4591 1203/4592 1/4593
f 1/1 2/2 3/3
f 25/4660 1/4661 3/4662
f 10/10 11/11 12/12
f 2519/4310 2794/4313 2803/4311
f 2394/4309 2519/4310 2803/4311
f 16/6237 44/6238 17/6239
f 18/5528 2357/5529 2284/5530
f 16/16 17/17 18/18
f 2726/3346 2727/3347 2728/3348
f 13/13 14/14 15/15
f 1095/3018 1404/3019 1382/3020
f 2520/3021 1095/3018 1382/3020
f 1098/5512 2520/5513 1382/5510
f 2287/3282 1103/3276 1076/3284
f 8/1513 1385/1512 9/1510
f 1076/2674 1073/2675 1072/2676
f 1382/5510 1381/5511 1098/5512
f 2287/2677 1076/2674 1072/2676
f 7/7 8/8 9/9
f 2349/2967 7/2970 9/2968
f 2349/2967 9/2968 1384/2969
f 1073/3290 1059/3289 2661/3286
f 1076/6047 2551/6048 2549/6049
f 1073/3223 2661/3224 1076/3225
f 2847/5105 2845/5106 3458/5107
f 2118/6231 3847/6232 36/6233
f 2120/2446 2119/2445 2118/2444
f 36/2456 2123/2457 2124/2458
f 36/2456 2124/2458 693/2459
f 2121/2447 2120/2446 2118/2444
f 2121/2447 2118/2444 36/2448
f 35/2709 2121/2712 36/2713
f 29/29 31/31 30/30
f 28/28 32/32 29/29
f 28/28 29/29 30/30
f 33/33 28/28 30/30
f 34/2042 33/2041 30/2044
f 34/2766 30/2767 2307/2768
f 34/2711 2307/2710 35/2709
f 34/34 35/35 36/36
f 2636/3187 2638/3189 2637/3188
f 2635/3186 2636/3187 2637/3188
f 5/7091 3257/7092 6/7093
f 2827/7094 2826/7095 2916/7096
f 2384/7097 2827/7098 2916/7099
f 2821/7100 2384/7101 2916/7102
f 2916/7103 2822/7104 2726/7105
f 3089/7106 3888/7107 22/7108
f 1072/7109 1066/7110 3894/7111
f 1072/7112 3894/7113 3202/7114
f 3202/7115 2348/7116 2349/7117
f 1072/7118 3202/7115 2349/7117
f 2591/7119 1383/7120 1098/7121
f 2591/7123 1098/7125 1099/7124
f 1384/7122 2591/7123 1099/7124
f 1101/7126 1102/7127 2287/7128
f 1066/7129 1373/7130 1073/7131
f 2348/7132 1066/7133 1073/7134
f 2348/7135 1073/7136 1076/7137
f 3458/7138 2846/7139 2849/7140
f 35/7141 2116/7142 2121/7143
