mtllib material.mtl
o material
v 0.026471 -0.671569 0.373529
v 0.030392 -0.661765 0.369608
v 0.063725 -0.587255 0.340196
v -0.026471 -0.671569 0.373529
v -0.063725 -0.587255 0.340196
v -0.030392 -0.661765 0.369608
v -0.593137 -0.022549 -0.008824
v -0.618627 -0.002941 -0.026471
v -0.620588 -0.000980 -0.018627
v -0.604902 0.395098 -0.126471
v -0.636275 0.412745 -0.148039
v -0.608824 0.397059 -0.128431
v -0.583333 0.083333 -0.051961
v -0.575490 0.087255 -0.048039
v -0.373529 0.100980 0.061765
v 0.583333 0.083333 -0.051961
v 0.373529 0.100980 0.061765
v 0.575490 0.087255 -0.048039
v 0.820588 -0.034314 -0.157843
v 0.840196 0.059804 -0.173529
v 0.873529 0.169608 -0.197059
v 0.593137 -0.022549 -0.008824
v 0.620588 -0.000980 -0.018627
v 0.618627 -0.002941 -0.026471
v 0.577451 0.087255 -0.042157
v 0.881373 0.181373 -0.157843
v 0.879412 0.181373 -0.155882
v 0.604902 0.395098 -0.126471
v 0.608824 0.397059 -0.128431
v 0.636275 0.412745 -0.148039
v 0.606863 0.016667 -0.048039
v 0.628431 -0.050000 -0.048039
v 0.638235 -0.083333 -0.048039
v -0.820588 -0.034314 -0.157843
v -0.873529 0.169608 -0.197059
v -0.840196 0.059804 -0.173529
v 0.632353 0.104902 -0.108824
v 0.851961 0.181373 -0.210784
v 0.850000 0.171569 -0.208824
v 0.736275 -0.106863 -0.120588
v 0.826471 0.065686 -0.181373
v 0.802941 -0.026471 -0.161765
v 0.728431 0.524510 -0.251961
v 0.799020 0.616667 -0.297059
v 0.838235 0.057843 -0.183333
v 0.820588 -0.034314 -0.165686
v 0.871569 0.169608 -0.210784
v 0.802941 -0.085294 -0.161765
v 0.871569 0.181373 -0.212745
v 0.871569 0.189216 -0.212745
v 0.869608 0.210784 -0.216667
v 0.816667 0.591176 -0.281373
v 0.814706 -0.085294 -0.161765
v 0.806863 -0.116667 -0.169608
v 0.818627 -0.116667 -0.167647
v -0.577451 0.087255 -0.042157
v -0.579412 0.428431 -0.114706
v -0.571569 0.087255 -0.038235
v -0.559804 0.083333 -0.030392
v -0.548039 0.079412 -0.020588
v -0.534314 0.075490 -0.008824
v -0.516667 0.069608 0.006863
v -0.502941 0.055882 0.018627
v -0.473529 0.028431 0.046078
v -0.504902 0.048039 0.018627
v -0.430392 0.000980 0.081373
v -0.606863 0.414706 -0.134314
v -0.479412 0.028431 0.042157
v -0.608824 0.414706 -0.136275
v -0.377451 0.100980 0.073529
v -0.457843 -0.000980 0.067647
v -0.475490 0.020588 0.046078
v -0.457843 -0.002941 0.067647
v -0.432353 -0.002941 0.081373
v -0.816667 0.495098 -0.232353
v -0.379412 0.055882 0.083333
v -0.389216 0.032353 0.087255
v -0.387255 0.022549 0.091176
v -0.377451 0.040196 0.089216
v -0.369608 0.061765 0.085294
v -0.406863 -0.004902 0.095098
v -0.383333 0.030392 0.091176
v -0.373529 0.053922 0.087255
v -0.651961 0.442157 -0.163725
v -0.667647 0.469608 -0.177451
v -0.681373 0.497059 -0.189216
v -0.691176 0.524510 -0.202941
v -0.702941 0.561765 -0.218627
v -0.714706 0.579412 -0.228431
v -0.820588 0.661765 -0.291176
v -0.714706 0.599020 -0.236275
v -0.371569 0.153922 0.053922
v -0.377451 0.197059 0.036275
v -0.361765 0.175490 0.050000
v -0.861765 0.357843 -0.195098
v -0.893137 0.214706 -0.165686
v -0.879412 0.181373 -0.155882
v -0.848039 0.832353 -0.383333
v -0.389216 0.234314 0.014706
v -0.840196 0.838235 -0.377451
v -0.357843 0.183333 0.046078
v -0.355882 0.191176 0.042157
v -0.638235 0.436275 -0.159804
v -0.359804 0.197059 0.038235
v -0.834314 0.557843 -0.250000
v -0.381373 0.242157 0.010784
v -0.651961 0.461765 -0.173529
v -0.428431 -0.004902 0.081373
v -0.408824 -0.006863 0.095098
v -0.702941 0.571569 -0.224510
v -0.367647 0.130392 0.061765
v -0.367647 0.120588 0.067647
v -0.363725 0.104902 0.073529
v -0.359804 0.081373 0.075490
v -0.359804 0.075490 0.079412
v -0.363725 0.202941 0.032353
v -0.367647 0.208824 0.028431
v -0.371569 0.212745 0.024510
v -0.681373 0.518627 -0.200980
v -0.667647 0.489216 -0.187255
v -0.881373 0.181373 -0.157843
v -0.893137 0.191176 -0.159804
v -0.893137 0.181373 -0.157843
v -0.887255 0.163725 -0.151961
v -0.851961 0.083333 -0.126471
v -0.836275 0.083333 -0.126471
v -0.830392 0.026471 -0.112745
v -0.812745 0.026471 -0.112745
v -0.616667 -0.016667 -0.042157
v -0.626471 -0.050000 -0.040196
v -0.638235 -0.083333 -0.040196
v -0.604902 0.016667 -0.042157
v -0.593137 0.050000 -0.044118
v -0.581373 0.083333 -0.046078
v -0.577451 0.079412 -0.044118
v -0.787255 -0.032353 -0.102941
v -0.651961 -0.116667 -0.042157
v -0.665686 -0.146078 -0.042157
v -0.787255 -0.079412 -0.100980
v -0.793137 -0.108824 -0.102941
v -0.679412 -0.177451 -0.046078
v -0.804902 -0.134314 -0.110784
v -0.683333 -0.212745 -0.048039
v -0.814706 -0.028431 -0.102941
v -0.804902 -0.077451 -0.097059
v -0.612745 -0.018627 -0.042157
v -0.585294 0.053922 -0.044118
v -0.648039 -0.118627 -0.042157
v -0.589216 0.046078 -0.044118
v -0.677451 -0.212745 -0.048039
v -0.673529 -0.179412 -0.046078
v -0.702941 -0.210784 -0.061765
v -0.810784 -0.155882 -0.116667
v -0.822549 -0.116667 -0.108824
v -0.832353 -0.151961 -0.126471
v -0.461765 -0.006863 0.061765
v -0.830392 0.650000 -0.285294
v -0.838235 0.726471 -0.318627
v -0.375490 0.218627 0.020588
v -0.381373 0.224510 0.018627
v -0.806863 -0.104902 -0.099020
v -0.855882 -0.177451 -0.157843
v -0.597059 0.020588 -0.044118
v -0.818627 -0.187255 -0.144118
v -0.769608 -0.193137 -0.108824
v -0.812745 -0.126471 -0.104902
v -0.600980 0.012745 -0.044118
v -0.608824 -0.012745 -0.044118
v -0.659804 -0.146078 -0.044118
v -0.620588 -0.046078 -0.042157
v -0.661765 -0.148039 -0.044118
v -0.669608 -0.175490 -0.046078
v -0.622549 -0.051961 -0.042157
v -0.630392 -0.079412 -0.042157
v -0.457843 -0.004902 0.065686
v -0.459804 -0.006863 0.063725
v -0.434314 -0.006863 0.079412
v -0.434314 -0.004902 0.079412
v -0.542157 0.077451 -0.014706
v 0.604902 0.016667 -0.042157
v 0.593137 0.050000 -0.044118
v 0.787255 -0.032353 -0.102941
v 0.616667 -0.016667 -0.042157
v 0.651961 -0.116667 -0.042157
v 0.665686 -0.146078 -0.042157
v 0.787255 -0.079412 -0.100980
v 0.793137 -0.108824 -0.102941
v 0.679412 -0.177451 -0.046078
v 0.804902 -0.134314 -0.110784
v 0.683333 -0.212745 -0.048039
v 0.648039 -0.118627 -0.042157
v 0.677451 -0.212745 -0.048039
v 0.673529 -0.179412 -0.046078
v 0.589216 0.046078 -0.044118
v 0.626471 -0.050000 -0.040196
v 0.638235 -0.083333 -0.040196
v 0.612745 -0.018627 -0.042157
v 0.702941 -0.210784 -0.061765
v 0.810784 -0.155882 -0.116667
v 0.822549 -0.116667 -0.108824
v 0.832353 -0.151961 -0.126471
v 0.804902 -0.077451 -0.097059
v 0.806863 -0.104902 -0.099020
v 0.855882 -0.177451 -0.157843
v 0.818627 -0.187255 -0.144118
v 0.769608 -0.193137 -0.108824
v 0.812745 -0.126471 -0.104902
v 0.597059 0.020588 -0.044118
v 0.659804 -0.146078 -0.044118
v 0.600980 0.012745 -0.044118
v 0.608824 -0.012745 -0.044118
v 0.644118 -0.112745 -0.044118
v 0.620588 -0.046078 -0.042157
v 0.661765 -0.148039 -0.044118
v 0.669608 -0.175490 -0.046078
v 0.885294 -0.191176 -0.191176
v 0.622549 -0.051961 -0.042157
v 0.630392 -0.079412 -0.042157
v -0.120588 -0.326471 0.326471
v -0.271569 0.108824 0.099020
v -0.089216 -0.320588 0.328431
v -0.275490 0.091176 0.110784
v -0.161765 -0.320588 0.318627
v -0.197059 -0.302941 0.302941
v -0.242157 -0.273529 0.275490
v -0.285294 -0.242157 0.246078
v -0.316667 -0.218627 0.218627
v -0.348039 -0.195098 0.193137
v -0.416667 -0.116667 0.130392
v -0.283333 0.179412 0.061765
v -0.536275 0.589216 -0.169608
v -0.283333 0.179412 0.067647
v -0.536275 0.589216 -0.159804
v -0.275490 0.171569 0.071569
v -0.275490 0.167647 0.063725
v -0.726471 0.767647 -0.299020
v -0.285294 0.151961 0.067647
v -0.248039 0.171569 0.059804
v 0.283333 0.179412 0.061765
v 0.283333 0.179412 0.067647
v 0.536274 0.589216 -0.169608
v 0.536274 0.589216 -0.159804
v 0.275490 0.171569 0.071569
v 0.275490 0.167647 0.063725
v 0.726471 0.767647 -0.299020
v 0.285294 0.151961 0.067647
v 0.248039 0.171569 0.059804
v -0.122549 -0.616667 0.332353
v -0.104902 -0.591176 0.340196
v -0.202941 -0.534314 0.297059
v -0.224510 -0.587255 0.283333
v -0.255882 -0.569608 0.269608
v -0.134314 -0.642157 0.322549
v -0.136275 -0.648039 0.320588
v -0.226471 -0.593137 0.281373
v -0.067647 -0.669608 0.359804
v -0.053922 -0.651961 0.365686
v -0.073529 -0.679412 0.355882
v -0.010784 -0.767647 0.391176
v -0.165686 -0.500980 0.308824
v -0.077451 -0.689216 0.351961
v -0.108824 -0.514706 0.324510
v -0.069608 -0.579412 0.346078
v -0.106863 -0.508824 0.324510
v -0.036275 -0.653922 0.367647
v -0.157843 -0.491176 0.320588
v -0.077451 -0.695098 0.350000
v -0.079412 -0.700980 0.346078
v -0.228431 -0.599020 0.277451
v -0.138235 -0.653922 0.316667
v -0.253922 -0.577451 0.265686
v -0.010784 -0.777451 0.387255
v 0.000980 -0.789216 0.393137
v 0.000980 -0.777451 0.397059
v 0.000980 -0.693137 0.389216
v -0.010784 -0.681373 0.385294
v -0.022549 -0.502941 0.367647
v -0.055882 -0.493137 0.357843
v -0.077451 -0.508824 0.346078
v -0.106863 -0.471569 0.332353
v -0.038235 -0.471569 0.363725
v -0.075490 -0.451961 0.351961
v -0.114706 -0.444118 0.330392
v -0.022549 -0.659804 0.373529
v -0.059804 -0.577451 0.344118
v -0.024510 -0.667647 0.371569
v -0.061765 -0.587255 0.340196
v -0.097059 -0.516667 0.318627
v -0.095098 -0.508824 0.324510
v -0.124510 -0.487255 0.312745
v -0.126471 -0.493137 0.308824
v -0.128431 -0.475490 0.314706
v -0.299020 -0.589216 0.246078
v -0.132353 -0.477451 0.297059
v 0.104902 -0.591176 0.340196
v 0.165686 -0.500980 0.308824
v 0.108824 -0.514706 0.324510
v 0.069608 -0.579412 0.346078
v 0.053922 -0.651961 0.365686
v 0.106863 -0.508824 0.324510
v 0.036275 -0.653922 0.367647
v 0.010784 -0.767647 0.391176
v 0.157843 -0.491176 0.320588
v 0.024510 -0.667647 0.371569
v 0.202941 -0.534314 0.297059
v 0.122549 -0.616667 0.332353
v 0.067647 -0.669608 0.359804
v 0.224510 -0.587255 0.283333
v 0.255882 -0.569608 0.269608
v 0.073529 -0.679412 0.355882
v 0.134314 -0.642157 0.322549
v 0.226471 -0.593137 0.281373
v 0.136274 -0.648039 0.320588
v 0.077451 -0.689216 0.351961
v 0.077451 -0.695098 0.350000
v 0.079412 -0.700980 0.346078
v 0.138235 -0.653922 0.316667
v 0.228431 -0.599020 0.277451
v 0.253922 -0.577451 0.265686
v 0.010784 -0.777451 0.387255
v 0.299020 -0.589216 0.246078
v -0.487255 -0.012745 0.065686
v -0.479412 -0.008824 0.073529
v -0.612745 0.508824 -0.140196
v -0.467647 -0.095098 0.112745
v -0.608824 0.516667 -0.134314
v -0.467647 -0.140196 0.116667
v -0.420588 0.075490 0.089216
v -0.428431 -0.030392 0.114706
v -0.379412 0.042157 0.112745
v -0.383333 0.114706 0.089216
v -0.444118 -0.102941 0.120588
v -0.348039 0.144118 0.087255
v -0.581373 0.551961 -0.130392
v -0.742157 0.724510 -0.265686
v -0.746078 0.718627 -0.265686
v -0.797059 0.781373 -0.318627
v -0.332353 0.093137 0.106863
v -0.381373 -0.018627 0.122549
v -0.330392 0.053922 0.116667
v -0.275490 0.134314 0.104902
v -0.297059 0.138235 0.093137
v -0.312745 0.167647 0.077451
v -0.291176 0.169608 0.079412
v -0.500980 -0.200980 0.116667
v -0.528431 -0.144118 0.087255
v -0.583333 -0.185294 0.053922
v -0.432353 -0.177451 0.151961
v -0.438235 -0.214706 0.157843
v -0.385294 -0.206863 0.189216
v -0.391176 -0.232353 0.187255
v -0.350000 -0.228431 0.218627
v -0.353922 -0.250000 0.218627
v -0.306863 -0.259804 0.253922
v -0.312745 -0.271569 0.250000
v -0.357843 -0.267647 0.220588
v -0.399020 -0.251961 0.195098
v -0.589216 -0.153922 0.038235
v -0.589216 -0.100980 0.026471
v -0.587255 -0.065686 0.020588
v -0.565686 -0.053922 0.034314
v -0.581373 -0.034314 0.016667
v -0.575490 -0.008824 0.010784
v -0.530392 -0.014706 0.042157
v -0.504902 -0.042157 0.063725
v -0.518627 -0.100980 0.077451
v -0.265686 -0.285294 0.279412
v -0.453922 -0.238235 0.169608
v -0.514706 -0.212745 0.122549
v -0.575490 -0.191176 0.079412
v -0.465686 -0.253922 0.185294
v -0.526471 -0.222549 0.132353
v -0.406863 -0.261765 0.208824
v -0.306863 -0.255882 0.257843
v -0.432353 -0.173529 0.155882
v -0.385294 -0.202941 0.193137
v -0.351961 -0.224510 0.222549
v -0.481373 -0.091176 0.087255
v -0.036275 -0.467647 0.351961
v -0.028431 -0.448039 0.353922
v -0.044118 -0.424510 0.355882
v -0.024510 -0.471569 0.353922
v -0.075490 -0.432353 0.346078
v -0.073529 -0.448039 0.342157
v -0.124510 -0.432353 0.322549
v -0.110784 -0.444118 0.324510
v -0.124510 -0.471569 0.312745
v -0.106863 -0.469608 0.324510
v -0.130392 -0.412745 0.322549
v -0.157843 -0.414706 0.310784
v -0.142157 -0.355882 0.336275
v -0.177451 -0.369608 0.314706
v -0.165686 -0.346078 0.330392
v -0.199020 -0.326471 0.316667
v -0.116667 -0.355882 0.342157
v -0.185294 -0.387255 0.302941
v -0.202941 -0.340196 0.308824
v -0.206863 -0.365686 0.295098
v -0.234314 -0.320588 0.293137
v -0.228431 -0.308824 0.300980
v -0.269608 -0.297059 0.273529
v -0.275490 -0.312745 0.265686
v -0.316667 -0.287255 0.244118
v -0.238235 -0.338235 0.281373
v -0.097059 -0.397059 0.330392
v -0.189216 -0.393137 0.302941
v -0.210784 -0.371569 0.297059
v -0.165686 -0.418627 0.310784
v -0.193137 -0.400980 0.291176
v -0.212745 -0.379412 0.285294
v -0.026471 -0.489216 0.357843
v -0.091176 -0.344118 0.342157
v -0.244118 -0.353922 0.271569
v -0.242157 -0.344118 0.283333
v -0.279412 -0.328431 0.253922
v -0.279412 -0.318627 0.267647
v -0.322549 -0.293137 0.246078
v -0.363725 -0.275490 0.228431
v -0.361765 -0.287255 0.214706
v -0.318627 -0.304902 0.234314
v -0.400980 -0.275490 0.195098
v -0.455882 -0.267647 0.167647
v -0.169608 -0.424510 0.295098
v -0.024510 -0.444118 0.365686
v -0.018627 -0.471569 0.365686
v -0.042157 -0.418627 0.369608
v -0.073529 -0.365686 0.332353
v -0.404902 -0.283333 0.199020
v -0.430392 -0.275490 0.185294
v -0.438235 -0.287255 0.189216
v -0.457843 -0.281373 0.173529
v -0.469608 -0.277451 0.159804
v -0.461765 -0.299020 0.175490
v -0.446078 -0.302941 0.193137
v -0.450000 -0.318627 0.195098
v -0.424510 -0.320588 0.212745
v -0.434314 -0.344118 0.214706
v -0.397059 -0.342157 0.236274
v -0.408824 -0.369608 0.238235
v -0.365686 -0.363725 0.261765
v -0.379412 -0.391176 0.261765
v -0.328431 -0.385294 0.283333
v -0.340196 -0.410784 0.283333
v -0.287255 -0.404902 0.297059
v -0.297059 -0.426471 0.297059
v -0.246078 -0.422549 0.304902
v -0.251961 -0.434314 0.304902
v -0.273529 -0.385294 0.293137
v -0.238235 -0.410784 0.302941
v -0.383333 -0.316667 0.230392
v -0.414706 -0.299020 0.206863
v -0.348039 -0.338235 0.253922
v -0.310784 -0.361765 0.275490
v -0.346078 -0.434314 0.275490
v -0.300980 -0.446078 0.291176
v -0.216667 -0.440196 0.304902
v -0.226471 -0.397059 0.297059
v -0.385294 -0.416667 0.253922
v -0.330392 -0.316667 0.244118
v -0.369608 -0.297059 0.220588
v -0.293137 -0.342157 0.265686
v -0.257843 -0.369608 0.283333
v -0.253922 -0.450000 0.300980
v -0.200980 -0.414706 0.299020
v -0.177451 -0.434314 0.299020
v -0.189216 -0.451961 0.302941
v -0.414706 -0.393137 0.230392
v -0.438235 -0.363725 0.208824
v -0.150000 -0.475490 0.299020
v -0.150000 -0.485294 0.299020
v -0.193137 -0.467647 0.297059
v -0.216667 -0.463725 0.295098
v -0.451961 -0.330392 0.191176
v -0.059804 -0.334314 0.334314
v -0.069608 -0.326471 0.338235
v -0.061765 -0.312745 0.334314
v -0.034314 -0.330392 0.350000
v -0.030392 -0.306863 0.351961
v -0.038235 -0.346078 0.346078
v -0.065686 -0.299020 0.334314
v -0.040196 -0.351961 0.351961
v -0.057843 -0.346078 0.346078
v -0.040196 -0.373529 0.355882
v -0.010784 -0.363725 0.357843
v -0.006863 -0.379412 0.361765
v -0.069608 -0.363725 0.340196
v -0.300980 -0.465686 0.277451
v -0.251961 -0.465686 0.291176
v -0.344118 -0.455882 0.259804
v -0.385294 -0.438235 0.238235
v -0.414706 -0.412745 0.216667
v -0.093137 -0.400980 0.340196
v -0.126471 -0.418627 0.332353
v -0.438235 -0.379412 0.197059
v -0.571569 -0.204902 0.067647
v -0.571569 -0.204902 0.073529
v -0.546078 -0.265686 0.104902
v -0.546078 -0.271569 0.099020
v -0.573529 -0.204902 0.059804
v -0.522549 -0.330392 0.132353
v -0.522549 -0.338235 0.124510
v -0.546078 -0.263725 0.106863
v -0.520588 -0.328431 0.136275
v -0.499020 -0.377451 0.157843
v -0.499020 -0.385294 0.148039
v -0.475490 -0.412745 0.183333
v -0.475490 -0.420588 0.169608
v -0.550000 -0.279412 0.089216
v -0.497059 -0.375490 0.161765
v -0.473529 -0.408824 0.185294
v -0.522549 -0.226471 0.126471
v -0.520588 -0.244118 0.124510
v -0.526471 -0.250000 0.118627
v -0.497059 -0.310784 0.148039
v -0.442157 -0.440196 0.212745
v -0.502941 -0.316667 0.144118
v -0.461765 -0.306863 0.167647
v -0.442157 -0.444118 0.210784
v -0.404902 -0.465686 0.238235
v -0.404902 -0.469608 0.236274
v -0.361765 -0.483333 0.263725
v -0.361765 -0.489216 0.261765
v -0.312745 -0.491176 0.285294
v -0.312745 -0.497059 0.283333
v -0.259804 -0.491176 0.304902
v -0.261765 -0.495098 0.302941
v -0.218627 -0.489216 0.314706
v -0.451961 -0.342157 0.181373
v -0.397059 -0.453922 0.238235
v -0.432353 -0.428431 0.214706
v -0.436275 -0.432353 0.212745
v -0.463725 -0.400980 0.187255
v -0.459804 -0.397059 0.189216
v -0.485294 -0.365686 0.165686
v -0.400980 -0.457843 0.238235
v -0.355882 -0.471569 0.261765
v -0.357843 -0.475490 0.261765
v -0.310784 -0.485294 0.283333
v -0.259804 -0.485294 0.302941
v -0.218627 -0.481373 0.314706
v -0.218627 -0.477451 0.312745
v -0.308824 -0.481373 0.283333
v -0.257843 -0.481373 0.300980
v -0.216667 -0.473529 0.310784
v -0.171569 -0.483333 0.320588
v -0.479412 -0.361765 0.169608
v -0.169608 -0.491176 0.322549
v -0.873529 0.189216 -0.200980
v -0.869608 0.210784 -0.216667
v -0.871569 0.189216 -0.212745
v -0.871569 0.216667 -0.204902
v -0.873529 0.181373 -0.199020
v -0.871569 0.181373 -0.212745
v -0.871569 0.169608 -0.210784
v -0.816667 0.591176 -0.281373
v 0.873529 0.189216 -0.200980
v 0.871569 0.216667 -0.204902
v 0.873529 0.181373 -0.199020
v -0.485294 -0.014706 0.057843
v -0.610784 0.508824 -0.148039
v -0.546078 0.010784 0.008824
v -0.524510 -0.018627 0.030392
v -0.499020 -0.046078 0.053922
v -0.551961 -0.008824 0.014706
v -0.571569 -0.012745 0.002941
v -0.751961 0.732353 -0.289216
v -0.834314 0.561765 -0.240196
v -0.830392 0.657843 -0.275490
v -0.838235 0.732353 -0.310784
v -0.855882 0.830392 -0.375490
v -0.828431 0.591176 -0.244118
v -0.855882 0.838235 -0.369608
v -0.665686 0.359804 -0.128431
v -0.861765 0.361765 -0.181373
v -0.814706 0.502941 -0.210784
v -0.897059 0.218627 -0.153922
v -0.891176 0.189216 -0.144118
v -0.818627 0.510784 -0.214706
v -0.708824 0.583333 -0.206863
v -0.806863 0.630392 -0.253922
v -0.808824 0.722549 -0.293137
v -0.844118 0.838235 -0.365686
v -0.867647 0.363725 -0.187255
v 0.485294 -0.014706 0.057843
v 0.610784 0.508824 -0.148039
v 0.487255 -0.012745 0.065686
v 0.612745 0.508824 -0.140196
v 0.481373 -0.091176 0.087255
v 0.479412 -0.008824 0.073529
v 0.608824 0.516667 -0.134314
v 0.467647 -0.140196 0.116667
v 0.467647 -0.095098 0.112745
v 0.746078 0.718627 -0.265686
v 0.420588 0.075490 0.089216
v 0.428431 -0.030392 0.114706
v 0.546078 0.010784 0.008824
v 0.524510 -0.018627 0.030392
v 0.499020 -0.046078 0.053922
v 0.742157 0.724510 -0.265686
v 0.581373 0.551961 -0.130392
v 0.797059 0.781373 -0.318627
v 0.348039 0.144118 0.087255
v 0.379412 0.042157 0.112745
v 0.383333 0.114706 0.089216
v 0.551961 -0.008824 0.014706
v 0.571569 -0.012745 0.002941
v 0.444118 -0.102941 0.120588
v 0.381373 -0.018627 0.122549
v 0.332353 0.093137 0.106863
v 0.330392 0.053922 0.116667
v 0.275490 0.134314 0.104902
v -0.061765 0.012745 0.261765
v -0.034314 0.055882 0.240196
v -0.065686 0.055882 0.236274
v -0.032353 0.012745 0.267647
v 0.000980 0.055882 0.242157
v 0.000980 0.010784 0.269608
v -0.036275 0.093137 0.212745
v 0.000980 0.095098 0.212745
v 0.032353 0.012745 0.267647
v 0.034314 0.055882 0.240196
v 0.036275 0.093137 0.212745
v 0.000980 0.126471 0.187255
v -0.040196 0.114706 0.195098
v 0.040196 0.114706 0.195098
v -0.065686 0.075490 0.220588
v -0.042157 0.144118 0.169608
v 0.000980 0.142157 0.173529
v 0.042157 0.144118 0.169608
v 0.065686 0.055882 0.236274
v 0.065686 0.075490 0.220588
v 0.061765 0.012745 0.261765
v -0.030392 -0.032353 0.289216
v 0.000980 -0.038235 0.293137
v 0.030392 -0.032353 0.289216
v -0.089216 0.151961 0.151961
v -0.095098 0.128431 0.171569
v -0.065686 0.079412 0.218627
v -0.104902 0.097059 0.195098
v -0.079412 0.050000 0.234314
v -0.114706 0.063725 0.214706
v -0.083333 0.187255 0.118627
v -0.136275 0.161765 0.130392
v -0.142157 0.142157 0.146078
v -0.150000 0.110784 0.169608
v -0.197059 0.153922 0.118627
v -0.157843 0.081373 0.187255
v -0.189216 0.173529 0.102941
v -0.128431 0.191176 0.102941
v -0.179412 0.195098 0.085294
v -0.238235 0.181373 0.079412
v -0.189216 0.200980 0.077451
v -0.199020 0.206863 0.069608
v -0.246078 0.187255 0.071569
v -0.128431 0.222549 0.069608
v -0.273529 0.163725 0.081373
v -0.204902 0.126471 0.136275
v -0.093137 0.016667 0.250000
v -0.120588 0.214706 0.079412
v -0.120588 0.030392 0.232353
v -0.214706 0.095098 0.151961
v -0.075490 0.230392 0.069608
v -0.071569 0.218627 0.083333
v -0.040196 0.183333 0.126471
v 0.000980 0.181373 0.130392
v 0.040196 0.183333 0.126471
v 0.065686 0.079412 0.218627
v -0.059804 -0.026471 0.281373
v -0.091176 -0.016667 0.267647
v -0.165686 0.051961 0.200980
v 0.000980 0.234314 0.069608
v 0.000980 0.218627 0.087255
v 0.079412 0.050000 0.234314
v 0.071569 0.218627 0.083333
v 0.075490 0.230392 0.069608
v 0.083333 0.187255 0.118627
v 0.120588 0.214706 0.079412
v 0.128431 0.222549 0.069608
v 0.089216 0.151961 0.151961
v 0.095098 0.128431 0.171569
v 0.104902 0.097059 0.195098
v 0.114706 0.063725 0.214706
v 0.189216 0.200980 0.077451
v 0.128431 0.191176 0.102941
v 0.199020 0.206863 0.069608
v 0.136274 0.161765 0.130392
v 0.179412 0.195098 0.085294
v 0.142157 0.142157 0.146078
v 0.189216 0.173529 0.102941
v 0.238235 0.181373 0.079412
v 0.197059 0.153922 0.118627
v 0.150000 0.110784 0.169608
v 0.157843 0.081373 0.187255
v 0.246078 0.187255 0.071569
v 0.273529 0.163725 0.081373
v 0.204902 0.126471 0.136275
v 0.297059 0.138235 0.093137
v 0.291176 0.169608 0.079412
v 0.544118 0.579412 -0.151961
v 0.726471 0.757843 -0.293137
v 0.312745 0.167647 0.077451
v 0.844118 0.838235 -0.365686
v 0.000980 -0.087255 0.312745
v 0.059804 -0.026471 0.281373
v -0.032353 -0.079412 0.306863
v 0.093137 0.016667 0.250000
v 0.032353 -0.079412 0.306863
v 0.091176 -0.016667 0.267647
v 0.120588 0.030392 0.232353
v 0.214706 0.095098 0.151961
v -0.061765 -0.069608 0.297059
v -0.544118 0.579412 -0.151961
v -0.726471 0.757843 -0.293137
v 0.061765 -0.069608 0.297059
v 0.165686 0.051961 0.200980
v 0.000980 -0.138235 0.326471
v 0.034314 -0.128431 0.320588
v -0.034314 -0.128431 0.320588
v 0.124510 -0.000980 0.246078
v 0.000980 -0.193137 0.340196
v -0.124510 -0.000980 0.246078
v 0.222549 0.063725 0.163725
v -0.222549 0.063725 0.163725
v 0.093137 -0.051961 0.279412
v -0.093137 -0.051961 0.279412
v 0.063725 -0.114706 0.308824
v -0.063725 -0.114706 0.308824
v -0.034314 -0.183333 0.332353
v 0.034314 -0.183333 0.332353
v 0.065686 -0.167647 0.320588
v -0.065686 -0.167647 0.320588
v 0.000980 -0.246078 0.350000
v -0.036275 -0.236275 0.342157
v 0.036275 -0.236275 0.342157
v 0.222549 0.006863 0.189216
v 0.173529 0.020588 0.210784
v -0.222549 0.006863 0.189216
v -0.173529 0.020588 0.210784
v -0.097059 -0.093137 0.289216
v -0.130392 -0.032353 0.253922
v -0.181373 -0.012745 0.218627
v -0.838235 0.840196 -0.373529
v 0.838235 0.840196 -0.373529
v -0.065686 -0.218627 0.328431
v -0.099020 -0.142157 0.299020
v -0.136275 -0.073529 0.261765
v -0.034314 -0.281373 0.348039
v -0.183333 -0.073529 0.232353
v -0.099020 -0.199020 0.306863
v -0.065686 -0.273529 0.332353
v -0.140196 -0.130392 0.269608
v -0.144118 -0.155882 0.269608
v -0.075490 -0.285294 0.326471
v -0.110784 -0.222549 0.299020
v 0.751961 0.732353 -0.289216
v -0.814706 0.585294 -0.289216
v -0.816667 0.663725 -0.310784
v -0.814706 0.657843 -0.318627
v -0.824510 0.720588 -0.336275
v -0.851961 0.181373 -0.210784
v -0.610784 -0.187255 0.004902
v -0.612745 -0.124510 -0.002941
v -0.636275 -0.159804 -0.004902
v -0.634314 -0.102941 -0.008824
v -0.608824 -0.081373 -0.006863
v -0.626471 -0.051961 -0.014706
v -0.600980 -0.046078 -0.008824
v -0.628431 -0.248039 0.002941
v -0.602941 -0.265686 0.016667
v -0.622549 -0.287255 0.008824
v -0.591176 -0.355882 0.030392
v -0.616667 -0.367647 0.024510
v 0.610784 -0.187255 0.004902
v 0.636275 -0.159804 -0.004902
v 0.612745 -0.124510 -0.002941
v 0.634314 -0.102941 -0.008824
v 0.608824 -0.081373 -0.006863
v 0.626471 -0.051961 -0.014706
v 0.600980 -0.046078 -0.008824
v 0.628431 -0.248039 0.002941
v 0.602941 -0.265686 0.016667
v 0.622549 -0.287255 0.008824
v 0.591176 -0.355882 0.030392
v 0.616667 -0.367647 0.024510
v 0.834314 0.557843 -0.250000
v 0.830392 0.650000 -0.285294
v 0.834314 0.561765 -0.240196
v 0.830392 0.657843 -0.275490
v 0.838235 0.726471 -0.318627
v 0.838235 0.732353 -0.310784
v 0.855882 0.830392 -0.375490
v 0.828431 0.591176 -0.244118
v 0.855882 0.838235 -0.369608
v 0.861765 0.361765 -0.181373
v 0.665686 0.359804 -0.128431
v 0.814706 0.502941 -0.210784
v 0.897059 0.218627 -0.153922
v 0.891176 0.189216 -0.144118
v 0.818627 0.510784 -0.214706
v 0.708824 0.583333 -0.206863
v 0.806863 0.630392 -0.253922
v 0.808824 0.722549 -0.293137
v 0.867647 0.363725 -0.187255
v 0.542157 -0.279412 0.051961
v 0.534314 -0.242157 0.077451
v 0.550000 -0.220588 0.042157
v 0.540196 -0.204902 0.065686
v 0.524510 -0.228431 0.100980
v 0.548039 -0.175490 0.046078
v 0.567647 -0.197059 0.006863
v 0.520588 -0.269608 0.100980
v 0.573529 -0.138235 -0.010784
v 0.561765 -0.250000 0.022549
v 0.528431 -0.308824 0.071569
v 0.534314 -0.334314 0.061765
v 0.510784 -0.340196 0.091176
v 0.516667 -0.363725 0.081373
v 0.504902 -0.300980 0.120588
v 0.550000 -0.302941 0.040196
v 0.455882 -0.404902 0.144118
v 0.453922 -0.365686 0.165686
v 0.430392 -0.430392 0.161765
v 0.428431 -0.393137 0.181373
v 0.500980 -0.263725 0.118627
v 0.506863 -0.232353 0.116667
v 0.395098 -0.459804 0.183333
v 0.395098 -0.420588 0.206863
v 0.359804 -0.479412 0.204902
v 0.361765 -0.442157 0.226471
v 0.318627 -0.491176 0.226471
v 0.322549 -0.457843 0.246078
v 0.277451 -0.497059 0.246078
v 0.281373 -0.465686 0.261765
v 0.236275 -0.497059 0.261765
v 0.240196 -0.469608 0.273529
v 0.187255 -0.487255 0.281373
v 0.485294 -0.506863 0.102941
v 0.530392 -0.397059 0.069608
v 0.542157 -0.418627 0.038235
v 0.479412 -0.473529 0.126471
v 0.548039 -0.365686 0.048039
v 0.559804 -0.387255 0.020588
v 0.565686 -0.334314 0.026471
v 0.575490 -0.355882 0.002941
v 0.595098 -0.320588 -0.018627
v 0.589216 -0.302941 -0.000980
v 0.555882 -0.430392 0.014706
v 0.457843 -0.536275 0.130392
v 0.573529 -0.400980 0.000980
v 0.493137 -0.536275 0.087255
v 0.453922 -0.508824 0.144118
v 0.420588 -0.567647 0.159804
v 0.595098 -0.377451 -0.010784
v 0.418627 -0.536275 0.169608
v 0.573529 -0.275490 0.008824
v 0.581373 -0.232353 -0.006863
v 0.585294 -0.181373 -0.018627
v 0.589216 -0.124510 -0.032353
v 0.463725 -0.432353 0.134314
v 0.569608 -0.073529 -0.020588
v 0.440196 -0.459804 0.151961
v 0.548039 -0.100980 0.020588
v 0.404902 -0.489216 0.175490
v 0.610784 -0.393137 -0.028431
v 0.761765 -0.353922 -0.122549
v 0.759804 -0.332353 -0.112745
v 0.816667 -0.330392 -0.153922
v 0.814706 -0.316667 -0.146078
v 0.859804 -0.308824 -0.183333
v 0.769608 -0.316667 -0.102941
v 0.669608 -0.350000 -0.042157
v 0.826471 -0.302941 -0.138235
v 0.820588 0.661765 -0.291176
v 0.848039 0.832353 -0.383333
v 0.848039 0.840196 -0.377451
v -0.848039 0.840196 -0.377451
v 0.895098 0.193137 -0.155882
v 0.893137 0.214706 -0.165686
v 0.893137 0.191176 -0.159804
v 0.861765 0.357843 -0.195098
v -0.895098 0.193137 -0.155882
v -0.559804 -0.524510 0.087255
v -0.587255 -0.471569 0.059804
v -0.585294 -0.473529 0.051961
v -0.608824 -0.408824 0.026471
v -0.610784 -0.406863 0.034314
v -0.555882 -0.526471 0.081373
v -0.495098 -0.597059 0.148039
v -0.491176 -0.599020 0.142157
v -0.577451 -0.228431 0.048039
v -0.579412 -0.226471 0.053922
v -0.587255 -0.157843 0.030392
v -0.563725 -0.310784 0.071569
v -0.565686 -0.308824 0.077451
v -0.544118 -0.393137 0.097059
v -0.546078 -0.391176 0.102941
v -0.589216 -0.102941 0.020588
v -0.587255 -0.067647 0.014706
v -0.581373 -0.036275 0.010784
v -0.414706 -0.612745 0.200980
v -0.467647 -0.608824 0.167647
v -0.463725 -0.610784 0.161765
v -0.410784 -0.614706 0.195098
v -0.359804 -0.612745 0.236274
v -0.369608 -0.595098 0.238235
v -0.459804 -0.597059 0.175490
v -0.318627 -0.587255 0.267647
v -0.487255 -0.583333 0.155882
v -0.418627 -0.575490 0.206863
v -0.455882 -0.548039 0.179412
v -0.361765 -0.542157 0.240196
v -0.412745 -0.516667 0.210784
v -0.455882 -0.546078 0.185294
v -0.357843 -0.499020 0.244118
v -0.400980 -0.479412 0.218627
v -0.450000 -0.481373 0.185294
v -0.440196 -0.453922 0.195098
v -0.487255 -0.440196 0.155882
v -0.499020 -0.495098 0.150000
v -0.526471 -0.444118 0.124510
v -0.510784 -0.402941 0.136275
v -0.550000 -0.512745 0.099020
v -0.499020 -0.497059 0.144118
v -0.526471 -0.448039 0.116667
v -0.577451 -0.461765 0.071569
v -0.530392 -0.350000 0.114706
v -0.599020 -0.399020 0.046078
v -0.597059 -0.353922 0.042157
v -0.606863 -0.363725 0.036275
v -0.610784 -0.263725 0.026471
v -0.618627 -0.183333 0.014706
v -0.618627 -0.118627 0.004902
v -0.612745 -0.073529 0.000980
v -0.306863 -0.548039 0.269608
v -0.602941 -0.038235 -0.000980
v -0.308824 -0.506863 0.267647
v -0.593137 -0.016667 -0.000980
v -0.251961 -0.540196 0.295098
v -0.265686 -0.571569 0.291176
v -0.259804 -0.502941 0.289216
v -0.216667 -0.495098 0.304902
v -0.210784 -0.530392 0.308824
v -0.167647 -0.495098 0.316667
v -0.255882 -0.581373 0.293137
v -0.308824 -0.599020 0.265686
v -0.202941 -0.536275 0.308824
v 0.559804 -0.524510 0.087255
v 0.585294 -0.473529 0.051961
v 0.587255 -0.471569 0.059804
v 0.608824 -0.408824 0.026471
v 0.610784 -0.406863 0.034314
v 0.555882 -0.526471 0.081373
v 0.495098 -0.597059 0.148039
v 0.491176 -0.599020 0.142157
v 0.414706 -0.612745 0.200980
v 0.463725 -0.610784 0.161765
v 0.467647 -0.608824 0.167647
v 0.410784 -0.614706 0.195098
v 0.359804 -0.612745 0.236274
v 0.369608 -0.595098 0.238235
v 0.459804 -0.597059 0.175490
v 0.318627 -0.587255 0.267647
v 0.487255 -0.583333 0.155882
v 0.418627 -0.575490 0.206863
v 0.455882 -0.548039 0.179412
v 0.361765 -0.542157 0.240196
v 0.412745 -0.516667 0.210784
v 0.455882 -0.546078 0.185294
v 0.357843 -0.499020 0.244118
v 0.400980 -0.479412 0.218627
v 0.450000 -0.481373 0.185294
v 0.440196 -0.453922 0.195098
v 0.487255 -0.440196 0.155882
v 0.499020 -0.495098 0.150000
v 0.526471 -0.444118 0.124510
v 0.510784 -0.402941 0.136275
v 0.550000 -0.512745 0.099020
v 0.499020 -0.497059 0.144118
v 0.526471 -0.448039 0.116667
v 0.577451 -0.461765 0.071569
v 0.475490 -0.420588 0.169608
v 0.499020 -0.385294 0.148039
v 0.546078 -0.391176 0.102941
v 0.530392 -0.350000 0.114706
v 0.599020 -0.399020 0.046078
v 0.544118 -0.393137 0.097059
v 0.565686 -0.308824 0.077451
v 0.550000 -0.279412 0.089216
v 0.597059 -0.353922 0.042157
v 0.606863 -0.363725 0.036275
v 0.563725 -0.310784 0.071569
v 0.610784 -0.263725 0.026471
v 0.577451 -0.228431 0.048039
v 0.618627 -0.183333 0.014706
v 0.579412 -0.226471 0.053922
v 0.587255 -0.157843 0.030392
v 0.618627 -0.118627 0.004902
v 0.589216 -0.102941 0.020588
v 0.612745 -0.073529 0.000980
v 0.306863 -0.548039 0.269608
v 0.587255 -0.067647 0.014706
v 0.602941 -0.038235 -0.000980
v 0.308824 -0.506863 0.267647
v 0.581373 -0.036275 0.010784
v 0.593137 -0.016667 -0.000980
v 0.575490 -0.008824 0.010784
v 0.251961 -0.540196 0.295098
v 0.265686 -0.571569 0.291176
v 0.259804 -0.502941 0.289216
v 0.216667 -0.495098 0.304902
v 0.210784 -0.530392 0.308824
v 0.573529 -0.204902 0.059804
v 0.589216 -0.153922 0.038235
v 0.522549 -0.338235 0.124510
v 0.167647 -0.495098 0.316667
v 0.255882 -0.581373 0.293137
v 0.308824 -0.599020 0.265686
v 0.202941 -0.536275 0.308824
v 0.442157 -0.444118 0.210784
v 0.404902 -0.469608 0.236274
v -0.330392 0.055882 0.122549
v -0.275490 0.134314 0.112745
v -0.381373 -0.016667 0.128431
v -0.444118 -0.097059 0.130392
v -0.463725 -0.128431 0.126471
v 0.330392 0.055882 0.122549
v 0.381373 -0.016667 0.128431
v 0.275490 0.134314 0.112745
v 0.444118 -0.097059 0.130392
v 0.463725 -0.128431 0.126471
v 0.304902 -0.585294 0.251961
v 0.346078 -0.600980 0.218627
v 0.351961 -0.597059 0.222549
v 0.399020 -0.606863 0.183333
v -0.832353 0.032353 -0.100980
v -0.816667 -0.022549 -0.091176
v -0.853922 0.089216 -0.114706
v -0.891176 0.167647 -0.140196
v -0.802941 -0.079412 -0.085294
v -0.806863 -0.106863 -0.087255
v -0.812745 -0.128431 -0.091176
v -0.895098 0.185294 -0.146078
v -0.883333 0.185294 -0.142157
v -0.626471 -0.055882 -0.024510
v -0.632353 -0.108824 -0.020588
v -0.634314 -0.165686 -0.014706
v 0.814706 -0.028431 -0.102941
v 0.830392 0.026471 -0.112745
v 0.832353 0.032353 -0.100980
v 0.816667 -0.022549 -0.091176
v 0.853922 0.089216 -0.114706
v 0.851961 0.083333 -0.126471
v 0.891176 0.167647 -0.140196
v 0.802941 -0.079412 -0.085294
v 0.806863 -0.106863 -0.087255
v 0.812745 -0.128431 -0.091176
v 0.887255 0.163725 -0.151961
v 0.895098 0.185294 -0.146078
v 0.893137 0.181373 -0.157843
v 0.883333 0.185294 -0.142157
v 0.626471 -0.055882 -0.024510
v 0.632353 -0.108824 -0.020588
v 0.634314 -0.165686 -0.014706
v 0.714706 0.581373 -0.238235
v 0.714706 0.599020 -0.242157
v 0.714706 0.599020 -0.236275
v 0.714706 0.579412 -0.228431
v 0.840196 0.838235 -0.377451
v -0.714706 0.581373 -0.238235
v -0.714706 0.599020 -0.242157
v 0.075490 -0.430392 0.361765
v 0.126471 -0.418627 0.332353
v 0.093137 -0.400980 0.340196
v 0.130392 -0.412745 0.322549
v 0.124510 -0.432353 0.332353
v 0.061765 -0.412745 0.375490
v 0.038235 -0.397059 0.367647
v 0.040196 -0.410784 0.381373
v 0.000980 -0.404902 0.385294
v 0.000980 -0.389216 0.369608
v -0.038235 -0.397059 0.367647
v -0.040196 -0.410784 0.381373
v -0.061765 -0.412745 0.375490
v -0.004902 -0.379412 0.353922
v 0.000980 -0.385294 0.355882
v -0.830392 0.838235 -0.377451
v -0.844118 0.834314 -0.391176
v -0.832353 0.828431 -0.391176
v -0.844118 0.832353 -0.395098
v 0.830392 0.838235 -0.377451
v 0.844118 0.834314 -0.391176
v 0.832353 0.828431 -0.391176
v 0.844118 0.832353 -0.395098
v -0.573529 0.081373 -0.046078
v -0.567647 0.079412 -0.042157
v -0.555882 0.075490 -0.034314
v -0.561765 0.077451 -0.038235
v -0.550000 0.073529 -0.028431
v -0.542157 0.071569 -0.022549
v -0.538235 0.067647 -0.016667
v -0.530392 0.065686 -0.012745
v -0.524510 0.063725 -0.008824
v -0.516667 0.059804 -0.004902
v -0.369608 0.061765 0.079412
v -0.508824 0.055882 0.000980
v -0.500980 0.048039 0.008824
v -0.373529 0.053922 0.081373
v -0.477451 0.026471 0.038235
v -0.377451 0.040196 0.085294
v 0.573529 0.081373 -0.046078
v 0.567647 0.079412 -0.042157
v 0.555882 0.075490 -0.034314
v 0.359804 0.081373 0.075490
v 0.561765 0.077451 -0.038235
v 0.363725 0.104902 0.073529
v 0.367647 0.120588 0.067647
v 0.550000 0.073529 -0.028431
v 0.542157 0.071569 -0.022549
v 0.359804 0.075490 0.079412
v 0.538235 0.067647 -0.016667
v 0.530392 0.065686 -0.012745
v 0.524510 0.063725 -0.008824
v 0.516667 0.059804 -0.004902
v 0.369608 0.061765 0.079412
v 0.508824 0.055882 0.000980
v 0.500980 0.048039 0.008824
v 0.373529 0.053922 0.081373
v 0.477451 0.026471 0.038235
v 0.377451 0.040196 0.085294
v 0.367647 0.130392 0.061765
v 0.369608 0.061765 0.085294
v 0.373529 0.053922 0.087255
v -0.144118 -0.353922 0.348039
v -0.167647 -0.344118 0.340196
v -0.200980 -0.324510 0.326471
v -0.230392 -0.306863 0.308824
v -0.265686 -0.283333 0.285294
v -0.118627 -0.355882 0.355882
v 0.165686 -0.346078 0.330392
v 0.199020 -0.326471 0.316667
v 0.167647 -0.344118 0.340196
v 0.200980 -0.324510 0.326471
v 0.228431 -0.308824 0.300980
v 0.230392 -0.306863 0.308824
v 0.265686 -0.285294 0.279412
v 0.144118 -0.353922 0.348039
v 0.142157 -0.355882 0.336275
v 0.265686 -0.283333 0.285294
v 0.118627 -0.355882 0.355882
v 0.116667 -0.355882 0.342157
v 0.106863 -0.471569 0.332353
v 0.114706 -0.444118 0.330392
v 0.075490 -0.451961 0.351961
v 0.055882 -0.493137 0.357843
v 0.077451 -0.508824 0.346078
v 0.010784 -0.681373 0.385294
v 0.038235 -0.471569 0.363725
v 0.022549 -0.502941 0.367647
v 0.000980 -0.502941 0.369608
v 0.000980 -0.469608 0.367647
v 0.018627 -0.471569 0.365686
v 0.000980 -0.442157 0.367647
v 0.024510 -0.444118 0.365686
v 0.000980 -0.412745 0.373529
v 0.042157 -0.418627 0.369608
v 0.022549 -0.659804 0.373529
v 0.059804 -0.577451 0.344118
v 0.061765 -0.587255 0.340196
v 0.097059 -0.516667 0.318627
v 0.099020 -0.516667 0.318627
v 0.126471 -0.493137 0.308824
v 0.095098 -0.508824 0.324510
v 0.124510 -0.487255 0.312745
v 0.128431 -0.475490 0.314706
v 0.132353 -0.477451 0.297059
v 0.124510 -0.471569 0.312745
v 0.169608 -0.424510 0.295098
v 0.106863 -0.469608 0.324510
v -0.622549 -0.273529 -0.004902
v -0.624510 -0.289216 0.002941
v -0.671569 -0.244118 -0.024510
v 0.622549 -0.273529 -0.004902
v 0.624510 -0.289216 0.002941
v 0.671569 -0.244118 -0.024510
v 0.814706 -0.085294 -0.153922
v -0.820588 -0.034314 -0.165686
v -0.814706 -0.085294 -0.161765
v -0.814706 -0.085294 -0.153922
v -0.838235 0.057843 -0.183333
v -0.818627 -0.116667 -0.167647
v 0.000980 0.232353 0.057843
v -0.063725 0.228431 0.057843
v 0.063725 0.228431 0.057843
v 0.200980 0.202941 0.057843
v 0.250000 0.183333 0.059804
v 0.128431 0.220588 0.057843
v -0.157843 -0.481373 0.310784
v -0.008824 -0.775490 0.379412
v -0.077451 -0.699020 0.340196
v -0.136275 -0.651961 0.310784
v -0.226471 -0.597059 0.271569
v -0.251961 -0.575490 0.259804
v 0.000980 -0.789216 0.387255
v 0.008824 -0.775490 0.379412
v -0.030392 -0.150000 0.304902
v -0.034314 -0.104902 0.291176
v 0.000980 -0.146078 0.306863
v 0.000980 -0.100980 0.295098
v -0.038235 -0.059804 0.275490
v 0.000980 -0.055882 0.279412
v -0.065686 -0.110784 0.287255
v -0.073529 -0.065686 0.269608
v -0.057843 -0.155882 0.299020
v -0.044118 -0.016667 0.255882
v -0.081373 -0.022549 0.250000
v -0.051961 -0.197059 0.308824
v -0.026471 -0.191176 0.312745
v 0.000980 -0.189216 0.314706
v -0.044118 -0.255882 0.318627
v -0.022549 -0.250000 0.322549
v 0.000980 -0.248039 0.324510
v -0.038235 -0.314706 0.326471
v -0.018627 -0.308824 0.330392
v 0.000980 -0.306863 0.332353
v -0.038235 -0.350000 0.328431
v -0.059804 -0.330392 0.320588
v -0.057843 -0.353922 0.322549
v -0.063725 -0.459804 0.324510
v -0.085294 -0.402941 0.316667
v -0.034314 -0.514706 0.338235
v -0.055882 -0.538235 0.330392
v -0.024510 -0.616667 0.351961
v -0.016667 -0.514706 0.342157
v -0.008824 -0.669608 0.363725
v 0.000980 -0.677451 0.367647
v 0.000980 -0.769608 0.381373
v -0.018627 -0.683333 0.361765
v -0.018627 -0.346078 0.330392
v 0.000980 -0.344118 0.332353
v -0.008824 -0.755882 0.375490
v -0.110784 -0.385294 0.310784
v 0.000980 -0.516667 0.344118
v -0.099020 -0.459804 0.306863
v -0.073529 -0.689216 0.338235
v -0.132353 -0.646078 0.310784
v -0.222549 -0.591176 0.271569
v -0.128431 -0.638235 0.312745
v -0.218627 -0.585294 0.273529
v -0.116667 -0.614706 0.318627
v -0.065686 -0.673529 0.342157
v -0.069608 -0.681373 0.340196
v -0.059804 -0.663725 0.344118
v -0.100980 -0.589216 0.322549
v -0.195098 -0.534314 0.281373
v -0.163725 -0.497059 0.289216
v -0.202941 -0.512745 0.275490
v -0.242157 -0.518627 0.259804
v -0.246078 -0.538235 0.259804
v -0.283333 -0.518627 0.242157
v -0.250000 -0.567647 0.257843
v -0.236275 -0.497059 0.261765
v -0.187255 -0.487255 0.281373
v -0.277451 -0.497059 0.246078
v -0.287255 -0.540196 0.240196
v -0.291176 -0.561765 0.238235
v -0.332353 -0.542157 0.218627
v -0.324510 -0.516667 0.222549
v -0.297059 -0.579412 0.236274
v -0.336275 -0.567647 0.214706
v -0.044118 -0.651961 0.346078
v -0.318627 -0.491176 0.226471
v -0.369608 -0.510784 0.197059
v -0.126471 -0.510784 0.300980
v -0.126471 -0.422549 0.297059
v -0.359804 -0.479412 0.204902
v -0.379412 -0.540196 0.191176
v -0.342157 -0.589216 0.210784
v -0.404902 -0.489216 0.175490
v -0.418627 -0.536275 0.169608
v -0.385294 -0.571569 0.185294
v -0.453922 -0.508824 0.144118
v -0.440196 -0.459804 0.151961
v -0.479412 -0.473529 0.126471
v -0.463725 -0.432353 0.134314
v -0.395098 -0.459804 0.183333
v -0.430392 -0.430392 0.161765
v -0.393137 -0.595098 0.177451
v -0.420588 -0.567647 0.159804
v -0.432353 -0.589216 0.150000
v -0.455882 -0.404902 0.144118
v -0.030392 -0.661765 0.350000
v -0.067647 -0.573529 0.314706
v -0.089216 0.016667 0.226471
v -0.108824 -0.502941 0.291176
v -0.099020 0.051961 0.202941
v -0.130392 -0.471569 0.279412
v -0.146078 -0.487255 0.283333
v -0.159804 -0.428431 0.271569
v -0.175490 -0.459804 0.275490
v -0.220588 -0.442157 0.271569
v -0.240196 -0.469608 0.273529
v -0.263726 -0.428431 0.261765
v -0.226471 -0.359804 0.248039
v -0.273529 -0.328431 0.230392
v -0.189216 -0.395098 0.263725
v -0.048039 0.022549 0.232353
v -0.106863 0.083333 0.179412
v -0.081373 -0.571569 0.316667
v -0.112745 0.108824 0.159804
v -0.183333 -0.367647 0.277451
v -0.155882 -0.391176 0.289216
v -0.138235 -0.365686 0.310784
v -0.169608 -0.346078 0.297059
v 0.000980 -0.012745 0.257843
v -0.053922 0.059804 0.206863
v -0.399020 -0.606863 0.183333
v -0.440196 -0.600980 0.153922
v -0.218627 -0.344118 0.259804
v 0.000980 0.026471 0.234314
v -0.206863 -0.326471 0.277451
v -0.057843 0.091176 0.183333
v -0.346078 -0.600980 0.218627
v 0.000980 0.063725 0.208824
v -0.061765 0.116667 0.161765
v 0.000980 0.095098 0.185294
v -0.281373 -0.465686 0.261765
v 0.000980 0.120588 0.163725
v -0.322549 -0.457843 0.246078
v -0.122549 0.199020 0.071569
v -0.199020 0.179412 0.073529
v -0.114706 -0.506863 0.295098
v -0.061765 0.206863 0.071569
v -0.122549 0.210784 0.057843
v -0.199020 0.191176 0.057843
v 0.075490 -0.432353 0.346078
v 0.124510 -0.432353 0.322549
v -0.124510 -0.432353 0.332353
v -0.075490 -0.430392 0.361765
v -0.061765 -0.420588 0.359804
v 0.061765 -0.420588 0.359804
v 0.044118 -0.424510 0.355882
v 0.069608 -0.579412 0.344118
v 0.504902 -0.042157 0.063725
v 0.530392 -0.014706 0.042157
v 0.465686 -0.253922 0.185294
v 0.522549 -0.226471 0.126471
v 0.526471 -0.222549 0.132353
v 0.575490 -0.191176 0.079412
v 0.469608 -0.277451 0.159804
v 0.455882 -0.267647 0.167647
v 0.406863 -0.261765 0.208824
v 0.400980 -0.275490 0.195098
v 0.363725 -0.275490 0.228431
v 0.430392 -0.275490 0.185294
v 0.453922 -0.238235 0.169608
v 0.514706 -0.212745 0.122549
v 0.399020 -0.251961 0.195098
v 0.357843 -0.267647 0.220588
v 0.571569 -0.204902 0.067647
v 0.583333 -0.185294 0.053922
v 0.571569 -0.204902 0.073529
v 0.546078 -0.265686 0.104902
v 0.546078 -0.271569 0.099020
v 0.522549 -0.330392 0.132353
v 0.546078 -0.263725 0.106863
v 0.520588 -0.328431 0.136275
v 0.499020 -0.377451 0.157843
v 0.475490 -0.412745 0.183333
v 0.497059 -0.375490 0.161765
v 0.473529 -0.408824 0.185294
v 0.520588 -0.244118 0.124510
v 0.526471 -0.250000 0.118627
v 0.497059 -0.310784 0.148039
v 0.442157 -0.440196 0.212745
v 0.502941 -0.316667 0.144118
v 0.461765 -0.306863 0.167647
v 0.404902 -0.465686 0.238235
v 0.361765 -0.483333 0.263725
v 0.361765 -0.489216 0.261765
v 0.312745 -0.491176 0.285294
v 0.312745 -0.497059 0.283333
v 0.259804 -0.491176 0.304902
v 0.261765 -0.495098 0.302941
v 0.218627 -0.489216 0.314706
v 0.397059 -0.453922 0.238235
v 0.436275 -0.432353 0.212745
v 0.432353 -0.428431 0.214706
v 0.463725 -0.400980 0.187255
v 0.485294 -0.365686 0.165686
v 0.459804 -0.397059 0.189216
v 0.385294 -0.438235 0.238235
v 0.414706 -0.412745 0.216667
v 0.400980 -0.457843 0.238235
v 0.344118 -0.455882 0.259804
v 0.355882 -0.471569 0.261765
v 0.357843 -0.475490 0.261765
v 0.310784 -0.485294 0.283333
v 0.259804 -0.485294 0.302941
v 0.300980 -0.465686 0.277451
v 0.218627 -0.481373 0.314706
v 0.218627 -0.477451 0.312745
v 0.308824 -0.481373 0.283333
v 0.251961 -0.465686 0.291176
v 0.257843 -0.481373 0.300980
v 0.216667 -0.473529 0.310784
v 0.171569 -0.483333 0.320588
v 0.438235 -0.379412 0.197059
v 0.479412 -0.361765 0.169608
v 0.451961 -0.342157 0.181373
v 0.169608 -0.491176 0.322549
v 0.300980 -0.446078 0.291176
v 0.253922 -0.450000 0.300980
v 0.251961 -0.434314 0.304902
v 0.297059 -0.426471 0.297059
v 0.346078 -0.434314 0.275490
v 0.340196 -0.410784 0.283333
v 0.216667 -0.440196 0.304902
v 0.246078 -0.422549 0.304902
v 0.238235 -0.410784 0.302941
v 0.200980 -0.414706 0.299020
v 0.177451 -0.434314 0.299020
v 0.226471 -0.397059 0.297059
v 0.189216 -0.451961 0.302941
v 0.150000 -0.475490 0.299020
v 0.193137 -0.400980 0.291176
v 0.150000 -0.485294 0.299020
v 0.193137 -0.467647 0.297059
v 0.216667 -0.463725 0.295098
v 0.385294 -0.416667 0.253922
v 0.414706 -0.393137 0.230392
v 0.379412 -0.391176 0.261765
v 0.408824 -0.369608 0.238235
v 0.438235 -0.363725 0.208824
v 0.434314 -0.344118 0.214706
v 0.451961 -0.330392 0.191176
v 0.450000 -0.318627 0.195098
v 0.461765 -0.299020 0.175490
v 0.402941 -0.793137 0.195098
v 0.422549 -0.732353 0.169608
v 0.420588 -0.734314 0.165686
v 0.400980 -0.795098 0.191176
v 0.430392 -0.712745 0.155882
v 0.379412 -0.824510 0.216667
v 0.430392 -0.710784 0.159804
v 0.442157 -0.687255 0.142157
v 0.444118 -0.685294 0.150000
v 0.377451 -0.826471 0.214706
v -0.614706 -0.367647 0.016667
v 0.614706 -0.367647 0.016667
v -0.250000 0.183333 0.059804
v -0.200980 0.202941 0.057843
v -0.128431 0.220588 0.057843
v 0.587255 -0.065686 0.020588
v 0.589216 -0.100980 0.026471
v 0.581373 -0.034314 0.016667
v 0.351961 -0.224510 0.222549
v 0.385294 -0.206863 0.189216
v 0.385294 -0.202941 0.193137
v 0.432353 -0.177451 0.151961
v 0.432353 -0.173529 0.155882
v 0.350000 -0.228431 0.218627
v 0.306863 -0.255882 0.257843
v 0.306863 -0.259804 0.253922
v 0.383333 -0.175490 0.197059
v 0.302941 -0.240196 0.263725
v 0.348039 -0.208824 0.228431
v 0.261765 -0.267647 0.291176
v 0.224510 -0.293137 0.314706
v 0.195098 -0.310784 0.330392
v 0.426471 -0.144118 0.157843
v 0.391176 -0.232353 0.187255
v 0.353922 -0.250000 0.218627
v 0.312745 -0.271569 0.250000
v 0.424510 -0.134314 0.157843
v 0.379412 -0.167647 0.197059
v 0.438235 -0.214706 0.157843
v 0.300980 -0.232353 0.263725
v 0.344118 -0.199020 0.228431
v 0.269608 -0.297059 0.273529
v 0.316667 -0.287255 0.244118
v 0.275490 -0.312745 0.265686
v 0.234314 -0.320588 0.293137
v 0.163725 -0.328431 0.344118
v 0.500980 -0.200980 0.116667
v 0.528431 -0.144118 0.087255
v 0.565686 -0.053922 0.034314
v 0.518627 -0.100980 0.077451
v 0.144118 -0.334314 0.351961
v 0.322549 -0.293137 0.246078
v 0.279412 -0.318627 0.267647
v 0.202941 -0.340196 0.308824
v 0.238235 -0.338235 0.281373
v 0.242157 -0.344118 0.283333
v 0.177451 -0.369608 0.314706
v 0.206863 -0.365686 0.295098
v 0.185294 -0.387255 0.302941
v 0.157843 -0.414706 0.310784
v 0.189216 -0.393137 0.302941
v 0.210784 -0.371569 0.297059
v 0.110784 -0.444118 0.324510
v 0.073529 -0.448039 0.342157
v 0.036275 -0.467647 0.351961
v 0.124510 -0.332353 0.355882
v 0.100980 -0.324510 0.357843
v 0.165686 -0.418627 0.310784
v 0.212745 -0.379412 0.285294
v 0.244118 -0.353922 0.271569
v 0.279412 -0.328431 0.253922
v 0.028431 -0.448039 0.353922
v 0.024510 -0.471569 0.353922
v 0.026471 -0.489216 0.357843
v 0.093137 -0.344118 0.355882
v 0.079412 -0.312745 0.353922
v 0.318627 -0.304902 0.234314
v 0.361765 -0.287255 0.214706
v 0.369608 -0.297059 0.220588
v 0.404902 -0.283333 0.199020
v 0.438235 -0.287255 0.189216
v 0.457843 -0.281373 0.173529
v 0.446078 -0.302941 0.193137
v 0.414706 -0.299020 0.206863
v 0.424510 -0.320588 0.212745
v 0.397059 -0.342157 0.236274
v 0.365686 -0.363725 0.261765
v 0.328431 -0.385294 0.283333
v 0.287255 -0.404902 0.297059
v 0.383333 -0.316667 0.230392
v 0.348039 -0.338235 0.253922
v 0.273529 -0.385294 0.293137
v 0.310784 -0.361765 0.275490
v 0.330392 -0.316667 0.244118
v 0.293137 -0.342157 0.265686
v 0.257843 -0.369608 0.283333
v 0.650000 -0.116667 -0.046078
v 0.157843 -0.481373 0.310784
v -0.520588 -0.620588 0.093137
v -0.528431 -0.561765 0.091176
v -0.522549 -0.567647 0.083333
v -0.522549 -0.620588 0.100980
v -0.510784 -0.675490 0.104902
v -0.510784 -0.675490 0.112745
v -0.497059 -0.730392 0.116667
v -0.546078 -0.553922 0.063725
v -0.834314 -0.153922 -0.120588
v -0.824510 -0.118627 -0.100980
v -0.816667 -0.130392 -0.087255
v -0.816667 -0.163725 -0.100980
v -0.853922 -0.191176 -0.148039
v -0.857843 -0.183333 -0.153922
v -0.879412 -0.210784 -0.177451
v -0.889216 -0.197059 -0.187255
v -0.928431 -0.204902 -0.220588
v -0.924510 -0.216667 -0.220588
v -0.950000 -0.212745 -0.244118
v -0.824510 -0.189216 -0.120588
v -0.761765 -0.161765 -0.061765
v -0.750000 -0.212745 -0.071569
v -0.671569 -0.253922 -0.016667
v -0.830392 -0.212745 -0.148039
v -0.746078 -0.232353 -0.089216
v -0.669608 -0.271569 -0.036275
v -0.622549 -0.299020 -0.008824
v -0.946078 -0.202941 -0.244118
v -0.608824 -0.293137 0.000980
v -0.926471 -0.197059 -0.224510
v -0.875490 -0.336275 -0.159804
v -0.838235 -0.322549 -0.130392
v -0.871569 -0.318627 -0.153922
v -0.904902 -0.312745 -0.187255
v -0.899020 -0.324510 -0.181373
v -0.906863 -0.299020 -0.189216
v -0.871569 -0.299020 -0.148039
v -0.846078 -0.308824 -0.122549
v -0.900980 -0.281373 -0.189216
v -0.877451 -0.275490 -0.165686
v -0.914706 -0.259804 -0.204902
v -0.910784 -0.244118 -0.200980
v -0.865686 -0.238235 -0.169608
v -0.828431 -0.261765 -0.132353
v -0.740196 -0.265686 -0.079412
v -0.736275 -0.287255 -0.069608
v -0.789216 -0.320588 -0.083333
v -0.720588 -0.350000 -0.040196
v -0.655882 -0.302941 -0.028431
v -0.644118 -0.332353 -0.016667
v -0.618627 -0.320588 -0.004902
v -0.610784 -0.367647 0.008824
v -0.634314 -0.367647 -0.002941
v -0.634314 -0.393137 0.000980
v -0.604902 -0.418627 0.018627
v -0.600980 -0.365686 0.018627
v -0.593137 -0.402941 0.028431
v -0.569608 -0.465686 0.051961
v -0.542157 -0.516667 0.079412
v -0.853922 -0.344118 -0.128431
v -0.785294 -0.330392 -0.091176
v -0.814706 -0.357843 -0.097059
v -0.720588 -0.355882 -0.053922
v -0.775490 -0.383333 -0.065686
v -0.653922 -0.410784 -0.008824
v -0.642157 -0.455882 0.008824
v -0.695098 -0.475490 -0.014706
v -0.651961 -0.502941 0.010784
v -0.553922 -0.532353 0.050000
v -0.606863 -0.422549 0.010784
v -0.636275 -0.393137 -0.010784
v -0.679412 -0.495098 -0.006863
v -0.653922 -0.516667 0.002941
v -0.546078 -0.538235 0.063725
v -0.453922 -0.599020 0.153922
v -0.463725 -0.622549 0.144118
v -0.463725 -0.653922 0.144118
v -0.455882 -0.685294 0.151961
v -0.495098 -0.726471 0.126471
v -0.450000 -0.712745 0.157843
v -0.487255 -0.742157 0.134314
v -0.440196 -0.734314 0.167647
v -0.428431 -0.806863 0.189216
v -0.416667 -0.799020 0.197059
v -0.389216 -0.834314 0.220588
v -0.387255 -0.830392 0.220588
v -0.438235 -0.710784 0.161765
v -0.428431 -0.732353 0.171569
v -0.391176 -0.838235 0.218627
v -0.367647 -0.836275 0.226471
v -0.367647 -0.834314 0.226471
v -0.548039 -0.550000 0.065686
v -0.651961 -0.518627 0.000980
v -0.406863 -0.795098 0.197059
v -0.383333 -0.826471 0.218627
v -0.451961 -0.653922 0.142157
v -0.444118 -0.685294 0.150000
v -0.451961 -0.624510 0.142157
v -0.402941 -0.793137 0.195098
v -0.379412 -0.824510 0.216667
v -0.834314 -0.359804 -0.151961
v -0.422549 -0.732353 0.169608
v -0.430392 -0.710784 0.159804
v -0.442157 -0.604902 0.150000
v -0.402941 -0.602941 0.187255
v 0.520588 -0.620588 0.093137
v 0.522549 -0.567647 0.083333
v 0.528431 -0.561765 0.091176
v 0.522549 -0.620588 0.100980
v 0.510784 -0.675490 0.104902
v 0.510784 -0.675490 0.112745
v 0.497059 -0.730392 0.116667
v 0.546078 -0.553922 0.063725
v 0.834314 -0.153922 -0.120588
v 0.824510 -0.118627 -0.100980
v 0.816667 -0.130392 -0.087255
v 0.816667 -0.163725 -0.100980
v 0.853922 -0.191176 -0.148039
v 0.857843 -0.183333 -0.153922
v 0.879412 -0.210784 -0.177451
v 0.889216 -0.197059 -0.187255
v 0.928431 -0.204902 -0.220588
v 0.924510 -0.216667 -0.220588
v 0.950000 -0.212745 -0.244118
v 0.824510 -0.189216 -0.120588
v 0.761765 -0.161765 -0.061765
v 0.750000 -0.212745 -0.071569
v 0.671569 -0.253922 -0.016667
v 0.830392 -0.212745 -0.148039
v 0.746078 -0.232353 -0.089216
v 0.669608 -0.271569 -0.036275
v 0.622549 -0.299020 -0.008824
v 0.946078 -0.202941 -0.244118
v 0.608824 -0.293137 0.000980
v 0.926471 -0.197059 -0.224510
v 0.875490 -0.336275 -0.159804
v 0.904902 -0.312745 -0.187255
v 0.871569 -0.318627 -0.153922
v 0.906863 -0.299020 -0.189216
v 0.899020 -0.324510 -0.181373
v 0.871569 -0.299020 -0.148039
v 0.846078 -0.308824 -0.122549
v 0.838235 -0.322549 -0.130392
v 0.900980 -0.281373 -0.189216
v 0.877451 -0.275490 -0.165686
v 0.914706 -0.259804 -0.204902
v 0.910784 -0.244118 -0.200980
v 0.865686 -0.238235 -0.169608
v 0.828431 -0.261765 -0.132353
v 0.740196 -0.265686 -0.079412
v 0.736275 -0.287255 -0.069608
v 0.789216 -0.320588 -0.083333
v 0.720588 -0.350000 -0.040196
v 0.655882 -0.302941 -0.028431
v 0.644118 -0.332353 -0.016667
v 0.618627 -0.320588 -0.004902
v 0.610784 -0.367647 0.008824
v 0.634314 -0.367647 -0.002941
v 0.634314 -0.393137 0.000980
v 0.604902 -0.418627 0.018627
v 0.600980 -0.365686 0.018627
v 0.593137 -0.402941 0.028431
v 0.569608 -0.465686 0.051961
v 0.542157 -0.516667 0.079412
v 0.853922 -0.344118 -0.128431
v 0.785294 -0.330392 -0.091176
v 0.814706 -0.357843 -0.097059
v 0.720588 -0.355882 -0.053922
v 0.775490 -0.383333 -0.065686
v 0.653922 -0.410784 -0.008824
v 0.642157 -0.455882 0.008824
v 0.695098 -0.475490 -0.014706
v 0.651961 -0.502941 0.010784
v 0.553922 -0.532353 0.050000
v 0.606863 -0.422549 0.010784
v 0.636275 -0.393137 -0.010784
v 0.679412 -0.495098 -0.006863
v 0.653922 -0.516667 0.002941
v 0.546078 -0.538235 0.063725
v 0.453922 -0.599020 0.153922
v 0.463725 -0.622549 0.144118
v 0.463725 -0.653922 0.144118
v 0.455882 -0.685294 0.151961
v 0.495098 -0.726471 0.126471
v 0.450000 -0.712745 0.157843
v 0.487255 -0.742157 0.134314
v 0.440196 -0.734314 0.167647
v 0.428431 -0.806863 0.189216
v 0.416667 -0.799020 0.197059
v 0.389216 -0.834314 0.220588
v 0.387255 -0.830392 0.220588
v 0.438235 -0.710784 0.161765
v 0.428431 -0.732353 0.171569
v 0.391176 -0.838235 0.218627
v 0.367647 -0.834314 0.226471
v 0.548039 -0.550000 0.065686
v 0.651961 -0.518627 0.000980
v 0.367647 -0.836275 0.226471
v 0.406863 -0.795098 0.197059
v 0.383333 -0.826471 0.218627
v 0.451961 -0.653922 0.142157
v 0.451961 -0.624510 0.142157
v 0.834314 -0.359804 -0.151961
v -0.351961 -0.597059 0.222549
v -0.304902 -0.585294 0.251961
v 0.157843 -0.495098 0.316667
v 0.614706 0.399020 -0.138235
v 0.638235 0.416667 -0.155882
v 0.614706 0.416667 -0.144118
v -0.614706 0.399020 -0.138235
v -0.614706 0.416667 -0.144118
v -0.638235 0.416667 -0.155882
v 0.073529 -0.365686 0.332353
v 0.057843 -0.346078 0.346078
v 0.069608 -0.363725 0.340196
v 0.097059 -0.397059 0.330392
v 0.059804 -0.334314 0.334314
v 0.040196 -0.373529 0.355882
v 0.040196 -0.351961 0.351961
v 0.010784 -0.363725 0.357843
v 0.006863 -0.379412 0.361765
v 0.091176 -0.344118 0.342157
v 0.069608 -0.326471 0.338235
v 0.061765 -0.312745 0.334314
v 0.402941 -0.602941 0.187255
v 0.440196 -0.600980 0.153922
v 0.442157 -0.604902 0.150000
v 0.614706 0.399020 -0.136275
v -0.614706 0.399020 -0.136275
v 0.479412 0.028431 0.042157
v 0.504902 0.048039 0.018627
v 0.473529 0.028431 0.046078
v -0.355882 -0.610784 0.232353
v -0.306863 -0.597059 0.261765
v -0.253922 -0.579412 0.287255
v -0.479412 -0.589216 0.138235
v 0.355882 -0.610784 0.232353
v 0.306863 -0.597059 0.261765
v 0.253922 -0.579412 0.287255
v 0.479412 -0.589216 0.138235
v 0.071569 -0.326471 0.350000
v 0.063725 -0.312745 0.346078
v -0.071569 -0.326471 0.350000
v -0.093137 -0.344118 0.355882
v -0.063725 -0.312745 0.346078
v 0.836275 -0.130392 -0.210784
v 0.818627 -0.128431 -0.181373
v 0.832353 -0.128431 -0.183333
v -0.836275 -0.130392 -0.210784
v -0.832353 -0.128431 -0.183333
v -0.818627 -0.128431 -0.181373
v -0.806863 -0.116667 -0.169608
v 0.914706 0.189216 -0.155882
v 0.914706 0.191176 -0.157843
v -0.914706 0.189216 -0.155882
v -0.914706 0.191176 -0.157843
v -0.099020 -0.516667 0.318627
v -0.069608 -0.579412 0.344118
v 0.616667 -0.016667 -0.048039
v 0.612745 -0.018627 -0.046078
v 0.622549 -0.046078 -0.046078
v 0.602941 0.014706 -0.046078
v 0.610784 -0.012745 -0.046078
v -0.461765 -0.006863 0.057843
v -0.459804 -0.006863 0.061765
v -0.434314 -0.006863 0.073529
v 0.644118 -0.112745 -0.048039
v 0.681373 0.497059 -0.189216
v 0.681373 0.500980 -0.199020
v 0.681373 0.518627 -0.200980
v 0.681373 0.520588 -0.206863
v -0.681373 0.500980 -0.199020
v -0.681373 0.520588 -0.206863
v -0.897059 -0.310784 -0.200980
v -0.899020 -0.299020 -0.200980
v -0.893137 -0.281373 -0.199020
v -0.887255 -0.297059 -0.206863
v -0.887255 -0.279412 -0.202941
v -0.887255 -0.306863 -0.206863
v -0.906863 -0.259804 -0.212745
v -0.899020 -0.257843 -0.216667
v -0.946078 -0.212745 -0.253922
v -0.938235 -0.216667 -0.253922
v -0.448039 -0.620588 0.134314
v -0.450000 -0.651961 0.134314
v -0.442157 -0.687255 0.142157
v -0.430392 -0.712745 0.155882
v -0.438235 -0.597059 0.144118
v 0.438235 -0.597059 0.144118
v 0.448039 -0.620588 0.134314
v 0.432353 -0.589216 0.150000
v 0.450000 -0.651961 0.134314
v 0.691176 0.524510 -0.202941
v 0.691176 0.528431 -0.212745
v 0.691176 0.544118 -0.212745
v 0.691176 0.546078 -0.218627
v 0.702941 0.561765 -0.218627
v 0.702941 0.563725 -0.228431
v 0.702941 0.571569 -0.224510
v 0.702941 0.573529 -0.232353
v -0.691176 0.544118 -0.212745
v -0.691176 0.528431 -0.212745
v -0.691176 0.546078 -0.218627
v -0.702941 0.563725 -0.228431
v -0.702941 0.573529 -0.232353
v 0.816667 0.663725 -0.310784
v 0.824510 0.720588 -0.336275
v 0.814706 0.667647 -0.314706
v -0.814706 0.667647 -0.314706
v 0.069608 -0.304902 0.348039
v 0.065686 -0.299020 0.334314
v 0.838235 -0.146078 -0.200980
v 0.840196 -0.128431 -0.208824
v 0.840196 -0.146078 -0.189216
v 0.840196 -0.128431 -0.212745
v 0.840196 -0.106863 -0.220588
v 0.840196 -0.106863 -0.222549
v 0.840196 -0.075490 -0.226471
v 0.840196 -0.075490 -0.228431
v 0.834314 -0.130392 -0.183333
v 0.844118 -0.161765 -0.195098
v 0.844118 -0.167647 -0.177451
v 0.826471 -0.148039 -0.163725
v 0.820588 -0.120588 -0.165686
v 0.838235 -0.126471 -0.206863
v 0.838235 -0.106863 -0.220588
v 0.859804 -0.179412 -0.195098
v 0.853922 -0.185294 -0.179412
v 0.885294 -0.193137 -0.208824
v -0.840196 -0.146078 -0.189216
v -0.840196 -0.128431 -0.208824
v -0.838235 -0.146078 -0.200980
v -0.840196 -0.128431 -0.212745
v -0.840196 -0.106863 -0.220588
v -0.840196 -0.106863 -0.222549
v -0.840196 -0.075490 -0.226471
v -0.840196 -0.075490 -0.228431
v -0.834314 -0.130392 -0.183333
v -0.844118 -0.161765 -0.195098
v -0.844118 -0.167647 -0.177451
v -0.826471 -0.148039 -0.163725
v -0.820588 -0.120588 -0.165686
v -0.838235 -0.126471 -0.206863
v -0.838235 -0.106863 -0.220588
v -0.859804 -0.179412 -0.195098
v -0.853922 -0.185294 -0.179412
v -0.885294 -0.193137 -0.208824
v -0.069608 -0.304902 0.348039
v -0.079412 -0.312745 0.353922
v 0.461765 -0.006863 0.061765
v 0.475490 0.020588 0.046078
v 0.473529 0.020588 0.040196
v 0.461765 -0.006863 0.057843
v -0.473529 0.020588 0.040196
v -0.408824 -0.006863 0.089216
v -0.404902 -0.004902 0.089216
v -0.389216 0.022549 0.085294
v -0.383333 0.030392 0.085294
v -0.428431 -0.000980 0.073529
v -0.432353 -0.004902 0.073529
v -0.426471 -0.006863 0.077451
v 0.408824 -0.006863 0.089216
v 0.404902 -0.004902 0.089216
v 0.406863 -0.004902 0.095098
v 0.408824 -0.006863 0.095098
v 0.387255 0.022549 0.091176
v 0.389216 0.022549 0.085294
v 0.383333 0.030392 0.085294
v 0.379412 0.055882 0.083333
v 0.377451 0.040196 0.089216
v 0.383333 0.030392 0.091176
v 0.428431 -0.000980 0.073529
v 0.432353 -0.004902 0.073529
v 0.434314 -0.006863 0.073529
v 0.426471 -0.006863 0.077451
v 0.667647 0.471569 -0.185294
v 0.667647 0.491176 -0.191176
v 0.667647 0.489216 -0.187255
v 0.667647 0.469608 -0.177451
v -0.667647 0.471569 -0.185294
v -0.667647 0.491176 -0.191176
v -0.844118 -0.510784 -0.126471
v -0.832353 -0.487255 -0.124510
v -0.840196 -0.510784 -0.132353
v -0.828431 -0.489216 -0.130392
v -0.830392 -0.461765 -0.126471
v -0.824510 -0.461765 -0.134314
v -0.840196 -0.430392 -0.140196
v -0.834314 -0.430392 -0.148039
v -0.863725 -0.375490 -0.167647
v 0.840196 -0.510784 -0.132353
v 0.832353 -0.487255 -0.124510
v 0.844118 -0.510784 -0.126471
v 0.828431 -0.489216 -0.130392
v 0.830392 -0.461765 -0.126471
v 0.824510 -0.461765 -0.134314
v 0.840196 -0.430392 -0.140196
v 0.834314 -0.430392 -0.148039
v 0.863725 -0.375490 -0.167647
v 0.577451 0.079412 -0.044118
v 0.581373 0.083333 -0.046078
v 0.585294 0.053922 -0.044118
v 0.638235 0.436275 -0.159804
v 0.638235 0.438235 -0.163725
v 0.651961 0.442157 -0.163725
v 0.651961 0.450000 -0.173529
v 0.389216 0.234314 0.014706
v 0.383333 0.236275 0.008824
v 0.381373 0.242157 0.010784
v 0.381373 0.240196 0.006863
v 0.383333 0.228431 0.010784
v 0.379412 0.224510 0.016667
v 0.381373 0.224510 0.018627
v 0.375490 0.218627 0.020588
v 0.836275 0.083333 -0.126471
v 0.812745 0.026471 -0.112745
v 0.816667 0.495098 -0.232353
v 0.579412 0.428431 -0.114706
v 0.571569 0.087255 -0.038235
v 0.559804 0.083333 -0.030392
v 0.548039 0.079412 -0.020588
v 0.534314 0.075490 -0.008824
v 0.651961 0.461765 -0.173529
v 0.516667 0.069608 0.006863
v 0.502941 0.055882 0.018627
v 0.430392 0.000980 0.081373
v 0.377451 0.100980 0.073529
v 0.389216 0.032353 0.087255
v 0.457843 -0.000980 0.067647
v 0.371569 0.153922 0.053922
v 0.377451 0.197059 0.036275
v 0.361765 0.175490 0.050000
v 0.457843 -0.002941 0.067647
v 0.606863 0.414706 -0.134314
v 0.357843 0.183333 0.046078
v 0.355882 0.191176 0.042157
v 0.359804 0.197059 0.038235
v 0.608824 0.414706 -0.136275
v 0.428431 -0.004902 0.081373
v 0.363725 0.202941 0.032353
v 0.367647 0.208824 0.028431
v 0.371569 0.212745 0.024510
v 0.542157 0.077451 -0.014706
v -0.638235 0.438235 -0.163725
v -0.651961 0.450000 -0.173529
v -0.100980 -0.324510 0.357843
v -0.075490 -0.308824 0.346078
v -0.099020 -0.322549 0.351961
v -0.124510 -0.332353 0.355882
v -0.122549 -0.328431 0.351961
v -0.144118 -0.334314 0.351961
v -0.163725 -0.328431 0.344118
v -0.142157 -0.328431 0.350000
v -0.159804 -0.320588 0.344118
v -0.195098 -0.310784 0.330392
v -0.191176 -0.302941 0.330392
v -0.132353 -0.302941 0.344118
v -0.224510 -0.293137 0.314706
v -0.220588 -0.285294 0.314706
v -0.161765 -0.253922 0.316667
v -0.193137 -0.232353 0.302941
v -0.183333 -0.206863 0.295098
v -0.224510 -0.197059 0.283333
v -0.212745 -0.151961 0.267647
v -0.261765 -0.155882 0.255882
v -0.240196 -0.102941 0.240196
v -0.197059 -0.112745 0.253922
v -0.163725 -0.181373 0.285294
v -0.228431 -0.051961 0.218627
v -0.269608 -0.073529 0.216667
v -0.251961 -0.002941 0.189216
v -0.224510 -0.004902 0.197059
v -0.275490 0.108824 0.128431
v -0.187255 -0.083333 0.240196
v -0.134314 -0.238235 0.310784
v -0.106863 -0.295098 0.338235
v -0.257843 -0.259804 0.291176
v -0.302941 -0.124510 0.224510
v -0.281373 -0.204902 0.263725
v -0.334314 -0.028431 0.165686
v -0.300980 -0.232353 0.263725
v -0.326471 -0.165686 0.228431
v -0.363725 -0.130392 0.195098
v -0.340196 -0.089216 0.189216
v -0.344118 -0.199020 0.228431
v -0.261765 -0.267647 0.291176
v -0.414706 -0.099020 0.151961
v -0.302941 -0.240196 0.263725
v -0.379412 -0.167647 0.197059
v -0.383333 -0.175490 0.197059
v -0.424510 -0.134314 0.157843
v -0.348039 -0.208824 0.228431
v -0.426471 -0.144118 0.157843
v -0.150000 -0.163725 0.275490
v -0.116667 -0.226471 0.302941
v -0.085294 -0.289216 0.330392
v 0.651961 0.463725 -0.177451
v -0.651961 0.463725 -0.177451
v -0.677451 -0.212745 -0.051961
v 0.677451 -0.212745 -0.051961
v -0.650000 -0.116667 -0.046078
v -0.644118 -0.112745 -0.048039
v -0.634314 -0.083333 -0.046078
v 0.838235 -0.106863 -0.222549
v -0.838235 -0.106863 -0.222549
v 0.608824 0.397059 -0.136275
v -0.608824 0.397059 -0.136275
v 0.075490 -0.308824 0.346078
v 0.099020 -0.322549 0.351961
v 0.122549 -0.328431 0.351961
v 0.193137 -0.232353 0.302941
v 0.224510 -0.197059 0.283333
v 0.183333 -0.206863 0.295098
v 0.212745 -0.151961 0.267647
v 0.161765 -0.253922 0.316667
v 0.220588 -0.285294 0.314706
v 0.191176 -0.302941 0.330392
v 0.132353 -0.302941 0.344118
v 0.159804 -0.320588 0.344118
v 0.261765 -0.155882 0.255882
v 0.240196 -0.102941 0.240196
v 0.197059 -0.112745 0.253922
v 0.142157 -0.328431 0.350000
v 0.228431 -0.051961 0.218627
v 0.163725 -0.181373 0.285294
v 0.269608 -0.073529 0.216667
v 0.251961 -0.002941 0.189216
v 0.224510 -0.004902 0.197059
v 0.275490 0.108824 0.128431
v 0.187255 -0.083333 0.240196
v 0.257843 -0.259804 0.291176
v 0.302941 -0.124510 0.224510
v 0.281373 -0.204902 0.263725
v 0.334314 -0.028431 0.165686
v 0.326471 -0.165686 0.228431
v 0.363725 -0.130392 0.195098
v 0.340196 -0.089216 0.189216
v 0.414706 -0.099020 0.151961
v 0.134314 -0.238235 0.310784
v 0.106863 -0.295098 0.338235
v 0.150000 -0.163725 0.275490
v 0.116667 -0.226471 0.302941
v 0.085294 -0.289216 0.330392
v 0.075490 -0.285294 0.326471
v 0.065686 -0.273529 0.332353
v 0.034314 -0.281373 0.348039
v 0.065686 -0.218627 0.328431
v 0.030392 -0.306863 0.351961
v 0.000980 -0.291176 0.355882
v 0.099020 -0.142157 0.299020
v 0.097059 -0.093137 0.289216
v 0.130392 -0.032353 0.253922
v 0.181373 -0.012745 0.218627
v 0.136274 -0.073529 0.261765
v 0.183333 -0.073529 0.232353
v 0.099020 -0.199020 0.306863
v 0.140196 -0.130392 0.269608
v 0.000980 -0.318627 0.357843
v 0.144118 -0.155882 0.269608
v 0.110784 -0.222549 0.299020
v 0.034314 -0.330392 0.350000
v 0.000980 -0.348039 0.355882
v 0.038235 -0.346078 0.346078
v 0.006863 -0.363725 0.351961
v 0.000980 -0.363725 0.351961
v -0.006863 -0.363725 0.351961
v 0.004902 -0.379412 0.353922
v -0.389216 -0.840196 0.214706
v -0.385294 -0.838235 0.210784
v -0.367647 -0.836275 0.224510
v -0.381373 -0.838235 0.208824
v -0.424510 -0.812745 0.177451
v -0.418627 -0.810784 0.175490
v -0.479412 -0.746078 0.114706
v -0.487255 -0.744118 0.114706
v -0.495098 -0.732353 0.108824
v -0.428431 -0.812745 0.181373
v -0.491176 -0.732353 0.106863
v -0.536275 -0.685294 0.073529
v 0.381373 -0.838235 0.208824
v 0.385294 -0.838235 0.210784
v 0.367647 -0.836275 0.224510
v 0.389216 -0.840196 0.214706
v 0.424510 -0.812745 0.177451
v 0.428431 -0.812745 0.181373
v 0.859804 -0.536275 -0.136275
v 0.865686 -0.530392 -0.134314
v 0.861765 -0.536275 -0.132353
v 0.861765 -0.528431 -0.138235
v 0.814706 -0.532353 -0.112745
v 0.816667 -0.532353 -0.108824
v 0.579412 -0.657843 0.040196
v 0.583333 -0.657843 0.046078
v 0.532353 -0.685294 0.069608
v 0.536274 -0.685294 0.073529
v 0.491176 -0.732353 0.106863
v 0.573529 -0.650000 0.038235
v 0.526471 -0.677451 0.069608
v 0.810784 -0.528431 -0.114706
v 0.850000 -0.530392 -0.138235
v 0.850000 -0.526471 -0.138235
v 0.495098 -0.732353 0.108824
v 0.479412 -0.746078 0.114706
v 0.487255 -0.744118 0.114706
v 0.402941 -0.800980 0.187255
v 0.426471 -0.736275 0.157843
v 0.436275 -0.714706 0.148039
v 0.463725 -0.746078 0.124510
v 0.414706 -0.808824 0.177451
v 0.475490 -0.728431 0.112745
v 0.379412 -0.830392 0.210784
v 0.381373 -0.834314 0.208824
v 0.465686 -0.659804 0.122549
v 0.367647 -0.834314 0.224510
v 0.381373 -0.836275 0.208824
v 0.418627 -0.810784 0.175490
v 0.499020 -0.614706 0.081373
v 0.479412 -0.587255 0.100980
v 0.502941 -0.559804 0.073529
v 0.518627 -0.577451 0.059804
v 0.569608 -0.444118 -0.002941
v 0.467647 -0.565686 0.114706
v 0.589216 -0.412745 -0.018627
v 0.471569 -0.748039 0.118627
v 0.483333 -0.730392 0.108824
v 0.393137 -0.595098 0.177451
v 0.385294 -0.571569 0.185294
v 0.597059 -0.451961 -0.020588
v 0.616667 -0.416667 -0.036275
v 0.342157 -0.589216 0.210784
v 0.336275 -0.567647 0.214706
v 0.650000 -0.442157 -0.051961
v 0.769608 -0.385294 -0.126471
v 0.816667 -0.406863 -0.151961
v 0.824510 -0.355882 -0.161765
v 0.857843 -0.357843 -0.181373
v 0.863725 -0.326471 -0.187255
v 0.544118 -0.597059 0.050000
v 0.628431 -0.481373 -0.030392
v 0.814706 -0.489216 -0.128431
v 0.812745 -0.461765 -0.132353
v 0.297059 -0.579412 0.236274
v 0.291176 -0.561765 0.238235
v 0.251961 -0.575490 0.259804
v 0.800980 -0.516667 -0.110784
v 0.559804 -0.616667 0.048039
v 0.808824 -0.524510 -0.114706
v 0.830392 -0.510784 -0.130392
v 0.506863 -0.650000 0.085294
v 0.522549 -0.669608 0.073529
v 0.569608 -0.642157 0.040196
v 0.379412 -0.540196 0.191176
v 0.332353 -0.542157 0.218627
v 0.369608 -0.510784 0.197059
v 0.324510 -0.516667 0.222549
v 0.881373 -0.316667 -0.197059
v 0.287255 -0.540196 0.240196
v 0.250000 -0.567647 0.257843
v 0.246078 -0.538235 0.259804
v 0.283333 -0.518627 0.242157
v 0.242157 -0.518627 0.259804
v 0.195098 -0.534314 0.281373
v 0.218627 -0.585294 0.273529
v 0.222549 -0.591176 0.271569
v 0.116667 -0.614706 0.318627
v 0.202941 -0.512745 0.275490
v 0.128431 -0.638235 0.312745
v 0.132353 -0.646078 0.310784
v 0.069608 -0.681373 0.340196
v 0.073529 -0.689216 0.338235
v 0.065686 -0.673529 0.342157
v 0.008824 -0.755882 0.375490
v 0.059804 -0.663725 0.344118
v 0.163725 -0.497059 0.289216
v 0.100980 -0.589216 0.322549
v 0.887255 -0.306863 -0.206863
v 0.887255 -0.297059 -0.206863
v 0.136274 -0.651961 0.310784
v 0.226471 -0.597059 0.271569
v 0.044118 -0.651961 0.346078
v 0.077451 -0.699020 0.340196
v 0.126471 -0.510784 0.300980
v 0.008824 -0.669608 0.363725
v 0.018627 -0.683333 0.361765
v 0.030392 -0.661765 0.350000
v 0.024510 -0.616667 0.351961
v 0.067647 -0.573529 0.314706
v 0.016667 -0.514706 0.342157
v 0.055882 -0.538235 0.330392
v 0.034314 -0.514706 0.338235
v 0.063725 -0.459804 0.324510
v 0.099020 -0.459804 0.306863
v 0.085294 -0.402941 0.316667
v 0.038235 -0.350000 0.328431
v 0.126471 -0.422549 0.297059
v 0.108824 -0.502941 0.291176
v 0.057843 -0.353922 0.322549
v 0.059804 -0.330392 0.320588
v 0.038235 -0.314706 0.326471
v 0.271569 0.108824 0.099020
v 0.044118 -0.255882 0.318627
v 0.051961 -0.197059 0.308824
v 0.057843 -0.155882 0.299020
v 0.065686 -0.110784 0.287255
v 0.073529 -0.065686 0.269608
v 0.081373 -0.022549 0.250000
v 0.030392 -0.150000 0.304902
v 0.130392 -0.471569 0.279412
v 0.034314 -0.104902 0.291176
v 0.018627 -0.346078 0.330392
v 0.089216 0.016667 0.226471
v 0.022549 -0.250000 0.322549
v 0.018627 -0.308824 0.330392
v 0.026471 -0.191176 0.312745
v 0.110784 -0.385294 0.310784
v 0.857843 -0.375490 -0.173529
v 0.099020 0.051961 0.202941
v 0.038235 -0.059804 0.275490
v 0.159804 -0.428431 0.271569
v 0.044118 -0.016667 0.255882
v 0.106863 0.083333 0.179412
v 0.155882 -0.391176 0.289216
v 0.138235 -0.365686 0.310784
v 0.169608 -0.346078 0.297059
v 0.189216 -0.395098 0.263725
v 0.183333 -0.367647 0.277451
v 0.048039 0.022549 0.232353
v 0.206863 -0.326471 0.277451
v 0.146078 -0.487255 0.283333
v 0.175490 -0.459804 0.275490
v 0.220588 -0.442157 0.271569
v 0.218627 -0.344118 0.259804
v 0.253922 -0.299020 0.248039
v 0.053922 0.059804 0.206863
v 0.081373 -0.571569 0.316667
v 0.120588 -0.326471 0.326471
v 0.161765 -0.320588 0.318627
v 0.057843 0.091176 0.183333
v 0.089216 -0.320588 0.328431
v 0.242157 -0.273529 0.275490
v 0.197059 -0.302941 0.302941
v 0.114706 -0.506863 0.295098
v 0.863725 -0.295098 -0.173529
v 0.897059 -0.310784 -0.200980
v 0.899020 -0.299020 -0.200980
v 0.867647 -0.357843 -0.173529
v 0.871569 -0.328431 -0.181373
v 0.634314 -0.083333 -0.046078
v -0.644118 -0.112745 -0.044118
v -0.634314 -0.085294 -0.042157
v 0.634314 -0.085294 -0.042157
v 0.632353 -0.100980 -0.069608
v 0.632353 0.106863 -0.108824
v 0.632353 -0.163725 -0.057843
v 0.630392 -0.212745 -0.048039
v 0.712745 -0.210784 -0.091176
v 0.624510 -0.250000 -0.036275
v 0.765686 -0.189216 -0.128431
v 0.789216 -0.083333 -0.153922
v 0.600980 -0.222549 -0.026471
v 0.593137 -0.263725 -0.012745
v 0.616667 -0.277451 -0.024510
v 0.604902 -0.169608 -0.038235
v 0.606863 -0.110784 -0.050000
v 0.602941 -0.038235 -0.059804
v 0.651961 -0.259804 -0.046078
v 0.761765 -0.222549 -0.122549
v 0.828431 -0.206863 -0.171569
v 0.628431 -0.022549 -0.081373
v 0.614706 0.051961 -0.089216
v 0.589216 0.024510 -0.065686
v 0.561765 0.071569 -0.059804
v 0.571569 -0.002941 -0.046078
v 0.585294 -0.055882 -0.042157
v 0.546078 0.038235 -0.038235
v 0.577451 0.110784 -0.085294
v 0.479412 0.050000 0.000980
v 0.532353 0.002941 -0.016667
v 0.469608 -0.038235 0.048039
v 0.457843 -0.126471 0.087255
v 0.518627 -0.106863 0.046078
v 0.504902 -0.185294 0.079412
v 0.451961 -0.153922 0.099020
v 0.383333 -0.255882 0.167647
v 0.363725 -0.222549 0.169608
v 0.330392 -0.246078 0.197059
v 0.428431 -0.150000 0.114706
v 0.348039 -0.273529 0.191176
v 0.297059 -0.269608 0.220588
v 0.436275 -0.128431 0.106863
v 0.555882 -0.030392 -0.022549
v 0.522549 -0.055882 0.020588
v 0.795098 -0.150000 -0.155882
v 0.804902 -0.189216 -0.161765
v 0.848039 -0.185294 -0.197059
v 0.836275 -0.163725 -0.197059
v 0.273529 0.132353 0.085294
v 0.510784 -0.208824 0.087255
v 0.877451 -0.199020 -0.210784
v 0.891176 -0.210784 -0.218627
v 0.936275 -0.208824 -0.253922
v 0.926471 -0.200980 -0.248039
v 0.938235 -0.216667 -0.253922
v 0.897059 -0.226471 -0.222549
v 0.899020 -0.257843 -0.216667
v 0.844118 -0.242157 -0.181373
v 0.836275 -0.222549 -0.179412
v 0.759804 -0.244118 -0.126471
v 0.767647 -0.267647 -0.128431
v 0.867647 -0.261765 -0.191176
v 0.887255 -0.279412 -0.202941
v 0.655882 -0.279412 -0.059804
v 0.663725 -0.304902 -0.059804
v 0.620588 -0.295098 -0.036275
v 0.614706 -0.330392 -0.030392
v 0.310784 -0.291176 0.212745
v 0.265686 -0.316667 0.236274
v 0.318627 -0.302941 0.210784
v 0.832353 -0.146078 -0.199020
v 0.359804 -0.285294 0.193137
v 0.406863 -0.138235 0.136275
v 0.416667 -0.116667 0.130392
v 0.348039 -0.391176 0.228431
v 0.308824 -0.410784 0.246078
v 0.383333 -0.369608 0.208824
v 0.418627 -0.344118 0.185294
v 0.450000 -0.318627 0.163725
v 0.446078 -0.261765 0.151961
v 0.404902 -0.271569 0.171569
v 0.802941 0.679412 -0.324510
v 0.816667 0.765686 -0.363725
v 0.848039 0.826471 -0.397059
v 0.540196 0.577451 -0.175490
v 0.828431 0.753922 -0.363725
v 0.820588 0.716667 -0.342157
v 0.263725 -0.428431 0.261765
v 0.273529 -0.328431 0.230392
v 0.728431 0.757843 -0.302941
v 0.112745 0.108824 0.159804
v 0.348039 -0.195098 0.193137
v 0.316667 -0.218627 0.218627
v 0.275490 0.091176 0.110784
v 0.285294 -0.242157 0.246078
v 0.814706 0.657843 -0.318627
v 0.814706 0.585294 -0.289216
v 0.226471 -0.359804 0.248039
v 0.244118 0.159804 0.075490
v 0.199020 0.179412 0.073529
v 0.061765 0.116667 0.161765
v 0.122549 0.199020 0.071569
v 0.199020 0.191176 0.057843
v 0.122549 0.210784 0.057843
v -0.061765 0.216667 0.057843
v 0.000980 0.220588 0.057843
v 0.061765 0.216667 0.057843
v 0.061765 0.206863 0.071569
v 0.000980 0.210784 0.071569
v 0.906863 -0.259804 -0.212745
v 0.946078 -0.212745 -0.253922
v 0.942157 -0.202941 -0.251961
v 0.930392 -0.195098 -0.244118
v 0.893137 -0.281373 -0.199020
v 0.914706 0.193137 -0.155882
v -0.914706 0.193137 -0.155882
v -0.157843 -0.495098 0.316667
v -0.638235 -0.083333 -0.048039
v -0.632353 -0.079412 -0.046078
v 0.632353 -0.079412 -0.046078
v 0.624510 -0.051961 -0.046078
v -0.675490 -0.177451 -0.051961
v -0.671569 -0.175490 -0.050000
v 0.675490 -0.177451 -0.051961
v 0.671569 -0.175490 -0.050000
v -0.606863 0.016667 -0.048039
v -0.599020 0.020588 -0.046078
v 0.599020 0.020588 -0.046078
v -0.383333 0.236275 0.008824
v -0.381373 0.240196 0.006863
v -0.383333 0.228431 0.010784
v -0.379412 0.224510 0.016667
v 0.595098 0.050000 -0.050000
v 0.587255 0.053922 -0.048039
v -0.616667 -0.016667 -0.048039
v 0.457843 -0.004902 0.065686
v 0.459804 -0.006863 0.063725
v 0.459804 -0.006863 0.061765
v -0.612745 -0.018627 -0.046078
v -0.861765 -0.536275 -0.132353
v -0.865686 -0.530392 -0.134314
v -0.859804 -0.536275 -0.136275
v -0.861765 -0.528431 -0.138235
v -0.814706 -0.532353 -0.112745
v -0.816667 -0.532353 -0.108824
v -0.579412 -0.657843 0.040196
v -0.583333 -0.657843 0.046078
v -0.532353 -0.685294 0.069608
v -0.573529 -0.650000 0.038235
v -0.526471 -0.677451 0.069608
v -0.810784 -0.528431 -0.114706
v -0.850000 -0.530392 -0.138235
v -0.850000 -0.526471 -0.138235
v -0.420588 -0.734314 0.165686
v -0.400980 -0.795098 0.191176
v -0.426471 -0.736275 0.157843
v -0.436275 -0.714706 0.148039
v -0.402941 -0.800980 0.187255
v -0.377451 -0.826471 0.214706
v -0.463725 -0.746078 0.124510
v -0.414706 -0.808824 0.177451
v -0.475490 -0.728431 0.112745
v -0.379412 -0.830392 0.210784
v -0.381373 -0.834314 0.208824
v -0.367647 -0.834314 0.224510
v -0.465686 -0.659804 0.122549
v -0.381373 -0.836275 0.208824
v -0.499020 -0.614706 0.081373
v -0.479412 -0.587255 0.100980
v -0.502941 -0.559804 0.073529
v -0.518627 -0.577451 0.059804
v -0.569608 -0.444118 -0.002941
v -0.467647 -0.565686 0.114706
v -0.493137 -0.536275 0.087255
v -0.555882 -0.430392 0.014706
v -0.457843 -0.536275 0.130392
v -0.589216 -0.412745 -0.018627
v -0.573529 -0.400980 0.000980
v -0.485294 -0.506863 0.102941
v -0.471569 -0.748039 0.118627
v -0.483333 -0.730392 0.108824
v -0.542157 -0.418627 0.038235
v -0.559804 -0.387255 0.020588
v -0.597059 -0.451961 -0.020588
v -0.616667 -0.416667 -0.036275
v -0.548039 -0.365686 0.048039
v -0.530392 -0.397059 0.069608
v -0.595098 -0.377451 -0.010784
v -0.610784 -0.393137 -0.028431
v -0.761765 -0.353922 -0.122549
v -0.769608 -0.385294 -0.126471
v -0.650000 -0.442157 -0.051961
v -0.824510 -0.355882 -0.161765
v -0.816667 -0.406863 -0.151961
v -0.857843 -0.357843 -0.181373
v -0.863725 -0.326471 -0.187255
v -0.544118 -0.597059 0.050000
v -0.628431 -0.481373 -0.030392
v -0.816667 -0.330392 -0.153922
v -0.859804 -0.308824 -0.183333
v -0.814706 -0.489216 -0.128431
v -0.812745 -0.461765 -0.132353
v -0.522549 -0.669608 0.073529
v -0.506863 -0.650000 0.085294
v -0.569608 -0.642157 0.040196
v -0.559804 -0.616667 0.048039
v -0.808824 -0.524510 -0.114706
v -0.800980 -0.516667 -0.110784
v -0.830392 -0.510784 -0.130392
v -0.881373 -0.316667 -0.197059
v -0.759804 -0.332353 -0.112745
v -0.857843 -0.375490 -0.173529
v -0.814706 -0.316667 -0.146078
v -0.863725 -0.295098 -0.173529
v -0.826471 -0.302941 -0.138235
v -0.769608 -0.316667 -0.102941
v -0.669608 -0.350000 -0.042157
v -0.867647 -0.357843 -0.173529
v -0.871569 -0.328431 -0.181373
v -0.850000 0.171569 -0.208824
v -0.826471 0.065686 -0.181373
v -0.802941 -0.026471 -0.161765
v -0.736275 -0.106863 -0.120588
v -0.632353 0.104902 -0.108824
v -0.728431 0.524510 -0.251961
v -0.799020 0.616667 -0.297059
v -0.632353 -0.163725 -0.057843
v -0.630392 -0.212745 -0.048039
v -0.712745 -0.210784 -0.091176
v -0.624510 -0.250000 -0.036275
v -0.651961 -0.259804 -0.046078
v -0.616667 -0.277451 -0.024510
v -0.593137 -0.263725 -0.012745
v -0.589216 -0.302941 -0.000980
v -0.600980 -0.222549 -0.026471
v -0.765686 -0.189216 -0.128431
v -0.789216 -0.083333 -0.153922
v -0.604902 -0.169608 -0.038235
v -0.606863 -0.110784 -0.050000
v -0.761765 -0.222549 -0.122549
v -0.828431 -0.206863 -0.171569
v -0.802941 -0.085294 -0.161765
v -0.632353 -0.100980 -0.069608
v -0.602941 -0.038235 -0.059804
v -0.632353 0.106863 -0.108824
v -0.628431 -0.022549 -0.081373
v -0.614706 0.051961 -0.089216
v -0.577451 0.110784 -0.085294
v -0.589216 0.024510 -0.065686
v -0.561765 0.071569 -0.059804
v -0.571569 -0.002941 -0.046078
v -0.546078 0.038235 -0.038235
v -0.585294 -0.055882 -0.042157
v -0.479412 0.050000 0.000980
v -0.532353 0.002941 -0.016667
v -0.469608 -0.038235 0.048039
v -0.457843 -0.126471 0.087255
v -0.518627 -0.106863 0.046078
v -0.504902 -0.185294 0.079412
v -0.451961 -0.153922 0.099020
v -0.383333 -0.255882 0.167647
v -0.363725 -0.222549 0.169608
v -0.330392 -0.246078 0.197059
v -0.348039 -0.273529 0.191176
v -0.297059 -0.269608 0.220588
v -0.428431 -0.150000 0.114706
v -0.436275 -0.128431 0.106863
v -0.548039 -0.175490 0.046078
v -0.548039 -0.100980 0.020588
v -0.589216 -0.124510 -0.032353
v -0.310784 -0.291176 0.212745
v -0.555882 -0.030392 -0.022549
v -0.585294 -0.181373 -0.018627
v -0.581373 -0.232353 -0.006863
v -0.522549 -0.055882 0.020588
v -0.265686 -0.316667 0.236274
v -0.318627 -0.302941 0.210784
v -0.359804 -0.285294 0.193137
v -0.795098 -0.150000 -0.155882
v -0.804902 -0.189216 -0.161765
v -0.573529 -0.275490 0.008824
v -0.565686 -0.334314 0.026471
v -0.848039 -0.185294 -0.197059
v -0.836275 -0.163725 -0.197059
v -0.569608 -0.073529 -0.020588
v -0.273529 0.132353 0.085294
v -0.510784 -0.208824 0.087255
v -0.540196 -0.204902 0.065686
v -0.877451 -0.199020 -0.210784
v -0.891176 -0.210784 -0.218627
v -0.936275 -0.208824 -0.253922
v -0.926471 -0.200980 -0.248039
v -0.897059 -0.226471 -0.222549
v -0.844118 -0.242157 -0.181373
v -0.836275 -0.222549 -0.179412
v -0.759804 -0.244118 -0.126471
v -0.767647 -0.267647 -0.128431
v -0.867647 -0.261765 -0.191176
v -0.655882 -0.279412 -0.059804
v -0.663725 -0.304902 -0.059804
v -0.620588 -0.295098 -0.036275
v -0.614706 -0.330392 -0.030392
v -0.595098 -0.320588 -0.018627
v -0.575490 -0.355882 0.002941
v -0.406863 -0.138235 0.136275
v -0.832353 -0.146078 -0.199020
v -0.253922 -0.299020 0.248039
v -0.550000 -0.302941 0.040196
v -0.534314 -0.334314 0.061765
v -0.516667 -0.363725 0.081373
v -0.573529 -0.138235 -0.010784
v -0.567647 -0.197059 0.006863
v -0.348039 -0.391176 0.228431
v -0.308824 -0.410784 0.246078
v -0.361765 -0.442157 0.226471
v -0.383333 -0.369608 0.208824
v -0.395098 -0.420588 0.206863
v -0.418627 -0.344118 0.185294
v -0.428431 -0.393137 0.181373
v -0.450000 -0.318627 0.163725
v -0.453922 -0.365686 0.165686
v -0.500980 -0.263725 0.118627
v -0.504902 -0.300980 0.120588
v -0.446078 -0.261765 0.151961
v -0.520588 -0.269608 0.100980
v -0.404902 -0.271569 0.171569
v -0.506863 -0.232353 0.116667
v -0.524510 -0.228431 0.100980
v -0.561765 -0.250000 0.022549
v -0.510784 -0.340196 0.091176
v -0.802941 0.679412 -0.324510
v -0.816667 0.765686 -0.363725
v -0.848039 0.826471 -0.397059
v -0.540196 0.577451 -0.175490
v -0.828431 0.753922 -0.363725
v -0.820588 0.716667 -0.342157
v -0.728431 0.757843 -0.302941
v -0.528431 -0.308824 0.071569
v -0.542157 -0.279412 0.051961
v -0.550000 -0.220588 0.042157
v -0.244118 0.159804 0.075490
v -0.534314 -0.242157 0.077451
v -0.942157 -0.202941 -0.251961
v -0.661765 -0.148039 -0.048039
v 0.661765 -0.148039 -0.048039
v 0.848039 0.828431 -0.391176
v 0.832353 0.757843 -0.357843
v -0.579412 0.081373 -0.050000
v 0.579412 0.081373 -0.050000
v 0.591176 0.048039 -0.048039
v -0.602941 0.014706 -0.046078
v 0.914706 0.191176 -0.155882
v -0.914706 0.191176 -0.155882
v -0.573529 -0.622549 0.061765
v -0.563725 -0.602941 0.067647
v -0.806863 -0.520588 -0.095098
v -0.771569 -0.512745 -0.075490
v -0.697059 -0.510784 -0.030392
v -0.816667 -0.526471 -0.102941
v -0.581373 -0.646078 0.053922
v -0.522549 -0.663725 0.095098
v -0.691176 -0.506863 -0.024510
v -0.536275 -0.675490 0.085294
v -0.538235 -0.681373 0.079412
v -0.583333 -0.651961 0.050000
v -0.718627 -0.493137 -0.048039
v -0.855882 -0.524510 -0.124510
v -0.808824 -0.512745 -0.097059
v -0.857843 -0.530392 -0.124510
v -0.728431 -0.499020 -0.055882
v -0.838235 -0.508824 -0.118627
v -0.816667 -0.530392 -0.104902
v -0.857843 -0.365686 -0.161765
v -0.824510 -0.430392 -0.126471
v -0.865686 -0.332353 -0.175490
v -0.820588 -0.461765 -0.116667
v -0.822549 -0.487255 -0.112745
v -0.430392 -0.810784 0.185294
v -0.489216 -0.744118 0.124510
v 0.573529 -0.622549 0.061765
v 0.806863 -0.520588 -0.095098
v 0.563725 -0.602941 0.067647
v 0.771569 -0.512745 -0.075490
v 0.816667 -0.526471 -0.102941
v 0.581373 -0.646078 0.053922
v 0.857843 -0.530392 -0.124510
v 0.816667 -0.530392 -0.104902
v 0.697059 -0.510784 -0.030392
v 0.691176 -0.506863 -0.024510
v 0.718627 -0.493137 -0.048039
v 0.808824 -0.512745 -0.097059
v 0.728431 -0.499020 -0.055882
v 0.855882 -0.524510 -0.124510
v 0.583333 -0.651961 0.050000
v 0.538235 -0.681373 0.079412
v 0.522549 -0.663725 0.095098
v 0.536274 -0.675490 0.085294
v 0.838235 -0.508824 -0.118627
v 0.857843 -0.365686 -0.161765
v 0.865686 -0.332353 -0.175490
v 0.824510 -0.430392 -0.126471
v 0.820588 -0.461765 -0.116667
v 0.822549 -0.487255 -0.112745
v 0.489216 -0.744118 0.124510
v 0.430392 -0.810784 0.185294
v -0.889216 -0.320588 -0.195098
v 0.889216 -0.320588 -0.195098
v -0.930392 -0.195098 -0.244118
v -0.885294 -0.191176 -0.191176
v -0.848039 0.828431 -0.391176
v -0.832353 0.757843 -0.357843
v -0.595098 0.050000 -0.050000
v -0.587255 0.053922 -0.048039
v -0.591176 0.048039 -0.048039
v -0.610784 -0.012745 -0.046078
v -0.628431 -0.050000 -0.048039
v -0.624510 -0.051961 -0.046078
v -0.777451 -0.071569 -0.128431
v -0.777451 -0.130392 -0.122549
v -0.622549 -0.046078 -0.046078
v -0.375490 0.179412 0.036275
v 0.512745 0.057843 0.008824
v 0.526471 0.071569 -0.002941
v 0.553922 0.081373 -0.026471
v 0.565686 0.085294 -0.034314
v -0.512745 0.057843 0.008824
v -0.526471 0.071569 -0.002941
v -0.553922 0.081373 -0.026471
v -0.565686 0.085294 -0.034314
v 0.777451 -0.071569 -0.128431
v 0.777451 -0.130392 -0.122549
v 0.375490 0.179412 0.036275
v -0.704902 -0.465686 -0.036275
v -0.787255 -0.350000 -0.104902
v -0.616667 -0.455882 -0.000980
v -0.612745 -0.442157 -0.002941
v -0.797059 -0.351961 -0.108824
v -0.608824 -0.473529 0.004902
v -0.614706 -0.495098 0.006863
v -0.612745 -0.428431 -0.004902
v -0.651961 -0.393137 -0.030392
v -0.634314 -0.499020 0.002941
v -0.787255 -0.344118 -0.110784
v -0.602941 -0.475490 0.002941
v -0.612745 -0.497059 0.002941
v -0.704902 -0.455882 -0.040196
v -0.653922 -0.495098 -0.020588
v -0.657843 -0.495098 -0.014706
v -0.699020 -0.467647 -0.048039
v -0.632353 -0.500980 -0.002941
v -0.799020 -0.357843 -0.118627
v -0.616667 -0.455882 -0.008824
v -0.612745 -0.442157 -0.008824
v -0.610784 -0.434314 -0.008824
v -0.651961 -0.428431 -0.032353
v -0.650000 -0.400980 -0.032353
v 0.704902 -0.465686 -0.036275
v 0.616667 -0.455882 -0.000980
v 0.787255 -0.350000 -0.104902
v 0.612745 -0.442157 -0.002941
v 0.797059 -0.351961 -0.108824
v 0.608824 -0.473529 0.004902
v 0.614706 -0.495098 0.006863
v 0.612745 -0.428431 -0.004902
v 0.651961 -0.393137 -0.030392
v 0.634314 -0.499020 0.002941
v 0.787255 -0.344118 -0.110784
v 0.602941 -0.475490 0.002941
v 0.612745 -0.497059 0.002941
v 0.704902 -0.455882 -0.040196
v 0.657843 -0.495098 -0.014706
v 0.653922 -0.495098 -0.020588
v 0.699020 -0.467647 -0.048039
v 0.632353 -0.500980 -0.002941
v 0.799020 -0.357843 -0.118627
v 0.616667 -0.455882 -0.008824
v 0.612745 -0.442157 -0.008824
v 0.610784 -0.434314 -0.008824
v 0.651961 -0.428431 -0.032353
v 0.650000 -0.400980 -0.032353
v 0.434314 -0.006863 0.079412
v 0.434314 -0.004902 0.079412
v -0.581373 0.457843 -0.122549
v -0.579412 0.451961 -0.124510
v -0.581373 0.451961 -0.122549
v 0.579412 0.451961 -0.124510
v 0.581373 0.457843 -0.122549
v 0.581373 0.451961 -0.122549
vt 0.412179 0.349034
vt 0.415604 0.348229
vt 0.442005 0.349034
vt 0.136288 0.303140
vt 0.106462 0.303140
vt 0.132863 0.302335
vt 0.687241 0.272544
vt 0.698840 0.272544
vt 0.698409 0.274960
vt 0.924192 0.005233
vt 0.937448 0.005233
vt 0.925697 0.006039
vt 0.556338 0.036634
vt 0.553618 0.038245
vt 0.484259 0.036634
vt 0.920878 0.336957
vt 0.920878 0.266908
vt 0.919221 0.334313
vt 0.313587 0.680757
vt 0.284254 0.682367
vt 0.248964 0.680757
vt 0.707125 0.949678
vt 0.695957 0.952093
vt 0.695526 0.949678
vt 0.248136 0.816023
vt 0.350041 0.816023
vt 0.349310 0.816828
vt 0.425435 0.640499
vt 0.426940 0.639694
vt 0.438691 0.640499
vt 0.132146 0.802335
vt 0.111098 0.803140
vt 0.100663 0.802335
vt 0.803231 0.515700
vt 0.803231 0.452899
vt 0.801574 0.487194
vt 0.792496 0.117150
vt 0.831620 0.053244
vt 0.828566 0.053324
vt 0.736951 0.074210
vt 0.795052 0.055342
vt 0.766027 0.057592
vt 0.927728 0.105588
vt 0.960646 0.088314
vt 0.793466 0.051449
vt 0.764845 0.051920
vt 0.829135 0.047101
vt 0.749034 0.053878
vt 0.832665 0.047685
vt 0.834930 0.048181
vt 0.841331 0.049764
vt 0.953060 0.083116
vt 0.749583 0.050638
vt 0.740677 0.050182
vt 0.741094 0.047101
vt 0.798221 0.924769
vt 0.695906 0.906914
vt 0.702655 0.917247
vt 0.693848 0.926631
vt 0.798512 0.926813
vt 0.800242 0.930750
vt 0.802098 0.934996
vt 0.804093 0.940033
vt 0.806940 0.946572
vt 0.811796 0.951205
vt 0.821781 0.961564
vt 0.814075 0.950411
vt 0.832356 0.976480
vt 0.696384 0.916290
vt 0.821495 0.959519
vt 0.696237 0.915493
vt 0.802722 0.992629
vt 0.831949 0.967526
vt 0.824056 0.960728
vt 0.832489 0.967435
vt 0.833514 0.975839
vt 0.665471 0.851431
vt 0.816530 0.991973
vt 0.823660 0.989098
vt 0.826795 0.989779
vt 0.821520 0.992703
vt 0.814963 0.994978
vt 0.835152 0.984142
vt 0.824551 0.991054
vt 0.817412 0.993924
vt 0.686176 0.901894
vt 0.677194 0.896993
vt 0.668375 0.892813
vt 0.659361 0.889583
vt 0.647383 0.885890
vt 0.641522 0.882239
vt 0.612571 0.849524
vt 0.635207 0.882074
vt 0.785765 0.993616
vt 0.771906 0.991314
vt 0.779195 0.996426
vt 0.708183 0.838695
vt 0.751841 0.829209
vt 0.762271 0.833133
vt 0.555032 0.838743
vt 0.759303 0.987002
vt 0.553852 0.841876
vt 0.776510 0.997384
vt 0.773872 0.997785
vt 0.688081 0.905993
vt 0.771870 0.996498
vt 0.646058 0.845922
vt 0.756524 0.989110
vt 0.679635 0.901655
vt 0.834192 0.976740
vt 0.835750 0.983581
vt 0.643983 0.885758
vt 0.793121 0.995076
vt 0.796519 0.995328
vt 0.801449 0.996607
vt 0.808422 0.997987
vt 0.810513 0.997834
vt 0.769512 0.995169
vt 0.767499 0.993911
vt 0.765941 0.992675
vt 0.661059 0.892521
vt 0.670656 0.896880
vt 0.762191 0.832336
vt 0.759114 0.828976
vt 0.762134 0.828905
vt 0.767738 0.830582
vt 0.792985 0.840795
vt 0.793053 0.845368
vt 0.810540 0.846634
vt 0.810751 0.851763
vt 0.828768 0.911353
vt 0.838603 0.908026
vt 0.848329 0.903984
vt 0.819040 0.915398
vt 0.809222 0.919275
vt 0.799402 0.923154
vt 0.800693 0.924321
vt 0.829001 0.858203
vt 0.857965 0.899242
vt 0.866526 0.894789
vt 0.843084 0.857213
vt 0.851734 0.854641
vt 0.875520 0.889895
vt 0.859034 0.850012
vt 0.885906 0.887730
vt 0.827299 0.850327
vt 0.842034 0.852077
vt 0.829410 0.912469
vt 0.808180 0.921625
vt 0.858612 0.900354
vt 0.810447 0.920368
vt 0.886081 0.889435
vt 0.876278 0.891544
vt 0.884829 0.880813
vt 0.865236 0.847019
vt 0.852793 0.846162
vt 0.863233 0.840286
vt 0.833341 0.965220
vt 0.616521 0.846712
vt 0.591685 0.844146
vt 0.763904 0.991429
vt 0.762236 0.989553
vt 0.849868 0.850773
vt 0.870810 0.828905
vt 0.817982 0.917809
vt 0.875581 0.839833
vt 0.878319 0.857290
vt 0.855957 0.848149
vt 0.820329 0.916567
vt 0.827784 0.913793
vt 0.866685 0.896591
vt 0.837530 0.909895
vt 0.867339 0.895943
vt 0.875258 0.892798
vt 0.839312 0.909245
vt 0.847346 0.906424
vt 0.833158 0.966992
vt 0.833612 0.966080
vt 0.834663 0.974920
vt 0.834063 0.974984
vt 0.803201 0.937247
vt 0.554084 0.161456
vt 0.557988 0.151842
vt 0.590307 0.207548
vt 0.550396 0.171133
vt 0.539332 0.200155
vt 0.536796 0.209297
vt 0.561375 0.140499
vt 0.581402 0.218257
vt 0.577386 0.226186
vt 0.534287 0.219046
vt 0.575849 0.234554
vt 0.528751 0.227922
vt 0.538044 0.199858
vt 0.527341 0.226882
vt 0.532517 0.218459
vt 0.556316 0.151958
vt 0.546012 0.180357
vt 0.542324 0.190031
vt 0.549114 0.170813
vt 0.534727 0.231881
vt 0.573829 0.241020
vt 0.583078 0.232736
vt 0.580312 0.244197
vt 0.586046 0.221002
vt 0.581611 0.227500
vt 0.583691 0.257387
vt 0.572117 0.253307
vt 0.557018 0.243320
vt 0.579386 0.233635
vt 0.553006 0.159051
vt 0.535323 0.208180
vt 0.552310 0.161570
vt 0.549239 0.168762
vt 0.538067 0.197837
vt 0.545364 0.178311
vt 0.535362 0.209087
vt 0.532272 0.216876
vt 0.590307 0.269324
vt 0.544602 0.180025
vt 0.541165 0.187661
vt 0.254365 0.336290
vt 0.408865 0.327295
vt 0.252278 0.327295
vt 0.403302 0.330168
vt 0.261190 0.346518
vt 0.271381 0.353982
vt 0.287113 0.362908
vt 0.303393 0.371144
vt 0.316238 0.377276
vt 0.328814 0.383332
vt 0.363948 0.393317
vt 0.480264 0.046572
vt 0.639320 0.041736
vt 0.479708 0.044890
vt 0.637973 0.039050
vt 0.476524 0.044237
vt 0.476037 0.046756
vt 0.727009 0.040288
vt 0.473704 0.051932
vt 0.472659 0.039050
vt 0.012558 0.180901
vt 0.014290 0.180360
vt 0.017534 0.335469
vt 0.020298 0.334160
vt 0.014961 0.177266
vt 0.012369 0.176793
vt 0.019024 0.420692
vt 0.007042 0.174526
vt 0.020298 0.173510
vt 0.883015 0.946134
vt 0.882041 0.955478
vt 0.918535 0.953392
vt 0.916761 0.936228
vt 0.928346 0.935442
vt 0.882839 0.937406
vt 0.882590 0.935513
vt 0.916505 0.934336
vt 0.858908 0.942247
vt 0.857867 0.948935
vt 0.859167 0.938718
vt 0.826810 0.927869
vt 0.913762 0.967723
vt 0.858989 0.935422
vt 0.896530 0.973565
vt 0.874928 0.964089
vt 0.896989 0.975327
vt 0.853122 0.951378
vt 0.850276 0.950433
vt 0.847360 0.948758
vt 0.912823 0.971600
vt 0.858317 0.933728
vt 0.858332 0.931582
vt 0.916443 0.932184
vt 0.882558 0.933363
vt 0.927073 0.933110
vt 0.825816 0.924940
vt 0.820630 0.923913
vt 0.821922 0.927308
vt 0.835436 0.948236
vt 0.840414 0.949437
vt 0.870335 0.992988
vt 0.880889 0.990722
vt 0.885239 0.983312
vt 0.898954 0.988706
vt 0.878949 0.998792
vt 0.891912 0.998686
vt 0.904782 0.994730
vt 0.847944 0.952544
vt 0.872352 0.966851
vt 0.847533 0.950148
vt 0.872010 0.963744
vt 0.892721 0.976276
vt 0.892417 0.979161
vt 0.903594 0.981095
vt 0.903707 0.978985
vt 0.905725 0.984059
vt 0.939105 0.923913
vt 0.909494 0.980393
vt 0.556726 0.404878
vt 0.525088 0.417078
vt 0.542251 0.422955
vt 0.563800 0.413510
vt 0.580839 0.398367
vt 0.541790 0.424718
vt 0.585570 0.400823
vt 0.611872 0.377270
vt 0.588410 0.399881
vt 0.526016 0.420958
vt 0.591322 0.398207
vt 0.591146 0.399605
vt 0.520358 0.402725
vt 0.555770 0.395521
vt 0.579809 0.391664
vt 0.522159 0.385551
vt 0.510619 0.384743
vt 0.579556 0.388127
vt 0.555959 0.386784
vt 0.522416 0.383659
vt 0.556210 0.384891
vt 0.579736 0.384824
vt 0.580408 0.383127
vt 0.580395 0.380977
vt 0.556244 0.382739
vt 0.522481 0.381507
vt 0.511894 0.382418
vt 0.612871 0.374334
vt 0.617647 0.373188
vt 0.616332 0.376588
vt 0.500000 0.373188
vt 0.105794 0.401212
vt 0.102291 0.401899
vt 0.086826 0.234942
vt 0.106793 0.429225
vt 0.083800 0.233990
vt 0.113090 0.440821
vt 0.074565 0.387828
vt 0.088246 0.416692
vt 0.066254 0.402641
vt 0.059747 0.381334
vt 0.101241 0.434508
vt 0.046704 0.376891
vt 0.071746 0.228040
vt 0.101917 0.154301
vt 0.103714 0.155430
vt 0.113090 0.128422
vt 0.047506 0.393462
vt 0.073609 0.419145
vt 0.051160 0.404800
vt 0.026926 0.388101
vt 0.032806 0.383704
vt 0.034223 0.372998
vt 0.027887 0.374684
vt 0.935384 0.864883
vt 0.944556 0.883369
vt 0.923747 0.893773
vt 0.953019 0.848726
vt 0.942560 0.844030
vt 0.952967 0.829042
vt 0.945229 0.827446
vt 0.952620 0.814005
vt 0.946144 0.812205
vt 0.951003 0.795012
vt 0.946804 0.795384
vt 0.940791 0.810516
vt 0.938816 0.825438
vt 0.930302 0.902320
vt 0.943676 0.912060
vt 0.953024 0.917799
vt 0.960092 0.912872
vt 0.962045 0.921910
vt 0.969504 0.925523
vt 0.976388 0.910269
vt 0.974127 0.897448
vt 0.956979 0.889316
vt 0.956267 0.866872
vt 0.950692 0.778736
vt 0.933779 0.842263
vt 0.929984 0.864893
vt 0.925341 0.886101
vt 0.927072 0.840106
vt 0.924844 0.864061
vt 0.933514 0.823755
vt 0.952691 0.794805
vt 0.954693 0.848534
vt 0.954641 0.828867
vt 0.954411 0.814190
vt 0.966692 0.881257
vt 0.933142 0.686547
vt 0.940152 0.687186
vt 0.945369 0.694746
vt 0.934228 0.682570
vt 0.938110 0.703298
vt 0.933313 0.700808
vt 0.929697 0.718759
vt 0.928138 0.713256
vt 0.918022 0.714180
vt 0.921516 0.708789
vt 0.934199 0.723132
vt 0.929293 0.730910
vt 0.949880 0.732749
vt 0.940010 0.741911
vt 0.949490 0.740584
vt 0.949966 0.752906
vt 0.953171 0.725538
vt 0.932842 0.742728
vt 0.944944 0.752899
vt 0.935863 0.752051
vt 0.945529 0.764950
vt 0.950160 0.764142
vt 0.946490 0.778857
vt 0.940835 0.779169
vt 0.941487 0.795038
vt 0.938868 0.765021
vt 0.942882 0.715565
vt 0.930513 0.742988
vt 0.933582 0.752140
vt 0.927022 0.732458
vt 0.925906 0.744303
vt 0.929181 0.753077
vt 0.916296 0.714408
vt 0.929247 0.679057
vt 0.959166 0.719476
vt 0.931883 0.765782
vt 0.936599 0.765079
vt 0.933562 0.779558
vt 0.938628 0.779159
vt 0.938838 0.795388
vt 0.937011 0.809684
vt 0.931578 0.808663
vt 0.933825 0.794040
vt 0.928065 0.821371
vt 0.921137 0.837274
vt 0.922027 0.734548
vt 0.943810 0.685049
vt 0.936581 0.678957
vt 0.926883 0.673510
vt 0.950253 0.693284
vt 0.954378 0.712076
vt 0.925380 0.820543
vt 0.923124 0.828676
vt 0.918971 0.828190
vt 0.917415 0.835355
vt 0.916850 0.841099
vt 0.912446 0.833766
vt 0.913950 0.827194
vt 0.909552 0.825782
vt 0.912848 0.817792
vt 0.905665 0.816658
vt 0.911493 0.806173
vt 0.903062 0.805070
vt 0.910485 0.793633
vt 0.901956 0.793307
vt 0.910165 0.780612
vt 0.902430 0.780197
vt 0.910738 0.767686
vt 0.904073 0.767358
vt 0.911693 0.755108
vt 0.907895 0.755090
vt 0.917629 0.767165
vt 0.915841 0.754726
vt 0.919912 0.807252
vt 0.919676 0.819345
vt 0.919532 0.793925
vt 0.918719 0.780315
vt 0.895401 0.779472
vt 0.898286 0.766246
vt 0.910930 0.745252
vt 0.921384 0.753728
vt 0.894361 0.792587
vt 0.928106 0.793949
vt 0.927433 0.808213
vt 0.926842 0.779754
vt 0.924645 0.766134
vt 0.903400 0.753705
vt 0.920240 0.744509
vt 0.918000 0.735491
vt 0.911368 0.736444
vt 0.895803 0.804771
vt 0.899737 0.816233
vt 0.909919 0.722698
vt 0.911649 0.717558
vt 0.907169 0.721433
vt 0.906197 0.735374
vt 0.903947 0.742094
vt 0.905973 0.825640
vt 0.964744 0.711011
vt 0.966062 0.714713
vt 0.970798 0.713699
vt 0.969218 0.703095
vt 0.976388 0.704373
vt 0.964175 0.702872
vt 0.974364 0.716113
vt 0.961766 0.702148
vt 0.961262 0.707578
vt 0.955861 0.699453
vt 0.962219 0.692856
vt 0.958386 0.689764
vt 0.955096 0.709476
vt 0.891554 0.764434
vt 0.898525 0.751235
vt 0.887887 0.777786
vt 0.886629 0.792126
vt 0.888819 0.804830
vt 0.941686 0.712381
vt 0.932484 0.719873
vt 0.894046 0.816839
vt 0.920273 0.706630
vt 0.919932 0.886858
vt 0.920819 0.885354
vt 0.907979 0.868064
vt 0.905599 0.868813
vt 0.918920 0.889021
vt 0.894181 0.850914
vt 0.890955 0.851828
vt 0.908767 0.867821
vt 0.895262 0.849969
vt 0.885270 0.836174
vt 0.881711 0.837416
vt 0.879962 0.822877
vt 0.875680 0.824768
vt 0.902163 0.870756
vt 0.886368 0.835263
vt 0.881322 0.822607
vt 0.922519 0.863871
vt 0.917820 0.861760
vt 0.915267 0.863311
vt 0.903412 0.845107
vt 0.877635 0.808014
vt 0.900939 0.846325
vt 0.909501 0.834862
vt 0.876319 0.807877
vt 0.876597 0.793062
vt 0.875311 0.792849
vt 0.878126 0.777891
vt 0.876368 0.777382
vt 0.882922 0.763045
vt 0.881172 0.762478
vt 0.890056 0.748262
vt 0.888631 0.748377
vt 0.896200 0.737563
vt 0.901646 0.826615
vt 0.880812 0.792790
vt 0.882157 0.807024
vt 0.880542 0.807693
vt 0.884757 0.821168
vt 0.886341 0.820503
vt 0.890650 0.833334
vt 0.879202 0.793170
vt 0.882055 0.778262
vt 0.880759 0.778225
vt 0.884787 0.763550
vt 0.891628 0.749194
vt 0.898270 0.738608
vt 0.899365 0.739289
vt 0.886094 0.763575
vt 0.893030 0.749457
vt 0.900778 0.739509
vt 0.904503 0.726308
vt 0.892582 0.831937
vt 0.902712 0.724643
vt 0.000718 0.230014
vt 0.004885 0.237062
vt 0.004818 0.230649
vt 0.000414 0.238105
vt 0.000544 0.227684
vt 0.005312 0.228412
vt 0.000618 0.224235
vt 0.005385 0.224963
vt 0.005385 0.350644
vt 0.700525 0.016252
vt 0.693926 0.016187
vt 0.701178 0.020236
vt 0.692853 0.020531
vt 0.703576 0.020405
vt 0.702827 0.015772
vt 0.707125 0.020334
vt 0.706376 0.015700
vt 0.577051 0.015700
vt 0.904328 0.470398
vt 0.906794 0.470037
vt 0.904419 0.637972
vt 0.906794 0.637569
vt 0.901334 0.446717
vt 0.885699 0.486064
vt 0.890586 0.474660
vt 0.896983 0.463332
vt 0.882713 0.480571
vt 0.875917 0.482131
vt 0.861576 0.490901
vt 0.867955 0.482176
vt 0.902962 0.429549
vt 0.877510 0.721133
vt 0.838066 0.676893
vt 0.841139 0.676180
vt 0.845382 0.704615
vt 0.849143 0.704939
vt 0.848973 0.728698
vt 0.851903 0.728944
vt 0.851066 0.763479
vt 0.845552 0.683834
vt 0.853820 0.764493
vt 0.876390 0.600178
vt 0.818560 0.619031
vt 0.843043 0.656257
vt 0.797094 0.580692
vt 0.796603 0.571529
vt 0.842446 0.659000
vt 0.880378 0.670122
vt 0.854557 0.693840
vt 0.860206 0.722410
vt 0.857332 0.763294
vt 0.816585 0.620606
vt 0.462523 0.891465
vt 0.503132 0.728810
vt 0.460086 0.891239
vt 0.500715 0.728948
vt 0.459238 0.914876
vt 0.456587 0.890745
vt 0.498192 0.727089
vt 0.453189 0.930865
vt 0.451305 0.917892
vt 0.542362 0.658489
vt 0.435629 0.868431
vt 0.438329 0.900032
vt 0.484319 0.880552
vt 0.476802 0.890538
vt 0.467771 0.900015
vt 0.541009 0.656900
vt 0.488901 0.717671
vt 0.559026 0.635328
vt 0.413400 0.849009
vt 0.422713 0.879617
vt 0.424050 0.857470
vt 0.485875 0.886586
vt 0.492843 0.886625
vt 0.508882 0.881373
vt 0.500573 0.888408
vt 0.444271 0.921050
vt 0.423804 0.897522
vt 0.408386 0.864877
vt 0.407905 0.876690
vt 0.391006 0.853404
vt 0.288090 0.904822
vt 0.296447 0.891770
vt 0.287477 0.890919
vt 0.296538 0.905931
vt 0.306522 0.892379
vt 0.305994 0.907036
vt 0.296217 0.878878
vt 0.306940 0.878714
vt 0.315000 0.906632
vt 0.316091 0.892384
vt 0.317098 0.879453
vt 0.307253 0.867371
vt 0.295254 0.871045
vt 0.318488 0.871650
vt 0.287565 0.883954
vt 0.294901 0.860088
vt 0.307410 0.861509
vt 0.319421 0.860688
vt 0.325190 0.892066
vt 0.325508 0.885033
vt 0.323633 0.906129
vt 0.296434 0.919772
vt 0.305302 0.922162
vt 0.313876 0.920615
vt 0.281064 0.854864
vt 0.279233 0.863554
vt 0.287603 0.882741
vt 0.276207 0.874608
vt 0.283304 0.891873
vt 0.273004 0.885401
vt 0.282940 0.840952
vt 0.266959 0.848517
vt 0.265146 0.855733
vt 0.262703 0.866946
vt 0.248376 0.847957
vt 0.260102 0.876659
vt 0.250728 0.840638
vt 0.269309 0.836860
vt 0.253691 0.832483
vt 0.235442 0.834412
vt 0.250684 0.829647
vt 0.247657 0.826820
vt 0.233003 0.831599
vt 0.269269 0.823454
vt 0.224289 0.838794
vt 0.245789 0.857384
vt 0.223882 0.849882
vt 0.217103 0.847026
vt 0.278928 0.901956
vt 0.271665 0.827125
vt 0.270868 0.895920
vt 0.242329 0.867385
vt 0.285378 0.821940
vt 0.286516 0.827238
vt 0.295695 0.843492
vt 0.307833 0.844921
vt 0.319455 0.844047
vt 0.205817 0.860014
vt 0.325535 0.883809
vt 0.288086 0.916969
vt 0.279056 0.912453
vt 0.257285 0.885758
vt 0.308408 0.821527
vt 0.308240 0.828413
vt 0.329350 0.893283
vt 0.329420 0.828222
vt 0.330811 0.822979
vt 0.332339 0.842096
vt 0.223641 0.834964
vt 0.344266 0.828776
vt 0.346830 0.825213
vt 0.333548 0.856113
vt 0.334962 0.864922
vt 0.337458 0.876188
vt 0.340156 0.887262
vt 0.365111 0.832199
vt 0.346169 0.838609
vt 0.368259 0.829504
vt 0.347984 0.850379
vt 0.361980 0.834903
vt 0.349474 0.857691
vt 0.364579 0.843174
vt 0.380103 0.837578
vt 0.366617 0.850588
vt 0.351424 0.869059
vt 0.353620 0.878957
vt 0.382657 0.834890
vt 0.218804 0.837199
vt 0.391032 0.842337
vt 0.368811 0.860124
vt 0.220919 0.832385
vt 0.397997 0.850874
vt 0.396540 0.840726
vt 0.391751 0.838664
vt 0.394178 0.836297
vt 0.478286 0.706996
vt 0.537131 0.644024
vt 0.476117 0.703233
vt 0.403078 0.841237
vt 0.537304 0.640686
vt 0.574565 0.614659
vt 0.304424 0.936925
vt 0.322644 0.918539
vt 0.294994 0.933691
vt 0.333181 0.903817
vt 0.313750 0.934864
vt 0.332316 0.914603
vt 0.341800 0.898094
vt 0.371881 0.870286
vt 0.286662 0.929642
vt 0.113622 0.704458
vt 0.103503 0.717127
vt 0.040908 0.657011
vt 0.043702 0.642796
vt 0.115498 0.700176
vt 0.019277 0.635649
vt 0.043161 0.639230
vt 0.000414 0.615011
vt 0.322847 0.931782
vt 0.356086 0.888279
vt 0.303265 0.951786
vt 0.313291 0.949401
vt 0.293268 0.947871
vt 0.343074 0.908001
vt 0.301825 0.967828
vt 0.269155 0.905442
vt 0.374743 0.879897
vt 0.239123 0.876837
vt 0.332905 0.925375
vt 0.277641 0.922725
vt 0.322633 0.945350
vt 0.284908 0.942573
vt 0.291701 0.963697
vt 0.312023 0.965445
vt 0.322026 0.961059
vt 0.282804 0.957746
vt 0.300344 0.983228
vt 0.289495 0.978997
vt 0.311243 0.980958
vt 0.375581 0.898004
vt 0.359046 0.897643
vt 0.237689 0.894806
vt 0.254029 0.894845
vt 0.275259 0.934403
vt 0.266421 0.914285
vt 0.250483 0.904255
vt 0.002103 0.612319
vt 0.572762 0.612319
vt 0.280980 0.972335
vt 0.273021 0.948357
vt 0.263114 0.925810
vt 0.288182 0.992068
vt 0.247316 0.921878
vt 0.270685 0.964552
vt 0.278395 0.987949
vt 0.288289 0.999597
vt 0.277222 0.995237
vt 0.259378 0.941797
vt 0.256694 0.948728
vt 0.274383 0.990626
vt 0.265142 0.970306
vt 0.993786 0.319651
vt 0.994872 0.291559
vt 0.997929 0.312543
vt 0.995477 0.266103
vt 0.997929 0.400564
vt 0.015327 0.924310
vt 0.019470 0.931418
vt 0.016413 0.952402
vt 0.017018 0.977858
vt 0.019470 0.843398
vt 0.983739 0.461894
vt 0.985763 0.489444
vt 0.988142 0.488153
vt 0.981359 0.463185
vt 0.991301 0.510064
vt 0.991301 0.321659
vt 0.189933 0.892642
vt 0.189421 0.874162
vt 0.181856 0.884295
vt 0.182778 0.867658
vt 0.190758 0.861517
vt 0.185200 0.852681
vt 0.193334 0.851221
vt 0.187212 0.837762
vt 0.195940 0.844405
vt 0.183802 0.910193
vt 0.192341 0.915818
vt 0.185587 0.921786
vt 0.195940 0.942483
vt 0.187735 0.945652
vt 0.540731 0.067433
vt 0.532142 0.075282
vt 0.521715 0.067930
vt 0.515022 0.074385
vt 0.508702 0.066631
vt 0.499611 0.072032
vt 0.498108 0.064127
vt 0.484259 0.070076
vt 0.491094 0.061594
vt 0.558791 0.073390
vt 0.564578 0.065092
vt 0.570719 0.071656
vt 0.592017 0.061594
vt 0.595278 0.069569
vt 0.328246 0.780738
vt 0.357446 0.777000
vt 0.327881 0.777693
vt 0.358224 0.773417
vt 0.382483 0.776422
vt 0.383083 0.773629
vt 0.418272 0.778566
vt 0.336227 0.774356
vt 0.419635 0.776035
vt 0.138774 0.712158
vt 0.266795 0.792644
vt 0.254356 0.734679
vt 0.307744 0.773484
vt 0.225062 0.808776
vt 0.215636 0.808160
vt 0.310476 0.774388
vt 0.296318 0.712158
vt 0.326340 0.739166
vt 0.347523 0.766876
vt 0.377394 0.764851
vt 0.378146 0.748032
vt 0.418828 0.772510
vt 0.268172 0.794734
vt 0.915516 0.366607
vt 0.901778 0.367686
vt 0.902112 0.354805
vt 0.894178 0.358880
vt 0.894326 0.372011
vt 0.889771 0.349287
vt 0.901972 0.341436
vt 0.904742 0.378586
vt 0.889499 0.328178
vt 0.913207 0.353372
vt 0.919615 0.376983
vt 0.928018 0.377763
vt 0.924003 0.388218
vt 0.931860 0.388695
vt 0.909292 0.389323
vt 0.923778 0.366459
vt 0.930002 0.416786
vt 0.916607 0.415543
vt 0.932526 0.428235
vt 0.920006 0.426838
vt 0.899313 0.384477
vt 0.891899 0.378567
vt 0.935124 0.442751
vt 0.921513 0.441314
vt 0.935359 0.456047
vt 0.922599 0.454132
vt 0.933537 0.469875
vt 0.922105 0.467661
vt 0.930636 0.482956
vt 0.920333 0.480570
vt 0.926870 0.495255
vt 0.918153 0.492911
vt 0.919684 0.509259
vt 0.964504 0.417927
vt 0.943219 0.388840
vt 0.953904 0.383757
vt 0.952315 0.418713
vt 0.939101 0.377345
vt 0.949203 0.373065
vt 0.935047 0.365821
vt 0.944472 0.362659
vt 0.939485 0.350314
vt 0.932094 0.352255
vt 0.960997 0.378589
vt 0.966570 0.431908
vt 0.956271 0.368902
vt 0.974731 0.417775
vt 0.957342 0.431260
vt 0.968232 0.448360
vt 0.952985 0.359501
vt 0.958642 0.446102
vt 0.922537 0.352592
vt 0.914024 0.341912
vt 0.902701 0.331372
vt 0.890164 0.319481
vt 0.939077 0.417399
vt 0.873656 0.316895
vt 0.942217 0.428710
vt 0.873654 0.332576
vt 0.944116 0.443550
vt 0.960447 0.355440
vt 0.971993 0.303191
vt 0.964858 0.302318
vt 0.973396 0.283440
vt 0.968572 0.283211
vt 0.974731 0.266908
vt 0.959373 0.299244
vt 0.953487 0.334466
vt 0.963845 0.279665
vt 0.618141 0.946457
vt 0.615162 0.889205
vt 0.618390 0.890310
vt 0.620133 0.925330
vt 0.620133 0.887981
vt 0.616904 0.886876
vt 0.374896 0.800245
vt 0.317121 0.800002
vt 0.315984 0.803140
vt 0.353156 0.798309
vt 0.314724 0.798309
vt 0.313587 0.801447
vt 0.463377 0.002680
vt 0.456132 0.001300
vt 0.456023 0.005488
vt 0.463575 0.001208
vt 0.408838 0.006039
vt 0.409718 0.002868
vt 0.344695 0.001208
vt 0.344242 0.004647
vt 0.465203 0.005961
vt 0.914393 0.505398
vt 0.911502 0.512545
vt 0.915812 0.512438
vt 0.915907 0.505206
vt 0.910936 0.558400
vt 0.914198 0.557545
vt 0.915907 0.620735
vt 0.912369 0.621176
vt 0.911017 0.503623
vt 0.620011 0.515164
vt 0.600651 0.511731
vt 0.599853 0.514044
vt 0.578819 0.507257
vt 0.579712 0.504972
vt 0.620060 0.517311
vt 0.654217 0.512894
vt 0.654856 0.514933
vt 0.550027 0.460030
vt 0.550845 0.458294
vt 0.532028 0.446272
vt 0.531115 0.448752
vt 0.572856 0.472438
vt 0.573605 0.470673
vt 0.596833 0.483615
vt 0.597445 0.481842
vt 0.518798 0.437087
vt 0.517819 0.438628
vt 0.510941 0.430006
vt 0.509837 0.431475
vt 0.504715 0.422812
vt 0.503570 0.424244
vt 0.678683 0.497304
vt 0.663998 0.508761
vt 0.665227 0.510558
vt 0.680177 0.498906
vt 0.693162 0.484357
vt 0.687699 0.481741
vt 0.663989 0.504036
vt 0.699158 0.468594
vt 0.653817 0.507795
vt 0.670850 0.488952
vt 0.655140 0.492537
vt 0.678774 0.468797
vt 0.660600 0.474829
vt 0.655451 0.490871
vt 0.671267 0.458429
vt 0.656221 0.464038
vt 0.643523 0.476094
vt 0.640982 0.467495
vt 0.624758 0.476649
vt 0.633058 0.490913
vt 0.614544 0.487426
vt 0.610464 0.474750
vt 0.620912 0.509603
vt 0.632560 0.492664
vt 0.613963 0.489951
vt 0.601956 0.506573
vt 0.624681 0.468888
vt 0.610518 0.467684
vt 0.593280 0.469200
vt 0.581715 0.499947
vt 0.571795 0.460492
vt 0.572072 0.490573
vt 0.571677 0.494964
vt 0.548864 0.475577
vt 0.529087 0.461344
vt 0.569140 0.498879
vt 0.548277 0.452006
vt 0.514100 0.448838
vt 0.504990 0.438777
vt 0.693785 0.457882
vt 0.498830 0.429816
vt 0.684928 0.449485
vt 0.495858 0.423487
vt 0.498750 0.417472
vt 0.705675 0.444365
vt 0.708861 0.453922
vt 0.696053 0.438146
vt 0.704666 0.427429
vt 0.713308 0.433724
vt 0.593636 0.464190
vt 0.715820 0.417472
vt 0.713059 0.454112
vt 0.703594 0.469837
vt 0.716239 0.433500
vt 0.640517 0.462109
vt 0.189021 0.131915
vt 0.209128 0.130827
vt 0.208335 0.128516
vt 0.230117 0.124080
vt 0.229230 0.121797
vt 0.188969 0.134058
vt 0.154913 0.129595
vt 0.154273 0.131630
vt 0.130542 0.113988
vt 0.143938 0.127244
vt 0.145166 0.125451
vt 0.129049 0.115585
vt 0.116125 0.101037
vt 0.121577 0.098434
vt 0.145183 0.120734
vt 0.110174 0.085288
vt 0.155320 0.124504
vt 0.138366 0.105661
vt 0.154026 0.109266
vt 0.130499 0.085524
vt 0.148611 0.091576
vt 0.153719 0.107601
vt 0.138001 0.075184
vt 0.152995 0.080808
vt 0.165637 0.092865
vt 0.168184 0.084282
vt 0.184348 0.093446
vt 0.176049 0.107677
vt 0.194517 0.104222
vt 0.198606 0.091570
vt 0.188132 0.126359
vt 0.176543 0.109426
vt 0.195093 0.106744
vt 0.207041 0.123362
vt 0.184437 0.085697
vt 0.198561 0.084513
vt 0.211579 0.098670
vt 0.215751 0.086050
vt 0.227240 0.116776
vt 0.212187 0.100442
vt 0.235374 0.087549
vt 0.237194 0.077380
vt 0.236873 0.107427
vt 0.237259 0.111814
vt 0.236118 0.089314
vt 0.260044 0.092482
vt 0.258897 0.076957
vt 0.279783 0.078270
vt 0.258092 0.075224
vt 0.239783 0.115727
vt 0.277742 0.065699
vt 0.294713 0.065728
vt 0.290952 0.055540
vt 0.303761 0.055616
vt 0.115550 0.074601
vt 0.298865 0.048352
vt 0.309840 0.046592
vt 0.124395 0.066232
vt 0.305041 0.041048
vt 0.312759 0.040225
vt 0.309815 0.034219
vt 0.103719 0.061086
vt 0.100525 0.070622
vt 0.113323 0.054893
vt 0.104756 0.044179
vt 0.096128 0.050449
vt 0.260690 0.068959
vt 0.276961 0.063368
vt 0.215403 0.081046
vt 0.093653 0.034219
vt 0.096339 0.070805
vt 0.105748 0.086522
vt 0.093206 0.050220
vt 0.168656 0.078905
vt 0.153439 0.076432
vt 0.682677 0.242063
vt 0.681560 0.268492
vt 0.683624 0.268084
vt 0.683749 0.296622
vt 0.680613 0.242471
vt 0.684468 0.211312
vt 0.686413 0.296699
vt 0.680940 0.212615
vt 0.686413 0.198470
vt 0.682793 0.201842
vt 0.803114 0.121585
vt 0.775917 0.122670
vt 0.802693 0.123591
vt 0.776338 0.120665
vt 0.746973 0.120544
vt 0.834756 0.119844
vt 0.746893 0.117955
vt 0.833416 0.123273
vt 0.847970 0.117955
vt 0.844500 0.121473
vt 0.359819 0.992609
vt 0.360167 0.995572
vt 0.343413 0.992351
vt 0.377346 0.992893
vt 0.378005 0.995300
vt 0.397266 0.992351
vt 0.494200 0.989936
vt 0.525684 0.989936
vt 0.518972 0.994767
vt 0.343169 0.056893
vt 0.333122 0.041259
vt 0.331303 0.044702
vt 0.345044 0.053524
vt 0.318990 0.029367
vt 0.317274 0.032866
vt 0.297168 0.013976
vt 0.352850 0.067807
vt 0.356275 0.066739
vt 0.355232 0.075132
vt 0.358673 0.074523
vt 0.355559 0.081723
vt 0.359571 0.081049
vt 0.295056 0.017075
vt 0.293216 0.010342
vt 0.290658 0.013032
vt 0.288732 0.010625
vt 0.293388 0.008667
vt 0.296410 0.008454
vt 0.418807 0.008454
vt 0.398982 0.022475
vt 0.403925 0.037318
vt 0.409552 0.051888
vt 0.416902 0.066945
vt 0.679201 0.101176
vt 0.691066 0.088985
vt 0.689248 0.085542
vt 0.677325 0.097808
vt 0.703379 0.073651
vt 0.705095 0.077149
vt 0.725201 0.058259
vt 0.669520 0.112090
vt 0.666094 0.111023
vt 0.667138 0.119416
vt 0.663697 0.118806
vt 0.666811 0.126006
vt 0.662798 0.125332
vt 0.727314 0.061358
vt 0.729154 0.054626
vt 0.731712 0.057316
vt 0.733637 0.054908
vt 0.728981 0.052951
vt 0.725960 0.052738
vt 0.603563 0.052738
vt 0.623387 0.066758
vt 0.618445 0.081602
vt 0.612818 0.096171
vt 0.605468 0.111229
vt 0.673157 0.197815
vt 0.671700 0.202946
vt 0.669843 0.202199
vt 0.670361 0.196055
vt 0.673157 0.291063
vt 0.134786 0.995572
vt 0.139298 0.998792
vt 0.140066 0.996988
vt 0.132974 0.998289
vt 0.230737 0.995572
vt 0.018247 0.030227
vt 0.030753 0.017373
vt 0.030565 0.028609
vt 0.034383 0.016640
vt 0.026878 0.015700
vt 0.019206 0.037820
vt 0.023609 0.045278
vt 0.017741 0.044208
vt 0.017067 0.055770
vt 0.023815 0.056356
vt 0.021473 0.067881
vt 0.015459 0.067769
vt 0.027463 0.058833
vt 0.015327 0.074190
vt 0.029574 0.068591
vt 0.023934 0.085749
vt 0.029544 0.057608
vt 0.028063 0.055592
vt 0.034383 0.077581
vt 0.105532 0.603219
vt 0.104444 0.602241
vt 0.102831 0.604462
vt 0.108395 0.606714
vt 0.107623 0.601933
vt 0.105183 0.609098
vt 0.108948 0.607938
vt 0.108638 0.604762
vt 0.104933 0.599211
vt 0.108640 0.598631
vt 0.058409 0.598631
vt 0.449261 0.272236
vt 0.451546 0.273804
vt 0.450540 0.274861
vt 0.446944 0.277643
vt 0.451864 0.276893
vt 0.444490 0.274522
vt 0.445684 0.278180
vt 0.448953 0.277879
vt 0.454664 0.274279
vt 0.455261 0.277881
vt 0.455261 0.229066
vt 0.479051 0.222175
vt 0.472417 0.155600
vt 0.480944 0.222625
vt 0.478063 0.220252
vt 0.476089 0.216408
vt 0.465408 0.151306
vt 0.477076 0.218330
vt 0.472573 0.150966
vt 0.477624 0.151985
vt 0.474785 0.214252
vt 0.473567 0.211571
vt 0.463298 0.151113
vt 0.471734 0.210020
vt 0.470687 0.207594
vt 0.469709 0.205668
vt 0.468086 0.203340
vt 0.459458 0.154332
vt 0.466351 0.200751
vt 0.463306 0.198104
vt 0.457044 0.155501
vt 0.453888 0.189325
vt 0.452775 0.156684
vt 0.480944 0.152814
vt 0.458330 0.153006
vt 0.455940 0.154174
vt 0.133339 0.003854
vt 0.133803 0.002013
vt 0.064834 0.010300
vt 0.131361 0.004813
vt 0.127404 0.006732
vt 0.060416 0.017112
vt 0.129383 0.005773
vt 0.060066 0.010148
vt 0.061115 0.005240
vt 0.125184 0.008000
vt 0.122427 0.009183
vt 0.060218 0.019162
vt 0.120831 0.010965
vt 0.118333 0.011983
vt 0.116350 0.012934
vt 0.113955 0.014511
vt 0.063529 0.022894
vt 0.111291 0.016197
vt 0.108567 0.019156
vt 0.064732 0.025240
vt 0.099534 0.028308
vt 0.065949 0.029388
vt 0.061968 0.002013
vt 0.062165 0.023990
vt 0.063366 0.026312
vt 0.206131 0.909870
vt 0.201740 0.908983
vt 0.206450 0.891361
vt 0.202977 0.889868
vt 0.202154 0.932899
vt 0.206508 0.933220
vt 0.203153 0.959956
vt 0.207539 0.878824
vt 0.207539 0.960145
vt 0.791052 0.407455
vt 0.791371 0.388946
vt 0.786661 0.406568
vt 0.787898 0.387452
vt 0.787076 0.430483
vt 0.791430 0.430804
vt 0.788074 0.457541
vt 0.792461 0.376409
vt 0.792461 0.457729
vt 0.929664 0.586810
vt 0.928990 0.579055
vt 0.932023 0.578679
vt 0.933241 0.586221
vt 0.931368 0.566719
vt 0.928335 0.567096
vt 0.931753 0.555719
vt 0.929261 0.555875
vt 0.932615 0.541426
vt 0.930793 0.541797
vt 0.934134 0.525523
vt 0.930055 0.594605
vt 0.934134 0.593806
vt 0.932478 0.525362
vt 0.819411 0.827471
vt 0.832081 0.827531
vt 0.819115 0.830455
vt 0.831785 0.830515
vt 0.843693 0.826576
vt 0.843609 0.829008
vt 0.858741 0.824879
vt 0.810906 0.829865
vt 0.811415 0.826329
vt 0.858364 0.826521
vt 0.803231 0.828980
vt 0.804211 0.824879
vt 0.949516 0.055359
vt 0.957562 0.058126
vt 0.956046 0.044938
vt 0.944057 0.038294
vt 0.938842 0.045238
vt 0.888751 0.018764
vt 0.950871 0.033247
vt 0.941907 0.027880
vt 0.885539 0.015332
vt 0.862975 0.015317
vt 0.860398 0.011675
vt 0.942579 0.021543
vt 0.952557 0.022631
vt 0.951394 0.027762
vt 0.960789 0.023532
vt 0.959372 0.030382
vt 0.969760 0.024516
vt 0.966479 0.036363
vt 0.894723 0.024263
vt 0.918105 0.040366
vt 0.943408 0.014644
vt 0.952640 0.016804
vt 0.961014 0.015971
vt 0.969297 0.011675
vt 0.892299 0.024869
vt 0.915041 0.041328
vt 0.890882 0.025146
vt 0.914930 0.041893
vt 0.935235 0.054802
vt 0.935177 0.055369
vt 0.942308 0.063641
vt 0.937841 0.053402
vt 0.944246 0.062668
vt 0.947916 0.063361
vt 0.946003 0.068273
vt 0.949615 0.063002
vt 0.963385 0.076087
vt 0.951194 0.057027
vt 0.135714 0.393786
vt 0.121810 0.381295
vt 0.125669 0.380257
vt 0.132288 0.394452
vt 0.113126 0.368726
vt 0.148671 0.414936
vt 0.116136 0.367731
vt 0.103977 0.356629
vt 0.106175 0.355466
vt 0.155845 0.418826
vt 0.157077 0.423824
vt 0.155326 0.424674
vt 0.168600 0.444847
vt 0.160673 0.401862
vt 0.168600 0.345813
vt 0.638614 0.950820
vt 0.628569 0.964349
vt 0.624710 0.963311
vt 0.635188 0.950153
vt 0.616026 0.975880
vt 0.651571 0.929670
vt 0.619035 0.976875
vt 0.606877 0.987976
vt 0.609075 0.989139
vt 0.658745 0.925779
vt 0.659976 0.920781
vt 0.658226 0.919932
vt 0.671500 0.899758
vt 0.663573 0.942743
vt 0.671500 0.998792
vt 0.544739 0.562399
vt 0.542253 0.608702
vt 0.544739 0.609903
vt 0.369925 0.907810
vt 0.418807 0.907810
vt 0.417571 0.910225
vt 0.817259 0.691530
vt 0.815667 0.722890
vt 0.814830 0.691181
vt 0.819021 0.674863
vt 0.816592 0.674514
vt 0.818525 0.722581
vt 0.820024 0.760786
vt 0.823944 0.761272
vt 0.823944 0.665459
vt 0.469289 0.032915
vt 0.466860 0.032566
vt 0.467697 0.064274
vt 0.471050 0.016248
vt 0.468622 0.015898
vt 0.470555 0.063966
vt 0.472054 0.102171
vt 0.475973 0.102657
vt 0.475973 0.006844
vt 0.649213 0.262882
vt 0.649130 0.240453
vt 0.653190 0.240453
vt 0.653273 0.259432
vt 0.649213 0.218599
vt 0.653273 0.222050
vt 0.884636 0.297708
vt 0.887695 0.282982
vt 0.883596 0.282163
vt 0.888638 0.299106
vt 0.887752 0.260092
vt 0.883951 0.260016
vt 0.889395 0.240338
vt 0.885007 0.243734
vt 0.889395 0.307971
vt 0.886333 0.307701
vt 0.500829 0.506844
vt 0.495221 0.499961
vt 0.499589 0.491024
vt 0.495390 0.490119
vt 0.500829 0.487728
vt 0.498750 0.486280
vt 0.490650 0.479187
vt 0.495921 0.472703
vt 0.490202 0.472180
vt 0.490558 0.461755
vt 0.491842 0.492821
vt 0.489230 0.497951
vt 0.105294 0.269803
vt 0.109203 0.273194
vt 0.111357 0.272019
vt 0.134472 0.293433
vt 0.136184 0.292595
vt 0.149887 0.310853
vt 0.151639 0.310138
vt 0.168452 0.337114
vt 0.170135 0.336400
vt 0.174956 0.344218
vt 0.176717 0.343934
vt 0.106801 0.268952
vt 0.106451 0.263886
vt 0.104370 0.265170
vt 0.098177 0.233897
vt 0.298646 0.254315
vt 0.313158 0.252630
vt 0.297504 0.244799
vt 0.311906 0.241873
vt 0.327916 0.251411
vt 0.326779 0.239471
vt 0.313625 0.262149
vt 0.328556 0.262176
vt 0.299241 0.262839
vt 0.342631 0.251306
vt 0.343183 0.262616
vt 0.286261 0.263977
vt 0.285811 0.256154
vt 0.284137 0.248034
vt 0.268066 0.266386
vt 0.267866 0.259704
vt 0.266412 0.252875
vt 0.250079 0.269478
vt 0.250321 0.263318
vt 0.249416 0.257720
vt 0.239442 0.271576
vt 0.247025 0.277154
vt 0.239301 0.277858
vt 0.207383 0.282648
vt 0.225258 0.287677
vt 0.189982 0.275050
vt 0.183832 0.282308
vt 0.159432 0.274364
vt 0.189426 0.269889
vt 0.143186 0.270705
vt 0.140560 0.267911
vt 0.112899 0.269029
vt 0.139413 0.273934
vt 0.239589 0.265669
vt 0.239186 0.260039
vt 0.117312 0.271915
vt 0.231462 0.294815
vt 0.188364 0.264875
vt 0.208525 0.294097
vt 0.139144 0.291481
vt 0.153307 0.308951
vt 0.171759 0.335274
vt 0.155482 0.307524
vt 0.173325 0.333939
vt 0.162023 0.303266
vt 0.143545 0.288580
vt 0.141342 0.290031
vt 0.146295 0.286568
vt 0.169082 0.298198
vt 0.187597 0.325824
vt 0.197751 0.315808
vt 0.194206 0.328053
vt 0.193243 0.340226
vt 0.187584 0.341620
vt 0.194070 0.352878
vt 0.179126 0.343450
vt 0.199413 0.338094
vt 0.201537 0.322696
vt 0.200243 0.350562
vt 0.187908 0.354495
vt 0.181772 0.356134
vt 0.188260 0.368436
vt 0.195369 0.365575
vt 0.176832 0.358216
vt 0.181087 0.370372
vt 0.149538 0.281842
vt 0.202512 0.363242
vt 0.197943 0.379770
vt 0.192726 0.305190
vt 0.220518 0.301660
vt 0.405979 0.317485
vt 0.206641 0.375826
vt 0.189804 0.383423
vt 0.175093 0.372722
vt 0.204773 0.390791
vt 0.191721 0.395615
vt 0.181033 0.386207
vt 0.200189 0.407103
vt 0.213816 0.401979
vt 0.210693 0.415056
vt 0.222080 0.409623
vt 0.212897 0.386869
vt 0.221939 0.397731
vt 0.174520 0.389578
vt 0.182787 0.398141
vt 0.176890 0.402648
vt 0.229684 0.405818
vt 0.146446 0.277844
vt 0.174131 0.288808
vt 0.357308 0.263677
vt 0.196042 0.300057
vt 0.370499 0.265600
vt 0.205712 0.306215
vt 0.201097 0.310734
vt 0.219042 0.313951
vt 0.209843 0.318914
vt 0.215819 0.331546
vt 0.208135 0.337538
vt 0.220741 0.343757
vt 0.240823 0.332816
vt 0.251203 0.346098
vt 0.229604 0.322068
vt 0.356764 0.251161
vt 0.382683 0.267237
vt 0.174486 0.292695
vt 0.392711 0.268489
vt 0.237976 0.318158
vt 0.230642 0.309851
vt 0.238519 0.302007
vt 0.244634 0.311666
vt 0.341834 0.237657
vt 0.370785 0.251872
vt 0.249796 0.294945
vt 0.252902 0.306376
vt 0.170498 0.390245
vt 0.172991 0.404070
vt 0.245385 0.328945
vt 0.356108 0.236327
vt 0.250369 0.285975
vt 0.250687 0.323294
vt 0.382953 0.252283
vt 0.170938 0.372683
vt 0.370172 0.235266
vt 0.393338 0.252909
vt 0.172951 0.357591
vt 0.382393 0.234477
vt 0.210359 0.349281
vt 0.392811 0.233897
vt 0.213454 0.361323
vt 0.432213 0.269659
vt 0.428532 0.293328
vt 0.194505 0.301788
vt 0.258531 0.316797
vt 0.433063 0.251111
vt 0.437862 0.269464
vt 0.434658 0.293211
vt 0.144130 0.148384
vt 0.130489 0.141686
vt 0.143192 0.152892
vt 0.131064 0.138889
vt 0.148418 0.158598
vt 0.203646 0.141687
vt 0.190003 0.148386
vt 0.190940 0.152894
vt 0.203072 0.138889
vt 0.185712 0.158601
vt 0.185760 0.153520
vt 0.179791 0.156217
vt 0.179199 0.160339
vt 0.180494 0.151869
vt 0.166770 0.158115
vt 0.166770 0.162238
vt 0.154931 0.160338
vt 0.154339 0.156216
vt 0.148372 0.153519
vt 0.153637 0.151868
vt 0.206711 0.144420
vt 0.200189 0.160550
vt 0.323092 0.316828
vt 0.320598 0.314550
vt 0.298373 0.316774
vt 0.295778 0.313607
vt 0.349213 0.314293
vt 0.320751 0.313896
vt 0.346252 0.313607
vt 0.287075 0.315980
vt 0.663146 0.250031
vt 0.662985 0.264476
vt 0.659739 0.250071
vt 0.659072 0.264157
vt 0.664872 0.231481
vt 0.664872 0.274155
vt 0.003798 0.969589
vt 0.007441 0.969787
vt 0.003728 0.982619
vt 0.007871 0.982512
vt 0.005933 0.952398
vt 0.004330 0.992351
vt 0.007871 0.935185
vt 0.041779 0.179991
vt 0.047363 0.203346
vt 0.045015 0.203684
vt 0.047105 0.225865
vt 0.051730 0.180960
vt 0.047875 0.176767
vt 0.034750 0.163774
vt 0.039991 0.161083
vt 0.030405 0.150430
vt 0.045405 0.168076
vt 0.035063 0.182367
vt 0.039857 0.204873
vt 0.029651 0.165675
vt 0.026926 0.151527
vt 0.052569 0.225819
vt 0.050169 0.233092
vt 0.051473 0.224480
vt 0.062210 0.206285
vt 0.064603 0.206800
vt 0.074152 0.188589
vt 0.077362 0.189236
vt 0.053865 0.227762
vt 0.061418 0.206115
vt 0.073026 0.187756
vt 0.081816 0.173603
vt 0.085387 0.174615
vt 0.086370 0.160237
vt 0.090689 0.161934
vt 0.068128 0.208366
vt 0.080677 0.172773
vt 0.085000 0.160025
vt 0.051953 0.200953
vt 0.054619 0.202279
vt 0.064651 0.183668
vt 0.088223 0.145436
vt 0.067178 0.184643
vt 0.057806 0.174172
vt 0.089528 0.145287
vt 0.089423 0.130547
vt 0.090721 0.130382
vt 0.088867 0.115198
vt 0.090689 0.114843
vt 0.085818 0.099679
vt 0.087669 0.099349
vt 0.081145 0.083631
vt 0.082564 0.083979
vt 0.076802 0.071827
vt 0.085171 0.130126
vt 0.085312 0.145146
vt 0.083683 0.144491
vt 0.081505 0.158737
vt 0.076316 0.171134
vt 0.079882 0.158139
vt 0.079208 0.129251
vt 0.076865 0.142341
vt 0.086792 0.130565
vt 0.078832 0.114221
vt 0.084827 0.115231
vt 0.086159 0.115306
vt 0.083851 0.099933
vt 0.079393 0.084313
vt 0.076773 0.099889
vt 0.074524 0.072538
vt 0.073295 0.073044
vt 0.082514 0.099777
vt 0.072051 0.085235
vt 0.077931 0.084347
vt 0.071826 0.073031
vt 0.070376 0.059102
vt 0.071897 0.154785
vt 0.074304 0.169871
vt 0.064818 0.165197
vt 0.072482 0.057720
vt 0.069403 0.100752
vt 0.066522 0.086715
vt 0.061502 0.087146
vt 0.062990 0.100982
vt 0.070632 0.115311
vt 0.062786 0.115254
vt 0.061155 0.076311
vt 0.057512 0.086092
vt 0.053363 0.084427
vt 0.052216 0.073048
vt 0.056826 0.064887
vt 0.048140 0.081616
vt 0.063089 0.067431
vt 0.053155 0.063019
vt 0.067875 0.054171
vt 0.067341 0.048712
vt 0.046976 0.071301
vt 0.070910 0.053530
vt 0.068505 0.067605
vt 0.068985 0.074881
vt 0.071009 0.129521
vt 0.069621 0.142399
vt 0.062822 0.130311
vt 0.061998 0.142935
vt 0.066011 0.154443
vt 0.059860 0.155222
vt 0.060293 0.164548
vt 0.056594 0.165016
vt 0.054613 0.173464
vt 0.993194 0.813785
vt 0.992922 0.793728
vt 0.994342 0.793955
vt 0.994615 0.814011
vt 0.994141 0.786478
vt 0.992460 0.826820
vt 0.992827 0.786450
vt 0.994615 0.777375
vt 0.992129 0.777560
vt 0.993354 0.827295
vt 0.775948 0.042271
vt 0.800746 0.043336
vt 0.776437 0.045336
vt 0.763548 0.042271
vt 0.763463 0.045491
vt 0.128163 0.441095
vt 0.130221 0.417472
vt 0.131317 0.441570
vt 0.131317 0.453621
vt 0.128003 0.453704
vt 0.600257 0.005969
vt 0.601696 0.009858
vt 0.616849 0.006886
vt 0.617691 0.010870
vt 0.640402 0.006830
vt 0.640480 0.010525
vt 0.660729 0.005233
vt 0.657234 0.009498
vt 0.591135 0.005233
vt 0.591412 0.008209
vt 0.584682 0.950372
vt 0.588768 0.939887
vt 0.583213 0.949175
vt 0.590297 0.941005
vt 0.575545 0.964575
vt 0.592648 0.931011
vt 0.594263 0.932011
vt 0.596106 0.923688
vt 0.573713 0.962554
vt 0.562716 0.982733
vt 0.482043 0.938689
vt 0.497064 0.940937
vt 0.496959 0.939301
vt 0.517510 0.941570
vt 0.517333 0.939885
vt 0.481744 0.940368
vt 0.462377 0.939093
vt 0.462408 0.940771
vt 0.445423 0.938734
vt 0.536338 0.938195
vt 0.535272 0.933625
vt 0.499777 0.931538
vt 0.462904 0.934064
vt 0.482447 0.933658
vt 0.446086 0.933779
vt 0.430959 0.933809
vt 0.431011 0.938471
vt 0.419755 0.933511
vt 0.519888 0.931267
vt 0.495004 0.948414
vt 0.419559 0.937992
vt 0.479515 0.946452
vt 0.462572 0.944874
vt 0.445946 0.940434
vt 0.520851 0.928449
vt 0.500093 0.928957
vt 0.512389 0.951901
vt 0.463575 0.931787
vt 0.483016 0.930604
vt 0.445841 0.944420
vt 0.461960 0.950003
vt 0.477462 0.951416
vt 0.431462 0.939980
vt 0.445824 0.949836
vt 0.431934 0.944385
vt 0.408315 0.933105
vt 0.407365 0.937848
vt 0.420401 0.939320
vt 0.534728 0.959087
vt 0.553687 0.949348
vt 0.565214 0.969266
vt 0.492482 0.954583
vt 0.534892 0.922583
vt 0.583494 0.933199
vt 0.580339 0.917472
vt 0.567301 0.920031
vt 0.559446 0.936977
vt 0.401980 0.931620
vt 0.399500 0.936898
vt 0.510220 0.960800
vt 0.462191 0.952603
vt 0.476558 0.954938
vt 0.445680 0.951955
vt 0.420042 0.943994
vt 0.431498 0.950672
vt 0.431377 0.952839
vt 0.409010 0.947722
vt 0.408331 0.938908
vt 0.418488 0.952344
vt 0.409294 0.954286
vt 0.397876 0.956928
vt 0.400713 0.938131
vt 0.409352 0.956348
vt 0.418365 0.954465
vt 0.390602 0.952127
vt 0.381342 0.966552
vt 0.386262 0.956154
vt 0.381172 0.957232
vt 0.376429 0.962889
vt 0.370698 0.952230
vt 0.373050 0.948463
vt 0.359000 0.951678
vt 0.366256 0.942427
vt 0.396937 0.928496
vt 0.392208 0.933811
vt 0.391745 0.923350
vt 0.399274 0.959028
vt 0.410213 0.960456
vt 0.418833 0.958622
vt 0.431674 0.957389
vt 0.381817 0.968141
vt 0.445758 0.956868
vt 0.359807 0.946241
vt 0.355826 0.950686
vt 0.352853 0.954365
vt 0.352969 0.948763
vt 0.348384 0.956014
vt 0.358176 0.943313
vt 0.387019 0.927426
vt 0.534523 0.964779
vt 0.365218 0.938542
vt 0.387446 0.917472
vt 0.557168 0.971531
vt 0.401090 0.963575
vt 0.460592 0.957414
vt 0.475461 0.960122
vt 0.474948 0.964133
vt 0.487719 0.966126
vt 0.488531 0.963465
vt 0.496360 0.968160
vt 0.495848 0.972374
vt 0.505646 0.970041
vt 0.503335 0.973771
vt 0.494868 0.977463
vt 0.501800 0.978818
vt 0.508764 0.974495
vt 0.486512 0.971812
vt 0.484900 0.978678
vt 0.493457 0.981959
vt 0.483685 0.985974
vt 0.472541 0.979953
vt 0.471212 0.988498
vt 0.459118 0.980617
vt 0.458403 0.989397
vt 0.445111 0.980157
vt 0.444016 0.988122
vt 0.431374 0.978262
vt 0.430215 0.984975
vt 0.473829 0.971533
vt 0.459832 0.971501
vt 0.431618 0.971342
vt 0.445470 0.971501
vt 0.418285 0.975607
vt 0.417729 0.979371
vt 0.418518 0.971468
vt 0.460243 0.963009
vt 0.445492 0.963430
vt 0.431323 0.964378
vt 0.418438 0.965964
vt 0.457074 0.997182
vt 0.442965 0.995417
vt 0.747722 0.000403
vt 0.747484 0.002013
vt 0.705468 0.000403
vt 0.523198 0.435185
vt 0.648302 0.435185
vt 0.645642 0.435990
vt 0.002900 0.093800
vt 0.002071 0.212794
vt 0.002900 0.215378
vt 0.321717 0.696350
vt 0.324743 0.695854
vt 0.321044 0.689243
vt 0.325186 0.702571
vt 0.323065 0.704106
vt 0.325186 0.679147
vt 0.288429 0.308122
vt 0.295741 0.308776
vt 0.288939 0.305182
vt 0.282027 0.304750
vt 0.280447 0.306812
vt 0.306131 0.304750
vt 0.880409 0.420223
vt 0.883957 0.422924
vt 0.879217 0.433857
vt 0.883788 0.413082
vt 0.887316 0.426764
vt 0.884488 0.440340
vt 0.878768 0.440863
vt 0.879125 0.451288
vt 0.888156 0.422019
vt 0.889395 0.406200
vt 0.889395 0.425315
vt 0.877796 0.415093
vt 0.062955 0.898717
vt 0.049678 0.886026
vt 0.053128 0.886157
vt 0.061188 0.900355
vt 0.072581 0.913322
vt 0.070814 0.914992
vt 0.082436 0.928115
vt 0.054233 0.877101
vt 0.020516 0.726039
vt 0.008298 0.723856
vt 0.020823 0.724202
vt 0.009183 0.721663
vt 0.034142 0.720798
vt 0.007703 0.729474
vt 0.017590 0.733711
vt 0.035600 0.725666
vt 0.035144 0.722648
vt 0.047564 0.720482
vt 0.047017 0.714865
vt 0.058738 0.704870
vt 0.061075 0.707698
vt 0.066367 0.698861
vt 0.027549 0.734436
vt 0.004919 0.748963
vt 0.016877 0.759213
vt 0.008516 0.788290
vt 0.038604 0.734687
vt 0.024454 0.761769
vt 0.016285 0.789935
vt 0.012459 0.807421
vt 0.008010 0.806065
vt 0.063450 0.697665
vt 0.008138 0.810577
vt 0.056930 0.702941
vt 0.005721 0.785878
vt 0.003728 0.803124
vt 0.077653 0.746422
vt 0.066509 0.756025
vt 0.071987 0.745251
vt 0.078454 0.732815
vt 0.080036 0.736743
vt 0.075461 0.729918
vt 0.066285 0.742920
vt 0.062468 0.752889
vt 0.070236 0.727871
vt 0.062940 0.734801
vt 0.068592 0.719320
vt 0.063771 0.717979
vt 0.052304 0.729692
vt 0.048927 0.746123
vt 0.030523 0.770143
vt 0.034303 0.776101
vt 0.052772 0.770764
vt 0.044257 0.794104
vt 0.020705 0.799227
vt 0.024750 0.808205
vt 0.016754 0.812519
vt 0.025655 0.824111
vt 0.030526 0.818054
vt 0.036288 0.823000
vt 0.036378 0.835588
vt 0.022749 0.827036
vt 0.029767 0.836328
vt 0.038100 0.855116
vt 0.042498 0.873158
vt 0.074448 0.757418
vt 0.056310 0.772727
vt 0.068562 0.771540
vt 0.048589 0.794231
vt 0.065700 0.787476
vt 0.046590 0.821778
vt 0.053583 0.834213
vt 0.069115 0.825166
vt 0.065841 0.841300
vt 0.051591 0.869351
vt 0.039114 0.834847
vt 0.039366 0.821584
vt 0.070297 0.832649
vt 0.070267 0.843159
vt 0.050559 0.873979
vt 0.038221 0.915556
vt 0.046512 0.917292
vt 0.053957 0.923611
vt 0.059183 0.932417
vt 0.078713 0.929914
vt 0.064005 0.939854
vt 0.080269 0.935582
vt 0.066368 0.947416
vt 0.079488 0.967362
vt 0.074601 0.969144
vt 0.075970 0.984979
vt 0.074605 0.984582
vt 0.060829 0.942196
vt 0.063162 0.949718
vt 0.077530 0.985179
vt 0.071520 0.990741
vt 0.071017 0.990300
vt 0.053243 0.876252
vt 0.070922 0.844044
vt 0.071352 0.970195
vt 0.072697 0.984295
vt 0.051325 0.926102
vt 0.056311 0.934693
vt 0.044811 0.920483
vt 0.069796 0.970302
vt 0.071108 0.984383
vt 0.082436 0.761423
vt 0.061472 0.950691
vt 0.058716 0.943579
vt 0.037989 0.919510
vt 0.036281 0.919093
vt 0.022213 0.924056
vt 0.493273 0.103069
vt 0.480290 0.112674
vt 0.480159 0.116042
vt 0.494965 0.104799
vt 0.508457 0.093715
vt 0.510181 0.095451
vt 0.523839 0.084139
vt 0.470924 0.111616
vt 0.315381 0.144230
vt 0.313491 0.143930
vt 0.313120 0.156091
vt 0.310864 0.155229
vt 0.310005 0.130991
vt 0.318899 0.156676
vt 0.323271 0.147080
vt 0.315016 0.129582
vt 0.311910 0.130021
vt 0.309697 0.117960
vt 0.303918 0.118484
vt 0.293650 0.107091
vt 0.296563 0.104825
vt 0.287481 0.099678
vt 0.324029 0.137410
vt 0.338949 0.159404
vt 0.349511 0.147803
vt 0.379422 0.155959
vt 0.324300 0.126676
vt 0.352149 0.140448
vt 0.381124 0.148416
vt 0.399115 0.152153
vt 0.397714 0.156473
vt 0.286247 0.102508
vt 0.402358 0.156355
vt 0.291664 0.108844
vt 0.376936 0.158670
vt 0.394682 0.160628
vt 0.336414 0.088774
vt 0.322417 0.087983
vt 0.335204 0.094273
vt 0.319433 0.090885
vt 0.326459 0.086451
vt 0.332801 0.099807
vt 0.343052 0.103524
vt 0.346283 0.099603
vt 0.317323 0.095957
vt 0.324445 0.103047
vt 0.308526 0.097543
vt 0.307141 0.102221
vt 0.319177 0.113368
vt 0.336078 0.116665
vt 0.360773 0.134564
vt 0.366908 0.130899
vt 0.361435 0.112957
vt 0.385446 0.121251
vt 0.390693 0.144134
vt 0.399937 0.140215
vt 0.404368 0.147988
vt 0.416311 0.139357
vt 0.410082 0.134617
vt 0.415180 0.129024
vt 0.428142 0.128953
vt 0.419319 0.142184
vt 0.428895 0.135379
vt 0.448259 0.127303
vt 0.466851 0.123050
vt 0.347723 0.091896
vt 0.363459 0.109523
vt 0.362247 0.097623
vt 0.385581 0.117043
vt 0.378645 0.100417
vt 0.413934 0.119013
vt 0.426743 0.112229
vt 0.417441 0.097131
vt 0.434049 0.100321
vt 0.462935 0.114190
vt 0.427382 0.126293
vt 0.413727 0.126032
vt 0.425146 0.095987
vt 0.435966 0.096019
vt 0.467704 0.115196
vt 0.510747 0.127232
vt 0.512396 0.119114
vt 0.519029 0.111989
vt 0.528206 0.106920
vt 0.525696 0.087788
vt 0.535942 0.102227
vt 0.531580 0.086294
vt 0.543790 0.099943
vt 0.564514 0.087193
vt 0.566339 0.091976
vt 0.582727 0.090703
vt 0.582311 0.092031
vt 0.538360 0.105344
vt 0.546165 0.103087
vt 0.582940 0.089183
vt 0.588209 0.095538
vt 0.470049 0.112581
vt 0.436877 0.095383
vt 0.588650 0.095051
vt 0.567416 0.095156
vt 0.582009 0.093891
vt 0.521616 0.114633
vt 0.530565 0.109744
vt 0.515499 0.121106
vt 0.567521 0.096676
vt 0.582096 0.095441
vt 0.351845 0.084139
vt 0.547167 0.104744
vt 0.539786 0.107416
vt 0.833048 0.511675
vt 0.832229 0.498588
vt 0.835715 0.497766
vt 0.837200 0.510657
vt 0.837200 0.485575
vt 0.834736 0.485105
vt 0.724524 0.472231
vt 0.738836 0.469639
vt 0.737990 0.473027
vt 0.725571 0.468196
vt 0.751380 0.468196
vt 0.751864 0.470591
vt 0.993088 0.080629
vt 0.995118 0.062567
vt 0.995443 0.080780
vt 0.992404 0.061951
vt 0.995304 0.045977
vt 0.995304 0.095411
vt 0.992129 0.045652
vt 0.992905 0.030193
vt 0.053438 0.102604
vt 0.051683 0.102836
vt 0.050367 0.097652
vt 0.053438 0.122628
vt 0.047946 0.097021
vt 0.047836 0.101251
vt 0.045153 0.103850
vt 0.048519 0.159823
vt 0.987987 0.249248
vt 0.984915 0.254200
vt 0.986231 0.249016
vt 0.987987 0.229224
vt 0.982494 0.254831
vt 0.982384 0.250600
vt 0.979702 0.248002
vt 0.983068 0.192029
vt 0.132974 0.759662
vt 0.129660 0.774507
vt 0.132974 0.775765
vt 0.030950 0.544394
vt 0.024192 0.529718
vt 0.027270 0.529806
vt 0.024875 0.526927
vt 0.023212 0.526559
vt 0.021935 0.529829
vt 0.020298 0.544269
vt 0.031069 0.512480
vt 0.023867 0.544452
vt 0.026171 0.557888
vt 0.021289 0.557419
vt 0.029008 0.573353
vt 0.023183 0.573296
vt 0.030461 0.589354
vt 0.024132 0.589093
vt 0.031069 0.605073
vt 0.024739 0.604812
vt 0.030542 0.620370
vt 0.257249 0.413446
vt 0.268020 0.413446
vt 0.261051 0.418277
vt 0.532311 0.010870
vt 0.528510 0.015700
vt 0.521541 0.010870
vt 0.535172 0.890240
vt 0.531876 0.897965
vt 0.535972 0.892771
vt 0.542732 0.881435
vt 0.545429 0.883450
vt 0.527078 0.896417
vt 0.545775 0.870773
vt 0.549710 0.901298
vt 0.541631 0.901626
vt 0.535025 0.902829
vt 0.540331 0.910859
vt 0.545338 0.911275
vt 0.549320 0.912641
vt 0.527197 0.886484
vt 0.523911 0.894106
vt 0.528938 0.878398
vt 0.520712 0.897730
vt 0.527832 0.870773
vt 0.059600 0.577666
vt 0.044547 0.579210
vt 0.041715 0.582528
vt 0.059544 0.575462
vt 0.078293 0.575282
vt 0.042990 0.578287
vt 0.034383 0.578455
vt 0.036532 0.575282
vt 0.227120 0.381240
vt 0.232088 0.386071
vt 0.224938 0.382333
vt 0.235708 0.381240
vt 0.119718 0.606173
vt 0.118594 0.608293
vt 0.114747 0.601344
vt 0.119718 0.597826
vt 0.331425 0.944042
vt 0.331219 0.945635
vt 0.345070 0.944042
vt 0.343666 0.947262
vt 0.329329 0.945407
vt 0.408865 0.720587
vt 0.408865 0.707327
vt 0.407225 0.720788
vt 0.405551 0.708691
vt 0.407460 0.722625
vt 0.315122 0.406983
vt 0.296408 0.400339
vt 0.296095 0.402031
vt 0.280412 0.393133
vt 0.281084 0.391888
vt 0.264868 0.383050
vt 0.266098 0.381585
vt 0.252402 0.366095
vt 0.255520 0.364397
vt 0.246479 0.352254
vt 0.315973 0.402320
vt 0.298556 0.395731
vt 0.283494 0.388034
vt 0.333635 0.407094
vt 0.333190 0.412121
vt 0.270892 0.377968
vt 0.343018 0.408098
vt 0.375138 0.398050
vt 0.343909 0.412641
vt 0.376780 0.402760
vt 0.392100 0.389191
vt 0.394709 0.393656
vt 0.409492 0.377138
vt 0.412583 0.381056
vt 0.417950 0.369091
vt 0.421166 0.371738
vt 0.432489 0.352254
vt 0.437034 0.354025
vt 0.507479 0.170170
vt 0.512575 0.151680
vt 0.514315 0.151984
vt 0.521730 0.136439
vt 0.523012 0.137092
vt 0.532106 0.121333
vt 0.533613 0.122528
vt 0.549552 0.109218
vt 0.551300 0.112248
vt 0.563795 0.103462
vt 0.519058 0.154071
vt 0.512277 0.170997
vt 0.526977 0.139434
vt 0.507364 0.188162
vt 0.502192 0.187729
vt 0.537336 0.127187
vt 0.506332 0.197281
vt 0.516671 0.228495
vt 0.501657 0.198146
vt 0.511825 0.230091
vt 0.525787 0.244979
vt 0.521192 0.247515
vt 0.538190 0.261881
vt 0.534158 0.264885
vt 0.546470 0.270101
vt 0.543746 0.273226
vt 0.563795 0.284230
vt 0.561972 0.288647
vt 0.691125 0.241028
vt 0.687372 0.233538
vt 0.691403 0.232691
vt 0.686413 0.241939
vt 0.692212 0.249089
vt 0.687499 0.250000
vt 0.688182 0.229107
vt 0.692212 0.228261
vt 0.289680 0.664905
vt 0.298258 0.664635
vt 0.297387 0.668552
vt 0.288742 0.669485
vt 0.281385 0.663849
vt 0.280447 0.668429
vt 0.301946 0.667765
vt 0.302817 0.663849
vt 0.244822 0.401369
vt 0.244229 0.391184
vt 0.240679 0.394006
vt 0.241094 0.386822
vt 0.244822 0.385266
vt 0.372411 0.455314
vt 0.368268 0.447951
vt 0.371818 0.445129
vt 0.368683 0.440767
vt 0.372411 0.439211
vt 0.683238 0.927134
vt 0.683927 0.934204
vt 0.683927 0.927221
vt 0.678956 0.934380
vt 0.900305 0.412641
vt 0.900994 0.412728
vt 0.900994 0.419711
vt 0.896023 0.419887
vt 0.089892 0.783011
vt 0.086870 0.753638
vt 0.087457 0.753377
vt 0.088621 0.782092
vt 0.086412 0.729834
vt 0.086932 0.729509
vt 0.089558 0.750927
vt 0.089892 0.726959
vt 0.087524 0.718599
vt 0.083264 0.729071
vt 0.359983 0.169485
vt 0.370426 0.169797
vt 0.381051 0.169485
vt 0.370629 0.171387
vt 0.379363 0.171050
vt 0.360177 0.171077
vt 0.368751 0.171390
vt 0.360551 0.172136
vt 0.368586 0.172298
vt 0.379296 0.172505
vt 0.370672 0.172705
vt 0.381524 0.172187
vt 0.891881 0.311666
vt 0.893038 0.310923
vt 0.901694 0.311997
vt 0.893357 0.310386
vt 0.902651 0.310386
vt 0.892519 0.310593
vt 0.024441 0.152577
vt 0.015215 0.154992
vt 0.012842 0.152577
vt 0.109639 0.582950
vt 0.114150 0.584139
vt 0.114747 0.580113
vt 0.105634 0.580113
vt 0.988271 0.514631
vt 0.992958 0.518116
vt 0.992958 0.514090
vt 0.983844 0.516856
vt 0.104805 0.115539
vt 0.102320 0.118015
vt 0.104805 0.123015
vt 0.103245 0.124396
vt 0.227423 0.811997
vt 0.235116 0.811997
vt 0.229971 0.814412
vt 0.236537 0.813514
vt 0.407044 0.794224
vt 0.403858 0.789452
vt 0.403649 0.793543
vt 0.408036 0.789601
vt 0.398108 0.794078
vt 0.398433 0.790287
vt 0.402685 0.797260
vt 0.397592 0.796221
vt 0.405595 0.797504
vt 0.389381 0.790282
vt 0.389181 0.793634
vt 0.389222 0.796340
vt 0.367791 0.789601
vt 0.366611 0.792590
vt 0.368556 0.794422
vt 0.967346 0.486610
vt 0.965694 0.476602
vt 0.968397 0.478028
vt 0.964789 0.485793
vt 0.967979 0.496360
vt 0.965284 0.496643
vt 0.969133 0.505272
vt 0.967736 0.505547
vt 0.970588 0.512480
vt 0.968527 0.469002
vt 0.970588 0.471485
vt 0.145291 0.051010
vt 0.136115 0.051735
vt 0.144076 0.053543
vt 0.138458 0.049673
vt 0.132974 0.050415
vt 0.137001 0.048712
vt 0.154093 0.051144
vt 0.153485 0.053490
vt 0.163938 0.049673
vt 0.164457 0.052040
vt 0.523198 0.598631
vt 0.516469 0.600242
vt 0.505800 0.598631
vt 0.267191 0.146135
vt 0.284590 0.146135
vt 0.273920 0.147746
vt 0.541425 0.004027
vt 0.544057 0.006303
vt 0.543101 0.010560
vt 0.544704 0.011819
vt 0.541436 0.017253
vt 0.544188 0.018996
vt 0.544739 0.002467
vt 0.543136 0.001208
vt 0.542562 0.020640
vt 0.544739 0.022142
vt 0.669014 0.434085
vt 0.670760 0.440874
vt 0.671557 0.436442
vt 0.672305 0.442177
vt 0.669087 0.447826
vt 0.671729 0.449629
vt 0.672328 0.432463
vt 0.670782 0.431159
vt 0.670234 0.451345
vt 0.672328 0.452899
vt 0.526578 0.349682
vt 0.528169 0.328905
vt 0.525684 0.348016
vt 0.528169 0.375604
vt 0.446147 0.250000
vt 0.443662 0.222412
vt 0.444557 0.224078
vt 0.446147 0.203301
vt 0.474898 0.648298
vt 0.473686 0.651627
vt 0.470609 0.651504
vt 0.470735 0.646940
vt 0.475145 0.656236
vt 0.470174 0.655582
vt 0.474898 0.664654
vt 0.023402 0.673852
vt 0.025004 0.679240
vt 0.019816 0.673306
vt 0.026168 0.679358
vt 0.028011 0.685717
vt 0.028588 0.685713
vt 0.030498 0.694444
vt 0.031069 0.694398
vt 0.017217 0.677889
vt 0.022316 0.668851
vt 0.017342 0.666373
vt 0.011000 0.672564
vt 0.010461 0.680784
vt 0.024198 0.679840
vt 0.027468 0.685906
vt 0.005385 0.690663
vt 0.023994 0.662172
vt 0.018875 0.660659
vt 0.016959 0.678647
vt 0.010815 0.682143
vt 0.031069 0.655797
vt 0.593967 0.894326
vt 0.599155 0.888393
vt 0.597553 0.893781
vt 0.600319 0.888274
vt 0.602162 0.881916
vt 0.602739 0.881919
vt 0.604649 0.873188
vt 0.605220 0.873235
vt 0.591368 0.889744
vt 0.596467 0.898782
vt 0.591493 0.901260
vt 0.585150 0.895069
vt 0.584612 0.886849
vt 0.598349 0.887793
vt 0.601619 0.881727
vt 0.579536 0.876970
vt 0.598145 0.905461
vt 0.593026 0.906974
vt 0.591110 0.888986
vt 0.584966 0.885490
vt 0.605220 0.911836
vt 0.909527 0.703146
vt 0.911765 0.706013
vt 0.906058 0.703402
vt 0.907182 0.708132
vt 0.911765 0.698470
vt 0.905965 0.699163
vt 0.423778 0.148977
vt 0.434114 0.150037
vt 0.434831 0.147931
vt 0.424393 0.147746
vt 0.436425 0.150966
vt 0.437034 0.147746
vt 0.589868 0.357085
vt 0.590944 0.367827
vt 0.588777 0.367130
vt 0.591135 0.357683
vt 0.587821 0.369376
vt 0.591135 0.369968
vt 0.523198 0.539855
vt 0.523934 0.542271
vt 0.532137 0.542026
vt 0.532311 0.539855
vt 0.108119 0.194444
vt 0.105886 0.185757
vt 0.105634 0.193729
vt 0.108119 0.185588
vt 0.270555 0.136628
vt 0.272541 0.137478
vt 0.271616 0.135897
vt 0.271849 0.138084
vt 0.278933 0.129287
vt 0.277376 0.128202
vt 0.279538 0.126144
vt 0.281847 0.123548
vt 0.282744 0.124334
vt 0.284590 0.119565
vt 0.280883 0.127323
vt 0.248136 0.119565
vt 0.249002 0.121615
vt 0.263669 0.132504
vt 0.262321 0.133517
vt 0.252333 0.131579
vt 0.261649 0.134026
vt 0.264231 0.134706
vt 0.414614 0.754180
vt 0.413554 0.753450
vt 0.412629 0.755030
vt 0.413320 0.755636
vt 0.406237 0.746839
vt 0.407794 0.745754
vt 0.405632 0.743696
vt 0.403323 0.741100
vt 0.400580 0.737118
vt 0.402426 0.741886
vt 0.404286 0.744875
vt 0.437034 0.737118
vt 0.436167 0.739168
vt 0.421501 0.750056
vt 0.422849 0.751070
vt 0.432837 0.749131
vt 0.423521 0.751578
vt 0.420938 0.752258
vt 0.771765 0.354670
vt 0.778376 0.354670
vt 0.771748 0.357814
vt 0.776207 0.357890
vt 0.968931 0.103050
vt 0.968931 0.097021
vt 0.967789 0.097906
vt 0.966446 0.104267
vt 0.983844 0.503623
vt 0.977298 0.502317
vt 0.982592 0.501208
vt 0.976388 0.501208
vt 0.485087 0.160628
vt 0.484495 0.168366
vt 0.482972 0.160861
vt 0.482306 0.168081
vt 0.484740 0.175905
vt 0.481818 0.176306
vt 0.484695 0.186383
vt 0.481773 0.186784
vt 0.485087 0.205717
vt 0.918764 0.682940
vt 0.920286 0.675434
vt 0.920878 0.683172
vt 0.918097 0.675719
vt 0.920532 0.667895
vt 0.917609 0.667495
vt 0.920487 0.657417
vt 0.917564 0.657017
vt 0.920878 0.638084
vt 0.351385 0.924434
vt 0.344242 0.924081
vt 0.345893 0.921509
vt 0.353476 0.921498
vt 0.362640 0.924718
vt 0.364588 0.921509
vt 0.376553 0.924571
vt 0.598055 0.285732
vt 0.601065 0.291068
vt 0.598419 0.292673
vt 0.601077 0.283699
vt 0.597763 0.274793
vt 0.601065 0.272900
vt 0.597915 0.261272
vt 0.501657 0.579308
vt 0.499502 0.589042
vt 0.501657 0.589775
vt 0.499171 0.581165
vt 0.792059 0.357890
vt 0.791974 0.359163
vt 0.796166 0.359939
vt 0.796109 0.363592
vt 0.712425 0.284763
vt 0.710250 0.285910
vt 0.710359 0.287471
vt 0.709511 0.286814
vt 0.709887 0.283974
vt 0.709450 0.282001
vt 0.710150 0.281686
vt 0.708312 0.280015
vt 0.778086 0.249846
vt 0.870158 0.289211
vt 0.859032 0.258723
vt 0.853288 0.241222
vt 0.847389 0.223225
vt 0.858543 0.241649
vt 0.863712 0.258999
vt 0.855441 0.225105
vt 0.853917 0.210548
vt 0.870971 0.289324
vt 0.873015 0.284009
vt 0.874482 0.289527
vt 0.874285 0.292457
vt 0.873758 0.299521
vt 0.861955 0.341541
vt 0.846870 0.382487
vt 0.791489 0.350232
vt 0.800757 0.368911
vt 0.804617 0.377691
vt 0.807496 0.386616
vt 0.810708 0.398448
vt 0.814169 0.404324
vt 0.846305 0.434048
vt 0.814037 0.410477
vt 0.854614 0.490548
vt 0.781227 0.343171
vt 0.851588 0.401636
vt 0.771194 0.351288
vt 0.776006 0.249466
vt 0.772055 0.247598
vt 0.767795 0.245592
vt 0.762732 0.243412
vt 0.796099 0.366314
vt 0.756171 0.240333
vt 0.751658 0.235390
vt 0.741525 0.225186
vt 0.726752 0.214189
vt 0.708801 0.242248
vt 0.710130 0.228848
vt 0.713414 0.222048
vt 0.709620 0.223959
vt 0.712865 0.218965
vt 0.706978 0.230229
vt 0.735920 0.214986
vt 0.719037 0.211103
vt 0.706982 0.258697
vt 0.708686 0.272287
vt 0.703791 0.264962
vt 0.711452 0.221089
vt 0.708174 0.227897
vt 0.752579 0.233212
vt 0.743606 0.225562
vt 0.736033 0.214426
vt 0.781906 0.349317
vt 0.851348 0.491546
vt 0.702683 0.267536
vt 0.702154 0.270092
vt 0.742485 0.223023
vt 0.703388 0.272105
vt 0.782715 0.349498
vt 0.726574 0.212391
vt 0.719640 0.210548
vt 0.810681 0.401762
vt 0.705838 0.251472
vt 0.705741 0.248154
vt 0.704666 0.243297
vt 0.703584 0.236448
vt 0.703840 0.234421
vt 0.704658 0.274458
vt 0.705880 0.276460
vt 0.707099 0.278009
vt 0.804567 0.384824
vt 0.800560 0.375278
vt 0.849374 0.430338
vt 0.850823 0.454624
vt 0.738388 0.213800
vt 0.807286 0.392985
vt 0.765542 0.244412
vt 0.305302 0.144525
vt 0.305302 0.149275
vt 0.303851 0.145052
vt 0.301160 0.150966
vt 0.916944 0.253898
vt 0.926390 0.255657
vt 0.918517 0.252951
vt 0.923695 0.256816
vt 0.911109 0.249537
vt 0.912722 0.248808
vt 0.907311 0.245019
vt 0.931884 0.255147
vt 0.927849 0.257449
vt 0.906222 0.254826
vt 0.913550 0.259064
vt 0.921886 0.261272
vt 0.902111 0.248013
vt 0.900339 0.240307
vt 0.905202 0.238973
vt 0.899307 0.228223
vt 0.909100 0.244293
vt 0.907810 0.238554
vt 0.903958 0.227772
vt 0.906567 0.227396
vt 0.917006 0.241727
vt 0.903153 0.216811
vt 0.905760 0.216456
vt 0.924003 0.224565
vt 0.923622 0.212747
vt 0.931683 0.209975
vt 0.926668 0.198175
vt 0.939863 0.191842
vt 0.930215 0.180565
vt 0.946997 0.175075
vt 0.952378 0.187459
vt 0.941764 0.209152
vt 0.961783 0.167020
vt 0.949113 0.161375
vt 0.969683 0.150734
vt 0.974193 0.157841
vt 0.993100 0.120750
vt 0.961637 0.183359
vt 0.933229 0.227504
vt 0.924145 0.245586
vt 0.905525 0.201634
vt 0.930818 0.163051
vt 0.914859 0.184793
vt 0.949092 0.134124
vt 0.904752 0.184764
vt 0.916681 0.164727
vt 0.918953 0.147101
vt 0.933119 0.145125
vt 0.905433 0.165889
vt 0.902901 0.201979
vt 0.917962 0.125684
vt 0.944035 0.117033
vt 0.902459 0.185499
vt 0.970664 0.116161
vt 0.907054 0.149448
vt 0.904435 0.149757
vt 0.907556 0.129523
vt 0.902317 0.166484
vt 0.904714 0.130456
vt 0.902208 0.115715
vt 0.913418 0.116011
vt 0.999586 0.114734
vt 0.949077 0.208374
vt 0.939923 0.228783
vt 0.898310 0.216907
vt 0.896023 0.132926
vt 0.930472 0.248791
vt 0.897759 0.202694
vt 0.896537 0.152469
vt 0.897314 0.186101
vt 0.897149 0.166950
vt 0.897546 0.114734
vt 0.977752 0.155502
vt 0.965298 0.181896
vt 0.952488 0.207886
vt 0.942333 0.229135
vt 0.933632 0.249991
vt 0.115882 0.249054
vt 0.113919 0.249330
vt 0.117233 0.247449
vt 0.117233 0.259662
vt 0.115380 0.246779
vt 0.095156 0.452093
vt 0.090721 0.450541
vt 0.091939 0.449678
vt 0.099006 0.450541
vt 0.378210 0.932249
vt 0.380696 0.929123
vt 0.379808 0.927939
vt 0.379808 0.935990
vt 0.464472 0.658802
vt 0.465113 0.634863
vt 0.465203 0.658949
vt 0.465113 0.683545
vt 0.464299 0.686393
vt 0.461889 0.661182
vt 0.311102 0.061594
vt 0.310663 0.062913
vt 0.306257 0.061594
vt 0.305302 0.064815
vt 0.733637 0.432770
vt 0.733637 0.437478
vt 0.732280 0.433196
vt 0.730323 0.438406
vt 0.408942 0.036634
vt 0.407208 0.035745
vt 0.407653 0.034219
vt 0.416321 0.034219
vt 0.715026 0.822464
vt 0.714582 0.823990
vt 0.716316 0.824879
vt 0.723695 0.822464
vt 0.237365 0.369055
vt 0.224938 0.366747
vt 0.232433 0.366747
vt 0.226630 0.370773
vt 0.544022 0.678341
vt 0.546396 0.683135
vt 0.546396 0.690419
vt 0.542253 0.688774
vt 0.641674 0.198470
vt 0.639768 0.200081
vt 0.630075 0.198470
vt 0.036467 0.949583
vt 0.044068 0.948946
vt 0.044464 0.949427
vt 0.053438 0.944523
vt 0.053043 0.944042
vt 0.036236 0.951288
vt 0.031069 0.944042
vt 0.970686 0.244754
vt 0.970846 0.236982
vt 0.971341 0.237367
vt 0.975893 0.228261
vt 0.976388 0.228645
vt 0.968931 0.244979
vt 0.976388 0.250000
vt 0.642502 0.797504
vt 0.642502 0.795089
vt 0.636703 0.797504
vt 0.543082 0.705717
vt 0.537283 0.705717
vt 0.543082 0.708132
vt 0.878152 0.360306
vt 0.879076 0.363229
vt 0.876968 0.371573
vt 0.880282 0.361696
vt 0.879608 0.363576
vt 0.880282 0.373994
vt 0.007042 0.465781
vt 0.007042 0.476630
vt 0.005899 0.468493
vt 0.004929 0.466930
vt 0.005371 0.468780
vt 0.003728 0.478663
vt 0.107484 0.951188
vt 0.110024 0.949814
vt 0.115428 0.948772
vt 0.111659 0.951433
vt 0.100315 0.949121
vt 0.101837 0.947934
vt 0.094083 0.945033
vt 0.095632 0.944189
vt 0.089850 0.940807
vt 0.103480 0.907201
vt 0.105311 0.892386
vt 0.111281 0.903802
vt 0.117948 0.885021
vt 0.104839 0.918989
vt 0.085989 0.912303
vt 0.087695 0.923183
vt 0.099297 0.936712
vt 0.089849 0.934253
vt 0.107389 0.874480
vt 0.123681 0.867672
vt 0.130083 0.879662
vt 0.091599 0.939931
vt 0.137766 0.858442
vt 0.121256 0.902199
vt 0.124652 0.853784
vt 0.144275 0.841510
vt 0.149362 0.848262
vt 0.165120 0.809668
vt 0.139008 0.874839
vt 0.084531 0.897506
vt 0.106540 0.856893
vt 0.092418 0.879917
vt 0.122362 0.826504
vt 0.082322 0.880685
vt 0.092573 0.859676
vt 0.093382 0.841849
vt 0.107347 0.838765
vt 0.081447 0.861715
vt 0.090628 0.820491
vt 0.115899 0.809799
vt 0.142372 0.806836
vt 0.081959 0.898059
vt 0.083419 0.912859
vt 0.080094 0.881625
vt 0.085127 0.923760
vt 0.081706 0.845125
vt 0.079122 0.845642
vt 0.080561 0.825134
vt 0.087282 0.934862
vt 0.085314 0.811168
vt 0.171085 0.803140
vt 0.114271 0.921202
vt 0.106760 0.939981
vt 0.128474 0.900859
vt 0.121037 0.921959
vt 0.152700 0.845633
vt 0.113329 0.942606
vt 0.116526 0.943496
vt 0.121339 0.944082
vt 0.125789 0.953495
vt 0.134083 0.934044
vt 0.120751 0.959124
vt 0.129761 0.962920
vt 0.135789 0.944652
vt 0.145736 0.924178
vt 0.140145 0.954620
vt 0.144731 0.910438
vt 0.156177 0.900963
vt 0.158049 0.913776
vt 0.166178 0.893220
vt 0.168546 0.904720
vt 0.162910 0.879162
vt 0.171085 0.873731
vt 0.165787 0.855659
vt 0.156763 0.861054
vt 0.152451 0.886261
vt 0.142562 0.873096
vt 0.131673 0.921366
vt 0.138629 0.896446
vt 0.123535 0.967828
vt 0.131827 0.900107
vt 0.123471 0.922130
vt 0.114560 0.962373
vt 0.112796 0.952071
vt 0.116812 0.973057
vt 0.108110 0.956371
vt 0.109937 0.964148
vt 0.112081 0.974508
vt 0.149685 0.961144
vt 0.138864 0.969014
vt 0.132130 0.972770
vt 0.107734 0.965379
vt 0.105391 0.960327
vt 0.127445 0.977980
vt 0.113091 0.975888
vt 0.114473 0.977808
vt 0.107658 0.978991
vt 0.108531 0.977171
vt 0.110078 0.979457
vt 0.124580 0.981884
vt 0.114761 0.979797
vt 0.110613 0.981544
vt 0.110059 0.974194
vt 0.527624 0.483142
vt 0.521541 0.484300
vt 0.522374 0.481884
vt 0.528169 0.481884
vt 0.710802 0.012205
vt 0.712096 0.017307
vt 0.709611 0.018116
vt 0.712096 0.011675
vt 0.130489 0.023101
vt 0.131694 0.020531
vt 0.134858 0.023752
vt 0.136288 0.020531
vt 0.414505 0.316023
vt 0.413836 0.311777
vt 0.417150 0.314851
vt 0.417150 0.310386
vt 0.096174 0.988641
vt 0.096416 0.986849
vt 0.089892 0.985105
vt 0.096112 0.985537
vt 0.113609 0.988235
vt 0.113198 0.986285
vt 0.145510 0.985105
vt 0.147259 0.986832
vt 0.151864 0.986593
vt 0.113639 0.989936
vt 0.151436 0.985312
vt 0.173571 0.985891
vt 0.597763 0.225935
vt 0.598789 0.225143
vt 0.591905 0.223430
vt 0.599716 0.223566
vt 0.612760 0.236804
vt 0.614103 0.235625
vt 0.766472 0.363015
vt 0.768757 0.364128
vt 0.767123 0.362019
vt 0.767221 0.365449
vt 0.750598 0.360487
vt 0.751088 0.359190
vt 0.667808 0.300883
vt 0.669273 0.299087
vt 0.651550 0.288463
vt 0.653015 0.287377
vt 0.637119 0.269554
vt 0.665733 0.303430
vt 0.649298 0.290765
vt 0.749362 0.361958
vt 0.763596 0.364814
vt 0.763486 0.365801
vt 0.638515 0.269094
vt 0.633302 0.264443
vt 0.635920 0.264809
vt 0.603947 0.239390
vt 0.602078 0.240862
vt 0.610588 0.262442
vt 0.607297 0.262280
vt 0.613298 0.270244
vt 0.609988 0.270102
vt 0.613779 0.279492
vt 0.594391 0.228397
vt 0.627337 0.263259
vt 0.609424 0.238191
vt 0.631363 0.269985
vt 0.596138 0.227717
vt 0.597377 0.226933
vt 0.621489 0.290443
vt 0.591573 0.224037
vt 0.597570 0.226429
vt 0.610951 0.237860
vt 0.614554 0.291433
vt 0.611666 0.301211
vt 0.634957 0.308766
vt 0.623728 0.315226
vt 0.605347 0.307485
vt 0.633131 0.326766
vt 0.641337 0.322863
vt 0.656355 0.371486
vt 0.616119 0.320550
vt 0.602090 0.309279
vt 0.595605 0.314567
vt 0.625712 0.332803
vt 0.647991 0.374154
vt 0.607843 0.328274
vt 0.662126 0.383233
vt 0.653056 0.385345
vt 0.630592 0.263358
vt 0.634357 0.269876
vt 0.588019 0.304014
vt 0.582932 0.310025
vt 0.667541 0.371395
vt 0.673037 0.384414
vt 0.569558 0.301076
vt 0.565803 0.306679
vt 0.686927 0.378809
vt 0.729036 0.406806
vt 0.748140 0.403564
vt 0.748435 0.420757
vt 0.761378 0.422731
vt 0.723912 0.416234
vt 0.761901 0.433423
vt 0.651581 0.318344
vt 0.680174 0.364030
vt 0.749732 0.375576
vt 0.747916 0.384471
vt 0.553672 0.299972
vt 0.550553 0.304494
vt 0.538694 0.297408
vt 0.743028 0.428238
vt 0.758832 0.438803
vt 0.745072 0.365045
vt 0.657805 0.312832
vt 0.748485 0.363140
vt 0.756001 0.369480
vt 0.639129 0.297678
vt 0.646935 0.292866
vt 0.663744 0.305618
vt 0.577977 0.318386
vt 0.562228 0.313496
vt 0.572183 0.325816
vt 0.582424 0.335350
vt 0.590785 0.323202
vt 0.557637 0.319971
vt 0.576290 0.342645
vt 0.565927 0.333670
vt 0.585816 0.354385
vt 0.553516 0.326525
vt 0.768013 0.438035
vt 0.547656 0.310201
vt 0.537824 0.299677
vt 0.534570 0.307468
vt 0.544746 0.315852
vt 0.541076 0.321243
vt 0.532160 0.312566
vt 0.519013 0.304837
vt 0.529107 0.292780
vt 0.530653 0.291492
vt 0.500570 0.278158
vt 0.520112 0.311258
vt 0.505570 0.272655
vt 0.507246 0.270817
vt 0.490075 0.257468
vt 0.491745 0.255598
vt 0.488404 0.259339
vt 0.474921 0.233368
vt 0.486120 0.261652
vt 0.507848 0.312582
vt 0.494736 0.284026
vt 0.528862 0.317931
vt 0.513756 0.316901
vt 0.668230 0.391346
vt 0.770818 0.442327
vt 0.770010 0.445560
vt 0.508622 0.269417
vt 0.531994 0.290117
vt 0.481134 0.264107
vt 0.493170 0.252981
vt 0.475624 0.227883
vt 0.473543 0.223430
vt 0.498360 0.306558
vt 0.473063 0.229075
vt 0.470984 0.257042
vt 0.474541 0.253927
vt 0.477580 0.260822
vt 0.472683 0.272345
vt 0.484973 0.287528
vt 0.469072 0.254413
vt 0.464895 0.299274
vt 0.477511 0.295607
vt 0.469790 0.300366
vt 0.475021 0.316929
vt 0.485777 0.319362
vt 0.477661 0.333536
vt 0.460891 0.344347
vt 0.491432 0.331021
vt 0.493035 0.308881
vt 0.466779 0.344871
vt 0.465254 0.351607
vt 0.457879 0.353449
vt 0.486260 0.491546
vt 0.453306 0.368571
vt 0.449359 0.383918
vt 0.447074 0.394919
vt 0.445060 0.407161
vt 0.443643 0.419938
vt 0.442627 0.432492
vt 0.439401 0.393588
vt 0.497646 0.318396
vt 0.436476 0.405843
vt 0.455357 0.343872
vt 0.442219 0.444676
vt 0.447244 0.367760
vt 0.452184 0.353040
vt 0.442305 0.382781
vt 0.483644 0.339937
vt 0.754671 0.396238
vt 0.761606 0.416402
vt 0.442681 0.456147
vt 0.433949 0.418350
vt 0.751883 0.384962
vt 0.503205 0.331296
vt 0.432434 0.430923
vt 0.754263 0.376235
vt 0.759272 0.370098
vt 0.447600 0.351914
vt 0.450611 0.343098
vt 0.427366 0.403887
vt 0.431398 0.391866
vt 0.435606 0.380756
vt 0.460720 0.297857
vt 0.441664 0.366062
vt 0.423766 0.416360
vt 0.442986 0.466731
vt 0.497820 0.341021
vt 0.489583 0.347093
vt 0.498085 0.353606
vt 0.509383 0.341781
vt 0.589597 0.299970
vt 0.604487 0.305474
vt 0.504862 0.348268
vt 0.430934 0.442992
vt 0.508723 0.360146
vt 0.570347 0.296825
vt 0.502552 0.314875
vt 0.509122 0.323781
vt 0.520406 0.330828
vt 0.514607 0.355699
vt 0.522935 0.368715
vt 0.553712 0.295961
vt 0.430206 0.455054
vt 0.488703 0.288307
vt 0.481526 0.356379
vt 0.492146 0.360532
vt 0.420682 0.429039
vt 0.429373 0.465525
vt 0.418105 0.441088
vt 0.472974 0.355506
vt 0.515116 0.375666
vt 0.501681 0.366684
vt 0.415772 0.452975
vt 0.539240 0.295725
vt 0.413836 0.463305
vt 0.494877 0.307718
vt 0.755970 0.443925
vt 0.739382 0.437201
vt 0.775062 0.441947
vt 0.774672 0.446010
vt 0.765547 0.421797
vt 0.767280 0.431825
vt 0.532929 0.288631
vt 0.509547 0.267879
vt 0.764277 0.415583
vt 0.494184 0.251486
vt 0.683927 0.711353
vt 0.674421 0.712963
vt 0.673985 0.711353
vt 0.365783 0.440821
vt 0.364847 0.436697
vt 0.362037 0.435903
vt 0.361640 0.438076
vt 0.363465 0.431159
vt 0.365783 0.431565
vt 0.328500 0.691467
vt 0.329785 0.691727
vt 0.330152 0.700361
vt 0.328719 0.700886
vt 0.330181 0.689614
vt 0.331814 0.689746
vt 0.331814 0.700488
vt 0.601959 0.400663
vt 0.611848 0.401369
vt 0.602116 0.399253
vt 0.611419 0.399856
vt 0.599420 0.398148
vt 0.611715 0.398148
vt 0.729190 0.680364
vt 0.672027 0.705975
vt 0.672621 0.705798
vt 0.747004 0.672482
vt 0.743177 0.711239
vt 0.760324 0.665864
vt 0.769227 0.691484
vt 0.769938 0.659180
vt 0.769411 0.711313
vt 0.742700 0.730532
vt 0.759618 0.654907
vt 0.770083 0.647094
vt 0.776735 0.652945
vt 0.780310 0.640484
vt 0.745376 0.662610
vt 0.729080 0.670506
vt 0.708485 0.677850
vt 0.775768 0.666079
vt 0.778284 0.706321
vt 0.781854 0.730488
vt 0.707088 0.688502
vt 0.684957 0.693615
vt 0.689548 0.681547
vt 0.673330 0.678903
vt 0.695082 0.671832
vt 0.711339 0.669381
vt 0.680681 0.668706
vt 0.664343 0.690294
vt 0.669475 0.648584
vt 0.688833 0.658718
vt 0.568960 0.791734
vt 0.617504 0.604710
vt 0.692894 0.630041
vt 0.730810 0.662365
vt 0.715852 0.612372
vt 0.717751 0.634538
vt 0.737934 0.618623
vt 0.740125 0.634672
vt 0.722913 0.606454
vt 0.743417 0.569854
vt 0.731704 0.568318
vt 0.734128 0.553918
vt 0.719170 0.598880
vt 0.719525 0.645828
vt 0.744118 0.556131
vt 0.736629 0.540108
vt 0.713791 0.603955
vt 0.700845 0.661773
vt 0.746237 0.653850
vt 0.759937 0.646378
vt 0.704097 0.644535
vt 0.714322 0.660586
vt 0.770795 0.638001
vt 0.785907 0.627765
vt 0.762066 0.725933
vt 0.774180 0.725505
vt 0.778360 0.741081
vt 0.771164 0.740584
vt 0.621616 0.597304
vt 0.745351 0.616463
vt 0.747419 0.626984
vt 0.627991 0.592299
vt 0.785654 0.748127
vt 0.790384 0.751119
vt 0.795133 0.765984
vt 0.792072 0.763830
vt 0.797168 0.765667
vt 0.795274 0.751571
vt 0.803806 0.748391
vt 0.793586 0.732230
vt 0.787326 0.731983
vt 0.784593 0.704466
vt 0.792042 0.704396
vt 0.801549 0.737184
vt 0.808495 0.741934
vt 0.782904 0.667206
vt 0.790849 0.666628
vt 0.783166 0.654080
vt 0.792368 0.648502
vt 0.787381 0.643194
vt 0.794667 0.632043
vt 0.803039 0.636570
vt 0.801345 0.622743
vt 0.810290 0.730572
vt 0.808919 0.715816
vt 0.744555 0.542197
vt 0.728261 0.740218
vt 0.744747 0.734675
vt 0.754340 0.733847
vt 0.746087 0.525404
vt 0.748886 0.543066
vt 0.766014 0.741817
vt 0.759133 0.737283
vt 0.749138 0.557429
vt 0.766848 0.743333
vt 0.713177 0.591388
vt 0.806289 0.696374
vt 0.804318 0.661222
vt 0.739236 0.523047
vt 0.708299 0.596198
vt 0.551499 0.823884
vt 0.777313 0.538710
vt 0.778015 0.524914
vt 0.792694 0.523185
vt 0.793130 0.536846
vt 0.775618 0.551997
vt 0.791229 0.549697
vt 0.772929 0.566255
vt 0.787876 0.564008
vt 0.769840 0.579317
vt 0.753736 0.586248
vt 0.761494 0.603559
vt 0.783370 0.575029
vt 0.751112 0.572712
vt 0.753465 0.608639
vt 0.789842 0.510330
vt 0.534359 0.835024
vt 0.511912 0.852525
vt 0.496418 0.866467
vt 0.498867 0.870773
vt 0.530665 0.742051
vt 0.516636 0.854121
vt 0.526377 0.845569
vt 0.777396 0.510051
vt 0.750541 0.526701
vt 0.747366 0.508065
vt 0.526614 0.741297
vt 0.785834 0.498292
vt 0.498776 0.821872
vt 0.502002 0.822010
vt 0.491715 0.864538
vt 0.496731 0.870248
vt 0.606604 0.547384
vt 0.720899 0.563379
vt 0.723400 0.549947
vt 0.633776 0.589582
vt 0.725570 0.536230
vt 0.728370 0.518881
vt 0.730250 0.501519
vt 0.541951 0.834796
vt 0.562288 0.823297
vt 0.762575 0.746378
vt 0.753506 0.509539
vt 0.775723 0.496566
vt 0.730036 0.489252
vt 0.758577 0.494613
vt 0.749136 0.494686
vt 0.752170 0.483931
vt 0.762732 0.747693
vt 0.757528 0.751833
vt 0.613205 0.540352
vt 0.813553 0.741317
vt 0.609409 0.595080
vt 0.783934 0.481748
vt 0.725453 0.477858
vt 0.597020 0.587309
vt 0.753604 0.615472
vt 0.596010 0.536460
vt 0.603169 0.529557
vt 0.757174 0.751417
vt 0.750544 0.757442
vt 0.605725 0.599687
vt 0.578892 0.572527
vt 0.592152 0.516824
vt 0.584280 0.522856
vt 0.592570 0.591035
vt 0.603127 0.602084
vt 0.589983 0.593440
vt 0.574684 0.575872
vt 0.518209 0.499332
vt 0.515140 0.501109
vt 0.528537 0.519991
vt 0.525157 0.520529
vt 0.538984 0.534596
vt 0.535904 0.536360
vt 0.550143 0.549412
vt 0.547385 0.551557
vt 0.559794 0.565298
vt 0.562240 0.562769
vt 0.573325 0.578934
vt 0.510122 0.486534
vt 0.513192 0.484757
vt 0.508729 0.477858
vt 0.566154 0.559658
vt 0.675666 0.774031
vt 0.554100 0.546333
vt 0.611381 0.605738
vt 0.542964 0.531563
vt 0.771713 0.742750
vt 0.777803 0.744710
vt 0.805939 0.749672
vt 0.797376 0.767964
vt 0.793986 0.768014
vt 0.790153 0.765004
vt 0.809688 0.743335
vt 0.784126 0.750418
vt 0.814002 0.744349
vt 0.808627 0.750953
vt 0.800304 0.768227
vt 0.812605 0.744614
vt 0.589381 0.440561
vt 0.587821 0.440887
vt 0.588831 0.438406
vt 0.588831 0.448068
vt 0.590307 0.446899
vt 0.820442 0.003623
vt 0.818144 0.003776
vt 0.820549 0.005028
vt 0.828086 0.005233
vt 0.827100 0.003776
vt 0.327672 0.066425
vt 0.325186 0.070524
vt 0.327672 0.071256
vt 0.168600 0.145330
vt 0.173571 0.145330
vt 0.172818 0.147746
vt 0.579268 0.803140
vt 0.579710 0.804503
vt 0.586164 0.804503
vt 0.586037 0.805315
vt 0.577879 0.807971
vt 0.965044 0.524557
vt 0.965044 0.518286
vt 0.966446 0.517855
vt 0.964208 0.524434
vt 0.961475 0.516506
vt 0.980530 0.361111
vt 0.983844 0.361111
vt 0.983616 0.363527
vt 0.900994 0.929549
vt 0.900994 0.926328
vt 0.898509 0.929327
vt 0.008451 0.094276
vt 0.007470 0.097435
vt 0.006194 0.094165
vt 0.009133 0.097067
vt 0.011529 0.094187
vt 0.004557 0.079725
vt 0.008125 0.079542
vt 0.010430 0.066106
vt 0.005547 0.066574
vt 0.013266 0.050640
vt 0.007441 0.050698
vt 0.014720 0.034640
vt 0.008390 0.034900
vt 0.015327 0.111514
vt 0.015327 0.018921
vt 0.008998 0.019181
vt 0.014801 0.003623
vt 0.009086 0.004027
vt 0.745236 0.452899
vt 0.752693 0.452899
vt 0.746334 0.454509
vt 0.042668 0.424718
vt 0.043766 0.423108
vt 0.050124 0.424718
vt 0.840558 0.744364
vt 0.842999 0.743030
vt 0.840558 0.741143
vt 0.839685 0.742252
vt 0.320215 0.650317
vt 0.316903 0.652031
vt 0.317549 0.649356
vt 0.318481 0.651955
vt 0.318492 0.660396
vt 0.320215 0.660628
vt 0.316901 0.660553
vt 0.466860 0.092190
vt 0.466860 0.088969
vt 0.464374 0.089525
vt 0.129660 0.029388
vt 0.129660 0.026167
vt 0.127175 0.026812
vt 0.811516 0.516506
vt 0.814830 0.516506
vt 0.812789 0.518921
vt 0.814200 0.518082
vt 0.179370 0.978290
vt 0.176885 0.980274
vt 0.176885 0.977053
vt 0.178507 0.979662
vt 0.306959 0.672543
vt 0.308709 0.673510
vt 0.310720 0.673054
vt 0.309719 0.671095
vt 0.312759 0.672543
vt 0.841646 0.130837
vt 0.839685 0.129495
vt 0.841646 0.126812
vt 0.842171 0.127664
vt 0.504418 0.569646
vt 0.505800 0.571552
vt 0.501657 0.571552
vt 0.502534 0.572061
vt 0.946562 0.311069
vt 0.948421 0.307971
vt 0.949196 0.309769
vt 0.949876 0.308475
vt 0.949620 0.312113
vt 0.948506 0.314584
vt 0.949497 0.314479
vt 0.949876 0.316828
vt 0.018641 0.513158
vt 0.017098 0.511675
vt 0.017098 0.515700
vt 0.016156 0.514535
vt 0.572908 0.641304
vt 0.575394 0.641304
vt 0.574565 0.644525
vt 0.471002 0.530998
vt 0.474316 0.530998
vt 0.471831 0.532609
vt 0.589478 0.192029
vt 0.591964 0.192029
vt 0.590970 0.194444
vt 0.504971 0.903784
vt 0.508285 0.903784
vt 0.505965 0.906200
vt 0.566280 0.894122
vt 0.565686 0.886265
vt 0.566280 0.886071
vt 0.564623 0.893974
vt 0.428749 0.379630
vt 0.428749 0.371578
vt 0.428155 0.371773
vt 0.427092 0.379482
vt 0.484814 0.089171
vt 0.484715 0.087489
vt 0.487572 0.087359
vt 0.487572 0.096749
vt 0.486697 0.097090
vt 0.485959 0.098770
vt 0.486073 0.097948
vt 0.484259 0.089856
vt 0.485550 0.098282
vt 0.484791 0.099436
vt 0.147130 0.353167
vt 0.148930 0.355469
vt 0.148930 0.352254
vt 0.147716 0.355309
vt 0.150373 0.354847
vt 0.147172 0.355475
vt 0.146230 0.353624
vt 0.420298 0.185588
vt 0.420298 0.183172
vt 0.418807 0.184782
vt 0.421292 0.184514
vt 0.236537 0.448712
vt 0.239022 0.448712
vt 0.237641 0.449678
vt 0.237365 0.447262
vt 0.295360 0.148551
vt 0.297846 0.148551
vt 0.296355 0.150966
vt 0.544739 0.329710
vt 0.544739 0.327295
vt 0.542253 0.328832
vt 0.691384 0.291868
vt 0.693869 0.291868
vt 0.692212 0.294283
vt 0.072494 0.444042
vt 0.072494 0.441626
vt 0.070008 0.443383
vt 0.398094 0.201691
vt 0.398094 0.199275
vt 0.395609 0.200886
vt 0.607705 0.090580
vt 0.610191 0.090580
vt 0.608383 0.092995
vt 0.352766 0.728261
vt 0.358326 0.729066
vt 0.352527 0.729066
vt 0.558584 0.834541
vt 0.558824 0.835346
vt 0.553024 0.835346
vt 0.435500 0.472630
vt 0.433979 0.470871
vt 0.434505 0.472973
vt 0.432528 0.471881
vt 0.433615 0.486561
vt 0.434841 0.486409
vt 0.469497 0.566589
vt 0.471352 0.565713
vt 0.477451 0.582479
vt 0.478691 0.581448
vt 0.491660 0.598278
vt 0.466863 0.567828
vt 0.474980 0.583941
vt 0.432091 0.487294
vt 0.432376 0.474996
vt 0.431495 0.474894
vt 0.510198 0.635284
vt 0.492573 0.625307
vt 0.491662 0.626393
vt 0.511172 0.634231
vt 0.485974 0.621402
vt 0.520346 0.644053
vt 0.493085 0.622437
vt 0.486510 0.618522
vt 0.478253 0.616271
vt 0.512934 0.632876
vt 0.521296 0.643671
vt 0.495644 0.607797
vt 0.515153 0.628275
vt 0.490256 0.603105
vt 0.522467 0.642347
vt 0.523636 0.641474
vt 0.523904 0.647680
vt 0.469925 0.607529
vt 0.524504 0.647658
vt 0.524855 0.641430
vt 0.524246 0.641452
vt 0.515752 0.626984
vt 0.467660 0.613220
vt 0.458345 0.613697
vt 0.456195 0.592530
vt 0.448217 0.600690
vt 0.451482 0.617788
vt 0.439866 0.590449
vt 0.444969 0.584379
vt 0.405470 0.562207
vt 0.441930 0.606026
vt 0.449249 0.620198
vt 0.443029 0.624721
vt 0.433009 0.595410
vt 0.401524 0.568524
vt 0.433290 0.611430
vt 0.396345 0.555181
vt 0.392740 0.562260
vt 0.424349 0.600470
vt 0.496180 0.604950
vt 0.490892 0.600569
vt 0.398062 0.576262
vt 0.388612 0.569204
vt 0.407743 0.553025
vt 0.397452 0.545931
vt 0.425097 0.615295
vt 0.414288 0.607032
vt 0.382146 0.577867
vt 0.391537 0.585705
vt 0.385366 0.555194
vt 0.390414 0.548554
vt 0.379973 0.497887
vt 0.389104 0.495428
vt 0.405118 0.535584
vt 0.380469 0.476777
vt 0.395548 0.480202
vt 0.380926 0.465540
vt 0.371294 0.463324
vt 0.450982 0.576728
vt 0.416679 0.544066
vt 0.373019 0.479993
vt 0.365950 0.465154
vt 0.420291 0.484335
vt 0.412176 0.484099
vt 0.472665 0.585531
vt 0.466884 0.591186
vt 0.464556 0.569064
vt 0.457058 0.572614
vt 0.430889 0.487788
vt 0.428562 0.490235
vt 0.426828 0.480353
vt 0.367896 0.457428
vt 0.364345 0.454507
vt 0.361323 0.454796
vt 0.373403 0.499902
vt 0.495710 0.602387
vt 0.403233 0.476161
vt 0.386632 0.466519
vt 0.412530 0.480723
vt 0.420601 0.480468
vt 0.426927 0.477534
vt 0.368876 0.481819
vt 0.360980 0.466610
vt 0.363485 0.480774
vt 0.367257 0.499425
vt 0.454417 0.618693
vt 0.376633 0.532462
vt 0.453528 0.620120
vt 0.382538 0.462184
vt 0.373886 0.458848
vt 0.387861 0.464420
vt 0.215683 0.460249
vt 0.207196 0.454292
vt 0.090198 0.459290
vt 0.213814 0.454315
vt 0.216165 0.454502
vt 0.218539 0.461161
vt 0.219731 0.454853
vt 0.250850 0.471755
vt 0.253449 0.468373
vt 0.278756 0.481317
vt 0.281327 0.476080
vt 0.302740 0.504982
vt 0.236537 0.532955
vt 0.106956 0.485562
vt 0.079260 0.460314
vt 0.319703 0.540966
vt 0.334594 0.542805
vt 0.334233 0.515582
vt 0.345965 0.545859
vt 0.348950 0.537419
vt 0.354585 0.549357
vt 0.350502 0.557148
vt 0.362642 0.559825
vt 0.337824 0.553358
vt 0.327876 0.496671
vt 0.295946 0.486385
vt 0.321642 0.550865
vt 0.303318 0.548770
vt 0.337887 0.498709
vt 0.333575 0.474645
vt 0.296595 0.481694
vt 0.299937 0.539226
vt 0.280872 0.548501
vt 0.235836 0.533132
vt 0.275806 0.538623
vt 0.252650 0.540906
vt 0.233867 0.550928
vt 0.218945 0.648474
vt 0.261274 0.551107
vt 0.246524 0.558984
vt 0.269991 0.558721
vt 0.257160 0.566437
vt 0.286604 0.555805
vt 0.253334 0.589450
vt 0.268458 0.573453
vt 0.282061 0.599743
vt 0.309803 0.609278
vt 0.304289 0.587714
vt 0.328208 0.596816
vt 0.318463 0.612559
vt 0.349306 0.638569
vt 0.339536 0.643785
vt 0.346819 0.655693
vt 0.354819 0.650405
vt 0.353918 0.667142
vt 0.317590 0.620768
vt 0.310823 0.617893
vt 0.325607 0.580946
vt 0.302350 0.576342
vt 0.307918 0.556024
vt 0.360168 0.662570
vt 0.279044 0.566619
vt 0.325576 0.558846
vt 0.341194 0.561286
vt 0.287930 0.582317
vt 0.367656 0.676868
vt 0.363670 0.660318
vt 0.358776 0.647582
vt 0.316081 0.484905
vt 0.327831 0.481656
vt 0.354521 0.565475
vt 0.372548 0.570023
vt 0.326949 0.465521
vt 0.320145 0.467996
vt 0.292607 0.563437
vt 0.225380 0.654173
vt 0.335542 0.596804
vt 0.335015 0.586299
vt 0.233137 0.656855
vt 0.331671 0.456481
vt 0.335296 0.452035
vt 0.334985 0.435531
vt 0.332574 0.438762
vt 0.337339 0.435122
vt 0.339977 0.450084
vt 0.349422 0.450784
vt 0.344320 0.469549
vt 0.338365 0.471599
vt 0.344407 0.498525
vt 0.351398 0.496324
vt 0.350506 0.462546
vt 0.355161 0.534000
vt 0.362643 0.531921
vt 0.360139 0.546076
vt 0.355918 0.455919
vt 0.370676 0.548031
vt 0.368070 0.554619
vt 0.378996 0.562521
vt 0.306108 0.479665
vt 0.309589 0.474872
vt 0.314803 0.629642
vt 0.314745 0.468370
vt 0.315040 0.466634
vt 0.362570 0.681488
vt 0.363390 0.576388
vt 0.373008 0.583701
vt 0.381876 0.591022
vt 0.402219 0.611953
vt 0.312680 0.563647
vt 0.308509 0.627097
vt 0.370988 0.674143
vt 0.375982 0.691242
vt 0.330953 0.567588
vt 0.390221 0.654518
vt 0.395880 0.666432
vt 0.409510 0.662833
vt 0.404704 0.650708
vt 0.383953 0.643421
vt 0.398408 0.640171
vt 0.376520 0.631786
vt 0.390481 0.628623
vt 0.369124 0.621415
vt 0.382447 0.620574
vt 0.353213 0.603089
vt 0.363599 0.602322
vt 0.352641 0.620793
vt 0.354484 0.595853
vt 0.355089 0.633495
vt 0.344761 0.601598
vt 0.343164 0.595871
vt 0.411695 0.675263
vt 0.347230 0.571200
vt 0.400737 0.679869
vt 0.412617 0.687348
vt 0.375096 0.594403
vt 0.394246 0.615589
vt 0.058974 0.455300
vt 0.031393 0.445946
vt 0.011700 0.437706
vt 0.012535 0.432770
vt 0.087933 0.545586
vt 0.035350 0.442855
vt 0.047655 0.447832
vt 0.084325 0.547646
vt 0.029547 0.479651
vt 0.032582 0.478453
vt 0.007871 0.441107
vt 0.010677 0.433979
vt 0.365634 0.587217
vt 0.228318 0.706522
vt 0.066313 0.453009
vt 0.089782 0.457311
vt 0.331800 0.651742
vt 0.338811 0.662750
vt 0.356657 0.580783
vt 0.309935 0.465024
vt 0.339007 0.578477
vt 0.309650 0.463705
vt 0.303267 0.461339
vt 0.239541 0.657951
vt 0.370633 0.696864
vt 0.214576 0.660246
vt 0.345392 0.674407
vt 0.346275 0.588807
vt 0.401836 0.624298
vt 0.410720 0.635782
vt 0.205483 0.671653
vt 0.354344 0.688973
vt 0.296484 0.478263
vt 0.416609 0.647417
vt 0.303063 0.461852
vt 0.294681 0.458113
vt 0.362952 0.703548
vt 0.420557 0.660427
vt 0.209512 0.657061
vt 0.200004 0.669495
vt 0.305669 0.476298
vt 0.319990 0.465628
vt 0.325724 0.461952
vt 0.333354 0.433652
vt 0.336398 0.432770
vt 0.989644 0.990458
vt 0.989941 0.989176
vt 0.991301 0.990741
vt 0.991301 0.988325
vt 0.884184 0.722625
vt 0.883596 0.724235
vt 0.885490 0.722798
vt 0.886081 0.724235
vt 0.674576 0.513112
vt 0.673985 0.511675
vt 0.676471 0.511675
vt 0.675882 0.513285
vt 0.750207 0.630837
vt 0.752693 0.630837
vt 0.751095 0.632448
vt 0.967274 0.985105
vt 0.967274 0.983494
vt 0.964789 0.983763
vt 0.988565 0.930079
vt 0.988976 0.931965
vt 0.987513 0.931838
vt 0.990472 0.930248
vt 0.982877 0.931048
vt 0.986197 0.894380
vt 0.986101 0.907448
vt 0.983776 0.895100
vt 0.988501 0.906728
vt 0.984460 0.875908
vt 0.981470 0.876929
vt 0.981890 0.852994
vt 0.978873 0.854025
vt 0.990472 0.730676
vt 0.485915 0.002293
vt 0.484259 0.001959
vt 0.485270 0.003623
vt 0.485270 0.000403
vt 0.105634 0.247305
vt 0.106279 0.245974
vt 0.107291 0.247638
vt 0.106279 0.249195
vt 0.691650 0.743872
vt 0.691254 0.744426
vt 0.690555 0.744112
vt 0.690951 0.743559
vt 0.692212 0.749535
vt 0.690951 0.750000
vt 0.595600 0.457471
vt 0.595847 0.458535
vt 0.596169 0.457856
vt 0.595278 0.458150
vt 0.601427 0.456924
vt 0.601906 0.458150
vt 0.251451 0.062399
vt 0.249793 0.062004
vt 0.251601 0.060789
vt 0.253107 0.062004
vt 0.718724 0.738110
vt 0.717067 0.738253
vt 0.718621 0.739533
vt 0.718621 0.737118
vt 0.007042 0.717607
vt 0.007145 0.716184
vt 0.008699 0.717463
vt 0.007145 0.718599
vt 0.946562 0.547907
vt 0.948219 0.547907
vt 0.947556 0.549517
vt 0.472659 0.626006
vt 0.472659 0.624396
vt 0.471002 0.625201
vt 0.157001 0.961755
vt 0.157829 0.960720
vt 0.157001 0.959340
vt 0.862055 0.023752
vt 0.864540 0.023752
vt 0.863120 0.024557
vt 0.719553 0.027029
vt 0.718967 0.026167
vt 0.718923 0.026973
vt 0.718880 0.027778
vt 0.710439 0.027029
vt 0.437034 0.178397
vt 0.437663 0.178342
vt 0.437619 0.177536
vt 0.437707 0.179147
vt 0.446147 0.178397
vt 0.707954 0.033414
vt 0.583926 0.037440
vt 0.573737 0.033414
vt 0.949876 0.454570
vt 0.952361 0.542271
vt 0.952361 0.453704
vt 0.877796 0.382850
vt 0.869511 0.392094
vt 0.877796 0.400564
vt 0.432891 0.763671
vt 0.429656 0.763688
vt 0.432891 0.757246
vt 0.429577 0.759354
vt 0.975944 0.579159
vt 0.982844 0.578663
vt 0.966346 0.667260
vt 0.973957 0.657578
vt 0.998443 0.581784
vt 0.991539 0.619113
vt 0.986373 0.634766
vt 0.998556 0.571842
vt 0.963046 0.669827
vt 0.968016 0.579002
vt 0.972791 0.557597
vt 0.992429 0.619628
vt 0.984759 0.563039
vt 0.988624 0.633143
vt 0.967311 0.560556
vt 0.964772 0.561123
vt 0.965796 0.579269
vt 0.997276 0.619918
vt 0.995071 0.629626
vt 0.986855 0.644469
vt 0.997945 0.636901
vt 0.997898 0.704192
vt 0.957596 0.681950
vt 0.959548 0.539855
vt 0.962536 0.561094
vt 0.963646 0.579132
vt 0.968163 0.669020
vt 0.956005 0.681797
vt 0.983770 0.646932
vt 0.964488 0.679283
vt 0.963139 0.681940
vt 0.971167 0.681469
vt 0.962048 0.669596
vt 0.960750 0.669904
vt 0.955093 0.683625
vt 0.958839 0.540392
vt 0.992140 0.709509
vt 0.982617 0.687507
vt 0.979405 0.692805
vt 0.988296 0.710172
vt 0.998757 0.718291
vt 0.975713 0.680408
vt 0.991919 0.714581
vt 0.998556 0.721014
vt 0.973651 0.683932
vt 0.971664 0.551997
vt 0.971768 0.677178
vt 0.954847 0.685083
vt 0.956225 0.686106
vt 0.964238 0.683661
vt 0.611848 0.370716
vt 0.607347 0.362721
vt 0.611848 0.362721
vt 0.606877 0.370773
vt 0.324358 0.715378
vt 0.321044 0.715378
vt 0.324243 0.717794
vt 0.567109 0.427939
vt 0.567236 0.430354
vt 0.659072 0.427939
vt 0.952237 0.942805
vt 0.953677 0.943004
vt 0.949426 0.973488
vt 0.952237 0.972284
vt 0.946562 0.974419
vt 0.949299 0.978525
vt 0.955460 0.942964
vt 0.952681 0.977855
vt 0.946793 0.978786
vt 0.954800 0.926328
vt 0.957332 0.926745
vt 0.957332 0.993961
vt 0.692137 0.798692
vt 0.782723 0.808195
vt 0.691636 0.791944
vt 0.772777 0.800739
vt 0.694866 0.776695
vt 0.684643 0.776570
vt 0.675573 0.790030
vt 0.785358 0.811425
vt 0.691965 0.806444
vt 0.733245 0.783495
vt 0.797844 0.818064
vt 0.785102 0.812707
vt 0.749335 0.788568
vt 0.733775 0.782626
vt 0.747669 0.786364
vt 0.734080 0.777887
vt 0.744061 0.780056
vt 0.759314 0.788109
vt 0.751546 0.777255
vt 0.820745 0.777391
vt 0.784539 0.806413
vt 0.761842 0.791129
vt 0.797926 0.816582
vt 0.692215 0.808616
vt 0.785412 0.813978
vt 0.692008 0.810714
vt 0.673438 0.811243
vt 0.673542 0.809235
vt 0.669940 0.801716
vt 0.672993 0.806916
vt 0.799680 0.819243
vt 0.795113 0.809886
vt 0.797855 0.811172
vt 0.797283 0.803344
vt 0.664166 0.802902
vt 0.826205 0.783029
vt 0.835245 0.776570
vt 0.831422 0.783201
vt 0.826958 0.786775
vt 0.803566 0.792311
vt 0.809139 0.795626
vt 0.796257 0.799052
vt 0.838028 0.776777
vt 0.792896 0.802852
vt 0.799762 0.801187
vt 0.652444 0.814686
vt 0.653432 0.814622
vt 0.801139 0.819124
vt 0.802159 0.817784
vt 0.799586 0.810093
vt 0.461002 0.641304
vt 0.452775 0.641304
vt 0.452775 0.645678
vt 0.461060 0.646135
vt 0.576222 0.150161
vt 0.573737 0.150161
vt 0.576044 0.153382
vt 0.615378 0.204530
vt 0.646661 0.207689
vt 0.615597 0.203101
vt 0.647580 0.210548
vt 0.645462 0.204881
vt 0.651034 0.204326
vt 0.615575 0.201329
vt 0.651798 0.207670
vt 0.598592 0.201787
vt 0.599044 0.199275
vt 0.652126 0.210207
vt 0.667357 0.199275
vt 0.027755 0.295343
vt 0.029910 0.284238
vt 0.035569 0.282840
vt 0.029362 0.310386
vt 0.039354 0.296279
vt 0.035666 0.280171
vt 0.029725 0.274360
vt 0.034968 0.273322
vt 0.037629 0.274077
vt 0.038738 0.280511
vt 0.039354 0.270014
vt 0.030051 0.270187
vt 0.035284 0.269324
vt 0.995443 0.938406
vt 0.985501 0.938406
vt 0.985973 0.941626
vt 0.922535 0.625782
vt 0.930528 0.638201
vt 0.924845 0.636870
vt 0.923939 0.610709
vt 0.934134 0.624706
vt 0.930662 0.640871
vt 0.924794 0.646757
vt 0.930057 0.647734
vt 0.932711 0.646946
vt 0.933733 0.640494
vt 0.925177 0.650930
vt 0.930031 0.651763
vt 0.925144 0.654999
vt 0.929519 0.655196
vt 0.929748 0.660628
vt 0.925869 0.660363
vt 0.934134 0.651347
vt 0.248964 0.418277
vt 0.248964 0.427939
vt 0.245650 0.427481
vt 0.943326 0.251332
vt 0.945377 0.260538
vt 0.941775 0.255820
vt 0.944079 0.276104
vt 0.945784 0.252243
vt 0.946497 0.275936
vt 0.940203 0.272538
vt 0.940259 0.285345
vt 0.939353 0.255741
vt 0.937448 0.273693
vt 0.941624 0.299919
vt 0.947390 0.289345
vt 0.939601 0.251231
vt 0.944467 0.248390
vt 0.947390 0.249577
vt 0.550539 0.982689
vt 0.550539 0.997103
vt 0.548053 0.983151
vt 0.548243 0.997182
vt 0.586382 0.991546
vt 0.585336 0.994839
vt 0.594909 0.995572
vt 0.596935 0.991546
vt 0.881685 0.010064
vt 0.886347 0.011470
vt 0.891073 0.007689
vt 0.907105 0.008463
vt 0.903571 0.012480
vt 0.916724 0.011987
vt 0.931649 0.010118
vt 0.906852 0.006039
vt 0.882539 0.007563
vt 0.878625 0.009017
vt 0.879747 0.006039
vt 0.921188 0.007279
vt 0.593621 0.836151
vt 0.579536 0.836151
vt 0.579586 0.838567
vt 0.416695 0.164991
vt 0.440513 0.160786
vt 0.440241 0.159018
vt 0.442255 0.159808
vt 0.442590 0.161029
vt 0.417839 0.167038
vt 0.404561 0.169398
vt 0.405705 0.171445
vt 0.386425 0.174336
vt 0.442833 0.165515
vt 0.388790 0.175291
vt 0.363937 0.208666
vt 0.363842 0.176713
vt 0.358524 0.208722
vt 0.352759 0.212588
vt 0.341433 0.216711
vt 0.346997 0.216456
vt 0.332491 0.220244
vt 0.323035 0.224810
vt 0.329162 0.224596
vt 0.305111 0.234756
vt 0.316059 0.229922
vt 0.311975 0.234414
vt 0.311070 0.235340
vt 0.303291 0.236688
vt 0.201045 0.253620
vt 0.249171 0.162091
vt 0.240876 0.161389
vt 0.238456 0.161433
vt 0.234884 0.161389
vt 0.191139 0.249937
vt 0.200354 0.254849
vt 0.192175 0.252356
vt 0.199295 0.256441
vt 0.181233 0.246254
vt 0.190448 0.251166
vt 0.171427 0.242862
vt 0.180540 0.247482
vt 0.172462 0.244750
vt 0.179852 0.248212
vt 0.161631 0.238952
vt 0.151826 0.235560
vt 0.141922 0.231870
vt 0.160938 0.240179
vt 0.152860 0.237448
vt 0.151709 0.236834
vt 0.170735 0.244090
vt 0.132798 0.227762
vt 0.124820 0.224262
vt 0.124351 0.222938
vt 0.132389 0.228834
vt 0.124527 0.225510
vt 0.159584 0.188896
vt 0.141893 0.188218
vt 0.156796 0.175402
vt 0.138560 0.169118
vt 0.125976 0.173430
vt 0.133425 0.162030
vt 0.128197 0.159018
vt 0.122703 0.190846
vt 0.172195 0.174781
vt 0.115226 0.213951
vt 0.114073 0.221686
vt 0.123587 0.224638
vt 0.113919 0.222796
vt 0.191808 0.251625
vt 0.190458 0.252567
vt 0.162668 0.240839
vt 0.170286 0.245147
vt 0.355916 0.212398
vt 0.320331 0.229757
vt 0.162644 0.241094
vt 0.141081 0.233006
vt 0.133043 0.229143
vt 0.172313 0.245545
vt 0.182332 0.251348
vt 0.160954 0.241426
vt 0.338802 0.219840
vt 0.182461 0.252149
vt 0.152598 0.238739
vt 0.182810 0.000403
vt 0.208980 0.070694
vt 0.288732 0.000403
vt 0.167771 0.069070
vt 0.211370 0.071085
vt 0.192310 0.072010
vt 0.183107 0.073706
vt 0.207093 0.072182
vt 0.204909 0.073208
vt 0.202724 0.074234
vt 0.189422 0.077086
vt 0.192130 0.078042
vt 0.175588 0.073417
vt 0.194782 0.078502
vt 0.196886 0.077326
vt 0.199223 0.075896
vt 0.201196 0.075052
vt 0.280147 0.008771
vt 0.212630 0.071765
vt 0.213344 0.072846
vt 0.286226 0.021574
vt 0.285015 0.010951
vt 0.285239 0.010167
vt 0.071364 0.550268
vt 0.070853 0.548712
vt 0.062552 0.551127
vt 0.074151 0.551127
vt 0.073661 0.548838
vt 0.566280 0.364332
vt 0.564079 0.366605
vt 0.564309 0.365315
vt 0.566280 0.366747
vt 0.555510 0.366160
vt 0.896023 0.917231
vt 0.899910 0.916645
vt 0.900240 0.914103
vt 0.903200 0.914254
vt 0.896456 0.913631
vt 0.902413 0.919082
vt 0.906199 0.914597
vt 0.906617 0.917764
vt 0.909933 0.917687
vt 0.908491 0.914404
vt 0.911303 0.914200
vt 0.913025 0.917147
vt 0.913839 0.914129
vt 0.915673 0.916718
vt 0.916960 0.913807
vt 0.918326 0.916317
vt 0.920625 0.916428
vt 0.919694 0.913446
vt 0.922042 0.913508
vt 0.922973 0.916489
vt 0.925322 0.916551
vt 0.924390 0.913570
vt 0.926739 0.913631
vt 0.928335 0.914991
vt 0.927566 0.916853
vt 0.573221 0.050322
vt 0.573213 0.053121
vt 0.577005 0.054333
vt 0.570778 0.055958
vt 0.569855 0.050731
vt 0.577051 0.050376
vt 0.566862 0.051198
vt 0.566531 0.054656
vt 0.563208 0.054675
vt 0.564561 0.051060
vt 0.561739 0.050926
vt 0.560097 0.054185
vt 0.559198 0.050928
vt 0.557433 0.053801
vt 0.556064 0.050676
vt 0.554766 0.053447
vt 0.553396 0.050322
vt 0.552463 0.053567
vt 0.551044 0.050389
vt 0.550111 0.053634
vt 0.548691 0.050457
vt 0.547758 0.053702
vt 0.546338 0.050524
vt 0.544739 0.052004
vt 0.702697 0.202362
vt 0.700918 0.200397
vt 0.694943 0.200856
vt 0.694057 0.199912
vt 0.690069 0.195344
vt 0.683200 0.190096
vt 0.685798 0.195091
vt 0.643419 0.141236
vt 0.804638 0.221383
vt 0.758483 0.129013
vt 0.766797 0.128484
vt 0.769218 0.128578
vt 0.772793 0.128607
vt 0.814630 0.217911
vt 0.805301 0.222624
vt 0.824622 0.214439
vt 0.864258 0.200910
vt 0.873479 0.196999
vt 0.815294 0.219152
vt 0.823533 0.216833
vt 0.881539 0.193672
vt 0.882037 0.192360
vt 0.873865 0.198078
vt 0.847534 0.157640
vt 0.835228 0.143285
vt 0.850625 0.144228
vt 0.865251 0.157335
vt 0.816136 0.220287
vt 0.823648 0.217633
vt 0.881804 0.194924
vt 0.673838 0.185342
vt 0.677074 0.189755
vt 0.664968 0.181630
vt 0.667532 0.184808
vt 0.653724 0.177279
vt 0.648041 0.173301
vt 0.650570 0.177024
vt 0.659406 0.181260
vt 0.642625 0.173133
vt 0.618487 0.139300
vt 0.564623 0.128422
vt 0.813540 0.220305
vt 0.806327 0.224235
vt 0.813828 0.221551
vt 0.865075 0.202062
vt 0.873204 0.198373
vt 0.601645 0.135110
vt 0.891571 0.183386
vt 0.884439 0.160075
vt 0.881274 0.142666
vt 0.892576 0.191302
vt 0.882781 0.194111
vt 0.892709 0.192437
vt 0.868859 0.138312
vt 0.873998 0.131355
vt 0.879196 0.128422
vt 0.178416 0.625201
vt 0.072494 0.625201
vt 0.152246 0.695493
vt 0.193455 0.693869
vt 0.168916 0.696808
vt 0.178119 0.698505
vt 0.171804 0.701885
vt 0.169096 0.702841
vt 0.149856 0.695884
vt 0.166445 0.703301
vt 0.164340 0.702125
vt 0.162003 0.700694
vt 0.154133 0.696981
vt 0.185639 0.698216
vt 0.156318 0.698007
vt 0.158502 0.699032
vt 0.160030 0.699851
vt 0.081080 0.633570
vt 0.148596 0.696564
vt 0.147882 0.697644
vt 0.075000 0.646373
vt 0.076211 0.635750
vt 0.075987 0.634966
vt 0.395609 0.398148
vt 0.402237 0.398148
vt 0.395777 0.398953
vt 0.296773 0.426328
vt 0.254146 0.446406
vt 0.321764 0.440022
vt 0.320858 0.444126
vt 0.251450 0.444689
vt 0.326496 0.436354
vt 0.327863 0.429962
vt 0.319006 0.447745
vt 0.301979 0.452093
vt 0.323023 0.426328
vt 0.252563 0.448280
vt 0.328371 0.436869
vt 0.329329 0.429958
vt 0.952361 0.598631
vt 0.947291 0.625717
vt 0.944905 0.623469
vt 0.952361 0.671095
vt 0.945733 0.534684
vt 0.939896 0.527402
vt 0.941950 0.526957
vt 0.939105 0.510003
vt 0.943741 0.535024
vt 0.943235 0.507887
vt 0.942221 0.461755
vt 0.945733 0.462391
vt 0.225356 0.973026
vt 0.220560 0.973181
vt 0.221248 0.971758
vt 0.224137 0.974987
vt 0.217145 0.970801
vt 0.219150 0.971000
vt 0.228427 0.980266
vt 0.241508 0.950981
vt 0.223913 0.958292
vt 0.241508 0.968387
vt 0.228534 0.904589
vt 0.216349 0.955139
vt 0.222866 0.906429
vt 0.239659 0.976488
vt 0.235537 0.981079
vt 0.214167 0.953925
vt 0.401408 0.734702
vt 0.401408 0.728261
vt 0.398923 0.731705
vt 0.819801 0.448068
vt 0.817975 0.454397
vt 0.819801 0.454509
vt 0.817316 0.448123
vt 0.779449 0.012480
vt 0.754458 0.026174
vt 0.822076 0.032557
vt 0.755365 0.030278
vt 0.824772 0.030840
vt 0.749726 0.022505
vt 0.748359 0.016114
vt 0.757216 0.033896
vt 0.774243 0.038245
vt 0.753199 0.012480
vt 0.823659 0.034431
vt 0.747851 0.023021
vt 0.746893 0.016110
vt 0.014499 0.542271
vt 0.007042 0.567109
vt 0.009428 0.569357
vt 0.014499 0.614734
vt 0.864540 0.375139
vt 0.860757 0.382866
vt 0.858703 0.382421
vt 0.857912 0.399820
vt 0.862548 0.374799
vt 0.862042 0.401935
vt 0.861028 0.448068
vt 0.864540 0.447432
vt 0.966035 0.758052
vt 0.961928 0.759321
vt 0.961240 0.757898
vt 0.964816 0.756092
vt 0.957824 0.760278
vt 0.959830 0.760079
vt 0.969106 0.750813
vt 0.982187 0.780098
vt 0.964592 0.772787
vt 0.982187 0.762692
vt 0.969213 0.826490
vt 0.957029 0.775940
vt 0.963545 0.824650
vt 0.980338 0.754591
vt 0.976217 0.750000
vt 0.954847 0.777154
vt 0.359983 0.966586
vt 0.356899 0.969002
vt 0.353355 0.966586
vt 0.293703 0.381240
vt 0.293703 0.387681
vt 0.291877 0.387570
vt 0.291218 0.381295
vt 0.880282 0.724273
vt 0.881110 0.733092
vt 0.881110 0.724235
vt 0.235708 0.252415
vt 0.245650 0.252415
vt 0.243925 0.254026
vt 0.498343 0.575282
vt 0.506441 0.575781
vt 0.508285 0.575282
vt 0.506560 0.576892
vt 0.432063 0.630837
vt 0.423846 0.632448
vt 0.422121 0.630837
vt 0.587821 0.111514
vt 0.587821 0.101852
vt 0.587308 0.103644
vt 0.586164 0.103528
vt 0.939934 0.938406
vt 0.939105 0.939211
vt 0.938277 0.938406
vt 0.280447 0.805556
vt 0.279619 0.811865
vt 0.280447 0.811997
vt 0.179370 0.856280
vt 0.179370 0.849839
vt 0.177713 0.850439
vt 0.538940 0.631643
vt 0.538940 0.625201
vt 0.538111 0.631397
s 0
usemtl Material
f 2103/3607 2105/3605 1624/3604
f 2103/4117 1624/4118 2661/4109
f 2103/3027 2104/3028 2105/3029
f 2103/3027 2112/3036 2104/3028
f 2103/4117 2661/4109 2112/4108
f 2118/3042 2117/3041 2116/3040
f 2118/3042 2116/3040 2120/3044
f 2118/3611 1729/3608 2117/3610
f 2118/4185 2688/4179 1729/4186
f 2118/4185 2120/4177 2688/4179
f 1624/3604 2105/3605 1625/3606
f 1624/2059 1625/2060 1620/2055
f 1624/2059 1620/2055 1618/2053
f 1624/4118 1618/4114 2661/4109
f 2104/3028 2106/3030 2105/3029
f 2104/3028 2107/3031 2106/3030
f 2104/3028 2112/3036 2107/3031
f 2106/3696 2450/3697 2105/3695
f 2106/3696 2108/3698 2450/3697
f 2106/3030 2107/3031 2108/3032
f 2115/3039 2116/3040 2117/3041
f 2115/3039 2119/3043 2116/3040
f 2115/3039 2117/3041 2150/3079
f 2115/3039 2150/3079 2151/3080
f 2115/3039 2151/3080 2119/3043
f 2116/3040 2119/3043 2120/3044
f 1729/3608 1733/3609 2117/3610
f 1729/2171 1725/2167 1733/2175
f 1729/2171 1723/2165 1725/2167
f 1729/4186 2688/4179 1723/4183
f 2450/3697 2447/3692 2105/3695
f 2450/3697 2108/3698 2447/3692
f 2105/3989 1626/3991 1625/3992
f 2105/3695 2447/3692 2448/3693
f 2105/3989 2448/3990 1626/3991
f 1625/2060 1621/2056 1620/2055
f 1625/2060 1626/2061 1621/2056
f 2117/3995 1733/3998 1730/3996
f 2117/3041 2147/3076 2150/3079
f 2117/3995 1730/3996 2149/3997
f 2117/3041 2149/3078 2147/3076
f 1733/4504 1726/4505 1730/4506
f 1733/2175 1725/2167 1730/2172
f 2150/3079 2147/3076 2151/3080
f 1620/2055 1621/2056 1619/2054
f 1620/2055 1619/2054 1618/2053
f 2447/3692 2446/3691 2448/3693
f 2447/3692 2444/3689 2446/3691
f 2447/3692 2108/3698 2444/3689
f 2448/3990 2442/3993 1626/3991
f 2448/3693 2446/3691 2442/3687
f 1626/2061 1630/2065 1621/2056
f 1626/2061 1635/2070 1630/2065
f 1626/3991 2442/3993 1635/3994
f 2149/3997 1730/3996 1447/3999
f 2149/3078 2146/3075 2147/3076
f 2149/3078 1447/3071 2146/3075
f 1730/2172 1725/2167 1726/2168
f 1730/2172 1726/2168 1735/2177
f 1730/3996 1443/4000 1447/3999
f 1730/2172 1735/2177 1443/2182
f 2147/3076 2146/3075 2144/3073
f 2147/3076 2144/3073 2151/3080
f 1725/2167 1724/2166 1726/2168
f 1725/2167 1723/2165 1724/2166
f 1621/2056 1630/2065 1629/2064
f 1621/2056 1629/2064 1619/2054
f 2446/3691 2441/3686 2442/3687
f 2446/3691 2444/3689 2441/3686
f 2146/3075 1447/3071 2140/3064
f 2146/3075 2140/3064 2144/3073
f 1726/2168 1734/2176 1735/2177
f 1726/2168 1724/2166 1734/2176
f 1630/2065 1635/2070 1634/2069
f 1630/2065 1634/2069 1629/2064
f 2442/3687 2438/3680 1635/3682
f 2442/3687 2441/3686 2438/3680
f 1447/1770 1443/1766 1441/1764
f 1447/3071 1441/3065 2140/3064
f 1735/2177 1438/2181 1443/2182
f 1735/2177 1734/2176 1438/2181
f 1635/3682 2438/3680 1634/3677
f 1443/1766 1438/1761 1441/1764
f 2112/3036 2110/3034 2107/3031
f 2112/4108 2661/4109 2662/4110
f 2112/4108 2662/4110 2110/4112
f 2107/3031 2109/3033 2108/3032
f 2107/3031 2110/3034 2109/3033
f 2119/3043 2139/3063 2120/3044
f 2119/3043 2151/3080 2138/3062
f 2119/3043 2138/3062 2139/3063
f 2120/4177 2687/4178 2688/4179
f 2120/4177 2139/4180 2687/4178
f 2661/4109 1618/4114 1616/4111
f 2661/4109 1616/4111 2662/4110
f 2108/3698 2463/3716 2444/3689
f 2108/3698 2109/3752 2463/3716
f 2151/3080 2144/3073 2159/3097
f 2151/3080 2159/3097 2138/3062
f 2688/4179 1721/4181 1723/4183
f 2688/4179 2687/4178 1721/4181
f 2444/3689 2443/3688 2441/3686
f 2444/3689 2463/3716 2443/3688
f 2144/3073 2140/3064 2143/3072
f 2144/3073 2143/3072 2159/3097
f 1618/2053 1619/2054 1617/2052
f 1618/2053 1617/2052 1616/2051
f 1723/2165 1722/2164 1724/2166
f 1723/2165 1721/2163 1722/2164
f 2441/3686 2439/3683 2438/3680
f 2441/3686 2443/3688 2439/3683
f 2140/3064 1441/3065 2141/3066
f 2140/3064 2141/3066 2143/3072
f 1619/2054 1629/2064 1623/2058
f 1619/2054 1623/2058 1617/2052
f 1724/2166 1728/2170 1734/2176
f 1724/2166 1722/2164 1728/2170
f 1629/2064 1634/2069 1637/2072
f 1629/2064 1637/2072 1623/2058
f 2438/3680 2437/3678 1634/3677
f 2438/3680 2439/3683 2437/3678
f 1441/1764 1438/1761 1440/1763
f 1441/3065 1440/3067 2141/3066
f 1734/2176 1439/2184 1438/2181
f 1734/2176 1728/2170 1439/2184
f 1634/3677 2437/3678 1637/3679
f 1438/1761 1439/1762 1440/1763
f 1203/1476 273/1465 1198/1467
f 1203/1476 1204/1477 273/1465
f 1203/1476 1198/1467 1240/1515
f 1203/3169 2207/3155 1204/3168
f 1203/1476 1240/1515 1236/1511
f 1203/3169 1236/3171 2207/3155
f 273/1465 272/1466 1198/1467
f 273/278 259/262 272/277
f 273/278 274/279 259/262
f 273/328 302/307 274/329
f 273/1465 1204/1477 320/1478
f 273/328 320/327 302/307
f 272/1466 268/1468 1198/1467
f 272/277 259/262 268/273
f 274/279 275/280 259/262
f 274/1355 302/1354 275/1353
f 320/1478 1204/1477 316/1479
f 320/327 316/323 302/307
f 1198/1467 1199/1469 1240/1515
f 1198/1467 268/1468 1199/1469
f 1204/3168 2207/3155 2216/3167
f 1204/3168 2216/3167 316/3263
f 1236/1511 1240/1515 1234/1509
f 1236/3171 2218/3172 2207/3155
f 1236/1511 1234/1509 1235/1510
f 1236/3171 1235/3177 2218/3172
f 259/262 267/272 268/273
f 259/262 261/264 267/272
f 259/262 275/280 276/281
f 259/262 258/261 261/264
f 259/262 276/281 284/289
f 259/262 256/259 258/261
f 259/262 257/260 256/259
f 259/262 286/291 4/270
f 259/262 4/270 6/269
f 259/262 284/289 286/291
f 259/262 6/269 265/268
f 259/262 265/268 257/260
f 302/307 316/323 315/322
f 302/307 315/322 314/321
f 302/1354 1156/1350 275/1353
f 302/307 314/321 310/317
f 302/1354 1166/1363 1156/1350
f 302/307 310/317 307/314
f 302/307 307/314 299/304
f 302/307 1/310 304/311
f 302/307 2/308 1/310
f 302/1354 304/1369 1166/1363
f 302/307 301/306 2/308
f 302/307 299/304 301/306
f 1240/1515 1199/1469 1244/1519
f 1240/1515 1244/1519 1251/1526
f 1240/1515 1251/1526 1250/1525
f 1240/1515 1237/1512 1234/1509
f 1240/1515 1291/1567 1237/1512
f 1240/1515 1250/1525 1252/1527
f 1240/1515 1252/1527 1270/1545
f 1240/1515 1270/1545 1291/1567
f 2207/3155 2205/3153 2216/3167
f 2207/3155 2204/3152 2205/3153
f 2207/3155 2206/3154 2204/3152
f 2207/3155 2218/3172 2219/3173
f 2207/3155 2219/3173 2220/3174
f 2207/3155 2208/3156 2206/3154
f 2207/3155 2215/3166 2208/3156
f 2207/3155 2220/3174 2215/3166
f 2463/3716 2109/3752 2113/3671
f 2463/3716 2464/3717 2443/3688
f 2463/3716 2113/3671 2464/3717
f 2159/3097 2143/3072 2160/3098
f 2159/3097 2131/3055 2138/3062
f 2159/3097 2160/3098 2131/3055
f 2109/3033 2110/3034 2111/3035
f 2109/3033 2111/3035 2113/3037
f 2443/3688 2445/3690 2439/3683
f 2443/3688 2464/3717 2445/3690
f 2143/3072 2141/3066 2145/3074
f 2143/3072 2145/3074 2160/3098
f 2138/3062 2137/3061 2139/3063
f 2138/3062 2131/3055 2137/3061
f 2662/4110 1542/4113 2110/4112
f 2662/4110 1616/4111 1614/4115
f 2662/4110 1614/4115 1542/4113
f 2110/4112 1542/4113 2111/4116
f 2139/4180 1647/4184 2687/4178
f 2139/4180 2137/4187 1647/4184
f 2687/4178 1719/4182 1721/4181
f 2687/4178 1647/4184 1719/4182
f 1616/2051 1617/2052 1615/2050
f 1616/2051 1615/2050 1614/2049
f 1721/2163 1720/2162 1722/2164
f 1721/2163 1719/2161 1720/2162
f 2439/3683 2440/3684 2437/3678
f 2439/3683 2445/3690 2440/3684
f 2141/3066 1440/3067 2142/3068
f 2141/3066 2142/3068 2145/3074
f 1617/2052 1623/2058 1622/2057
f 1617/2052 1622/2057 1615/2050
f 2437/3678 1822/3681 1637/3679
f 2437/3678 2440/3684 1822/3681
f 1440/1763 1439/1762 1442/1765
f 1440/3067 1442/3069 2142/3068
f 1722/2164 1727/2169 1728/2170
f 1722/2164 1720/2162 1727/2169
f 2111/3035 2114/3038 2113/3037
f 2111/4083 1542/4071 2647/4063
f 2111/4083 2647/4063 2114/4072
f 2113/3671 2431/3669 2464/3717
f 2113/3671 2114/3670 2431/3669
f 1623/2058 1637/2072 1638/2073
f 1623/2058 1638/2073 1622/2057
f 1637/2453 1822/2452 1638/2451
f 1439/2184 1728/2170 1444/2185
f 1439/1762 1444/1767 1442/1765
f 1728/2170 1727/2169 1444/2185
f 2131/3055 2130/3054 2137/3061
f 2131/3055 2160/3098 2129/3053
f 2131/3055 2129/3053 2130/3054
f 2137/4166 2678/4147 1647/4165
f 2137/4166 2130/4146 2678/4147
f 1542/4113 1614/4115 1541/4119
f 1542/4071 2646/4062 2647/4063
f 1542/4071 2644/4058 2646/4062
f 1542/1971 1541/1970 1540/1969
f 1542/4071 1540/4093 2644/4058
f 2464/3717 2433/3673 2445/3690
f 2464/3717 2431/3669 2433/3673
f 2160/3098 2145/3074 2133/3057
f 2160/3098 2133/3057 2129/3053
f 1647/4184 1646/4188 1719/4182
f 1647/4165 2678/4147 2680/4149
f 1647/2083 1645/2081 1646/2082
f 1647/4165 2679/4148 1645/4154
f 1647/4165 2680/4149 2679/4148
f 2445/3690 2449/3694 2440/3684
f 2445/3690 2433/3673 2486/3741
f 2445/3690 2486/3741 2487/3742
f 2445/3690 2451/3701 2449/3694
f 2445/3690 2487/3742 2451/3701
f 2145/3074 2142/3068 2148/3077
f 2145/3074 2185/3126 2133/3057
f 2145/3074 2184/3125 2185/3126
f 2145/3074 2148/3077 2152/3083
f 2145/3074 2152/3083 2184/3125
f 1614/2049 1615/2050 1613/2048
f 1614/2049 1613/2048 1541/1970
f 1719/2161 1718/2160 1720/2162
f 1719/2161 1646/2082 1718/2160
f 2440/3684 1821/3685 1822/3681
f 2440/3684 2449/3694 1821/3685
f 2142/3068 1442/3069 1445/3070
f 2142/3068 1445/3070 2148/3077
f 1615/2050 1622/2057 1613/2048
f 1822/2452 1821/2450 1638/2451
f 1442/1765 1444/1767 1445/1768
f 1720/2162 1718/2160 1727/2169
f 1622/2057 1638/2073 1632/2067
f 1622/2057 1632/2067 1613/2048
f 1638/2451 1821/2450 1632/2449
f 1444/2185 1727/2169 1446/2179
f 1444/1767 1446/1769 1445/1768
f 1727/2169 1718/2160 1446/2179
f 268/1468 270/1470 1199/1469
f 268/273 267/272 270/275
f 316/3263 2216/3167 317/3261
f 316/323 317/324 315/322
f 1199/1469 1200/1471 1244/1519
f 1199/1469 270/1470 1200/1471
f 2216/3167 2205/3153 2213/3164
f 2216/3167 2213/3164 317/3261
f 267/272 261/264 254/257
f 267/272 254/257 270/275
f 315/322 313/320 314/321
f 315/322 317/324 313/320
f 275/280 277/282 276/281
f 275/1353 1156/1350 1158/1352
f 275/1353 1159/1356 277/1365
f 275/1353 1158/1352 1159/1356
f 261/264 258/261 253/256
f 261/264 253/256 254/257
f 1244/1519 1245/1520 1251/1526
f 1244/1519 1200/1471 1245/1520
f 2205/3153 2204/3152 2203/3151
f 2205/3153 2203/3151 2213/3164
f 314/321 311/318 310/317
f 314/321 313/320 311/318
f 1821/2450 1820/2448 1632/2449
f 1821/3685 2449/3694 1820/3699
f 1445/2465 1446/2464 1827/2463
f 1445/3070 1827/3081 2148/3077
f 2114/3670 2430/3668 2431/3669
f 2114/4072 2647/4063 2648/4064
f 2114/4072 2648/4064 2430/4073
f 2431/3669 2429/3667 2433/3673
f 2431/3669 2430/3668 2429/3667
f 1613/2048 1632/2067 1631/2066
f 1613/2048 1612/2047 1541/1970
f 1613/2048 1631/2066 1612/2047
f 1632/2449 1820/2448 1631/2445
f 1446/2179 1718/2160 1736/2178
f 1446/2464 1736/2462 1827/2463
f 1718/2160 1646/2082 1717/2159
f 1718/2160 1717/2159 1736/2178
f 2129/3053 2128/3052 2130/3054
f 2129/3053 2133/3057 2127/3051
f 2129/3053 2127/3051 2128/3052
f 2130/4146 2677/4143 2678/4147
f 2130/4146 2128/4145 2677/4143
f 1237/1512 1232/1507 1234/1509
f 1237/1512 1291/1567 1232/1507
f 2219/3173 2218/3172 2221/3175
f 2219/3173 2221/3175 2220/3174
f 2647/4063 2646/4062 2643/4057
f 2647/4063 2643/4057 2648/4064
f 1251/1526 1247/1522 1250/1525
f 1251/1526 1245/1520 1247/1522
f 276/281 279/284 284/289
f 276/281 278/283 279/284
f 276/281 277/282 278/283
f 1156/1350 1166/1363 1155/1349
f 1156/1350 1155/1349 1154/1348
f 1156/1350 1154/1348 1158/1352
f 2204/3152 2206/3154 2202/3150
f 2204/3152 2202/3150 2203/3151
f 2678/4147 2668/4128 2680/4149
f 2678/4147 2677/4143 2668/4128
f 258/261 256/259 248/251
f 258/261 248/251 253/256
f 310/317 306/313 307/314
f 310/317 311/318 306/313
f 2433/3673 2432/3672 2486/3741
f 2433/3673 2429/3667 2432/3672
f 1235/1510 1234/1509 1233/1508
f 1235/3177 2223/3178 2218/3172
f 1235/1510 1233/1508 1242/1517
f 1235/3177 1242/3220 2223/3178
f 2133/3057 2185/3126 2132/3056
f 2133/3057 2132/3056 2127/3051
f 2646/4062 2644/4058 2643/4057
f 1540/1969 1541/1970 1539/1968
f 1540/4093 1536/4060 2644/4058
f 1540/1969 1539/1968 1536/1965
f 1541/1970 1612/2047 1539/1968
f 1645/2081 1644/2080 1646/2082
f 1645/4154 2679/4148 1641/4126
f 1645/2081 1641/2077 1644/2080
f 1646/2082 1644/2080 1717/2159
f 2680/4149 2668/4128 2679/4148
f 1250/1525 1249/1524 1252/1527
f 1250/1525 1247/1522 1249/1524
f 2206/3154 2208/3156 2200/3148
f 2206/3154 2200/3148 2202/3150
f 4/2383 286/2386 287/2384
f 4/4 5/5 6/6
f 4/2383 287/2384 5/2385
f 1/1371 1168/1370 304/1369
f 1/1 2/2 3/3
f 1/1371 3/1372 1168/1370
f 2486/3741 2432/3672 2488/3743
f 2486/3741 2488/3743 2487/3742
f 256/259 257/260 249/252
f 256/259 249/252 248/251
f 1234/1509 1232/1507 1233/1508
f 2218/3172 2223/3178 2221/3175
f 307/314 295/300 299/304
f 307/314 306/313 295/300
f 2185/3126 2184/3125 2186/3127
f 2185/3126 2186/3127 2132/3056
f 286/291 284/289 287/292
f 304/1369 1168/1370 1166/1363
f 2644/4058 2637/4048 2643/4057
f 2644/4058 1536/4060 2637/4048
f 1252/1527 1253/1528 1270/1545
f 1252/1527 1249/1524 1253/1528
f 2208/3156 2215/3166 2210/3158
f 2208/3156 2210/3158 2200/3148
f 2679/4148 2668/4128 2663/4120
f 2679/4148 2663/4120 1641/4126
f 1291/1567 1270/1545 1308/1584
f 1291/1567 1292/1568 1232/1507
f 1291/1567 1308/1584 1292/1568
f 6/2847 1793/2843 265/2846
f 6/2847 5/2848 1793/2843
f 2220/3174 2270/3241 2215/3166
f 2220/3174 2221/3175 2222/3176
f 2220/3174 2222/3176 2270/3241
f 2/1642 301/1644 1342/1639
f 2/1642 1342/1639 3/1638
f 2449/3694 1819/3700 1820/3699
f 2449/3694 2451/3701 1819/3700
f 284/289 285/290 287/292
f 284/289 279/284 285/290
f 1166/1363 1168/1370 1167/1364
f 1166/1363 1167/1364 1155/1349
f 2148/3077 1827/3081 1825/3082
f 2148/3077 1825/3082 2152/3083
f 2430/3668 2428/3666 2429/3667
f 2430/4105 2648/4106 2428/4107
f 2429/3667 2427/3665 2432/3672
f 2429/3667 2428/3666 2427/3665
f 2127/3051 2126/3050 2128/3052
f 2127/3051 2132/3056 2125/3049
f 2127/3051 2125/3049 2126/3050
f 2128/4145 2126/4144 2677/4143
f 1612/2047 1631/2066 1633/2068
f 1612/2047 1633/2068 1611/2046
f 1612/2047 1611/2046 1539/1968
f 1631/2445 1820/2448 1819/2446
f 1631/2445 1819/2446 1633/2447
f 270/1470 269/1472 1200/1471
f 270/275 254/257 269/274
f 265/268 263/266 257/260
f 265/2846 1793/2843 263/2845
f 301/306 299/304 298/303
f 301/1644 298/1643 1342/1639
f 317/3261 2213/3164 318/3260
f 317/324 318/325 313/320
f 1736/2178 1717/2159 1737/2180
f 1736/2462 1825/2458 1827/2463
f 1736/2462 1737/2456 1825/2458
f 1717/2159 1716/2158 1737/2180
f 1717/2159 1644/2080 1716/2158
f 2648/4064 2643/4057 2655/4080
f 2648/4064 2655/4080 2428/4081
f 1200/1471 1201/1473 1245/1520
f 1200/1471 269/1472 1201/1473
f 257/260 263/266 249/252
f 1270/1545 1253/1528 1308/1584
f 2215/3166 2270/3241 2210/3158
f 299/304 295/300 298/303
f 2213/3164 2203/3151 2214/3165
f 2213/3164 2214/3165 318/3260
f 2677/4143 2670/4131 2668/4128
f 2677/4143 2126/4144 2670/4131
f 2432/3672 2434/3674 2488/3743
f 2432/3672 2427/3665 2434/3674
f 2487/3742 2488/3743 2489/3744
f 2487/3742 2489/3744 2451/3701
f 2184/3125 2181/3122 2186/3127
f 2184/3125 2152/3083 2181/3122
f 2132/3056 2186/3127 2134/3058
f 2132/3056 2134/3058 2125/3049
f 254/257 253/256 255/258
f 254/257 255/258 269/274
f 313/320 312/319 311/318
f 313/320 318/325 312/319
f 2643/4057 2637/4048 2642/4056
f 2643/4057 2642/4056 2655/4080
f 1245/1520 1246/1521 1247/1522
f 1245/1520 1201/1473 1246/1521
f 2203/3151 2202/3150 2199/3147
f 2203/3151 2199/3147 2214/3165
f 2668/4128 2667/4127 2663/4120
f 2668/4128 2670/4131 2667/4127
f 2488/3743 2490/3745 2489/3744
f 2488/3743 2434/3674 2490/3745
f 253/256 248/251 251/254
f 253/256 251/254 255/258
f 311/318 308/315 306/313
f 311/318 312/319 308/315
f 2186/3127 2181/3122 2182/3123
f 2186/3127 2182/3123 2134/3058
f 1247/1522 1248/1523 1249/1524
f 1247/1522 1246/1521 1248/1523
f 2202/3150 2200/3148 2198/3146
f 2202/3150 2198/3146 2199/3147
f 1633/2068 1639/2074 1611/2046
f 1633/2447 1819/2446 1823/2454
f 1633/2447 1823/2454 1639/2455
f 1737/2274 1716/2273 1762/2272
f 1737/2456 1824/2457 1825/2458
f 1737/2456 1762/2459 1824/2457
f 2637/4048 1536/4060 2638/4049
f 2637/4048 2638/4049 2639/4050
f 2637/4048 2639/4050 2642/4056
f 1611/2046 1537/1966 1539/1968
f 1611/2046 1639/2074 1610/2045
f 1611/2046 1610/2045 1537/1966
f 1716/2158 1644/2080 1643/2079
f 1716/2273 1715/2269 1762/2272
f 1716/2158 1643/2079 1715/2157
f 2663/4120 2665/4122 1641/4126
f 2663/4120 2664/4121 2665/4122
f 2663/4120 2667/4127 2664/4121
f 1539/1968 1537/1966 1536/1965
f 1536/4060 1538/4055 2638/4049
f 1536/1965 1537/1966 1538/1967
f 1819/3700 2451/3701 2452/3702
f 1819/3700 2452/3702 1823/3703
f 1825/3082 2153/3084 2152/3083
f 1825/3082 1824/3085 2153/3084
f 1641/2077 1643/2079 1644/2080
f 1641/4126 2665/4122 1642/4125
f 1641/2077 1642/2078 1643/2079
f 2489/3744 2480/3735 2451/3701
f 2489/3744 2491/3746 2480/3735
f 2489/3744 2490/3745 2491/3746
f 248/251 249/252 250/253
f 248/251 250/253 251/254
f 1232/1507 1292/1568 1231/1506
f 1232/1507 1231/1506 1230/1505
f 1232/1507 1230/1505 1233/1508
f 2221/3175 2224/3179 2222/3176
f 2221/3175 2225/3180 2224/3179
f 2221/3175 2223/3178 2225/3180
f 306/313 305/312 295/300
f 306/313 308/315 305/312
f 2181/3122 2152/3083 2173/3112
f 2181/3122 2173/3112 2180/3121
f 2181/3122 2180/3121 2182/3123
f 2451/3701 2480/3735 2454/3705
f 2451/3701 2453/3704 2452/3702
f 2451/3701 2454/3705 2453/3704
f 903/996 904/997 900/993
f 903/996 900/993 902/995
f 903/2293 1768/2294 904/2295
f 903/2293 902/2307 1610/2306
f 903/2293 1640/2303 1768/2294
f 903/2293 1610/2306 1640/2303
f 1249/1524 1254/1529 1253/1528
f 1249/1524 1248/1523 1254/1529
f 2200/3148 2210/3158 2197/3145
f 2200/3148 2197/3145 2198/3146
f 958/1059 955/1056 959/1060
f 958/2321 959/2322 1772/2323
f 958/1059 956/1057 955/1056
f 958/2321 1772/2323 1760/2332
f 958/2321 1715/2334 956/2335
f 958/2321 1760/2332 1715/2334
f 2152/3083 2155/3087 2173/3112
f 2152/3083 2153/3084 2154/3086
f 2152/3083 2154/3086 2155/3087
f 900/993 904/997 905/998
f 900/993 901/994 902/995
f 900/993 905/998 901/994
f 904/2295 1768/2294 945/2296
f 904/997 945/1045 907/1000
f 904/997 907/1000 905/998
f 959/1060 955/1056 960/1061
f 959/2322 1017/2324 1772/2323
f 959/1060 962/1063 1017/1119
f 959/1060 960/1061 962/1063
f 955/1056 956/1057 957/1058
f 955/1056 957/1058 960/1061
f 902/995 901/994 889/978
f 902/2307 889/2311 1771/2309
f 902/2307 1771/2309 1610/2306
f 1768/2294 1640/2303 1739/2304
f 1768/2294 1769/2297 945/2296
f 1768/2294 1739/2304 1769/2297
f 1772/2323 1033/2331 1760/2332
f 1772/2323 1017/2324 1773/2325
f 1772/2323 1773/2325 1033/2331
f 956/1057 954/1055 957/1058
f 956/2335 1715/2334 1775/2337
f 956/2335 1775/2337 954/2339
f 901/994 888/977 889/978
f 901/994 906/999 888/977
f 901/994 905/998 906/999
f 957/1058 954/1055 953/1054
f 957/1058 953/1054 961/1062
f 957/1058 961/1062 960/1061
f 1316/2198 1640/2200 1317/2203
f 1316/2198 1739/2199 1640/2200
f 1316/1594 1317/1595 1289/1565
f 1316/2198 1322/2201 1739/2199
f 1316/1594 1287/1563 1322/1601
f 1316/1594 1289/1565 1287/1563
f 1034/2270 1761/2268 1760/2267
f 1034/2270 1760/2267 1033/2271
f 1034/1148 1033/1147 1032/1146
f 1034/3228 1032/3233 2161/3099
f 1034/3228 1826/3090 1761/3229
f 1034/3228 2161/3099 1826/3090
f 1639/2074 1317/2075 1610/2045
f 1639/3762 1289/3708 1317/3764
f 1639/3762 1823/3703 1289/3708
f 1762/2272 1715/2269 1761/2268
f 1762/2459 1761/2461 1826/2460
f 1762/2459 1826/2460 1824/2457
f 2638/4049 1538/4055 1543/4052
f 2638/4049 1543/4052 2640/4051
f 2638/4049 2640/4051 2639/4050
f 1640/2076 1610/2045 1317/2075
f 1760/2267 1761/2268 1715/2269
f 2665/4122 1648/4124 1642/4125
f 2665/4122 2666/4123 1648/4124
f 2665/4122 2664/4121 2666/4123
f 1322/2201 1740/2202 1739/2199
f 1322/1601 1287/1563 1277/1553
f 1322/1601 1277/1553 293/1604
f 1322/2201 293/2204 1740/2202
f 1032/1146 1033/1147 1031/1144
f 1032/3233 2165/3103 2161/3099
f 1032/3233 321/3239 2165/3103
f 1032/1146 1031/1144 321/1143
f 889/978 888/977 887/976
f 889/2311 1594/2310 1771/2309
f 889/2311 887/2312 1594/2310
f 1610/2306 1771/2309 1594/2310
f 1610/2045 1594/2029 1537/1966
f 945/2296 1769/2297 944/2298
f 945/1045 939/1038 907/1000
f 945/1045 944/1044 939/1038
f 269/1472 271/1474 1201/1473
f 269/274 255/258 271/276
f 318/3260 2214/3165 319/3251
f 318/325 319/326 312/319
f 1017/2324 1016/2326 1773/2325
f 1017/1119 962/1063 1008/1110
f 1017/1119 1008/1110 1016/1118
f 1715/2334 1699/2338 1775/2337
f 1715/2157 1643/2079 1699/2141
f 954/1055 952/1053 953/1054
f 954/2339 1775/2337 1699/2338
f 954/2339 1699/2338 952/2340
f 2480/3735 2481/3736 2454/3705
f 2480/3735 2491/3746 2481/3736
f 888/977 906/999 908/1001
f 888/977 908/1001 882/971
f 888/977 882/971 887/976
f 906/999 905/998 908/1001
f 1823/3703 2456/3707 1289/3708
f 1823/3703 2452/3702 2456/3707
f 1739/2304 1740/2305 1769/2297
f 1769/2297 1740/2305 1770/2299
f 1769/2297 1770/2299 944/2298
f 1201/1473 1202/1475 1246/1521
f 1201/1473 271/1474 1202/1475
f 2214/3165 2199/3147 2179/3118
f 2214/3165 2179/3118 319/3251
f 1773/2325 1031/2333 1033/2331
f 1773/2325 1774/2327 1031/2333
f 1773/2325 1016/2326 1774/2327
f 1824/3085 1826/3090 2157/3089
f 1824/3085 2157/3089 2153/3084
f 961/1062 953/1054 963/1064
f 961/1062 963/1064 960/1061
f 953/1054 947/1048 963/1064
f 953/1054 952/1053 947/1048
f 2173/3112 2155/3087 2174/3113
f 2173/3112 2174/3113 2180/3121
f 1287/1563 1289/1565 1288/1564
f 1287/1563 1280/1556 1277/1553
f 1287/1563 1288/1564 1280/1556
f 905/998 907/1000 934/1032
f 905/998 909/1002 908/1001
f 905/998 911/1004 909/1002
f 905/998 934/1032 911/1004
f 960/1061 1000/1102 962/1063
f 960/1061 963/1064 964/1065
f 960/1061 964/1065 966/1067
f 960/1061 966/1067 1000/1102
f 2161/3099 2165/3103 2162/3100
f 2161/3099 852/3091 1826/3090
f 2161/3099 2162/3100 852/3091
f 255/258 251/254 252/255
f 255/258 252/255 271/276
f 312/319 309/316 308/315
f 312/319 319/326 309/316
f 1246/1521 1260/1535 1248/1523
f 1246/1521 1202/1475 1260/1535
f 249/252 263/266 262/265
f 249/252 260/263 250/253
f 249/252 262/265 260/263
f 295/300 297/302 298/303
f 295/300 305/312 296/301
f 295/300 296/301 297/302
f 2199/3147 2198/3146 2193/3140
f 2199/3147 2193/3140 2179/3118
f 1289/3708 2456/3707 1288/3709
f 1277/1553 1268/1543 293/1604
f 1277/1553 1269/1544 1268/1543
f 1277/1553 1280/1556 1269/1544
f 293/2204 252/2205 1740/2202
f 293/1604 1268/1543 271/1474
f 293/298 271/276 252/255
f 1253/1528 1273/1548 1308/1584
f 1253/1528 1254/1529 1255/1530
f 1253/1528 1255/1530 1273/1548
f 2210/3158 2270/3241 2217/3170
f 2210/3158 2209/3157 2197/3145
f 2210/3158 2217/3170 2209/3157
f 321/3239 2177/3116 2165/3103
f 321/1143 1031/1144 309/1145
f 321/3239 319/3251 2177/3116
f 321/330 309/316 319/326
f 2165/3103 2177/3116 2166/3104
f 2165/3103 2166/3104 2162/3100
f 1826/3090 852/3091 2157/3089
f 2452/3702 2453/3704 2456/3707
f 907/1000 939/1038 938/1037
f 907/1000 938/1037 934/1032
f 251/254 250/253 252/255
f 5/2385 287/2384 288/2387
f 5/2385 1792/2388 1793/2389
f 5/2385 288/2387 1792/2388
f 287/292 285/290 288/293
f 1168/1370 3/1372 1169/1373
f 1168/1370 1169/1373 1167/1364
f 3/1638 1342/1639 1170/1640
f 3/1372 1170/1374 1169/1373
f 308/315 309/316 305/312
f 962/1063 1007/1109 1008/1110
f 962/1063 1000/1102 1007/1109
f 2153/3084 2157/3089 2154/3086
f 1740/2305 252/2308 1770/2299
f 1248/1523 1260/1535 1254/1529
f 2198/3146 2197/3145 2193/3140
f 1031/2333 1774/2327 309/2336
f 908/1001 909/1002 910/1003
f 908/1001 910/1003 922/1015
f 908/1001 922/1015 882/971
f 963/1064 965/1066 964/1065
f 963/1064 977/1078 965/1066
f 963/1064 947/1048 977/1078
f 944/2298 1770/2299 946/2300
f 944/1044 942/1041 939/1038
f 944/1044 946/1046 942/1041
f 1016/2326 1018/2328 1774/2327
f 1016/1118 1008/1110 1011/1113
f 1016/1118 1011/1113 1018/1120
f 1268/1543 1202/1475 271/1474
f 1268/1543 1265/1540 1202/1475
f 1268/1543 1269/1544 1265/1540
f 1770/2299 252/2308 250/2301
f 1770/2299 250/2301 946/2300
f 1793/2843 264/2844 263/2845
f 1793/2389 1792/2388 264/2390
f 263/266 264/267 262/265
f 1342/1639 298/1643 300/1641
f 1342/1639 300/1641 1170/1640
f 298/303 297/302 300/305
f 1774/2327 305/2329 309/2336
f 1774/2327 1018/2328 305/2329
f 2177/3116 319/3251 2179/3118
f 2177/3116 2179/3118 2178/3117
f 2177/3116 2178/3117 2166/3104
f 2454/3705 2455/3706 2453/3704
f 2454/3705 2481/3736 2467/3720
f 2454/3705 2467/3720 2455/3706
f 285/290 289/294 288/293
f 285/290 279/284 289/294
f 1167/1364 1169/1373 1172/1376
f 1167/1364 1172/1376 1155/1349
f 2155/3087 2154/3086 2156/3088
f 2155/3087 2163/3101 2174/3113
f 2155/3087 2156/3088 2163/3101
f 909/1002 913/1006 910/1003
f 909/1002 912/1005 913/1006
f 909/1002 911/1004 912/1005
f 1202/1475 1265/1540 1260/1535
f 2179/3118 2193/3140 2178/3117
f 964/1065 965/1066 968/1069
f 964/1065 968/1069 967/1068
f 964/1065 967/1068 966/1067
f 1292/1568 1308/1584 1331/1611
f 1292/1568 1294/1570 1231/1506
f 1292/1568 1331/1611 1294/1570
f 2222/3176 2277/3253 2270/3241
f 2222/3176 2224/3179 2231/3186
f 2222/3176 2231/3186 2277/3253
f 1280/1556 1288/1564 1279/1555
f 1280/1556 1276/1552 1269/1544
f 1280/1556 1279/1555 1276/1552
f 939/1038 942/1041 938/1037
f 1308/1584 1273/1548 1331/1611
f 2270/3241 2277/3253 2217/3170
f 1008/1110 1007/1109 1011/1113
f 2162/3100 2166/3104 2187/3128
f 2162/3100 854/3132 852/3091
f 2162/3100 2187/3128 854/3132
f 1538/1967 1537/1966 1543/1972
f 1288/3709 2456/3707 2459/3712
f 1288/3709 2459/3712 1281/3722
f 1288/1564 1281/1557 1279/1555
f 1269/1544 1266/1541 1265/1540
f 1269/1544 1276/1552 1266/1541
f 1260/1535 1265/1540 1264/1539
f 1260/1535 1264/1539 1258/1533
f 1260/1535 1258/1533 1254/1529
f 2193/3140 2192/3139 2178/3117
f 2193/3140 2194/3141 2192/3139
f 2193/3140 2197/3145 2194/3141
f 2166/3104 2178/3117 2188/3129
f 2166/3104 2188/3129 2187/3128
f 852/3091 848/3094 2157/3089
f 852/920 854/922 851/919
f 852/920 851/919 848/916
f 1642/2078 1648/2084 1643/2079
f 2456/3707 2453/3704 2457/3710
f 2456/3707 2457/3710 2459/3712
f 2157/3089 850/3092 2154/3086
f 2157/3089 848/3094 850/3092
f 1537/1966 1627/2062 1543/1972
f 1537/1966 1609/2044 1627/2062
f 1537/1966 1594/2029 1609/2044
f 1265/1540 1266/1541 1264/1539
f 2178/3117 2192/3139 2188/3129
f 1643/2079 1648/2084 1731/2173
f 1643/2079 1731/2173 1714/2156
f 1643/2079 1714/2156 1699/2141
f 2453/3704 2455/3706 2457/3710
f 2154/3086 850/3092 2156/3088
f 1543/1972 1627/2062 1628/2063
f 1543/4052 1628/4053 2640/4051
f 1648/2084 1732/2174 1731/2173
f 1648/4124 2666/4123 1732/4129
f 1627/2062 1609/2044 1628/2063
f 1731/2173 1732/2174 1714/2156
f 910/1003 913/1006 919/1012
f 910/1003 923/1016 922/1015
f 910/1003 919/1012 923/1016
f 934/1032 936/1034 911/1004
f 934/1032 938/1037 940/1039
f 934/1032 940/1039 936/1034
f 1000/1102 966/1067 1003/1105
f 1000/1102 1009/1111 1007/1109
f 1000/1102 1003/1105 1009/1111
f 965/1066 974/1075 968/1069
f 965/1066 977/1078 978/1079
f 965/1066 978/1079 974/1075
f 913/1006 912/1005 916/1009
f 913/1006 916/1009 919/1012
f 968/1069 971/1072 967/1068
f 968/1069 974/1075 971/1072
f 911/1004 914/1007 912/1005
f 911/1004 936/1034 914/1007
f 1266/1541 1276/1552 1272/1547
f 1266/1541 1267/1542 1264/1539
f 1266/1541 1272/1547 1267/1542
f 2188/3129 2192/3139 2190/3133
f 2188/3129 2189/3130 2187/3128
f 2188/3129 2190/3133 2189/3130
f 966/1067 967/1068 969/1070
f 966/1067 969/1070 1003/1105
f 1276/1552 1279/1555 1278/1554
f 1276/1552 1278/1554 1272/1547
f 1264/1539 1259/1534 1258/1533
f 1264/1539 1267/1542 1259/1534
f 938/1037 942/1041 941/1040
f 938/1037 941/1040 940/1039
f 1007/1109 1010/1112 1011/1113
f 1007/1109 1009/1111 1010/1112
f 2192/3139 2194/3141 2195/3142
f 2192/3139 2195/3142 2190/3133
f 2187/3128 863/3131 854/3132
f 2187/3128 2189/3130 863/3131
f 1609/2044 1604/2039 1628/2063
f 1609/2044 1590/2025 1604/2039
f 1609/2044 1594/2029 1590/2025
f 1258/1533 1257/1532 1254/1529
f 1258/1533 1259/1534 1257/1532
f 1231/1506 1228/1503 1230/1505
f 1231/1506 1294/1570 1243/1518
f 1231/1506 1243/1518 1228/1503
f 2224/3179 2225/3180 2226/3181
f 2224/3179 2227/3182 2231/3186
f 2224/3179 2226/3181 2227/3182
f 2194/3141 2197/3145 2196/3144
f 2194/3141 2196/3144 2195/3142
f 1714/2156 1732/2174 1709/2151
f 1714/2156 1709/2151 1695/2137
f 1714/2156 1695/2137 1699/2141
f 2423/3661 2425/3663 2427/3665
f 2423/3661 2424/3662 2425/3663
f 2423/3661 2427/3665 2428/3666
f 2423/4082 2428/4081 2655/4080
f 2423/4102 2652/4103 2424/4104
f 2423/4082 2655/4080 2652/4075
f 2425/3663 2434/3674 2427/3665
f 2425/3663 2424/3662 2426/3664
f 2425/3663 2426/3664 2435/3675
f 2425/3663 2435/3675 2434/3674
f 2457/3710 2462/3715 2459/3712
f 2457/3710 2458/3711 2462/3715
f 2457/3710 2455/3706 2458/3711
f 2459/3712 1283/3723 1281/3722
f 2459/3712 2462/3715 1283/3723
f 1279/1555 1281/1557 1278/1554
f 946/2300 250/2301 260/2302
f 946/1046 943/1043 942/1041
f 946/2222 260/2223 943/2224
f 1018/2328 296/2330 305/2329
f 1018/1120 1011/1113 1015/1117
f 1018/2225 1015/2226 296/2227
f 854/922 863/931 851/919
f 848/916 837/905 850/918
f 848/916 851/919 840/908
f 848/916 840/908 837/905
f 850/918 837/905 847/915
f 850/3092 847/3093 2156/3088
f 2121/3045 2123/3047 2125/3049
f 2121/3045 2122/3046 2123/3047
f 2121/3045 2125/3049 2134/3058
f 2121/3045 2135/3059 2124/3048
f 2121/3045 2134/3058 2135/3059
f 2121/3045 2124/3048 2122/3046
f 2123/3047 2126/3050 2125/3049
f 2123/4150 2670/4131 2126/4144
f 2123/4150 2669/4130 2670/4131
f 2123/4174 2122/4175 2669/4176
f 1254/1529 1257/1532 1256/1531
f 1254/1529 1256/1531 1255/1530
f 2197/3145 2201/3149 2196/3144
f 2197/3145 2209/3157 2201/3149
f 1604/2039 1608/2043 1628/2063
f 1604/2039 1603/2038 1608/2043
f 1604/2039 1601/2036 1603/2038
f 1604/2039 1605/2040 1601/2036
f 1604/2039 1590/2025 1605/2040
f 1709/2151 1732/2174 1713/2155
f 1709/2151 1713/2155 1708/2150
f 1709/2151 1708/2150 1706/2148
f 1709/2151 1706/2148 1710/2152
f 1709/2151 1710/2152 1695/2137
f 2424/4095 2652/4075 2650/4070
f 2424/4095 1917/4078 2426/4096
f 2424/4095 2650/4070 1917/4078
f 2652/4075 2655/4080 2642/4056
f 2652/4075 2642/4056 2639/4050
f 2652/4075 2639/4050 2650/4070
f 2435/3675 2426/3664 2436/3676
f 2435/3675 2490/3745 2434/3674
f 2435/3675 2436/3676 2490/3745
f 942/1041 943/1043 941/1040
f 1011/1113 1010/1112 1015/1117
f 2670/4131 2669/4130 2667/4127
f 2135/3059 2134/3058 2182/3123
f 2135/3059 2136/3060 2124/3048
f 2135/3059 2182/3123 2136/3060
f 2669/4130 2122/4167 2676/4142
f 2669/4130 2664/4121 2667/4127
f 2669/4130 2676/4142 2664/4121
f 2122/4167 2124/4168 1928/4152
f 2122/4167 1928/4152 2676/4142
f 2426/3664 1919/3757 2436/3676
f 2426/4096 1917/4078 1919/4097
f 2124/3048 2136/3060 1926/3214
f 2124/4168 1926/4169 1928/4152
f 2436/3676 2491/3746 2490/3745
f 2436/3676 2492/3747 2491/3746
f 2436/3676 1919/3757 2492/3747
f 887/976 882/971 884/973
f 887/2312 1593/2313 1594/2310
f 887/2312 884/2314 1593/2313
f 952/1053 948/1049 947/1048
f 952/2340 1699/2338 1698/2341
f 952/2340 1698/2341 948/2342
f 2136/3060 2182/3123 2180/3121
f 2136/3060 2180/3121 2183/3124
f 2136/3060 2183/3124 1926/3214
f 2650/4070 2639/4050 2640/4051
f 2650/4070 2640/4051 2651/4074
f 2650/4070 2651/4074 2654/4077
f 2650/4070 2654/4077 1917/4078
f 882/971 922/1015 883/972
f 882/971 883/972 884/973
f 947/1048 949/1050 977/1078
f 947/1048 948/1049 949/1050
f 2676/4142 2666/4123 2664/4121
f 2676/4142 2674/4140 2666/4123
f 2676/4142 2681/4151 2674/4140
f 2676/4142 1928/4152 2681/4151
f 1628/4053 1608/4059 2641/4054
f 1628/4053 2641/4054 2640/4051
f 1259/1534 1263/1538 1257/1532
f 1259/1534 1267/1542 1271/1546
f 1259/1534 1271/1546 1263/1538
f 1257/1532 1261/1536 1256/1531
f 1257/1532 1263/1538 1261/1536
f 2196/3144 832/3143 2195/3142
f 2196/3144 2201/3149 834/3159
f 2196/3144 834/3159 832/3143
f 2195/3142 830/3137 2190/3133
f 2195/3142 832/3143 830/3137
f 1732/4129 2671/4132 1713/4133
f 1732/4129 2666/4123 2671/4132
f 2491/3746 2492/3747 2484/3739
f 2491/3746 2484/3739 2481/3736
f 1608/4059 2645/4061 2641/4054
f 1608/4059 1603/4065 2645/4061
f 1594/2029 1593/2028 1590/2025
f 912/1005 914/1007 915/1008
f 912/1005 915/1008 916/1009
f 1267/1542 1272/1547 1275/1551
f 1267/1542 1275/1551 1271/1546
f 1792/2388 288/2387 291/2391
f 1792/2388 291/2391 264/2390
f 288/2387 289/2392 291/2391
f 1242/1517 1233/1508 1238/1513
f 1242/3220 2245/3200 2223/3178
f 1242/1517 1238/1513 1239/1514
f 1242/3220 1239/3216 2245/3200
f 1169/1373 1170/1374 1171/1375
f 1169/1373 1171/1375 1172/1376
f 1170/1640 300/1641 1171/1645
f 2190/3133 828/3135 2189/3130
f 2190/3133 830/3137 828/3135
f 967/1068 970/1071 969/1070
f 967/1068 971/1072 970/1071
f 1699/2141 1695/2137 1698/2140
f 1713/4133 2671/4132 2672/4134
f 1713/4133 2672/4134 1708/4135
f 2180/3121 2175/3114 2183/3124
f 2180/3121 2174/3113 2175/3114
f 262/265 264/267 266/271
f 262/3531 2400/3521 260/3522
f 262/3531 266/3519 2400/3521
f 1230/1505 1238/1513 1233/1508
f 1230/1505 1228/1503 1225/1500
f 1230/1505 1225/1500 1238/1513
f 2223/3178 2245/3200 2225/3180
f 2225/3180 2229/3184 2226/3181
f 2225/3180 2245/3200 2229/3184
f 297/302 303/309 300/305
f 297/2232 296/2227 1741/2228
f 297/2232 1741/2228 303/2229
f 2651/4074 2640/4051 2641/4054
f 2651/4074 2641/4054 2653/4076
f 2651/4074 2660/4094 2654/4077
f 2651/4074 2653/4076 2660/4094
f 922/1015 923/1016 924/1017
f 922/1015 925/1018 883/972
f 922/1015 924/1017 925/1018
f 1256/1531 1261/1536 1262/1537
f 1256/1531 1262/1537 1255/1530
f 2201/3149 2209/3157 836/3160
f 2201/3149 836/3160 834/3159
f 977/1078 979/1080 978/1079
f 977/1078 949/1050 980/1081
f 977/1078 980/1081 979/1080
f 2666/4123 2674/4140 2671/4132
f 2674/4140 2675/4141 2671/4132
f 2674/4140 2681/4151 2686/4163
f 2674/4140 2686/4163 2675/4141
f 1917/2623 1918/2624 1919/2625
f 1917/4078 2654/4077 1918/4079
f 1919/3757 1920/3756 2492/3747
f 1919/2625 1918/2624 1920/2626
f 2492/3747 1920/3756 2484/3739
f 2641/4054 2645/4061 2653/4076
f 1272/1547 1278/1554 1285/1561
f 1272/1547 1285/1561 1275/1551
f 1273/1548 1297/1573 1331/1611
f 1273/1548 1255/1530 1297/1573
f 2217/3170 2277/3253 2264/3234
f 2217/3170 2264/3234 2209/3157
f 2189/3130 826/3134 863/3131
f 2189/3130 828/3135 826/3134
f 2671/4132 2675/4141 2672/4134
f 2183/3124 1929/3213 1926/3214
f 2183/3124 2175/3114 1929/3213
f 1926/2632 1927/2633 1928/2634
f 1926/2632 1929/2635 1927/2633
f 1928/4152 1927/4153 2681/4151
f 2654/4077 2660/4094 1918/4079
f 1281/1557 1282/1558 1278/1554
f 1281/1557 1283/1559 1282/1558
f 264/1453 291/1454 266/1455
f 289/294 279/284 280/285
f 289/294 290/295 291/296
f 289/294 280/285 290/295
f 279/284 278/283 280/285
f 1155/1349 1172/1376 1151/1345
f 1155/1349 1151/1345 1154/1348
f 1172/1376 1171/1375 1173/1377
f 1172/1376 1173/1377 1151/1345
f 300/1962 303/1961 1171/1956
f 851/919 863/931 861/929
f 851/919 861/929 840/908
f 2681/4151 1927/4153 2686/4163
f 2645/4061 1603/4065 1607/4066
f 2645/4061 2649/4067 2653/4076
f 2645/4061 1607/4066 2649/4067
f 2462/3715 2470/3725 1283/3723
f 2462/3715 2458/3711 2465/3718
f 2462/3715 2465/3718 2470/3725
f 936/3527 940/3525 526/3526
f 936/3527 524/3528 914/3529
f 936/3527 526/3526 524/3528
f 1331/1611 1297/1573 1294/1570
f 2277/3253 2231/3186 2264/3234
f 1003/2236 1383/2235 1009/2234
f 1003/2236 969/2238 1381/2237
f 1003/2236 1381/2237 1383/2235
f 837/905 840/908 838/906
f 837/905 839/907 847/915
f 837/905 838/906 839/907
f 2672/4134 1712/4136 1708/4135
f 2672/4134 2675/4141 2673/4137
f 2672/4134 2673/4137 1712/4136
f 1603/2038 1602/2037 1607/2042
f 1603/2038 1601/2036 1602/2037
f 940/3525 527/3523 526/3526
f 940/3525 941/3524 527/3523
f 1294/1570 1297/1573 1296/1572
f 1294/1570 1296/1572 1243/1518
f 277/1365 1159/1356 1160/1357
f 277/282 281/286 278/283
f 277/437 425/436 411/422
f 277/2869 411/2870 379/2871
f 277/2869 379/2871 281/2872
f 277/1365 1160/1357 425/1366
f 1159/1356 1158/1352 1160/1357
f 1158/1352 1154/1348 1157/1351
f 1158/1887 1511/1885 1161/1886
f 1158/2865 1502/2866 1511/2867
f 1158/1352 1161/1358 1160/1357
f 1158/2865 1157/2868 1502/2866
f 2231/3186 2243/3198 2264/3234
f 2231/3186 2227/3182 2243/3198
f 1009/2234 1384/2231 1010/2233
f 1009/2234 1383/2235 1384/2231
f 1708/2150 1712/2154 1707/2149
f 1708/2150 1707/2149 1706/2148
f 260/3522 2400/3521 943/3518
f 296/2227 1015/2226 1741/2228
f 2653/4076 2649/4067 1636/4069
f 2653/4076 2659/4089 2660/4094
f 2653/4076 2657/4085 2659/4089
f 2653/4076 2656/4084 2657/4085
f 2653/4076 1636/4069 2656/4084
f 914/3529 524/3528 522/3530
f 914/3529 522/3530 915/3532
f 969/2238 1379/2239 1381/2237
f 969/2238 970/2240 1379/2239
f 2675/4141 1738/4139 2673/4137
f 2675/4141 2686/4163 2685/4161
f 2675/4141 2685/4161 2684/4159
f 2675/4141 2684/4159 2682/4155
f 2675/4141 2682/4155 1738/4139
f 923/1016 919/1012 920/1013
f 923/1016 920/1013 924/1017
f 524/538 526/540 525/539
f 524/538 525/539 523/537
f 524/538 523/537 522/536
f 1263/1538 1326/1606 1261/1536
f 1263/1538 1271/1546 1328/1608
f 1263/1538 1328/1608 1326/1606
f 1261/1536 1301/1577 1262/1537
f 1261/1536 1326/1606 1301/1577
f 1255/1530 1262/1537 1297/1573
f 2209/3157 2264/3234 836/3160
f 834/902 833/901 832/900
f 834/902 836/904 835/903
f 834/902 835/903 833/901
f 832/900 831/899 830/898
f 832/900 833/901 831/899
f 1381/1702 1382/1703 1383/1704
f 1381/1702 1380/1701 1382/1703
f 1381/1702 1379/1700 1380/1701
f 978/1079 975/1076 974/1075
f 978/1079 979/1080 975/1076
f 1607/4066 1602/4068 2649/4067
f 919/1012 916/1009 918/1011
f 919/1012 918/1011 920/1013
f 526/540 527/541 525/539
f 941/3524 943/3518 527/3523
f 943/3518 2400/3521 266/3519
f 943/3518 266/3519 547/3520
f 943/3518 547/3520 527/3523
f 1741/2228 1015/2226 303/2229
f 1015/2226 1010/2233 1384/2231
f 1015/2226 1410/2230 303/2229
f 1015/2226 1384/2231 1410/2230
f 1383/1704 1382/1703 1384/1705
f 974/1075 973/1074 971/1072
f 974/1075 975/1076 973/1074
f 1712/4136 2673/4137 1707/4138
f 2649/4067 1602/4068 1636/4069
f 291/1454 1197/1456 266/1455
f 291/296 290/295 294/299
f 291/1454 470/1463 1197/1456
f 291/1454 294/1464 470/1463
f 278/283 282/287 280/285
f 278/283 281/286 282/287
f 1154/1348 1153/1347 1157/1351
f 1154/1348 1151/1345 1153/1347
f 1171/1956 303/1961 1535/1954
f 1171/1375 1175/1379 1173/1377
f 1171/1956 1535/1954 1426/1953
f 1171/1956 1426/1953 1175/1964
f 2673/4137 1738/4139 1707/4138
f 1271/3941 1275/3937 2598/3884
f 1271/3941 2598/3884 1328/3883
f 523/537 525/539 539/553
f 523/537 521/535 522/536
f 523/537 539/553 538/552
f 523/537 538/552 521/535
f 525/539 527/541 540/554
f 525/539 540/554 539/553
f 547/1457 266/1455 1197/1456
f 547/561 540/554 527/541
f 547/561 545/559 540/554
f 547/1457 1197/1456 545/1458
f 303/1961 1410/1963 1535/1954
f 1410/1731 1384/1705 1400/1721
f 1410/1963 1406/1957 1535/1954
f 1410/1731 1400/1721 1406/1727
f 1382/1703 1380/1701 1398/1719
f 1382/1703 1400/1721 1384/1705
f 1382/1703 1398/1719 1400/1721
f 1380/1701 1379/1700 1378/1699
f 1380/1701 1397/1718 1398/1719
f 1380/1701 1378/1699 1397/1718
f 830/898 829/897 828/896
f 830/898 831/899 829/897
f 1920/3756 1922/3755 2484/3739
f 1920/2626 1918/2624 1921/2627
f 1920/2626 1921/2627 1922/2628
f 2484/3739 2475/3730 2481/3736
f 2484/3739 1922/3755 2485/3740
f 2484/3739 2485/3740 2475/3730
f 1278/1554 1282/1558 1286/1562
f 1278/1554 1286/1562 1285/1561
f 522/536 521/535 520/534
f 522/3530 520/3533 915/3532
f 411/422 425/436 382/392
f 411/422 382/392 379/389
f 1511/1885 1510/1884 1161/1886
f 1511/1885 1502/1872 1510/1884
f 1379/1700 1020/1698 1378/1699
f 1379/2239 970/2240 1020/2241
f 863/3131 826/3134 822/3136
f 863/931 822/890 861/929
f 2175/3114 1931/3210 1929/3213
f 2175/3114 2174/3113 2167/3105
f 2175/3114 2176/3115 1931/3210
f 2175/3114 2167/3105 2176/3115
f 1929/2635 1930/2636 1927/2633
f 1929/2635 1931/2637 1930/2636
f 1918/4098 2660/4101 2659/4099
f 1918/4098 2659/4099 1921/4100
f 1262/1537 1299/1575 1297/1573
f 1262/1537 1301/1577 1300/1576
f 1262/1537 1300/1576 1299/1575
f 1297/1573 1299/1575 1296/1572
f 290/295 292/297 294/299
f 290/295 280/285 292/297
f 1173/1377 1175/1379 1174/1378
f 1173/1377 1174/1378 1151/1345
f 2264/3234 2265/3235 836/3160
f 2264/3234 2243/3198 2265/3235
f 836/3439 2266/3429 835/3413
f 836/3160 2265/3235 2266/3236
f 2686/4173 1927/4170 2685/4172
f 1927/4170 1930/4171 2685/4172
f 538/552 539/553 543/557
f 538/552 537/551 521/535
f 538/552 543/557 542/556
f 538/552 542/556 537/551
f 539/553 541/555 543/557
f 539/553 540/554 541/555
f 470/1463 471/1459 1197/1456
f 470/483 294/482 469/481
f 470/483 469/481 471/484
f 1426/1953 1535/1954 1427/1955
f 1426/1749 1424/1746 1175/1747
f 1426/1749 1427/1750 1424/1746
f 1398/1719 1397/1718 1404/1725
f 1398/1719 1401/1722 1400/1721
f 1398/1719 1404/1725 1401/1722
f 1397/1718 1378/1699 1396/1717
f 1397/1718 1402/1723 1404/1725
f 1397/1718 1396/1717 1402/1723
f 521/535 537/551 519/533
f 521/535 519/533 520/534
f 545/559 541/555 540/554
f 545/1458 1197/1456 471/1459
f 545/559 544/558 541/555
f 545/1458 471/1459 544/1460
f 1406/1957 1427/1955 1535/1954
f 1406/1727 1400/1721 1401/1722
f 1406/1727 1401/1722 1405/1726
f 1406/1957 1405/1958 1427/1955
f 1378/1699 1377/1697 1396/1717
f 1378/1699 1020/1698 1377/1697
f 2481/3736 2475/3730 2467/3720
f 916/1009 915/1008 917/1010
f 916/1009 917/1010 918/1011
f 542/556 543/557 488/501
f 542/556 536/550 537/551
f 542/556 487/500 536/550
f 542/556 488/501 487/500
f 543/557 541/555 544/558
f 543/557 544/558 488/501
f 1404/1725 1402/1723 1403/1724
f 1404/1725 1405/1726 1401/1722
f 1404/1725 1403/1724 1405/1726
f 1402/1723 1396/1717 1395/1716
f 1402/1723 1395/1716 1399/1720
f 1402/1723 1399/1720 1403/1724
f 971/1072 972/1073 970/1071
f 971/1072 973/1074 972/1073
f 2174/3113 2163/3101 2167/3105
f 915/3532 520/3533 917/3534
f 1275/3937 1285/3933 2600/3886
f 1275/3937 2600/3886 2598/3884
f 828/896 827/895 826/894
f 828/896 829/897 827/895
f 970/2240 972/2242 1020/2241
f 294/482 423/434 469/481
f 294/482 292/421 423/434
f 1175/1379 1177/1381 1174/1378
f 1175/1747 1424/1746 1177/1745
f 1602/2037 1601/2036 1599/2034
f 1602/2037 1599/2034 1636/2071
f 537/551 536/550 535/549
f 537/551 535/549 519/533
f 469/481 466/478 471/484
f 469/481 465/477 466/478
f 469/481 423/434 465/477
f 292/421 280/508 387/397
f 292/421 387/397 390/400
f 292/421 408/418 423/434
f 292/421 390/400 408/418
f 1174/1378 1176/1380 1151/1345
f 1174/1881 1497/1861 1176/1866
f 1174/1881 1177/1894 1505/1877
f 1174/1881 1505/1877 1497/1861
f 1424/1746 1427/1750 1423/1744
f 1424/1746 1423/1744 1421/1742
f 1424/1746 1421/1742 1177/1745
f 1396/1717 1393/1714 1395/1716
f 1396/1717 1377/1697 1393/1714
f 1707/2149 1704/2146 1706/2148
f 1707/2149 1738/2183 1704/2146
f 884/973 883/972 885/974
f 884/2314 1592/2315 1593/2313
f 884/2314 885/2316 1592/2315
f 1283/1559 1284/1560 1282/1558
f 1283/3723 2470/3725 1284/3875
f 544/1460 471/1459 472/1461
f 544/1460 472/1461 488/1462
f 1405/1958 1428/1959 1427/1955
f 1405/1958 1403/1960 1428/1959
f 840/908 861/929 859/927
f 840/908 859/927 838/906
f 948/1049 950/1051 949/1050
f 948/2342 1698/2341 1697/2343
f 948/2342 1697/2343 950/2344
f 883/972 925/1018 886/975
f 883/972 886/975 885/974
f 536/550 487/500 489/502
f 536/550 529/543 535/549
f 536/550 489/502 529/543
f 1296/1572 1299/1575 1298/1574
f 1296/1572 1274/1549 1243/1518
f 1296/1572 1298/1574 1274/1549
f 387/397 280/508 388/398
f 387/397 388/398 386/396
f 387/397 386/396 385/395
f 387/397 385/395 389/399
f 387/397 389/399 390/400
f 280/2571 386/2572 388/2573
f 280/285 282/287 283/288
f 280/2571 283/2574 386/2572
f 281/2192 379/2195 384/2193
f 281/2192 384/2193 282/2194
f 382/392 425/436 424/435
f 382/392 380/390 379/389
f 382/392 424/435 380/390
f 425/1366 1160/1357 1162/1359
f 425/1366 1162/1359 424/1367
f 1161/1886 1510/1884 1163/1888
f 1161/1358 1162/1359 1160/1357
f 1161/1358 1163/1360 1162/1359
f 1510/1884 1502/1872 1509/1883
f 1510/1884 1509/1883 1163/1888
f 1157/2186 1501/2188 1502/2189
f 1157/2186 1153/2187 1501/2188
f 1151/1345 1176/1380 1178/1382
f 1151/2567 1178/2568 1500/2569
f 1151/1345 1152/1346 1153/1347
f 1151/2567 1500/2569 1152/2570
f 1176/1866 1500/1868 1178/1869
f 1176/1866 1336/1867 1500/1868
f 1176/1866 1074/1865 1336/1867
f 1176/1866 1497/1861 1074/1865
f 2243/3198 2227/3182 2230/3185
f 2243/3198 2254/3211 2265/3235
f 2243/3198 2230/3185 2254/3211
f 1395/1716 1394/1715 1399/1720
f 1395/1716 1393/1714 1385/1706
f 1395/1716 1385/1706 1394/1715
f 949/1050 951/1052 980/1081
f 949/1050 950/1051 951/1052
f 520/534 519/533 518/532
f 520/3533 518/3535 917/3534
f 1301/3901 1326/3898 1302/3900
f 1301/1577 1302/1578 1300/1576
f 835/3413 2371/3409 833/3401
f 835/3413 2266/3429 2371/3409
f 1020/1698 1019/1696 1377/1697
f 1020/1122 972/1073 1019/1121
f 471/484 466/478 472/485
f 379/389 383/393 384/394
f 379/389 380/390 381/391
f 379/389 381/391 383/393
f 1502/1872 1341/1873 1509/1883
f 1502/1872 1501/1870 1335/1871
f 1502/1872 1335/1871 1341/1873
f 1427/1750 1428/1751 1423/1744
f 1593/2028 1592/2027 1590/2025
f 519/533 535/549 515/529
f 519/533 515/529 518/532
f 487/500 488/501 463/475
f 487/500 455/467 489/502
f 487/500 463/475 455/467
f 1326/3898 1328/3883 2597/3882
f 1326/3898 2597/3882 1302/3900
f 488/501 472/485 463/475
f 1403/1724 1399/1720 1412/1733
f 1403/1724 1412/1733 1428/1751
f 833/3401 2359/3388 831/3389
f 833/3401 2371/3409 2359/3388
f 1399/1720 1394/1715 1411/1732
f 1399/1720 1411/1732 1412/1733
f 1377/1697 1374/1693 1393/1714
f 1377/1697 1019/1696 1374/1693
f 1698/2140 1695/2137 1697/2139
f 472/485 466/478 456/468
f 472/485 456/468 463/475
f 1428/1751 1417/1738 1423/1744
f 1428/1751 1412/1733 1417/1738
f 1921/2627 1923/2629 1922/2628
f 1921/4092 2659/4089 2657/4085
f 1921/4092 2657/4085 1923/4086
f 1922/3755 1924/3753 2485/3740
f 1922/2628 1923/2629 1924/2630
f 2485/3740 2477/3732 2475/3730
f 2485/3740 1924/3753 2477/3732
f 925/1018 924/1017 927/1022
f 925/1018 927/1022 886/975
f 980/1081 985/1086 979/1080
f 980/1081 951/1052 985/1086
f 2176/3115 1933/3206 1931/3210
f 2176/3115 2167/3105 2169/3107
f 2176/3115 2169/3107 1933/3206
f 2685/4161 1930/4164 2684/4159
f 1931/2637 1932/2638 1930/2636
f 1931/2637 1933/2639 1932/2638
f 1930/4164 1932/4160 2684/4159
f 1282/1558 1284/1560 1290/1566
f 1282/1558 1290/1566 1286/1562
f 1285/3933 1286/3932 2602/3888
f 1285/3933 2602/3888 2600/3886
f 1299/1575 1300/1576 1298/1574
f 1243/1518 1229/1504 1228/1503
f 1243/1518 1274/1549 1229/1504
f 1228/1503 1229/1504 1227/1502
f 1228/1503 1227/1502 1225/1500
f 2226/3181 2228/3183 2227/3182
f 2226/3181 2232/3187 2228/3183
f 2226/3181 2229/3184 2232/3187
f 2227/3182 2228/3183 2230/3185
f 2265/3235 2254/3211 2266/3236
f 826/894 823/891 822/890
f 826/894 827/895 823/891
f 861/929 820/888 859/927
f 861/929 822/890 820/888
f 535/549 529/543 531/545
f 535/549 531/545 515/529
f 1328/3883 2598/3884 2596/3881
f 1328/3883 2596/3881 2597/3882
f 831/3389 2358/3387 829/3390
f 831/3389 2359/3388 2358/3387
f 1393/1714 1386/1707 1385/1706
f 1393/1714 1374/1693 1386/1707
f 1601/2036 1605/2040 1600/2035
f 1601/2036 1600/2035 1599/2034
f 489/502 490/503 529/543
f 489/502 455/467 454/466
f 489/502 454/466 490/503
f 1394/1715 1385/1706 1391/1712
f 1394/1715 1415/1736 1411/1732
f 1394/1715 1391/1712 1415/1736
f 1706/2148 1705/2147 1710/2152
f 1706/2148 1704/2146 1705/2147
f 917/1010 518/1047 507/1019
f 917/1010 507/1019 918/1011
f 529/543 490/503 530/544
f 529/543 530/544 531/545
f 1385/1706 1387/1708 1391/1712
f 1385/1706 1386/1707 1387/1708
f 972/1073 981/1082 1019/1121
f 972/1073 973/1074 981/1082
f 2467/3720 2460/3713 2455/3706
f 2467/3720 2475/3730 2468/3721
f 2467/3720 2468/3721 2460/3713
f 466/478 465/477 456/468
f 282/2194 384/2193 386/2196
f 282/2194 386/2196 283/2197
f 1153/2187 1500/2190 1501/2188
f 1153/2187 1152/2191 1500/2190
f 1423/1744 1417/1738 1421/1742
f 2163/3101 2156/3088 2158/3095
f 2163/3101 2164/3102 2167/3105
f 2163/3101 2158/3095 2164/3102
f 463/475 447/459 455/467
f 463/475 456/468 447/459
f 1412/1733 1411/1732 1413/1734
f 1412/1733 1413/1734 1417/1738
f 924/1017 920/1013 896/986
f 924/1017 895/985 927/1022
f 924/1017 896/986 895/985
f 384/394 385/395 386/396
f 384/394 383/393 385/395
f 380/390 424/435 426/438
f 380/390 426/438 381/391
f 1509/1883 1165/1891 1163/1888
f 1509/1883 1341/1873 1165/1891
f 1501/1870 1500/1868 1336/1867
f 1501/1870 1336/1867 1335/1871
f 979/1080 983/1084 975/1076
f 979/1080 985/1086 986/1087
f 979/1080 986/1087 983/1084
f 455/467 445/457 454/466
f 455/467 447/459 445/457
f 1411/1732 1414/1735 1413/1734
f 1411/1732 1415/1736 1414/1735
f 2455/3706 2460/3713 2458/3711
f 920/1013 918/1011 921/1014
f 920/1013 921/1014 896/986
f 518/532 515/529 506/520
f 518/532 506/520 507/521
f 424/1367 1162/1359 1164/1361
f 424/1367 1164/1361 426/1368
f 1163/1360 1164/1361 1162/1359
f 1163/1360 1165/1362 1164/1361
f 1019/1696 1368/1685 1374/1693
f 1019/1696 981/1686 1368/1685
f 975/1076 976/1077 973/1074
f 975/1076 983/1084 976/1077
f 2156/3088 847/3093 2158/3095
f 2475/3730 2474/3729 2468/3721
f 2475/3730 2477/3732 2474/3729
f 2598/3884 2600/3886 2599/3885
f 2598/3884 2599/3885 2596/3881
f 1300/1576 1302/1578 1303/1579
f 1300/1576 1305/1581 1298/1574
f 1300/1576 1303/1579 1305/1581
f 2266/3236 2254/3211 2260/3227
f 2266/3429 2381/3428 2371/3409
f 2266/3429 2260/3431 2381/3428
f 829/3390 2360/3391 827/3392
f 829/3390 2358/3387 2360/3391
f 2167/3105 2164/3102 2168/3106
f 2167/3105 2168/3106 2169/3107
f 918/1011 507/1019 921/1014
f 515/529 531/545 510/524
f 515/529 510/524 506/520
f 456/468 446/458 447/459
f 456/468 465/477 464/476
f 456/468 449/461 446/458
f 456/468 464/476 449/461
f 1417/1738 1420/1741 1421/1742
f 1417/1738 1413/1734 1418/1739
f 1417/1738 1418/1739 1419/1740
f 1417/1738 1419/1740 1420/1741
f 1374/1693 1370/1689 1386/1707
f 1374/1693 1368/1685 1370/1689
f 973/1074 976/1077 981/1082
f 490/503 454/466 458/470
f 490/503 491/504 530/544
f 490/503 458/470 491/504
f 1391/1712 1429/1752 1415/1736
f 1391/1712 1387/1708 1392/1713
f 1391/1712 1392/1713 1429/1752
f 454/466 445/457 443/455
f 454/466 443/455 458/470
f 447/459 446/458 445/457
f 465/477 423/434 464/476
f 1421/1742 1420/1741 1177/1745
f 1413/1924 1414/1918 1418/1923
f 1415/1736 1416/1737 1414/1735
f 1415/1931 1429/1930 1416/1916
f 1284/3875 2613/3902 1290/3903
f 1284/3875 2470/3725 2593/3874
f 1284/3875 2593/3874 2613/3902
f 531/545 530/544 532/546
f 531/545 532/546 510/524
f 385/1624 383/1622 1337/1621
f 385/4044 1337/4045 389/4046
f 1337/1621 383/1622 1338/1623
f 1337/1621 1338/1623 493/1636
f 1337/4045 493/4047 389/4046
f 383/1622 1083/1625 1338/1623
f 383/1622 381/1629 1339/1626
f 383/1622 1339/1626 1083/1625
f 1335/1616 1336/1619 1075/1617
f 1335/1616 1075/1617 1071/1618
f 1335/1616 1071/1618 1076/1620
f 1335/1616 1340/1634 1341/1635
f 1335/1616 1076/1620 1340/1634
f 1336/2611 1074/2612 1075/2613
f 1075/1214 1072/1211 1071/1210
f 1075/2613 1074/2612 1072/2614
f 1386/1707 1388/1709 1387/1708
f 1386/1707 1370/1689 1388/1709
f 859/927 820/888 816/884
f 859/927 817/885 838/906
f 859/927 816/884 817/885
f 1923/2629 1925/2631 1924/2630
f 1923/4086 2657/4085 2656/4084
f 1923/4086 2656/4084 1925/4087
f 1924/3753 2495/3754 2477/3732
f 1924/3753 1925/3767 2495/3754
f 2458/3711 2461/3714 2465/3718
f 2458/3711 2460/3713 2461/3714
f 1286/3932 1290/3903 2604/3890
f 1286/3932 2604/3890 2602/3888
f 1338/4041 492/4042 493/4043
f 1338/1623 1083/1625 492/1637
f 1071/1210 1072/1211 1073/1212
f 1071/1210 1073/1212 1076/1215
f 822/890 821/889 820/888
f 822/890 823/891 821/889
f 847/915 839/907 849/917
f 847/3093 849/3096 2158/3095
f 2684/4159 1932/4160 2682/4155
f 1933/2639 1934/2640 1932/2638
f 1933/3206 2169/3107 2251/3207
f 1933/3206 2251/3207 1934/3262
f 1932/4160 1934/4158 2682/4155
f 530/544 491/504 533/547
f 530/544 533/547 532/546
f 1302/3900 2597/3882 1304/3878
f 1302/1578 1304/1580 1303/1579
f 1298/1574 1311/1587 1274/1549
f 1298/1574 1305/1581 1311/1587
f 2254/3211 2230/3185 2257/3224
f 2254/3211 2257/3224 2260/3227
f 2371/3409 2372/3410 2359/3388
f 2371/3409 2381/3428 2372/3410
f 1387/1708 1390/1711 1392/1713
f 1387/1708 1388/1709 1390/1711
f 445/457 446/458 444/456
f 445/457 444/456 443/455
f 1414/1918 1526/1917 1418/1923
f 1414/1918 1416/1916 1526/1917
f 423/434 408/418 409/419
f 423/434 409/419 464/476
f 381/1629 426/1627 1339/1626
f 1341/1635 1340/1634 1165/1633
f 1177/1894 1425/1878 1505/1877
f 1177/1745 1420/1741 1425/1748
f 1605/2040 1590/2025 1589/2024
f 1605/2040 1606/2041 1600/2035
f 1605/2040 1589/2024 1606/2041
f 446/458 449/461 444/456
f 1274/1549 1241/1516 1229/1504
f 1274/1549 1311/1587 1312/1588
f 1274/1549 1312/1588 1241/1516
f 2230/3185 2228/3183 2250/3205
f 2230/3185 2258/3225 2257/3224
f 2230/3185 2250/3205 2258/3225
f 1418/1923 1526/1917 1419/1925
f 1710/2152 1694/2136 1695/2137
f 1710/2152 1705/2147 1711/2153
f 1710/2152 1711/2153 1694/2136
f 507/521 506/520 505/519
f 507/1019 505/1020 921/1014
f 2600/3886 2602/3888 2601/3887
f 2600/3886 2601/3887 2599/3885
f 1339/1626 426/1627 1083/1625
f 1340/1634 1076/1620 1165/1633
f 827/3392 2361/3393 823/3394
f 827/3392 2360/3391 2361/3393
f 981/1686 982/1684 1368/1685
f 981/1082 976/1077 982/1083
f 1590/2025 1592/2027 1591/2026
f 1590/2025 1587/2022 1589/2024
f 1590/2025 1591/2026 1587/2022
f 2465/3718 2461/3714 2466/3719
f 2465/3718 2469/3724 2470/3725
f 2465/3718 2466/3719 2469/3724
f 408/418 390/400 406/416
f 408/418 406/416 409/419
f 493/506 492/505 389/399
f 426/1627 1082/1628 1083/1625
f 426/1627 1164/1630 1082/1628
f 1165/1633 1078/1632 1164/1630
f 1165/1633 1076/1620 1078/1632
f 1072/1211 1074/1213 1073/1212
f 1505/1877 1498/1863 1497/1861
f 1505/1877 1425/1878 1498/1863
f 839/907 842/910 849/917
f 839/907 838/906 841/909
f 839/907 841/909 842/910
f 1695/2137 1696/2138 1697/2139
f 1695/2137 1694/2136 1692/2134
f 1695/2137 1692/2134 1696/2138
f 2468/3721 2472/3727 2460/3713
f 2468/3721 2473/3728 2472/3727
f 2468/3721 2474/3729 2473/3728
f 458/470 467/479 491/504
f 458/470 443/455 441/453
f 458/470 441/453 467/479
f 1429/1752 1392/1713 1430/1753
f 1429/1930 1431/1914 1416/1916
f 1429/1752 1430/1753 1431/1754
f 2164/3102 2158/3095 864/3161
f 2164/3102 864/3161 865/3110
f 2164/3102 865/3110 2168/3106
f 464/476 457/469 449/461
f 464/476 409/419 457/469
f 390/400 389/399 391/401
f 390/400 396/406 406/416
f 390/400 392/402 396/406
f 390/400 391/401 392/402
f 1497/1861 1147/1862 1074/1865
f 1497/1861 1498/1863 1496/1860
f 1497/1861 1496/1860 1494/1857
f 1497/1861 1494/1857 1147/1862
f 1420/1741 1419/1740 1422/1743
f 1420/1741 1422/1743 1425/1748
f 2460/3713 2472/3727 2461/3714
f 506/520 510/524 504/518
f 506/520 504/518 505/519
f 491/504 494/507 533/547
f 491/504 467/479 494/507
f 389/399 492/505 405/415
f 389/399 405/415 395/405
f 389/399 395/405 391/401
f 1083/1223 1082/1221 1081/1220
f 1083/1223 1081/1220 492/1225
f 1164/1630 1079/1631 1082/1628
f 1164/1630 1078/1632 1079/1631
f 1076/1215 1077/1216 1078/1217
f 1076/1215 1073/1212 1077/1216
f 1074/2255 1751/2252 1073/2253
f 1074/2255 1150/2264 1751/2252
f 1074/2255 1147/2266 1150/2264
f 1392/1713 1390/1711 1407/1728
f 1392/1713 1407/1728 1430/1753
f 1368/1685 1367/1683 1370/1689
f 1368/1685 982/1684 1367/1683
f 2158/3095 849/3096 864/3161
f 1600/2035 1606/2041 1598/2033
f 1600/2035 1598/2033 1599/2034
f 443/455 444/456 442/454
f 443/455 442/454 441/453
f 2597/3882 2596/3881 2560/3834
f 2597/3882 2560/3834 1304/3878
f 449/461 448/460 444/456
f 449/461 457/469 448/460
f 1082/1221 1079/1218 1081/1220
f 1078/1217 1077/1216 1079/1218
f 1419/1925 1526/1917 1529/1921
f 1419/1925 1529/1921 1422/1929
f 2359/3388 2353/3376 2358/3387
f 2359/3388 2372/3410 2353/3376
f 1416/1916 1525/1915 1526/1917
f 1416/1916 1431/1914 1525/1915
f 1705/2147 1703/2145 1711/2153
f 1705/2147 1704/2146 1703/2145
f 885/1775 886/1774 1448/1773
f 885/2316 1591/2317 1592/2315
f 885/2316 1448/2318 1591/2317
f 510/524 532/546 509/523
f 510/524 509/523 504/518
f 1370/1689 1369/1688 1388/1709
f 1370/1689 1367/1683 1369/1688
f 950/1780 1449/1776 951/1779
f 950/2344 1697/2343 1696/2345
f 950/2344 1696/2345 1449/2346
f 2477/3732 2476/3731 2474/3729
f 2477/3732 2495/3754 2478/3733
f 2477/3732 2478/3733 2476/3731
f 886/975 927/1022 772/1028
f 886/1774 772/1771 1448/1773
f 951/1052 784/1097 985/1086
f 951/1779 1449/1776 784/1778
f 2169/3107 2168/3106 2170/3108
f 2169/3107 2171/3109 2251/3207
f 2169/3107 2170/3108 2171/3109
f 1290/3903 2606/3892 2604/3890
f 1290/3903 2613/3902 2606/3892
f 444/456 448/460 442/454
f 1079/1218 1080/1219 1081/1220
f 1079/1218 1077/1216 1080/1219
f 1526/1917 1525/1915 1529/1921
f 820/888 821/889 818/886
f 820/888 818/886 816/884
f 921/1014 926/1021 896/986
f 921/1014 505/1020 926/1021
f 1229/1504 1241/1516 1227/1502
f 2228/3183 2232/3187 2250/3205
f 976/1077 983/1084 984/1085
f 976/1077 984/1085 982/1083
f 2461/3714 2472/3727 2471/3726
f 2461/3714 2471/3726 2466/3719
f 532/546 533/547 534/548
f 532/546 534/548 509/523
f 409/419 410/420 457/469
f 409/419 406/416 410/420
f 492/505 486/499 405/415
f 492/1225 1081/1220 486/1228
f 1073/2253 1750/2251 1077/2256
f 1073/2253 1751/2252 1750/2251
f 1425/1878 1422/1929 1506/1879
f 1425/1878 1506/1879 1498/1863
f 1388/1709 1389/1710 1390/1711
f 1388/1709 1369/1688 1389/1710
f 849/917 853/921 864/932
f 849/917 842/910 853/921
f 927/1022 895/985 928/1024
f 927/1022 929/1025 772/1028
f 927/1022 928/1024 929/1025
f 985/1086 989/1090 986/1087
f 985/1086 784/1097 990/1091
f 985/1086 990/1091 989/1090
f 2470/3725 2469/3724 2593/3874
f 533/547 494/507 546/560
f 533/547 546/560 534/548
f 457/469 462/474 448/460
f 457/469 410/420 462/474
f 405/415 486/499 427/439
f 405/415 427/439 412/423
f 405/415 412/423 395/405
f 1081/1220 1080/1219 485/1222
f 1081/1220 485/1222 483/1224
f 1081/1220 483/1224 486/1228
f 1077/2256 1756/2260 1080/2261
f 1077/2256 1753/2257 1756/2260
f 1077/2256 1750/2251 1753/2257
f 1751/2252 1748/2249 1750/2251
f 1751/2252 1757/2262 1748/2249
f 1751/2252 1150/2264 1757/2262
f 1422/1929 1529/1921 1533/1928
f 1422/1929 1533/1928 1506/1879
f 1390/1711 1408/1729 1407/1728
f 1390/1711 1389/1710 1408/1729
f 838/906 817/885 841/909
f 1305/1581 1310/1586 1311/1587
f 1305/1581 1303/1579 1310/1586
f 2260/3431 2257/3433 2261/3432
f 2260/3431 2261/3432 2381/3428
f 1606/2041 1589/2024 1583/2018
f 1606/2041 1583/2018 1598/2033
f 1589/2024 1587/2022 1588/2023
f 1589/2024 1588/2023 1583/2018
f 2472/3727 2473/3728 2471/3726
f 895/985 896/986 894/984
f 895/985 893/983 928/1024
f 895/985 894/984 893/983
f 2602/3888 2604/3890 2603/3889
f 2602/3888 2603/3889 2601/3887
f 467/479 441/453 439/451
f 467/479 468/480 494/507
f 467/479 439/451 468/480
f 406/416 396/406 407/417
f 406/416 407/417 410/420
f 1498/1863 1499/1864 1496/1860
f 1498/1863 1506/1879 1499/1864
f 1430/1753 1432/1755 1431/1754
f 1430/1753 1407/1728 1433/1756
f 1430/1753 1433/1756 1432/1755
f 823/3394 2362/3395 821/3398
f 823/3394 2361/3393 2362/3395
f 986/1087 987/1088 983/1084
f 986/1087 989/1090 991/1092
f 986/1087 991/1092 987/1088
f 864/932 853/921 865/933
f 1694/2136 1711/2153 1688/2130
f 1694/2136 1693/2135 1692/2134
f 1694/2136 1688/2130 1693/2135
f 1711/2153 1703/2145 1688/2130
f 896/986 926/1021 894/984
f 441/453 442/454 440/452
f 441/453 440/452 439/451
f 2596/3881 2599/3885 2561/3835
f 2596/3881 2561/3835 2560/3834
f 1311/1587 1310/1586 1313/1589
f 1311/1587 1313/1589 1312/1588
f 2257/3224 2259/3226 2261/3230
f 2257/3224 2258/3225 2259/3226
f 2358/3387 2355/3379 2360/3391
f 2358/3387 2353/3376 2355/3379
f 1431/1914 1524/1913 1525/1915
f 1431/1914 1432/1912 1524/1913
f 983/1084 987/1088 984/1085
f 1080/1219 1085/1227 1084/1226
f 1080/3267 2102/3269 1085/3270
f 1080/1219 1084/1226 485/1222
f 1080/3267 1756/3268 2102/3269
f 2466/3719 2471/3726 2587/3865
f 2466/3719 2565/3839 2469/3724
f 2466/3719 2587/3865 2565/3839
f 396/406 398/408 407/417
f 396/406 392/402 398/408
f 1496/1860 1499/1864 1495/1859
f 1496/1860 1495/1859 1494/1857
f 842/3368 844/3366 853/3367
f 842/910 841/909 843/911
f 842/910 843/911 844/912
f 2474/3729 2476/3731 2473/3728
f 505/519 504/518 501/515
f 505/1020 501/1042 926/1021
f 442/454 448/460 453/465
f 442/454 453/465 440/452
f 448/460 462/474 453/465
f 1241/1516 1312/1588 219/1592
f 1241/1516 221/1598 1227/1502
f 1241/1516 219/1592 221/1598
f 1085/3004 2101/3003 1084/3006
f 1085/3004 2102/3005 2099/2995
f 1085/3004 2100/3002 2101/3003
f 1085/3004 2099/2995 2100/3002
f 2250/3205 2271/3242 2258/3225
f 2250/3205 2232/3187 2274/3247
f 2250/3205 2274/3247 2271/3242
f 1529/1921 1525/1915 1530/1922
f 1529/1921 1530/1922 1533/1928
f 1525/1915 1524/1913 1530/1922
f 982/1684 1014/1679 1367/1683
f 982/1083 984/1085 1014/1116
f 2168/3106 865/3110 2170/3108
f 1599/2034 1597/2032 1636/2071
f 1599/2034 1598/2033 1597/2032
f 1704/2146 1738/2183 1702/2144
f 1704/2146 1702/2144 1703/2145
f 494/507 468/480 528/542
f 494/507 528/542 546/560
f 410/420 407/417 413/424
f 410/420 413/424 462/474
f 485/3009 1084/3006 2101/3003
f 485/498 484/497 483/496
f 485/3009 2101/3003 484/3008
f 2102/3269 1756/3268 2099/3271
f 1756/2260 1753/2257 1755/2259
f 1756/3268 1755/3272 2099/3271
f 1506/1879 1507/1880 1499/1864
f 1506/1879 1533/1928 1507/1880
f 1407/1728 1409/1730 1433/1756
f 1407/1728 1408/1729 1409/1730
f 2471/3726 2585/3863 2587/3865
f 2471/3726 2473/3728 2494/3751
f 2471/3726 2494/3751 2500/3763
f 2471/3726 2500/3763 2585/3863
f 504/518 509/523 500/514
f 504/518 500/514 501/515
f 1367/1683 1364/1678 1369/1688
f 1367/1683 1014/1679 1364/1678
f 853/3367 844/3366 2350/3364
f 853/921 866/934 865/933
f 853/921 871/939 866/934
f 853/3367 2350/3364 871/3383
f 1925/3767 2501/3765 2495/3754
f 1925/4087 2656/4084 2501/4090
f 2495/3754 2501/3765 2478/3733
f 509/523 534/548 503/517
f 509/523 503/517 500/514
f 1369/1688 1366/1682 1389/1710
f 1369/1688 1364/1678 1366/1682
f 2251/3207 2281/3258 1934/3262
f 2251/3207 2171/3109 2281/3258
f 1934/4158 2281/4157 2682/4155
f 483/496 482/495 486/499
f 483/496 484/497 481/494
f 483/496 481/494 482/495
f 1753/2257 1754/2258 1755/2259
f 1753/2257 1750/2251 1749/2250
f 1753/2257 1749/2250 1754/2258
f 407/417 398/408 414/425
f 407/417 414/425 413/424
f 1499/1864 1493/1856 1495/1859
f 1499/1864 1507/1880 1493/1856
f 439/451 437/449 468/480
f 439/451 440/452 438/450
f 439/451 438/450 437/449
f 2599/3885 2601/3887 2609/3895
f 2599/3885 2609/3895 2561/3835
f 462/474 461/473 453/465
f 462/474 413/424 461/473
f 392/402 397/407 398/408
f 392/402 391/401 393/403
f 392/402 393/403 394/404
f 392/402 394/404 397/407
f 1494/1857 1495/1859 1491/1854
f 1494/1857 1139/1858 1147/1862
f 1494/1857 1140/1838 1139/1858
f 1494/1857 1491/1854 1140/1838
f 1533/1928 1530/1922 1532/1927
f 1533/1928 1532/1927 1507/1880
f 2360/3391 2364/3399 2361/3393
f 2360/3391 2355/3379 2364/3399
f 1432/1912 1523/1911 1524/1913
f 1432/1755 1433/1756 1434/1757
f 1432/1912 1434/1910 1523/1911
f 1588/2023 1587/2022 1585/2020
f 1588/2023 1585/2020 1583/2018
f 772/1771 1180/1772 1448/1773
f 772/2417 929/2414 771/2416
f 772/834 771/833 770/832
f 772/1395 770/1394 1180/1393
f 1448/2318 1564/2319 1591/2317
f 1448/2318 1180/2320 1564/2319
f 1587/2022 1591/2026 1586/2021
f 1587/2022 1586/2021 1585/2020
f 1310/1586 1303/1579 1318/1596
f 1310/1586 1320/1599 1313/1589
f 1310/1586 1318/1596 1320/1599
f 2261/3432 2267/3411 2381/3428
f 2261/3230 2259/3226 2263/3232
f 2261/3230 2263/3232 2267/3237
f 1692/2134 1693/2135 1690/2132
f 1692/2134 1691/2133 1696/2138
f 1692/2134 1690/2132 1691/2133
f 1449/1776 1183/1777 784/1778
f 1449/2346 1696/2345 1669/2347
f 1449/2346 1669/2347 1183/2348
f 784/2421 783/2419 990/2418
f 784/848 782/846 783/847
f 784/1410 1183/1408 782/1409
f 1693/2135 1688/2130 1690/2132
f 2656/4084 1636/4069 2658/4088
f 2656/4084 2658/4088 2501/4090
f 1591/2026 1564/1997 1586/2021
f 2469/3724 2592/3873 2593/3874
f 2469/3724 2565/3839 2592/3873
f 534/548 546/560 516/530
f 534/548 516/530 503/517
f 2604/3890 2605/3891 2603/3889
f 2604/3890 2606/3892 2605/3891
f 398/408 404/414 414/425
f 398/408 397/407 404/414
f 1312/1588 1313/1589 223/1593
f 1312/1588 223/1593 219/1592
f 427/439 486/499 482/495
f 427/439 482/495 474/487
f 427/439 474/487 412/423
f 1748/2249 1749/2250 1750/2251
f 1748/2249 1752/2254 1749/2250
f 1748/2249 1757/2262 1752/2254
f 2258/3225 2272/3243 2259/3226
f 2258/3225 2271/3242 2272/3243
f 1495/1859 1493/1856 1492/1855
f 1495/1859 1492/1855 1491/1854
f 821/3398 2362/3395 824/3397
f 821/889 824/892 818/886
f 1389/1710 1375/1694 1408/1729
f 1389/1710 1366/1682 1375/1694
f 841/909 817/885 815/883
f 841/909 815/883 843/911
f 1696/2138 1691/2133 1669/2109
f 2682/4155 2683/4156 1738/4139
f 2682/4155 2281/4157 2683/4156
f 929/2414 928/2415 771/2416
f 2593/3874 2621/3916 2613/3902
f 2593/3874 2592/3873 2621/3916
f 468/480 437/449 473/486
f 468/480 473/486 528/542
f 440/452 453/465 452/464
f 440/452 452/464 438/450
f 484/3008 2101/3003 479/3007
f 484/497 479/492 481/494
f 2101/3003 2100/3002 2097/2992
f 2101/3003 2097/2992 479/3007
f 2100/3002 2099/2995 2097/2992
f 2099/2995 1755/3010 2098/2994
f 2099/2995 2098/2994 2097/2992
f 1755/3010 1754/2999 2098/2994
f 1524/1913 1528/1920 1530/1922
f 1524/1913 1523/1911 1528/1920
f 1433/1756 1435/1758 1434/1757
f 1433/1756 1409/1730 1435/1758
f 817/885 816/884 814/882
f 817/885 814/882 815/883
f 990/2418 783/2419 989/2420
f 546/560 528/542 514/528
f 546/560 514/528 516/530
f 453/465 461/473 452/464
f 1530/1922 1528/1920 1532/1927
f 1408/1729 1373/1692 1409/1730
f 1408/1729 1375/1694 1373/1692
f 1636/4193 1597/4192 2658/4191
f 1303/1579 1304/1580 1318/1596
f 2381/3428 2267/3411 2372/3410
f 1738/4209 2683/4206 1702/4208
f 2501/3765 2502/3766 2478/3733
f 2501/4090 2658/4088 2502/4091
f 2478/3733 2479/3734 2476/3731
f 2478/4202 2502/4203 2479/4204
f 1597/2032 1598/2033 1596/2031
f 1597/4192 1595/4189 2658/4191
f 1597/2032 1596/2031 1595/2030
f 1702/2144 1701/2143 1703/2145
f 1702/4208 2683/4206 1700/4205
f 1702/2144 1700/2142 1701/2143
f 2171/3109 2282/3259 2281/3258
f 2171/3109 2170/3108 2172/3111
f 2171/4222 2172/4223 2282/4224
f 2281/4157 2282/4162 2683/4156
f 2476/3731 2482/3737 2473/3728
f 2476/3731 2479/3734 2482/3737
f 1598/2033 1583/2018 1596/2031
f 771/1309 928/1307 769/1306
f 771/833 769/831 770/832
f 2587/3865 2586/3864 2565/3839
f 2587/3865 2585/3863 2586/3864
f 391/1322 395/1331 1138/1330
f 391/1322 1138/1330 1133/1319
f 391/1322 1133/1319 393/1321
f 1138/2362 395/2361 1779/2360
f 1138/2762 1984/2757 1133/2765
f 1138/2762 1779/2763 1981/2753
f 1138/2762 1981/2753 1984/2757
f 395/2361 412/2357 1779/2360
f 1150/1344 1147/1341 1149/1343
f 1150/2353 1149/2354 1512/2352
f 1150/2353 1512/2352 1757/2349
f 1149/1343 1147/1341 1146/1340
f 1149/1875 1146/1849 1503/1874
f 1149/1875 1504/1876 1512/1889
f 1149/1875 1503/1874 1504/1876
f 1147/1341 1139/1333 1146/1340
f 844/912 843/911 845/913
f 844/3366 845/3365 2350/3364
f 783/1318 781/1315 989/1316
f 783/847 782/846 781/845
f 1703/2145 1701/2143 1688/2130
f 2170/3108 865/3110 867/3119
f 2170/3108 867/3119 2172/3111
f 2473/3728 2482/3737 2494/3751
f 928/1024 893/983 930/1026
f 928/1307 930/1305 769/1306
f 413/424 414/425 415/426
f 413/424 415/426 461/473
f 1133/1319 1134/1320 393/1321
f 1133/2765 1986/2759 1134/2766
f 1133/2765 1984/2757 1986/2759
f 1227/1502 1226/1501 1225/1500
f 1227/1502 221/1598 1226/1501
f 2232/3187 2229/3184 2233/3188
f 2232/3187 2233/3188 2274/3247
f 1146/1340 1139/1333 1141/1335
f 1146/1849 1141/1837 1488/1848
f 1146/1849 1488/1848 1503/1874
f 1507/1880 1508/1882 1493/1856
f 1507/1880 1532/1927 1508/1882
f 989/1090 992/1093 991/1092
f 989/1316 781/1315 992/1314
f 865/933 866/934 867/935
f 481/494 474/487 482/495
f 481/494 479/492 474/487
f 1754/2999 1752/2993 2098/2994
f 1754/2999 1749/3000 1752/2993
f 1583/2018 1585/2020 1581/2016
f 1583/2018 1582/2017 1596/2031
f 1583/2018 1581/2016 1582/2017
f 2500/3763 2494/3751 2499/3761
f 2500/3763 2583/3860 2585/3863
f 2500/3763 2499/3761 2583/3860
f 926/1021 501/1042 508/1023
f 926/1021 508/1023 894/984
f 1225/1500 1223/1498 1238/1513
f 1225/1500 1226/1501 1222/1497
f 1225/1500 1222/1497 1223/1498
f 2229/3184 2245/3200 2248/3203
f 2229/3184 2234/3189 2233/3188
f 2229/3184 2248/3203 2234/3189
f 984/1085 988/1089 1014/1116
f 984/1085 987/1088 988/1089
f 871/939 870/938 866/934
f 871/3383 2350/3364 2348/3362
f 871/3383 2348/3362 870/3382
f 1688/2130 1686/2128 1690/2132
f 1688/2130 1701/2143 1687/2129
f 1688/2130 1687/2129 1686/2128
f 2097/2992 477/3001 479/3007
f 2097/2992 2098/2994 2096/2990
f 2097/2992 2093/2987 477/3001
f 2097/2992 2096/2990 2093/2987
f 1313/1589 1320/1599 224/1612
f 1313/1589 224/1612 223/1593
f 393/1321 1134/1320 394/1323
f 479/492 477/490 474/487
f 1238/1513 1223/1498 1239/1514
f 2245/3200 1239/3216 2248/3203
f 2098/2994 1752/2993 2096/2990
f 1139/1333 1140/1334 1141/1335
f 2259/3226 2276/3249 2263/3232
f 2259/3226 2272/3243 2276/3249
f 1595/4189 1566/4190 2658/4191
f 1595/2030 1567/2002 1566/2001
f 1595/2030 1596/2031 1567/2002
f 437/449 438/450 436/448
f 437/449 435/447 473/486
f 437/449 436/448 435/447
f 2601/3887 2603/3889 2607/3893
f 2601/3887 2607/3893 2609/3895
f 414/425 404/414 416/427
f 414/425 416/427 415/426
f 1318/3879 1304/3878 2559/3833
f 1318/3879 2590/3871 1320/3928
f 1318/3879 2559/3833 2590/3871
f 1134/2766 1986/2759 1987/2767
f 1134/2766 1987/2767 1135/2768
f 1134/1320 1135/1324 394/1323
f 1779/2360 412/2357 1778/2359
f 1779/2763 1778/2764 1884/2756
f 1779/2763 1884/2756 1981/2753
f 412/423 474/487 475/488
f 412/2357 475/2358 1778/2359
f 1239/1514 1223/1498 1224/1499
f 1239/3216 1224/3215 2248/3203
f 1757/2349 1512/2352 1776/2350
f 1757/2262 1758/2263 1752/2254
f 1757/2349 1776/2350 1758/2351
f 1512/2506 1513/2505 1776/2504
f 1512/1889 1504/1876 1513/1892
f 1141/1837 1483/1836 1488/1848
f 1141/1837 1142/1821 1483/1836
f 1141/1335 1140/1334 1142/1336
f 2267/3411 2352/3375 2372/3410
f 2267/3237 2263/3232 2268/3238
f 2267/3411 2268/3384 2352/3375
f 1493/1856 1490/1853 1492/1855
f 1493/1856 1508/1882 1490/1853
f 2361/3393 2363/3396 2362/3395
f 2361/3393 2364/3399 2363/3396
f 1434/1910 1522/1908 1523/1911
f 1434/1757 1435/1758 1436/1759
f 1434/1910 1436/1909 1522/1908
f 1700/4205 2683/4206 1671/4207
f 1700/2142 1671/2113 1678/2120
f 1700/2142 1678/2120 1701/2143
f 528/542 473/486 517/531
f 528/542 517/531 514/528
f 438/450 452/464 450/462
f 438/450 450/462 436/448
f 461/473 459/471 452/464
f 461/473 415/426 459/471
f 1532/1927 1528/1920 1531/1926
f 1532/1927 1531/1926 1508/1882
f 1523/1911 1527/1919 1528/1920
f 1523/1911 1522/1908 1527/1919
f 1409/1730 1376/1695 1435/1758
f 1409/1730 1373/1692 1376/1695
f 2613/3902 2621/3916 2608/3894
f 2613/3902 2608/3894 2606/3892
f 397/407 399/409 404/414
f 397/407 394/404 399/409
f 1491/1854 1492/1855 1482/1835
f 1491/1854 1482/1835 1140/1838
f 816/884 811/879 814/882
f 816/884 818/886 811/879
f 501/515 500/514 498/512
f 501/515 498/512 508/522
f 452/464 459/471 450/462
f 404/414 399/409 402/412
f 404/414 402/412 416/427
f 1492/1855 1481/1834 1482/1835
f 1492/1855 1490/1853 1481/1834
f 1528/1920 1527/1919 1531/1926
f 1014/1679 1363/1677 1364/1678
f 1014/1679 988/1687 1363/1677
f 1566/4190 2502/4194 2658/4191
f 1566/4190 1570/4195 2502/4194
f 1566/2001 1569/2004 1570/2005
f 1566/2001 1567/2002 1568/2003
f 1566/2001 1568/2003 1569/2004
f 1671/4207 2683/4206 2282/4210
f 1671/4207 2282/4210 1675/4211
f 1671/2113 1675/2117 1672/2114
f 1671/2113 1673/2115 1678/2120
f 1671/2113 1672/2114 1673/2115
f 2565/3839 2591/3872 2592/3873
f 2565/3839 2586/3864 2517/3790
f 2565/3839 2517/3790 2564/3838
f 2565/3839 2564/3838 2591/3872
f 2592/3873 2622/3922 2621/3916
f 2592/3873 2591/3872 2622/3922
f 1986/2759 1984/2757 1985/2758
f 1986/2759 1988/2769 1987/2767
f 1986/2759 1985/2758 1988/2769
f 474/487 477/490 476/489
f 474/487 476/489 475/488
f 1752/2993 1759/2991 2096/2990
f 1752/2254 1758/2263 1759/2265
f 1488/2916 2045/2915 1503/2914
f 1488/2916 2058/2929 2045/2915
f 1488/2916 1483/2956 2058/2929
f 815/883 819/887 843/911
f 815/883 814/882 804/872
f 815/883 804/872 819/887
f 843/911 846/914 845/913
f 843/911 819/887 855/923
f 843/3339 855/3338 846/3299
f 2494/3751 2482/3737 2496/3758
f 2494/3751 2496/3758 2499/3761
f 1585/2020 1586/2021 1584/2019
f 1585/2020 1584/2019 1581/2016
f 1984/2757 1983/2755 1985/2758
f 1984/2757 1981/2753 1983/2755
f 1503/2914 2045/2915 2044/2913
f 1503/2914 2044/2913 1504/2912
f 1690/2132 1689/2131 1691/2133
f 1690/2132 1686/2128 1689/2131
f 866/934 868/936 867/935
f 866/934 870/938 868/936
f 2482/3737 2479/3734 2483/3738
f 2482/3737 2483/3738 2496/3758
f 1596/2031 1582/2017 1567/2002
f 2585/3863 2584/3861 2586/3864
f 2585/3863 2583/3860 2584/3861
f 500/514 503/517 497/511
f 500/514 497/511 498/512
f 473/486 435/447 433/445
f 473/486 433/445 517/531
f 1226/1501 221/1598 220/1550
f 1226/1501 220/1550 1222/1497
f 477/3001 2093/2987 478/2998
f 477/490 478/491 476/489
f 2096/2990 2083/2969 2093/2987
f 2096/2990 1759/2991 2083/2969
f 2233/3188 2235/3190 2274/3247
f 2233/3188 2234/3189 2235/3190
f 1435/1758 1437/1760 1436/1759
f 1435/1758 1376/1695 1437/1760
f 1364/1678 1362/1676 1366/1682
f 1364/1678 1363/1677 1362/1676
f 2350/3364 845/3365 2349/3363
f 2350/3364 2349/3363 2348/3362
f 1701/2143 1678/2120 1687/2129
f 867/3119 869/3120 2172/3111
f 867/935 868/936 869/937
f 2502/4194 2493/4197 2479/4198
f 2502/4194 1570/4195 2689/4196
f 2502/4194 2689/4196 2493/4197
f 503/517 516/530 502/516
f 503/517 502/516 497/511
f 415/426 416/427 420/431
f 415/426 420/431 459/471
f 1304/3878 2560/3834 2559/3833
f 1987/2767 1988/2769 1989/2770
f 1987/2767 1990/2771 1135/2768
f 1987/2767 1989/2770 1990/2771
f 1988/2769 1985/2758 1992/2773
f 1988/2769 1992/2773 1989/2770
f 1985/2758 1983/2755 1992/2773
f 2045/2915 2058/2929 2053/2924
f 2045/2915 2053/2924 2044/2913
f 2058/2929 1483/2956 2054/2925
f 2058/2929 2054/2925 2053/2924
f 1483/1836 1142/1821 1469/1818
f 1483/2956 1469/2952 2054/2925
f 2372/3410 2352/3375 2353/3376
f 1508/1882 1514/1895 1490/1853
f 1508/1882 1531/1926 1514/1895
f 1366/1682 1365/1681 1375/1694
f 1366/1682 1362/1676 1365/1681
f 2282/4210 2172/4214 2191/4213
f 2282/4210 2690/4212 1675/4211
f 2282/4210 2191/4213 2690/4212
f 2479/3734 2493/3748 2483/3738
f 1320/3928 225/3935 224/3940
f 1320/3928 2590/3871 225/3935
f 394/1323 1135/1324 400/1325
f 394/404 400/410 399/409
f 219/222 223/226 222/225
f 219/222 220/223 221/224
f 219/222 222/225 220/223
f 1778/2359 475/2358 1780/2363
f 1778/2553 1883/2551 1884/2554
f 1778/2553 1780/2549 1883/2551
f 475/2358 476/2364 1780/2363
f 1758/2351 1776/2350 1777/2355
f 1758/2351 1777/2355 1759/2356
f 1776/2504 1845/2502 1777/2501
f 1776/2504 1513/2505 1845/2502
f 2271/3242 2274/3247 2235/3190
f 2271/3440 2377/3421 2272/3430
f 2271/3440 2235/3347 2377/3421
f 1140/1334 1143/1337 1142/1336
f 1140/1838 1482/1835 1143/1833
f 2263/3232 2276/3249 2275/3248
f 2263/3232 2275/3248 2268/3238
f 2172/3111 869/3120 2191/3138
f 1570/4195 1569/4200 2689/4196
f 1135/2768 1990/2771 1136/2817
f 1135/1324 1136/1326 400/1325
f 1981/2753 1982/2754 1983/2755
f 1981/2753 1884/2756 1982/2754
f 1504/2912 2044/2913 2043/2909
f 1504/2912 2043/2909 1513/2908
f 1142/1821 1144/1817 1469/1818
f 1142/1336 1143/1337 1144/1338
f 1675/4211 2690/4212 1672/4215
f 1567/2002 1582/2017 1573/2008
f 1567/2002 1573/2008 1568/2003
f 1983/2755 1982/2754 2011/2792
f 1983/2755 2011/2792 1992/2773
f 2044/2913 2075/2960 2043/2909
f 2044/2913 2053/2924 2075/2960
f 1678/2120 1677/2119 1687/2129
f 1678/2120 1673/2115 1677/2119
f 2689/4196 1814/4199 2493/4197
f 2689/4196 1569/4200 1809/4201
f 2689/4196 1809/4201 1814/4199
f 1582/2017 1579/2014 1573/2008
f 1582/2017 1581/2016 1579/2014
f 1586/2021 1562/1994 1584/2019
f 1586/2021 1564/1997 1562/1994
f 2586/3864 2584/3861 2517/3790
f 436/448 434/446 435/447
f 436/448 450/462 451/463
f 436/448 451/463 434/446
f 399/409 401/411 402/412
f 399/409 400/410 401/411
f 223/226 224/227 222/225
f 1989/2770 1991/2772 1990/2771
f 1989/2770 1992/2773 1991/2772
f 2054/2925 1469/2952 2052/2923
f 2054/2925 2052/2923 2053/2924
f 2272/3430 2377/3421 2276/3424
f 1482/1835 1481/1834 1479/1830
f 1482/1835 1479/1830 1143/1833
f 1522/1908 1436/1909 1520/1904
f 1522/1908 1521/1907 1527/1919
f 1522/1908 1520/1904 1521/1907
f 845/3365 846/3299 2349/3363
f 1691/2133 1689/2131 1667/2106
f 1691/2133 1667/2106 1669/2109
f 1687/2129 1677/2119 1684/2126
f 1687/2129 1684/2126 1686/2128
f 2690/4212 2191/4213 2211/4221
f 2690/4212 2279/4216 1672/4215
f 2690/4212 2211/4221 2279/4216
f 1568/2003 1571/2006 1569/2004
f 1568/2003 1573/2008 1572/2007
f 1568/2003 1572/2007 1571/2006
f 2603/3889 2605/3891 2607/3893
f 435/447 434/446 433/445
f 416/427 402/412 417/428
f 416/427 417/428 420/431
f 2093/2987 2084/2970 478/2998
f 2093/2987 2083/2969 2084/2970
f 1490/1853 1489/1851 1481/1834
f 1490/1853 1514/1895 1489/1851
f 2362/3395 2363/3396 824/3397
f 1436/1909 1437/1905 1520/1904
f 1673/2115 1672/2114 1674/2116
f 1673/2115 1676/2118 1677/2119
f 1673/2115 1674/2116 1676/2118
f 2493/3748 1814/3749 2483/3738
f 2496/3758 2498/3760 2499/3761
f 2496/3758 2483/3738 2498/3760
f 2499/3761 2580/3857 2583/3860
f 2499/3761 2498/3760 2580/3857
f 516/530 514/528 513/527
f 516/530 513/527 502/516
f 450/462 459/471 460/472
f 450/462 460/472 451/463
f 459/471 420/431 460/472
f 2559/3833 2560/3834 2554/3828
f 2559/3833 2548/3822 2590/3871
f 2559/3833 2554/3828 2548/3822
f 2352/3375 2351/3371 2353/3376
f 2352/3375 2268/3384 2324/3331
f 2352/3375 2324/3331 2351/3371
f 1531/1926 1527/1919 1516/1897
f 1531/1926 1516/1897 1514/1895
f 1527/1919 1521/1907 1516/1897
f 1375/1694 1372/1691 1373/1692
f 1375/1694 1365/1681 1372/1691
f 870/938 872/940 868/936
f 870/3382 2348/3362 2344/3358
f 870/3382 2344/3358 872/3370
f 868/936 872/940 869/937
f 2191/3138 869/3120 2211/3162
f 1222/1497 1220/1495 1223/1498
f 1222/1497 1219/1494 1220/1495
f 1222/1497 220/1550 1219/1494
f 2234/3189 2248/3203 2247/3202
f 2234/3189 2247/3202 2236/3191
f 2234/3189 2236/3191 2235/3190
f 1569/2433 1571/2431 1809/2430
f 402/412 401/411 403/413
f 402/412 403/413 417/428
f 1884/2756 480/2760 1982/2754
f 1884/2756 1883/2761 480/2760
f 1780/2549 476/2550 1883/2551
f 476/489 478/491 480/493
f 476/2550 480/2552 1883/2551
f 1759/2500 1777/2501 1845/2502
f 1759/2991 1846/2910 2083/2969
f 1759/2500 1845/2502 1846/2503
f 1513/2908 2043/2909 1846/2910
f 1513/2908 1846/2910 1845/2911
f 1481/1834 1480/1831 1479/1830
f 1481/1834 1489/1851 1480/1831
f 1672/4215 2279/4216 1674/4217
f 1809/2430 1812/2436 1814/2438
f 1809/2430 1571/2431 1810/2432
f 1809/2430 1810/2432 1812/2436
f 893/983 894/984 891/980
f 893/983 890/979 930/1026
f 893/983 891/980 890/979
f 514/528 517/531 512/526
f 514/528 512/526 513/527
f 1990/2771 1993/2774 1136/2817
f 1990/2771 1991/2772 1993/2774
f 1469/1818 1144/1817 1468/1816
f 1469/2952 1468/2950 2052/2923
f 1373/1692 1371/1690 1376/1695
f 1373/1692 1372/1691 1371/1690
f 991/1092 995/1096 987/1088
f 991/1092 992/1093 993/1094
f 991/1092 993/1094 995/1096
f 2279/3256 2211/3162 2212/3163
f 2279/4216 2280/4218 1674/4217
f 2279/3256 2212/3163 2280/3257
f 2483/3738 1814/3749 1812/3750
f 2483/3738 2497/3759 2498/3760
f 2483/3738 1812/3750 2497/3759
f 1573/2008 1575/2010 1572/2007
f 1573/2008 1579/2014 1575/2010
f 894/984 508/1023 891/980
f 2621/3916 2622/3922 2625/3931
f 2621/3916 2625/3931 2608/3894
f 400/1325 1136/1326 367/1327
f 400/410 367/377 401/411
f 1982/2754 480/2760 2031/2819
f 1982/2754 2031/2819 2011/2792
f 1223/1498 1220/1495 1224/1499
f 2248/3203 1224/3215 2247/3202
f 2043/2909 2078/2964 1846/2910
f 2043/2909 2075/2960 2078/2964
f 1143/1337 1145/1339 1144/1338
f 1143/1833 1479/1830 1145/1824
f 814/882 805/873 804/872
f 814/882 811/879 805/873
f 987/1088 995/1096 988/1089
f 1677/2119 1676/2118 1680/2122
f 1677/2119 1680/2122 1684/2126
f 869/3120 2212/3163 2211/3162
f 869/3120 872/3255 2278/3254
f 869/3120 2278/3254 2212/3163
f 517/531 433/445 432/444
f 517/531 432/444 512/526
f 1136/2817 1993/2774 1137/2820
f 1136/1326 1137/1328 367/1327
f 478/799 747/795 480/800
f 478/2998 2084/2970 747/2997
f 1224/1499 1220/1495 1221/1496
f 1224/3215 1221/3221 2247/3202
f 2083/2969 1846/2910 2081/2967
f 2083/2969 2081/2967 2084/2970
f 1144/1817 1148/1809 1468/1816
f 1144/1338 1145/1339 1148/1342
f 1376/1695 1349/1663 1437/1760
f 1376/1695 1371/1690 1349/1663
f 2583/3860 2582/3859 2584/3861
f 2583/3860 2580/3857 2582/3859
f 420/431 419/430 460/472
f 420/431 417/428 419/430
f 1514/1895 1516/1897 1515/1896
f 1514/1895 1515/1896 1489/1851
f 2348/3362 2349/3363 2347/3361
f 2348/3362 2347/3361 2344/3358
f 2498/3760 2497/3759 2581/3858
f 2498/3760 2581/3858 2580/3857
f 1584/2019 1562/1994 1561/1993
f 1584/2019 1580/2015 1581/2016
f 1584/2019 1561/1993 1580/2015
f 2517/3790 2584/3861 2515/3788
f 2517/3790 2515/3788 2516/3789
f 2517/3790 2516/3789 2564/3838
f 2591/3872 2612/3899 2622/3922
f 2591/3872 2564/3838 2612/3899
f 434/446 431/443 433/445
f 434/446 451/463 430/442
f 434/446 430/442 431/443
f 2560/3834 2561/3835 2554/3828
f 224/227 225/228 222/225
f 1991/2772 1992/2773 1995/2776
f 1991/2772 1994/2775 1993/2774
f 1991/2772 1995/2776 1994/2775
f 1992/2773 2011/2792 1995/2776
f 2053/2924 2052/2923 2050/2921
f 2053/2924 2050/2921 2075/2960
f 2052/2923 1468/2950 2051/2922
f 2052/2923 2051/2922 2050/2921
f 2276/3424 2377/3421 2275/3423
f 2353/3376 2351/3371 2355/3379
f 1520/1904 1518/1901 1521/1907
f 1520/1904 1437/1905 1519/1903
f 1520/1904 1519/1903 1518/1901
f 819/887 804/872 813/881
f 819/887 813/881 855/923
f 846/3299 2297/3298 2349/3363
f 846/3299 2296/3297 2297/3298
f 846/3299 855/3338 2296/3297
f 1689/2131 1666/2105 1667/2106
f 1689/2131 1686/2128 1685/2127
f 1689/2131 1685/2127 1666/2105
f 872/3370 2345/3359 2278/3369
f 872/3370 2344/3358 2345/3359
f 2606/3892 2608/3894 2605/3891
f 818/886 824/892 811/879
f 1571/2431 1811/2434 1810/2432
f 1571/2006 1572/2007 1574/2009
f 1571/2431 1574/2435 1811/2434
f 1810/2432 1811/2434 1812/2436
f 1572/2007 1575/2010 1574/2009
f 1562/1994 1564/1997 1180/1995
f 1562/1994 1180/1995 1558/1990
f 1562/1994 1558/1990 1561/1993
f 433/445 431/443 432/444
f 451/463 460/472 428/440
f 451/463 428/440 430/442
f 2590/3871 226/3930 225/3935
f 2590/3871 2548/3822 226/3930
f 480/2760 753/2829 2031/2819
f 480/800 750/798 753/803
f 480/800 747/795 750/798
f 1846/2910 2078/2964 2079/2965
f 1846/2910 2079/2965 2080/2966
f 1846/2910 2080/2966 2081/2967
f 2268/3384 2275/3423 2378/3422
f 2268/3384 2378/3422 2324/3331
f 1521/1907 1517/1898 1516/1897
f 1521/1907 1518/1901 1517/1898
f 1437/1905 1349/1906 1519/1903
f 1667/2106 1183/2107 1669/2109
f 1667/2106 1663/2102 1183/2107
f 1667/2106 1666/2105 1663/2102
f 1676/2118 1674/2116 1679/2121
f 1676/2118 1679/2121 1680/2122
f 2280/4218 2397/4219 1674/4217
f 2280/3482 2212/3437 2397/3480
f 1674/4217 2397/4219 1679/4220
f 1812/3750 1813/3862 2497/3759
f 1812/2436 1811/2434 1813/2437
f 460/472 419/430 428/440
f 401/411 355/364 403/413
f 401/411 367/377 355/364
f 1479/1830 1480/1831 1473/1823
f 1479/1830 1473/1823 1145/1824
f 1516/1897 1517/1898 1515/1896
f 2212/3437 2278/3369 2346/3360
f 2212/3437 2346/3360 2397/3480
f 2497/3759 1813/3862 2581/3858
f 2584/3861 2582/3859 2515/3788
f 2011/2792 2031/2819 2010/2791
f 2011/2792 2010/2791 1995/2776
f 2075/2960 2074/2959 2078/2964
f 2075/2960 2050/2921 2074/2959
f 2349/3363 2297/3298 2347/3361
f 2278/3369 2345/3359 2346/3360
f 417/428 418/429 419/430
f 417/428 403/413 418/429
f 1993/2774 1994/2775 2021/2802
f 1993/2774 2021/2802 1137/2820
f 1468/2950 1467/2949 2051/2922
f 1468/1816 1148/1809 1467/1815
f 1489/1851 1353/1852 1480/1831
f 1489/1851 1515/1896 1353/1852
f 2554/3828 2561/3835 2547/3821
f 2554/3828 2547/3821 2548/3822
f 2084/2970 733/2996 747/2997
f 2084/2970 2081/2967 734/2971
f 2084/2970 732/2973 733/2996
f 2084/2970 734/2971 732/2973
f 2351/3371 2323/3330 2355/3379
f 2351/3371 2324/3331 2323/3330
f 1180/1393 770/1394 768/1388
f 1180/1393 768/1388 1179/1392
f 1180/1995 1179/2000 1181/1999
f 1180/1995 1181/1999 1558/1990
f 2031/2819 753/2829 2030/2816
f 2031/2819 2030/2816 2010/2791
f 2078/2964 2077/2962 2079/2965
f 2078/2964 2074/2959 2077/2962
f 1183/1408 780/1403 782/1409
f 1183/1408 1182/1407 780/1403
f 1183/2107 1184/2111 1182/2112
f 1183/2107 1663/2102 1184/2111
f 1581/2016 1580/2015 1579/2014
f 770/832 769/831 768/830
f 430/442 428/440 429/441
f 430/442 422/433 431/443
f 430/442 429/441 422/433
f 419/430 421/432 428/440
f 419/430 418/429 421/432
f 403/413 356/365 418/429
f 403/413 355/364 356/365
f 1480/1831 1353/1852 1358/1832
f 1480/1831 1358/1832 1473/1823
f 1515/1896 1517/1898 1352/1899
f 1515/1896 1352/1899 1353/1852
f 1518/1901 1354/1900 1517/1898
f 1518/1901 1519/1903 1350/1902
f 1518/1901 1350/1902 1354/1900
f 782/846 780/844 781/845
f 1686/2128 1684/2126 1685/2127
f 2561/3835 2609/3895 2547/3821
f 367/1327 1137/1328 354/1329
f 367/377 354/363 355/364
f 1994/2775 2012/2793 2021/2802
f 1994/2775 1996/2777 2012/2793
f 1994/2775 1995/2776 1996/2777
f 753/803 750/798 754/804
f 753/2829 754/2828 2030/2816
f 2079/2965 2095/2989 2080/2966
f 2079/2965 2077/2962 2095/2989
f 2051/2922 1467/2949 2066/2937
f 2051/2922 2066/2937 2046/2917
f 2051/2922 2046/2917 2050/2921
f 1145/1824 1463/1808 1148/1809
f 1145/1824 1473/1823 1463/1808
f 2355/3379 2323/3330 2364/3399
f 428/440 421/432 429/441
f 1137/2820 2021/2802 374/2822
f 1137/1328 374/1332 354/1329
f 1148/1809 1462/1807 1467/1815
f 1148/1809 1463/1808 1462/1807
f 1517/1898 1354/1900 1352/1899
f 1574/2435 1576/2439 1811/2434
f 1574/2009 1575/2010 1576/2011
f 1811/2434 1815/2440 1813/2437
f 1811/2434 1576/2439 1815/2440
f 431/443 422/433 432/444
f 747/795 744/792 750/798
f 747/795 733/781 744/792
f 2081/2967 2080/2966 2082/2968
f 2081/2967 2082/2968 734/2971
f 1519/1903 1349/1906 1350/1902
f 2397/3480 1681/3483 1679/3485
f 2397/3480 2346/3360 2393/3476
f 2397/3480 2393/3476 1681/3483
f 1679/2121 1681/2123 1680/2122
f 1813/3862 1816/3853 2581/3858
f 1813/2437 1815/2440 1816/2441
f 2582/3859 2514/3787 2515/3788
f 2582/3859 2580/3857 2579/3856
f 2582/3859 2579/3856 2514/3787
f 508/522 498/512 499/513
f 508/1023 499/1029 891/980
f 2622/3922 2612/3899 2623/3924
f 2622/3922 2623/3924 2625/3931
f 804/872 806/874 813/881
f 804/872 805/873 806/874
f 988/1687 1012/1680 1363/1677
f 988/1089 995/1096 1012/1114
f 2347/3361 2297/3298 2301/3303
f 2347/3361 2343/3357 2344/3358
f 2347/3361 2301/3303 2343/3357
f 2346/3360 2345/3359 2340/3354
f 2346/3360 2340/3354 2393/3476
f 2515/3788 2513/3786 2516/3789
f 2515/3788 2514/3787 2513/3786
f 432/444 422/433 371/381
f 432/444 371/381 511/525
f 432/444 511/525 512/526
f 1349/1663 1345/1659 1350/1664
f 1349/1663 1346/1660 1345/1659
f 1349/1663 1371/1690 1346/1660
f 2297/3298 2296/3297 2292/3293
f 2297/3298 2292/3293 2301/3303
f 1575/2010 1579/2014 1578/2013
f 1575/2010 1577/2012 1576/2011
f 1575/2010 1578/2013 1577/2012
f 2564/3838 2516/3789 2557/3831
f 2564/3838 2557/3831 2612/3899
f 429/441 421/432 422/433
f 421/432 418/429 373/383
f 421/432 373/383 422/433
f 418/429 356/365 373/383
f 1353/1667 1352/1666 1351/1665
f 1353/1667 1351/1665 1358/1672
f 1352/1666 1354/1668 1350/1664
f 1352/1666 1350/1664 1351/1665
f 855/3338 856/3335 2296/3297
f 855/923 813/881 856/924
f 1680/2122 1683/2125 1684/2126
f 1680/2122 1681/2123 1682/2124
f 1680/2122 1682/2124 1683/2125
f 1179/1392 768/1388 1046/1383
f 1179/1392 1046/1383 1181/1396
f 2547/3821 2609/3895 2544/3818
f 2547/3821 2546/3820 2548/3822
f 2547/3821 2544/3818 2546/3820
f 225/228 226/229 222/225
f 750/798 749/797 754/804
f 750/798 744/792 749/797
f 2080/2966 2095/2989 2091/2985
f 2080/2966 2091/2985 2082/2968
f 2275/3423 2377/3421 2378/3422
f 2323/3330 2319/3325 2364/3399
f 2323/3330 2324/3331 2321/3327
f 2323/3330 2321/3327 2319/3325
f 1182/1407 1063/1398 780/1403
f 1182/1407 1184/1411 1063/1398
f 1561/1993 1560/1992 1580/2015
f 1561/1993 1558/1990 1560/1992
f 498/512 497/511 495/509
f 498/512 495/509 499/513
f 2609/3895 2607/3893 2544/3818
f 355/364 353/362 356/365
f 355/364 354/363 353/362
f 1473/1823 1358/1832 1472/1822
f 1473/1823 1472/1822 1463/1808
f 2364/3399 2319/3325 2363/3396
f 1363/1677 1359/1673 1362/1676
f 1363/1677 1012/1680 1359/1673
f 1666/2105 1685/2127 1665/2104
f 1666/2105 1665/2104 1663/2102
f 2608/3894 2611/3897 2605/3891
f 2608/3894 2625/3931 2611/3897
f 2548/3822 2546/3820 227/3921
f 2548/3822 227/3921 226/3930
f 2324/3331 2376/3420 2321/3327
f 2324/3331 2378/3422 2376/3420
f 811/879 824/892 808/876
f 811/879 808/876 805/873
f 2580/3857 2581/3858 2577/3854
f 2580/3857 2577/3854 2579/3856
f 422/433 373/383 371/381
f 356/365 357/366 373/383
f 356/365 353/362 357/366
f 2021/2802 2012/2793 2023/2805
f 2021/2802 2023/2805 374/2822
f 1467/2949 1465/2951 2066/2937
f 1467/1815 1462/1807 1465/1813
f 1358/1672 1351/1665 1357/1671
f 1358/1832 1357/1842 1472/1822
f 1350/1664 1345/1659 1351/1665
f 2344/3358 2341/3355 2345/3359
f 2344/3358 2343/3357 2341/3355
f 1580/2015 1578/2013 1579/2014
f 1580/2015 1560/1992 1578/2013
f 769/1306 930/1305 761/1301
f 769/831 761/821 768/830
f 497/511 502/516 496/510
f 497/511 496/510 495/509
f 1362/1676 1361/1675 1365/1681
f 1362/1676 1359/1673 1361/1675
f 781/1315 773/1310 992/1314
f 781/845 780/844 773/835
f 1685/2127 1684/2126 1683/2125
f 1685/2127 1683/2125 1665/2104
f 930/1026 890/979 931/1027
f 930/1305 931/1302 761/1301
f 2516/3789 2513/3786 2518/3791
f 2516/3789 2518/3791 2557/3831
f 502/516 513/527 496/510
f 2605/3891 2610/3896 2607/3893
f 2605/3891 2611/3897 2610/3896
f 824/3397 2363/3396 825/3400
f 824/892 825/893 808/876
f 1365/1681 1361/1675 1372/1691
f 2296/3297 2295/3296 2292/3293
f 2296/3297 856/3335 2295/3296
f 992/1093 994/1095 993/1094
f 992/1314 773/1310 994/1312
f 2581/3858 1816/3853 2577/3854
f 2607/3893 2610/3896 2544/3818
f 373/383 357/366 371/381
f 1351/1665 1345/1659 1357/1671
f 2363/3396 2319/3325 825/3400
f 2345/3359 2341/3355 2340/3354
f 1576/2439 1554/2442 1815/2440
f 1576/2011 1577/2012 1554/1986
f 1815/2440 1817/2443 1816/2441
f 1815/2440 1554/2442 1817/2443
f 2514/3787 2512/3785 2513/3786
f 2514/3787 2579/3856 2523/3796
f 2514/3787 2523/3796 2512/3785
f 354/363 374/384 352/361
f 354/363 352/361 353/362
f 2012/2793 2016/2797 2023/2805
f 2012/2793 2014/2795 2016/2797
f 2012/2793 1996/2777 1998/2779
f 2012/2793 1998/2779 2014/2795
f 2066/2937 1465/2951 1477/2941
f 2066/2937 2047/2918 2046/2917
f 2066/2937 1477/2941 2068/2939
f 2066/2937 2068/2939 2047/2918
f 1463/1808 1461/1806 1462/1807
f 1463/1808 1472/1822 1461/1806
f 2301/3303 2292/3293 2291/3292
f 2301/3303 2302/3304 2343/3357
f 2301/3303 2291/3292 2302/3304
f 2393/3476 1659/3484 1681/3483
f 2393/3476 2340/3354 2394/3477
f 2393/3476 2394/3477 1659/3484
f 1681/2123 1659/2098 1682/2124
f 1816/3853 2576/3852 2577/3854
f 1816/3853 1818/3851 2576/3852
f 1816/2441 1817/2443 1818/2444
f 2340/3354 2341/3355 2339/3353
f 2340/3354 2339/3353 2338/3352
f 2340/3354 2338/3352 2394/3477
f 2544/3818 2545/3819 2546/3820
f 2544/3818 2610/3896 2570/3844
f 2544/3818 2543/3817 2545/3819
f 2544/3818 2570/3844 2542/3816
f 2544/3818 2542/3816 2543/3817
f 374/2822 2023/2805 377/2823
f 374/384 377/387 352/361
f 1219/1494 1217/1492 1220/1495
f 1219/1494 1216/1491 1217/1492
f 1219/1494 220/1550 1216/1491
f 2236/3191 2247/3202 2249/3204
f 2236/3191 2249/3204 2237/3192
f 2236/3191 2237/3192 2235/3190
f 1462/1807 1456/1801 1465/1813
f 1462/1807 1461/1806 1456/1801
f 2319/3325 2321/3327 2320/3326
f 2319/3325 2333/3345 825/3400
f 2319/3325 2320/3326 2318/3324
f 2319/3325 2317/3322 2333/3345
f 2319/3325 2318/3324 2317/3322
f 1558/1990 1181/1999 1556/1988
f 1558/1990 1557/1989 1560/1992
f 1558/1990 1556/1988 1557/1989
f 371/381 357/366 368/378
f 371/381 368/378 372/382
f 371/381 372/382 511/525
f 1995/2776 2010/2791 1997/2778
f 1995/2776 1997/2778 1996/2777
f 2050/2921 2048/2919 2074/2959
f 2050/2921 2046/2917 2048/2919
f 1345/1659 1355/1669 1357/1671
f 1345/1659 1347/1661 1355/1669
f 1345/1659 1346/1660 1347/1661
f 1663/2102 1661/2100 1184/2111
f 1663/2102 1665/2104 1662/2101
f 1663/2102 1662/2101 1661/2100
f 357/366 353/362 351/360
f 357/366 351/360 368/378
f 1357/1842 1471/1820 1472/1822
f 1357/1842 1355/1850 1471/1820
f 2513/3786 2511/3784 2518/3791
f 2513/3786 2512/3785 2511/3784
f 2612/3899 2557/3831 2595/3880
f 2612/3899 2595/3880 2623/3924
f 513/527 512/526 496/510
f 353/362 352/361 351/360
f 1220/1495 1217/1492 1221/1496
f 2247/3202 1221/3221 2249/3204
f 1472/1822 1471/1820 1461/1806
f 1372/1691 1361/1675 1371/1690
f 813/881 810/878 856/924
f 813/881 806/874 810/878
f 2292/3293 2295/3296 2290/3291
f 2292/3293 2290/3291 2291/3292
f 768/830 761/821 763/823
f 768/1388 763/1386 1046/1383
f 1221/1496 1217/1492 1218/1493
f 1221/3221 1218/3219 2249/3204
f 780/844 774/836 773/835
f 780/1403 1063/1398 774/1401
f 2546/3820 2545/3819 228/3920
f 2546/3820 228/3920 227/3921
f 732/780 728/776 733/781
f 732/780 734/782 729/777
f 732/780 720/768 728/776
f 732/780 729/777 720/768
f 2321/3327 2375/3419 2320/3326
f 2321/3327 2376/3420 2375/3419
f 1577/2012 1578/2013 1553/1985
f 1577/2012 1553/1985 1554/1986
f 2579/3856 2577/3854 2578/3855
f 2579/3856 2578/3855 2523/3796
f 1181/1396 1046/1383 1041/1397
f 1181/2213 1041/2207 1556/2209
f 512/526 511/525 496/510
f 1371/1690 1361/1675 1346/1660
f 1184/1411 1056/1412 1063/1398
f 1184/2221 1661/2217 1056/2216
f 2343/3357 2342/3356 2341/3355
f 2343/3357 2302/3304 2342/3356
f 1682/2124 1658/2097 1683/2125
f 1682/2124 1659/2098 1658/2097
f 2577/3854 2576/3852 2578/3855
f 2625/3931 2571/3845 2611/3897
f 2625/3931 2623/3924 2571/3845
f 226/229 227/230 222/225
f 2378/3422 2377/3421 2376/3420
f 805/873 808/876 807/875
f 805/873 807/875 806/874
f 2341/3355 2342/3356 2339/3353
f 2023/2805 2016/2797 2027/2810
f 2023/2805 2027/2810 377/2823
f 1465/1813 1466/1814 1477/1828
f 1465/1813 1456/1801 1466/1814
f 1578/2013 1560/1992 1559/1991
f 1578/2013 1559/1991 1553/1985
f 368/378 351/360 349/358
f 368/378 369/379 372/382
f 368/378 349/358 369/379
f 2010/2791 2030/2816 2003/2784
f 2010/2791 2003/2784 1997/2778
f 2074/2959 2060/2931 2077/2962
f 2074/2959 2048/2919 2060/2931
f 1355/1850 1476/1827 1471/1820
f 1355/1669 1347/1661 1356/1670
f 1355/1850 1356/1890 1476/1827
f 1683/2125 1664/2103 1665/2104
f 1683/2125 1658/2097 1664/2103
f 733/781 731/779 744/792
f 733/781 728/776 731/779
f 734/2971 2082/2968 730/2972
f 734/782 730/778 729/777
f 1560/1992 1557/1989 1559/1991
f 2557/3831 2518/3791 2556/3830
f 2557/3831 2556/3830 2595/3880
f 2610/3896 2611/3897 2570/3844
f 351/360 352/361 350/359
f 351/360 350/359 349/358
f 2016/2797 2020/2801 2027/2810
f 2016/2797 2014/2795 2020/2801
f 1996/2777 1997/2778 1998/2779
f 2046/2917 2047/2918 2048/2919
f 1477/1828 1466/1814 1478/1829
f 1477/2941 1478/2945 2068/2939
f 1471/1820 1457/1802 1461/1806
f 1471/1820 1476/1827 1457/1802
f 825/3400 2333/3345 808/3442
f 856/3335 857/3334 2295/3296
f 856/924 810/878 857/925
f 1665/2104 1664/2103 1662/2101
f 890/979 891/980 358/981
f 890/979 892/982 931/1027
f 890/979 358/981 892/982
f 2611/3897 2571/3845 2570/3844
f 352/361 377/387 350/359
f 1461/1806 1457/1802 1456/1801
f 808/3442 2333/3345 807/3346
f 993/1094 1013/1115 995/1096
f 993/1094 994/1095 996/1098
f 993/1800 996/1795 1013/1799
f 2576/3852 2573/3848 2578/3855
f 2576/3852 1818/3851 2573/3848
f 891/980 499/1029 358/981
f 511/525 372/382 370/380
f 511/525 370/380 496/510
f 2030/2816 754/2828 2029/2815
f 2030/2816 2029/2815 2003/2784
f 2077/2962 2076/2961 2095/2989
f 2077/2962 2060/2931 2076/2961
f 1346/1660 1348/1662 1347/1661
f 1346/1660 1361/1675 1348/1662
f 995/1096 1013/1115 1012/1114
f 2339/3353 2342/3356 2335/3349
f 2339/3353 2335/3349 2338/3352
f 377/2823 2027/2810 376/2821
f 377/387 376/386 350/359
f 1456/1801 1458/1803 1466/1814
f 1456/1801 1457/1802 1458/1803
f 2578/3855 2524/3797 2523/3796
f 2578/3855 2573/3848 2524/3797
f 2523/3796 2524/3797 2512/3785
f 2518/3791 2511/3784 2521/3794
f 2518/3791 2521/3794 2556/3830
f 372/382 369/379 370/380
f 2545/3819 2588/3868 228/3920
f 2545/3819 2543/3817 2549/3823
f 2545/3819 2549/3823 2588/3868
f 754/804 749/797 752/802
f 754/2828 752/2827 2029/2815
f 2095/2989 2094/2988 2091/2985
f 2095/2989 2076/2961 2094/2988
f 2320/3326 2375/3419 2356/3381
f 2320/3326 2322/3328 2318/3324
f 2320/3326 2356/3381 2322/3328
f 1347/1661 1348/1662 1356/1670
f 2295/3296 2298/3300 2290/3291
f 2295/3296 857/3334 2298/3300
f 2302/3304 2303/3305 2342/3356
f 2302/3304 2291/3292 2303/3305
f 2342/3356 2303/3305 2335/3349
f 2623/3924 2551/3825 2571/3845
f 2623/3924 2595/3880 2551/3825
f 806/874 807/875 809/877
f 806/874 809/877 810/878
f 227/230 228/231 222/225
f 744/792 745/793 749/797
f 744/792 731/779 745/793
f 2082/2968 2091/2985 2085/2974
f 2082/2968 2085/2974 730/2972
f 2376/3420 2377/3421 2375/3419
f 1818/3851 1817/3948 2626/3947
f 1818/3851 2574/3849 2573/3848
f 1818/3851 2626/3947 2574/3849
f 1553/1985 1552/1984 1554/1986
f 1553/1985 1559/1991 1550/1982
f 1553/1985 1550/1982 1552/1984
f 1658/2097 1655/2094 1664/2103
f 1658/2097 1659/2098 1657/2096
f 1658/2097 1657/2096 1655/2094
f 2338/3352 2395/3478 2394/3477
f 2338/3352 2335/3349 2336/3350
f 2338/3352 2336/3350 2395/3478
f 349/358 345/354 369/379
f 349/358 350/359 348/357
f 349/358 348/357 345/354
f 1476/1827 1356/1890 1484/1839
f 1476/1827 1459/1804 1457/1802
f 1476/1827 1484/1839 1459/1804
f 1554/4239 1563/4229 1817/4238
f 1554/1986 1552/1984 1563/1996
f 1817/4238 1563/4229 2626/4225
f 1559/1991 1557/1989 1555/1987
f 1559/1991 1555/1987 1550/1982
f 1557/1989 1547/1979 1555/1987
f 1557/1989 1556/1988 1547/1979
f 143/2857 150/2858 2034/2859
f 143/2857 2034/2859 152/2860
f 143/145 141/143 150/152
f 143/145 152/154 142/144
f 143/145 142/144 141/143
f 2034/4325 150/4327 151/4326
f 2034/4325 2405/4312 152/4324
f 2034/4325 151/4326 2405/4312
f 150/152 141/143 151/153
f 2511/3784 2512/3785 2506/3779
f 2511/3784 2510/3783 2521/3794
f 2511/3784 2506/3779 2510/3783
f 369/379 345/354 370/380
f 1356/1890 1348/1893 1484/1839
f 2290/3291 40/3290 2291/3292
f 2290/3291 2298/3300 2289/3289
f 2290/3291 2289/3289 40/3290
f 2035/2861 192/2862 190/2863
f 2035/4475 193/4476 192/4477
f 2035/2861 190/2863 198/2864
f 2035/4475 198/4472 2407/4446
f 2035/4475 2407/4446 193/4476
f 192/195 188/191 190/193
f 192/195 193/196 188/191
f 190/193 189/192 198/201
f 190/193 188/191 189/192
f 1662/2101 1664/2103 1660/2099
f 1662/2101 1660/2099 1652/2091
f 1662/2101 1652/2091 1661/2100
f 1664/2103 1655/2094 1660/2099
f 2394/4257 1668/4256 1659/4258
f 2394/4257 2395/4248 1668/4256
f 1659/2098 1668/2108 1657/2096
f 2573/3848 2574/3849 2572/3847
f 2573/3848 2572/3847 2524/3797
f 1550/1982 1551/1983 1552/1984
f 1550/1982 1549/1981 1551/1983
f 1550/1982 1555/1987 1548/1980
f 1550/1982 1548/1980 1549/1981
f 2512/3785 2524/3797 2519/3792
f 2512/3785 2519/3792 2506/3779
f 152/154 165/167 153/155
f 152/4324 2702/4316 165/4322
f 152/4324 2405/4312 2702/4316
f 152/154 153/155 142/144
f 198/201 199/202 206/209
f 198/4472 206/4473 2714/4451
f 198/4472 2714/4451 2407/4446
f 198/201 189/192 199/202
f 2291/3292 2293/3294 2303/3305
f 2291/3292 40/3290 2293/3294
f 1655/2094 1657/2096 1656/2095
f 1655/2094 1656/2095 1654/2093
f 1655/2094 1653/2092 1660/2099
f 1655/2094 1654/2093 1653/2092
f 2335/3349 2334/3348 2336/3350
f 2335/3349 2303/3305 2334/3348
f 2574/4237 2626/4225 2691/4227
f 2574/3849 2575/3850 2572/3847
f 2574/4237 2691/4227 2575/4233
f 2570/3844 2571/3845 2551/3825
f 2570/3844 2551/3825 2542/3816
f 2027/2810 2025/2808 376/2821
f 2027/2810 2020/2801 2025/2808
f 1466/1814 1458/1803 1464/1812
f 1466/1814 1464/1812 1478/1829
f 2333/3345 809/3323 807/3346
f 2333/3345 2317/3322 809/3323
f 2336/3350 2396/3479 2395/3478
f 2336/3350 2334/3348 2337/3351
f 2336/3350 2337/3351 2396/3479
f 2524/3797 2572/3847 2566/3840
f 2524/3797 2563/3837 2519/3792
f 2524/3797 2566/3840 2563/3837
f 350/359 376/386 348/357
f 1997/2778 1999/2780 1998/2779
f 1997/2778 2003/2784 1999/2780
f 2048/2919 2047/2918 2049/2920
f 2048/2919 2049/2920 2060/2931
f 1457/1802 1459/1804 1458/1803
f 2303/3305 2330/3342 2334/3348
f 2303/3305 2293/3294 2329/3341
f 2303/3305 2329/3341 2330/3342
f 1552/1984 1565/1998 1563/1996
f 1552/1984 1551/1983 1565/1998
f 499/513 495/509 347/356
f 499/2466 347/2467 358/2468
f 495/509 496/510 347/356
f 496/510 370/380 347/356
f 2014/2795 2017/2798 2020/2801
f 2014/2795 1998/2779 2000/2781
f 2014/2795 2000/2781 2017/2798
f 2068/2939 1478/2945 2070/2942
f 2068/2939 2055/2926 2047/2918
f 2068/2939 2070/2942 2055/2926
f 1359/1673 1360/1674 1361/1675
f 1359/1673 1012/1680 1360/1674
f 1361/1675 1360/1674 1348/1662
f 1012/2469 1013/2470 1360/2471
f 1657/2096 1668/2108 1670/2110
f 1657/2096 1670/2110 1656/2095
f 1563/4229 1565/4226 2626/4225
f 2626/4225 1565/4226 2691/4227
f 376/386 375/385 348/357
f 376/2821 2025/2808 375/2818
f 1458/1803 1459/1804 1460/1805
f 1458/1803 1460/1805 1464/1812
f 2395/4248 1670/4250 1668/4256
f 2395/4248 2396/4249 1670/4250
f 2575/4233 1882/4231 2572/4234
f 2575/4233 2691/4227 1882/4231
f 345/1149 347/1150 370/1151
f 345/354 346/355 347/356
f 345/354 348/357 346/355
f 1484/1839 1348/1893 1360/1841
f 1484/1839 1360/1841 1485/1840
f 1484/1839 1485/1840 1459/1804
f 2337/3351 2334/3348 1864/3481
f 2337/3351 1864/3481 2396/3479
f 2572/4244 1882/4245 1880/4246
f 2572/4244 1880/4246 2566/4247
f 2020/2801 2024/2807 2025/2808
f 2020/2801 2017/2798 2024/2807
f 749/797 751/801 752/802
f 749/797 745/793 751/801
f 2091/2985 2094/2988 2092/2986
f 2091/2985 2092/2986 2085/2974
f 1478/2945 1464/2954 1475/2953
f 1478/2945 1475/2953 2070/2942
f 2334/3348 1862/3475 1864/3481
f 2334/3348 2330/3342 1862/3475
f 1565/4226 1551/4230 2692/4228
f 1565/4226 2692/4228 2691/4227
f 1551/4240 1549/4241 2692/4242
f 2595/3880 2556/3830 2594/3876
f 2595/3880 2594/3876 2551/3825
f 1998/2779 1999/2780 2000/2781
f 1216/1491 1205/1480 1217/1492
f 1216/1491 1213/1488 1205/1480
f 1216/1491 220/1550 1213/1488
f 2237/3192 2249/3204 2242/3197
f 2237/3192 2242/3197 2238/3193
f 2237/3192 2238/3193 2235/3190
f 2047/2918 2055/2926 2049/2920
f 810/878 812/880 857/925
f 810/878 809/877 812/880
f 1656/4255 1670/4250 216/4251
f 1656/4255 216/4251 1654/4259
f 1670/4250 2396/4249 216/4251
f 2691/4227 2692/4228 1882/4231
f 228/3920 2588/3868 229/3877
f 228/231 229/232 222/225
f 2375/3419 2357/3385 2356/3381
f 2375/3419 2377/3421 2357/3385
f 2396/4249 1864/4252 216/4251
f 1882/4231 2692/4228 1881/4232
f 1882/2548 1881/2545 1880/2544
f 165/167 164/166 153/155
f 165/4322 2702/4316 164/4319
f 720/768 718/766 728/776
f 720/768 729/777 717/765
f 720/768 716/764 718/766
f 720/768 717/765 716/764
f 206/209 199/202 205/208
f 206/4473 205/4474 2714/4451
f 1864/4252 1863/4253 216/4251
f 1864/2527 1862/2523 1863/2524
f 2692/4228 164/4235 1881/4232
f 2692/4228 162/4236 164/4235
f 2692/4242 1549/4241 162/4243
f 1548/1980 1555/1987 1547/1979
f 1548/1980 1544/1973 1549/1981
f 1548/1980 1547/1979 1544/1973
f 1217/1492 1205/1480 1218/1493
f 2249/3204 1218/3219 2242/3197
f 1653/2092 1652/2091 1660/2099
f 1653/2092 1654/2093 1649/2085
f 1653/2092 1649/2085 1652/2091
f 216/4251 1863/4253 205/4254
f 216/219 205/208 204/207
f 216/4260 204/4261 1654/4262
f 2563/3837 2562/3836 2519/3792
f 2563/3837 2566/3840 2567/3841
f 2563/3837 2567/3841 2562/3836
f 2519/3792 2562/3836 2520/3793
f 2519/3792 2520/3793 2506/3779
f 1218/1493 1205/1480 1207/1482
f 1218/3219 1207/3218 2242/3197
f 2293/3294 2328/3340 2329/3341
f 2293/3294 2294/3295 2328/3340
f 2293/3294 40/3290 2294/3295
f 2329/3341 2331/3343 2330/3342
f 2329/3341 2328/3340 2331/3343
f 164/4319 1875/4320 1881/4321
f 164/166 162/164 153/155
f 164/4319 1876/4318 1875/4320
f 164/4319 2702/4316 1876/4318
f 761/1301 931/1302 762/1303
f 761/821 762/822 763/823
f 773/1310 775/1311 994/1312
f 773/835 774/836 775/837
f 205/4474 1863/4480 1857/4479
f 205/208 199/202 204/207
f 205/4474 1857/4479 1858/4478
f 205/4474 1858/4478 2714/4451
f 1881/2545 1875/2538 1880/2544
f 2566/3840 1880/3946 1874/3945
f 2566/3840 1874/3945 2567/3841
f 347/356 346/355 358/367
f 2542/3816 2551/3825 2541/3815
f 2542/3816 2540/3814 2543/3817
f 2542/3816 2541/3815 2540/3814
f 2317/3322 2316/3321 809/3323
f 2317/3322 2318/3324 2315/3320
f 2317/3322 2315/3320 2316/3321
f 1360/1841 1013/1799 1485/1840
f 2330/3342 1856/3474 1862/3475
f 2330/3342 2331/3343 1856/3474
f 1863/2524 1862/2523 1857/2517
f 1549/1981 1544/1973 162/1977
f 931/1027 892/982 932/1030
f 931/1302 932/1304 762/1303
f 728/776 727/775 731/779
f 728/776 718/766 727/775
f 729/777 730/778 726/774
f 729/777 726/774 717/765
f 994/1095 997/1099 996/1098
f 994/1312 775/1311 997/1313
f 1654/2093 204/2089 1649/2085
f 2556/3830 2521/3794 2553/3827
f 2556/3830 2553/3827 2594/3876
f 2003/2784 2029/2815 2002/2783
f 2003/2784 2002/2783 1999/2780
f 2060/2931 2057/2928 2076/2961
f 2060/2931 2049/2920 2057/2928
f 857/3334 858/3319 2298/3300
f 857/925 812/880 858/926
f 1880/2544 1875/2538 1874/2537
f 151/3637 141/3638 2405/3639
f 193/3640 2407/3641 188/3642
f 1862/2523 1856/2516 1857/2517
f 162/164 155/157 153/155
f 162/1977 1544/1973 155/1975
f 141/3559 172/3560 2405/3561
f 141/143 171/173 172/174
f 141/143 138/140 171/173
f 141/143 140/142 138/140
f 141/143 142/144 140/142
f 2405/3561 172/3560 2406/3562
f 2405/4312 2406/4311 35/4292
f 2405/4312 2701/4315 2702/4316
f 2405/4312 35/4292 2701/4315
f 348/357 375/385 327/376
f 348/357 327/376 346/355
f 1459/1804 591/1810 1460/1805
f 1459/1804 1485/1840 591/1810
f 2407/3563 215/3564 188/3565
f 2407/3563 2408/3566 215/3564
f 2407/4446 21/4437 2408/4445
f 2407/4446 2714/4451 2713/4448
f 2407/4446 2713/4448 21/4437
f 188/191 215/218 214/217
f 188/191 214/217 185/187
f 188/191 185/187 187/190
f 188/191 187/190 189/192
f 204/207 199/202 201/204
f 204/2089 201/2086 1649/2085
f 2406/4311 172/4314 171/4313
f 2406/4311 171/4313 2627/4310
f 2406/4311 2627/4310 35/4292
f 2551/3825 2594/3876 2552/3826
f 2551/3825 2552/3826 2541/3815
f 2025/2808 2028/2811 375/2818
f 2025/2808 2024/2807 2028/2811
f 1464/1812 1460/1805 1470/1819
f 1464/1812 1470/1819 1475/1826
f 809/877 862/930 812/880
f 809/3323 2316/3321 862/3329
f 215/4454 2408/4445 214/4447
f 2408/4445 2628/4442 214/4447
f 2408/4445 21/4437 2628/4442
f 375/2818 2028/2811 1025/2812
f 375/2818 1025/2812 327/2824
f 1460/1805 1030/1811 1470/1819
f 1460/1805 591/1810 1030/1811
f 2521/3794 2510/3783 2522/3795
f 2521/3794 2522/3795 2553/3827
f 2298/3300 2299/3301 2289/3289
f 2298/3300 858/3319 2299/3301
f 1875/2538 1865/2528 1874/2537
f 1875/2538 1876/2539 1865/2528
f 2024/2807 2017/2798 2018/2799
f 2024/2807 2026/2809 2028/2811
f 2024/2807 2018/2799 2026/2809
f 731/779 739/787 745/793
f 731/779 727/775 739/787
f 730/2972 2085/2974 2086/2975
f 730/2972 2086/2975 726/2976
f 1475/2953 2071/2943 2070/2942
f 1475/1826 1470/1819 1474/1825
f 1475/2953 1474/2955 2071/2943
f 1857/2517 1856/2516 1849/2509
f 1857/2517 1849/2509 1858/2518
f 1046/1383 763/1386 764/1384
f 1046/1175 1040/1162 1041/1164
f 1046/1383 764/1384 1045/1385
f 1046/1175 1045/1174 1039/1160
f 1046/1175 1039/1160 1040/1162
f 2017/2798 2000/2781 2013/2794
f 2017/2798 2013/2794 2018/2799
f 2070/2942 2067/2938 2055/2926
f 2070/2942 2071/2943 2067/2938
f 1063/1398 776/1400 774/1401
f 1063/1199 1056/1188 1055/1186
f 1063/1398 1062/1399 776/1400
f 1063/1199 1054/1184 1062/1198
f 1063/1199 1055/1186 1054/1184
f 2567/3841 1874/3945 1867/3870
f 2567/3841 2589/3869 2562/3836
f 2567/3841 1867/3870 2589/3869
f 1547/1979 1556/1988 1546/1978
f 1547/1979 1546/1978 1544/1973
f 2510/3783 2526/3799 2522/3795
f 2510/3783 2506/3779 2507/3780
f 2029/2815 752/2827 2009/2790
f 2029/2815 2009/2790 2002/2783
f 2076/2961 2065/2936 2094/2988
f 2076/2961 2057/2928 2065/2936
f 2289/3289 2299/3301 2287/3286
f 2289/3289 37/3288 40/3290
f 1652/2091 1651/2090 1661/2100
f 1652/2091 1649/2085 1651/2090
f 2331/3343 1847/3380 1856/3474
f 2331/3343 2328/3340 2354/3377
f 2331/3343 2354/3377 1847/3380
f 1874/2537 1865/2528 1867/2530
f 1556/2209 1041/2207 1546/2206
f 1661/2217 1651/2214 1056/2216
f 1856/2516 1847/2507 1849/2509
f 763/823 762/822 764/824
f 774/836 776/838 775/837
f 892/982 358/981 359/987
f 892/982 897/988 932/1030
f 892/982 359/987 897/988
f 996/1795 1454/1793 1013/1799
f 996/1098 997/1099 998/1100
f 996/1795 998/1791 1454/1793
f 153/155 155/157 154/156
f 153/155 154/156 142/144
f 2000/2781 1999/2780 2001/2782
f 2000/2781 2001/2782 2013/2794
f 752/802 751/801 748/796
f 752/2827 748/2826 2009/2790
f 1213/1488 1206/1481 1205/1480
f 1213/1488 1211/1486 1206/1481
f 1213/1488 220/1550 1211/1486
f 2238/3193 2242/3197 2244/3199
f 2238/3193 2244/3199 2239/3194
f 2238/3193 2239/3194 2235/3190
f 2094/2988 2090/2984 2092/2986
f 2094/2988 2065/2936 2090/2984
f 2055/2926 2056/2927 2049/2920
f 2055/2926 2067/2938 2056/2927
f 199/202 200/203 201/204
f 199/202 189/192 200/203
f 1544/1973 1545/1974 155/1975
f 1544/1973 1546/1978 1545/1974
f 358/367 346/355 359/368
f 2543/3817 2550/3824 2549/3823
f 2543/3817 2540/3814 2550/3824
f 2318/3324 2322/3328 2325/3332
f 2318/3324 2325/3332 2315/3320
f 1013/1799 1454/1793 1485/1840
f 1649/2085 201/2086 1650/2087
f 1649/2085 1650/2087 1651/2090
f 155/1975 1545/1974 154/1976
f 1999/2780 2002/2783 2001/2782
f 2049/2920 2056/2927 2057/2928
f 201/2086 200/2088 1650/2087
f 2562/3836 2589/3869 1786/3867
f 2562/3836 1786/3867 1787/3866
f 2562/3836 1787/3866 2520/3793
f 2549/3823 229/3877 2588/3868
f 2549/3823 2550/3824 229/3877
f 1205/1480 1206/1481 1207/1482
f 2242/3197 1207/3218 2244/3199
f 2322/3328 2356/3381 2357/3385
f 2322/3328 2357/3385 2325/3332
f 2328/3340 1782/3378 2354/3377
f 2328/3340 54/3374 1782/3378
f 2328/3340 2294/3295 54/3374
f 1876/2539 1873/2536 1865/2528
f 1876/2539 1877/2540 1873/2536
f 1876/4318 2702/4316 1188/4317
f 1876/2539 1188/2543 1877/2540
f 2627/4019 171/4020 138/4021
f 2627/3961 138/3962 169/3963
f 2627/4310 169/4336 148/4335
f 2627/4310 148/4335 2036/4305
f 2627/4310 2036/4305 35/4292
f 2628/4022 185/4023 214/4024
f 2628/3964 209/3965 185/3966
f 2628/4442 191/4469 209/4470
f 2628/4442 1534/4441 191/4469
f 2628/4442 21/4437 1534/4441
f 1858/2518 1849/2509 1855/2515
f 1858/4478 1185/4450 2714/4451
f 1858/2518 1855/2515 1859/2519
f 1858/2518 1859/2519 1185/2522
f 1865/2528 1866/2529 1867/2530
f 1865/2528 1873/2536 1866/2529
f 1867/3870 1868/3925 2589/3869
f 1867/2530 1866/2529 1868/2531
f 2589/3869 1868/3925 1784/3923
f 2589/3869 1784/3923 1786/3867
f 138/140 148/150 169/171
f 138/140 137/139 148/150
f 138/140 136/138 137/139
f 138/140 140/142 139/141
f 138/140 139/141 136/138
f 1207/1482 1206/1481 1208/1483
f 1207/3218 1208/3217 2244/3199
f 209/212 191/194 185/187
f 185/187 191/194 184/186
f 185/187 184/186 182/184
f 185/187 186/189 187/190
f 185/187 182/184 186/189
f 2354/3377 1850/3434 1847/3380
f 2354/3377 1782/3378 1781/3427
f 2354/3377 1781/3427 1850/3434
f 1847/2507 1848/2508 1849/2509
f 1847/2507 1850/2510 1848/2508
f 1849/2509 1848/2508 1855/2515
f 346/355 327/376 366/375
f 346/355 360/369 359/368
f 346/355 366/375 361/370
f 346/355 361/370 360/369
f 2028/2811 2026/2809 1025/2812
f 1470/1819 1030/1811 1474/1825
f 1485/1840 1487/1847 591/1810
f 1485/1840 1486/1844 1487/1847
f 1485/1840 1454/1793 1453/1792
f 1485/1840 1453/1792 1486/1844
f 745/793 746/794 751/801
f 745/793 739/787 746/794
f 2085/2974 2092/2986 2089/2983
f 2085/2974 2089/2983 2086/2975
f 327/1131 1025/1132 1024/1130
f 327/1131 1024/1130 332/1128
f 327/336 332/341 325/334
f 327/376 365/374 366/375
f 327/336 325/334 322/331
f 327/376 378/388 365/374
f 327/592 322/581 378/584
f 591/1141 1029/1140 1030/1142
f 591/1141 607/1138 1029/1140
f 591/621 592/622 607/639
f 591/1810 1487/1847 1343/1846
f 591/621 586/616 592/622
f 591/1658 1343/1653 588/1656
f 591/621 588/618 586/616
f 2594/3876 2553/3827 2568/3842
f 2594/3876 2568/3842 2552/3826
f 716/764 705/747 718/766
f 716/764 717/765 707/749
f 716/764 703/745 705/747
f 716/764 707/749 703/745
f 812/880 860/928 858/926
f 812/880 862/930 860/928
f 142/2212 154/2210 166/2211
f 142/144 166/168 140/142
f 2026/2809 2018/2799 2022/2803
f 2026/2809 1024/2813 1025/2812
f 2026/2809 2022/2803 1024/2813
f 1474/2955 2073/2946 2071/2943
f 1474/1825 1030/1811 1029/1843
f 1474/2955 1029/2957 2073/2946
f 189/2220 207/2219 200/2218
f 189/192 187/190 207/210
f 1784/3923 1868/3925 1870/3926
f 1784/2370 1785/2371 1786/2372
f 1784/2888 1878/2883 1785/2889
f 1784/2888 2040/2884 1878/2883
f 1784/3923 1870/3926 2040/3938
f 1873/2536 1878/2541 1866/2529
f 1873/2536 1785/2546 1878/2541
f 1873/2536 1877/2540 1785/2546
f 1546/2206 1041/2207 1545/2208
f 2702/4316 2701/4315 1188/4317
f 2018/2799 2013/2794 2019/2800
f 2018/2799 2019/2800 2022/2803
f 751/801 746/794 748/796
f 2092/2986 2090/2984 2089/2983
f 2071/2943 2072/2944 2067/2938
f 2071/2943 2073/2946 2072/2944
f 2714/4451 1185/4450 2713/4448
f 1651/2214 1650/2215 1056/2216
f 1855/2515 1860/2520 1783/2525
f 1855/2515 1783/2525 1859/2519
f 1855/2515 1848/2508 1860/2520
f 1781/2365 1782/2366 1783/2367
f 1781/2881 1783/2882 1860/2876
f 1781/3427 1852/3435 1850/3434
f 1781/2881 1860/2876 2039/2878
f 1781/3427 2039/3445 1852/3435
f 1868/2531 1866/2529 1869/2532
f 1868/2531 1869/2532 1870/2533
f 1866/2529 1878/2541 1879/2542
f 1866/2529 1879/2542 1869/2532
f 1785/2371 1190/2373 1786/2372
f 1785/2546 1877/2540 1190/2547
f 1786/2372 1190/2373 1787/2374
f 1041/2207 166/2211 154/2210
f 1041/1164 1040/1162 166/1163
f 1041/2207 154/2210 1545/2208
f 2550/3824 2540/3814 237/3805
f 2550/3824 222/3927 229/3877
f 2550/3824 220/3846 222/3927
f 2550/3824 2569/3843 220/3846
f 2550/3824 237/3805 2569/3843
f 718/766 711/753 727/775
f 718/766 705/747 711/753
f 717/765 726/774 714/762
f 717/765 714/762 707/749
f 2325/3332 246/3317 2315/3320
f 2325/3332 2357/3385 2377/3421
f 2325/3332 2377/3421 2235/3347
f 2325/3332 2235/3347 2332/3344
f 2325/3332 2332/3344 246/3317
f 1056/2216 200/2218 207/2219
f 1056/1188 207/1187 1055/1186
f 1056/2216 1650/2215 200/2218
f 1782/2366 55/2368 1783/2367
f 1782/2366 54/2369 55/2368
f 1783/2525 55/2526 1859/2519
f 1850/2510 1851/2511 1848/2508
f 1850/2510 1852/2512 1851/2511
f 1848/2508 1861/2521 1860/2520
f 1848/2508 1851/2511 1861/2521
f 1878/2883 2040/2884 1879/2885
f 166/168 161/163 140/142
f 166/1163 1040/1162 161/1161
f 2540/3814 2541/3815 2539/3813
f 2540/3814 2539/3813 237/3805
f 2315/3320 2314/3318 2316/3321
f 2315/3320 246/3317 2314/3318
f 207/210 187/190 203/206
f 207/1187 203/1185 1055/1186
f 1860/2876 1861/2877 2039/2878
f 762/1303 932/1304 765/1308
f 762/822 765/825 764/824
f 2553/3827 2522/3795 2536/3810
f 2553/3827 2536/3810 2568/3842
f 2013/2794 2001/2782 2005/2786
f 2013/2794 2015/2796 2019/2800
f 2013/2794 2005/2786 2015/2796
f 2067/2938 2061/2932 2056/2927
f 2067/2938 2072/2944 2069/2940
f 2067/2938 2069/2940 2061/2932
f 858/3319 2309/3311 2299/3301
f 858/3319 860/3337 2309/3311
f 775/1311 777/1317 997/1313
f 775/837 776/838 777/839
f 1877/2540 1188/2543 1190/2547
f 1859/2519 55/2526 1185/2522
f 148/4013 137/4014 2036/4015
f 932/1030 897/988 933/1031
f 932/2647 933/2645 765/2646
f 997/1099 999/1101 998/1100
f 997/2654 777/2653 999/2652
f 191/4016 1534/4017 184/4018
f 1190/3944 1187/3936 1787/3866
f 1190/1436 1188/1432 1187/1431
f 1787/3866 1187/3936 2525/3798
f 1787/3866 2525/3798 2520/3793
f 137/3278 2284/3274 2036/3277
f 137/3278 2285/3275 2284/3274
f 137/3278 131/3279 2285/3275
f 137/139 136/138 131/133
f 2036/3277 2284/3274 2037/3273
f 2036/2873 2037/2874 2038/2875
f 2036/4305 2038/4308 2401/4304
f 2036/4305 2401/4304 35/4292
f 54/54 53/53 55/55
f 54/54 48/48 53/53
f 54/3374 2294/3295 48/3373
f 55/1427 53/1422 1185/1423
f 727/775 725/773 739/787
f 727/775 711/753 725/773
f 726/2976 2086/2975 724/2977
f 726/2976 724/2977 714/2978
f 2037/3273 2284/3274 2285/3275
f 2037/3273 2285/3275 2038/3276
f 2002/2783 2004/2785 2001/2782
f 2002/2783 2009/2790 2004/2785
f 2057/2928 2056/2927 2059/2930
f 2057/2928 2059/2930 2065/2936
f 1802/3280 212/3282 184/3284
f 1802/3280 2283/3281 212/3282
f 1802/3264 33/3265 2283/3266
f 212/3282 2283/3281 2286/3283
f 2522/3795 2526/3799 2527/3800
f 2522/3795 2527/3800 2536/3810
f 1211/1486 1209/1484 1206/1481
f 1211/1486 1212/1487 1209/1484
f 1211/1486 220/1550 1212/1487
f 2239/3194 2244/3199 2253/3209
f 2239/3194 2253/3209 2240/3195
f 2239/3194 2240/3195 2235/3190
f 2299/3301 2300/3302 2287/3286
f 2299/3301 2309/3311 2300/3302
f 140/142 161/163 139/141
f 1045/1385 764/1384 766/1387
f 1045/1174 1036/1155 1039/1160
f 1045/1385 766/1387 1044/1389
f 1045/1174 1044/1173 1036/1155
f 1062/1399 778/1402 776/1400
f 1062/1198 1054/1184 1050/1179
f 1062/1399 1061/1404 778/1402
f 1062/1198 1050/1179 1061/1197
f 187/190 186/189 203/206
f 1870/2533 1869/2532 1871/2534
f 1870/3926 1872/3939 2040/3938
f 1870/2533 1871/2534 1872/2535
f 1869/2532 1879/2542 1871/2534
f 2040/2884 1872/2886 1879/2885
f 1879/2885 1872/2886 1871/2887
f 1040/1162 1039/1160 161/1161
f 2506/3779 2520/3793 2505/3777
f 2506/3779 2505/3777 2504/3775
f 2506/3779 2504/3775 2503/3773
f 2506/3779 2503/3773 2507/3780
f 2541/3815 2552/3826 2558/3832
f 2541/3815 2558/3832 2539/3813
f 2316/3321 2327/3336 862/3329
f 2316/3321 2314/3318 2327/3336
f 40/3290 42/3372 2294/3295
f 40/40 41/41 42/42
f 40/40 39/39 41/41
f 40/40 37/37 39/39
f 1055/1186 203/1185 1054/1184
f 2039/2878 1861/2877 1854/2879
f 2039/3445 1854/3446 1852/3435
f 1861/2521 1851/2511 1853/2513
f 1861/2877 1853/2880 1854/2879
f 1852/2512 1853/2513 1851/2511
f 1852/2512 1854/2514 1853/2513
f 161/1161 1039/1160 145/1159
f 161/163 145/147 139/141
f 1206/1481 1209/1484 1208/1483
f 2244/3199 1208/3217 2253/3209
f 203/206 186/189 202/205
f 203/1185 202/1183 1054/1184
f 764/824 765/825 766/826
f 897/988 359/987 360/989
f 897/988 898/990 933/1031
f 897/988 360/989 898/990
f 332/1128 1024/1130 1023/1127
f 332/341 329/338 325/334
f 332/341 339/348 329/338
f 332/1128 1023/1127 339/1123
f 2001/2782 2004/2785 2005/2786
f 2056/2927 2061/2932 2059/2930
f 607/1138 1027/1135 1029/1140
f 607/639 592/622 595/625
f 607/639 595/625 608/640
f 607/1138 608/1133 1027/1135
f 998/1791 1453/1792 1454/1793
f 998/1100 999/1101 1001/1103
f 998/1791 1001/1794 1453/1792
f 776/838 778/840 777/839
f 2526/3799 2529/3802 2527/3800
f 2552/3826 2568/3842 2555/3829
f 2552/3826 2555/3829 2558/3832
f 366/375 365/374 361/370
f 1208/1483 1209/1484 1210/1485
f 1208/3217 1210/3222 2253/3209
f 1487/1847 1486/1844 1343/1846
f 862/3329 2326/3333 860/3337
f 862/3329 2327/3336 2326/3333
f 2287/3286 2300/3302 2304/3306
f 2022/2803 1023/2804 1024/2813
f 2022/2803 2019/2800 2015/2796
f 2022/2803 2015/2796 2008/2789
f 2022/2803 2008/2789 1023/2804
f 2073/2946 1029/2957 1027/2947
f 2073/2946 2069/2940 2072/2944
f 2073/2946 2064/2935 2069/2940
f 2073/2946 1027/2947 2064/2935
f 325/334 329/338 323/332
f 325/334 323/332 322/331
f 592/622 589/619 595/625
f 592/622 586/616 589/619
f 739/787 740/788 746/794
f 739/787 725/773 740/788
f 2086/2975 2089/2983 2087/2979
f 2086/2975 2087/2979 724/2977
f 378/1650 563/1646 365/1648
f 378/584 559/580 563/587
f 378/584 322/581 559/580
f 588/1656 1343/1653 598/1652
f 588/618 598/628 584/614
f 588/618 584/614 586/616
f 703/745 633/665 705/747
f 703/745 707/749 635/667
f 703/745 634/666 633/665
f 703/745 635/667 634/666
f 1187/1431 1188/1432 34/1429
f 1187/3936 1186/3778 2525/3798
f 1187/1431 34/1429 1186/1428
f 1188/4317 2701/4315 34/4323
f 2525/3798 2505/3777 2520/3793
f 2525/3798 1186/3778 2505/3777
f 2285/3953 131/3954 2038/3955
f 2286/3960 2283/3957 196/3959
f 48/48 46/46 53/53
f 48/3373 2294/3295 42/3372
f 48/48 42/42 46/46
f 53/1422 19/1421 1185/1423
f 53/1422 46/1419 19/1421
f 1185/4450 19/4449 2713/4448
f 2401/3956 2038/3955 131/3954
f 2401/3542 131/3543 174/3544
f 2401/3542 174/3544 2402/3545
f 2401/4304 2402/4307 2700/4306
f 2401/4304 2700/4306 2699/4303
f 2401/4304 2699/4303 35/4292
f 131/133 173/175 174/176
f 131/133 130/132 173/175
f 131/133 128/130 130/132
f 131/133 136/138 128/130
f 2009/2790 748/2826 2007/2788
f 2009/2790 2007/2788 2004/2785
f 2065/2936 2063/2934 2090/2984
f 2065/2936 2059/2930 2063/2934
f 2283/3957 33/3958 196/3959
f 33/3546 218/3547 196/3548
f 33/3546 2403/3549 218/3547
f 33/3546 2404/3550 2403/3549
f 33/3546 32/3551 2404/3550
f 196/199 218/221 217/220
f 196/199 217/220 195/198
f 765/2646 933/2645 767/2644
f 765/825 767/827 766/826
f 777/2653 779/2651 999/2652
f 777/839 778/840 779/841
f 1039/1160 1036/1155 145/1159
f 139/141 145/147 136/138
f 2402/4307 174/4342 173/4339
f 2402/4307 173/4339 2700/4306
f 705/747 668/703 711/753
f 705/747 633/665 668/703
f 707/749 714/762 704/746
f 707/749 704/746 635/667
f 218/3547 2403/3549 217/3552
f 2403/3549 2404/3550 217/3552
f 186/189 182/184 202/205
f 1054/1184 202/1183 1050/1179
f 145/147 144/146 136/138
f 145/1159 1036/1155 144/1152
f 202/2679 182/2675 1047/2678
f 202/1183 1047/1176 1050/1179
f 933/1031 898/990 935/1033
f 933/2645 935/2641 767/2644
f 2568/3842 2536/3810 2555/3829
f 2005/2786 2004/2785 2006/2787
f 2005/2786 2006/2787 2015/2796
f 748/796 746/794 741/789
f 748/796 741/789 737/785
f 748/2826 737/2825 2007/2788
f 746/794 740/788 741/789
f 2089/2983 2090/2984 2088/2982
f 2089/2983 2088/2982 2087/2979
f 2090/2984 735/2963 2088/2982
f 2090/2984 2063/2934 735/2963
f 2061/2932 2062/2933 2059/2930
f 2061/2932 2069/2940 2062/2933
f 860/3337 2326/3333 2309/3311
f 999/1101 1002/1104 1001/1103
f 999/2652 779/2651 1002/2648
f 2701/4315 35/4292 34/4323
f 2713/4448 19/4449 21/4437
f 711/753 669/704 725/773
f 711/753 668/703 669/704
f 714/762 724/772 708/750
f 714/762 708/750 704/746
f 898/990 360/989 362/991
f 898/990 899/992 935/1033
f 898/990 362/991 899/992
f 1001/1794 1455/1796 1453/1792
f 1001/1103 1002/1104 1004/1106
f 1001/1794 1004/1797 1455/1796
f 360/369 361/370 362/371
f 1212/1487 1214/1489 1209/1484
f 1212/1487 1215/1490 1214/1489
f 1212/1487 220/1550 1215/1490
f 2240/3195 2253/3209 2255/3212
f 2240/3195 2255/3212 2241/3196
f 2240/3195 2241/3196 2235/3190
f 1453/1792 1455/1796 1486/1844
f 1209/1484 1214/1489 1210/1485
f 2253/3209 1210/3222 2255/3212
f 1044/1389 766/1387 9/1390
f 1044/1173 1035/1153 1036/1155
f 1044/1389 9/1390 8/1391
f 1044/1173 8/1172 1035/1153
f 2536/3810 2527/3800 2534/3808
f 2536/3810 2534/3808 2555/3829
f 2558/3832 2538/3812 2539/3813
f 2558/3832 2555/3829 2538/3812
f 1210/1485 1214/1489 1314/1590
f 1210/3222 1314/3244 2255/3212
f 2327/3336 2314/3318 2313/3315
f 2327/3336 2313/3315 2326/3333
f 2309/3311 2308/3310 2300/3302
f 2309/3311 2326/3333 2308/3310
f 1061/1404 23/1405 778/1402
f 1061/1197 1050/1179 1049/1178
f 1061/1404 24/1406 23/1405
f 1061/1197 1049/1178 24/1196
f 361/370 365/374 364/373
f 361/370 363/372 362/371
f 361/370 364/373 363/372
f 1486/1844 1344/1845 1343/1846
f 1486/1844 1455/1796 1006/1798
f 1486/1844 1006/1798 1344/1845
f 766/826 767/827 9/828
f 2700/4306 173/4339 130/4334
f 2700/4306 130/4334 2699/4303
f 2004/2785 2007/2788 2006/2787
f 725/773 721/769 740/788
f 725/773 669/704 721/769
f 724/2977 2087/2979 719/2980
f 724/772 719/767 708/750
f 2059/2930 2062/2933 2063/2934
f 217/3949 2404/3950 195/3951
f 2404/3950 32/3952 195/3951
f 778/840 23/842 779/841
f 2699/4371 130/4374 170/4372
f 2699/4371 170/4372 2703/4373
f 2699/4303 2703/4330 2422/4309
f 2699/4303 2422/4309 2418/4299
f 2699/4303 2418/4299 35/4292
f 130/132 146/148 170/172
f 130/132 129/131 146/148
f 130/132 128/130 129/131
f 195/2404 32/2395 213/2402
f 195/198 213/216 197/200
f 195/198 197/200 183/185
f 32/2395 1796/2397 213/2402
f 32/2395 1795/2396 1796/2397
f 32/2395 1794/2394 1795/2396
f 2703/4373 170/4372 146/4375
f 2703/4330 146/4331 2422/4309
f 767/2644 935/2641 7/2643
f 767/827 7/829 9/828
f 563/1646 562/1647 365/1648
f 563/587 559/580 562/586
f 598/1652 1343/1653 597/1654
f 598/628 597/627 584/614
f 779/2651 22/2649 1002/2648
f 779/841 23/842 22/843
f 213/2402 1796/2397 197/2403
f 1796/2397 1795/2396 197/2403
f 365/1648 562/1647 364/1649
f 1343/1653 1344/1655 597/1654
f 2527/3800 2529/3802 2532/3806
f 2527/3800 2532/3806 2534/3808
f 935/1033 899/992 937/1035
f 935/2641 937/2642 7/2643
f 2539/3813 2538/3812 2537/3811
f 2539/3813 2537/3811 237/3805
f 634/666 617/649 633/665
f 634/666 635/667 617/649
f 2314/3318 2312/3314 2313/3315
f 2314/3318 246/3317 2312/3314
f 2300/3302 2306/3308 2304/3306
f 2300/3302 2308/3310 2306/3308
f 1002/1104 1005/1107 1004/1106
f 1002/2648 22/2649 1005/2650
f 899/992 362/991 363/1036
f 899/992 363/1036 937/1035
f 1004/1797 1006/1798 1455/1796
f 1004/1106 1005/1107 1006/1108
f 1186/1428 34/1429 36/1430
f 1186/3778 1189/3776 2505/3777
f 1186/1428 36/1430 1189/1433
f 34/34 35/35 36/36
f 46/1419 20/1420 19/1421
f 46/46 42/42 45/45
f 46/1419 45/1424 20/1420
f 19/19 20/20 21/21
f 136/138 144/146 128/130
f 740/788 738/786 741/789
f 740/788 721/769 738/786
f 633/665 615/647 668/703
f 633/665 617/649 615/647
f 635/667 704/746 620/652
f 635/667 620/652 617/649
f 2087/2979 2088/2982 736/2981
f 2087/2979 736/2981 719/2980
f 182/2675 1951/2674 1047/2678
f 2555/3829 2534/3808 2538/3812
f 329/338 339/348 330/339
f 329/338 328/337 323/332
f 329/338 330/339 328/337
f 595/625 603/633 608/640
f 595/625 589/619 594/624
f 595/625 594/624 603/633
f 2326/3333 2313/3315 2308/3310
f 144/1152 1036/1155 1035/1153
f 144/146 127/129 128/130
f 144/1152 1035/1153 127/1154
f 2015/2796 2006/2787 2008/2789
f 2069/2940 2064/2935 2062/2933
f 1047/1176 1049/1178 1050/1179
f 1047/2678 1951/2674 1048/2676
f 1047/1176 1048/1177 1049/1178
f 2505/3777 1189/3776 2504/3775
f 668/703 658/692 669/704
f 668/703 615/647 612/644
f 668/703 612/644 658/692
f 704/746 708/750 706/748
f 704/746 632/664 620/652
f 704/746 706/748 632/664
f 42/42 41/41 45/45
f 2529/3802 2530/3803 2532/3806
f 7/1945 937/1944 565/1941
f 7/591 565/589 8/590
f 7/7 8/8 9/9
f 1215/1490 1306/1582 1214/1489
f 1215/1490 1293/1569 1306/1582
f 1215/1490 220/1550 1293/1569
f 2241/3196 2255/3212 2262/3231
f 2241/3196 2262/3231 2246/3201
f 2241/3196 2246/3201 2235/3190
f 22/1951 606/1947 1005/1950
f 22/638 24/637 606/636
f 22/22 23/23 24/24
f 2304/3306 2306/3308 2305/3307
f 2422/3629 146/3632 129/3630
f 2422/3629 129/3630 2418/3631
f 562/1647 564/1651 364/1649
f 562/586 559/580 561/585
f 562/586 561/585 564/588
f 339/1123 1023/1127 1021/1124
f 339/348 340/349 330/339
f 339/1123 1021/1124 340/1125
f 608/1133 1026/1134 1027/1135
f 608/640 603/633 610/642
f 608/1133 610/1136 1026/1134
f 597/627 596/626 584/614
f 597/1654 1344/1655 605/1657
f 597/627 605/635 596/626
f 1795/3633 183/3634 197/3635
f 1795/3633 1794/3636 183/3634
f 2418/3592 129/3593 168/3594
f 2418/4299 168/4337 2698/4301
f 2418/4299 2698/4301 2634/4300
f 2418/4299 2634/4300 2409/4297
f 2418/4299 2409/4297 35/4292
f 129/131 167/169 168/170
f 129/131 132/134 167/169
f 129/131 126/128 132/134
f 129/131 128/130 126/128
f 937/1944 363/1942 565/1941
f 1023/2804 2008/2789 1021/2806
f 669/704 660/694 721/769
f 669/704 658/692 660/694
f 1214/1489 1306/1582 1314/1590
f 2255/3212 1314/3244 2262/3231
f 708/750 719/767 709/751
f 708/750 709/751 706/748
f 1027/2947 1026/2948 2064/2935
f 1005/1950 606/1947 1006/1949
f 1794/3595 211/3596 183/3597
f 1794/2394 1798/2399 211/2401
f 1794/2394 1797/2398 1798/2399
f 1794/2394 31/2393 1797/2398
f 183/185 211/214 210/213
f 183/185 210/213 180/182
f 364/1946 564/1943 363/1942
f 559/580 322/581 560/582
f 559/580 560/582 561/585
f 584/614 585/615 586/616
f 584/614 596/626 585/615
f 1344/1952 1006/1949 605/1948
f 2698/4301 168/4337 167/4302
f 2698/4301 167/4302 2634/4300
f 565/1941 363/1942 564/1943
f 565/589 564/588 561/585
f 565/589 561/585 8/590
f 322/331 323/332 324/333
f 322/581 324/583 560/582
f 741/789 738/786 737/785
f 1314/1590 1306/1582 1319/1597
f 1314/3244 1319/3246 2262/3231
f 2088/2982 735/2963 736/2981
f 586/616 587/617 589/619
f 586/616 585/615 587/617
f 606/1947 605/1948 1006/1949
f 606/636 596/626 605/635
f 606/636 24/637 596/626
f 211/2401 1798/2399 210/2400
f 1798/2399 1797/2398 210/2400
f 323/332 328/337 326/335
f 323/332 326/335 324/333
f 589/619 590/620 594/624
f 589/619 587/617 590/620
f 1799/2405 156/2410 1800/2406
f 1799/2564 1889/2562 156/2561
f 1799/2405 1800/2406 1801/2407
f 1799/2590 1801/2591 1895/2589
f 1799/2590 1895/2589 1889/2587
f 156/2410 176/2408 1800/2406
f 156/158 175/177 176/178
f 156/158 73/75 175/177
f 156/158 71/73 73/75
f 156/158 72/74 71/73
f 156/2561 1889/2562 72/2563
f 1800/2406 176/2408 1801/2407
f 176/2408 177/2409 1801/2407
f 176/178 175/177 177/179
f 1801/3628 177/3627 1895/3622
f 177/179 175/177 178/180
f 177/3627 178/3625 1895/3622
f 1896/3491 109/3494 1890/3495
f 1896/2592 1890/2575 1894/2588
f 1896/3491 108/3493 109/3494
f 1896/3491 1894/3492 108/3493
f 1890/2575 109/2578 81/2576
f 1890/2575 81/2576 1891/2577
f 1890/2575 1891/2577 1894/2588
f 109/111 108/110 81/83
f 1897/3490 1900/3489 1910/3486
f 1897/2593 1899/2595 1900/2596
f 1897/2593 1910/2610 1907/2606
f 1897/2593 1898/2594 1899/2595
f 1897/2593 1907/2606 1898/2594
f 1900/3489 1974/3487 1910/3486
f 1900/2732 1899/2715 1974/2731
f 1910/3486 1974/3487 1907/3488
f 1909/3619 2421/3620 1888/3621
f 1909/3619 2420/3618 2421/3620
f 1909/3619 2419/3616 2420/3618
f 1909/2609 1888/2608 1908/2607
f 1909/3619 1908/3612 2419/3616
f 2421/3620 2420/3618 1885/3617
f 2421/3620 1885/3617 1888/3621
f 2420/3618 2419/3616 1885/3617
f 1888/2558 1885/2555 1887/2557
f 1888/2608 1887/2605 1908/2607
f 1885/3617 2419/3616 1968/3615
f 1885/2746 1968/2723 1964/2714
f 1885/2746 1964/2714 1886/2728
f 1885/2555 1886/2556 1887/2557
f 175/177 74/76 178/180
f 175/177 73/75 74/76
f 178/3625 74/3623 1895/3622
f 1895/3622 74/3623 1894/3624
f 1895/2589 1894/2588 1889/2587
f 108/110 66/68 81/83
f 108/3601 1894/3602 66/3603
f 81/2576 78/2579 1891/2577
f 81/83 66/68 78/80
f 1891/2577 1892/2580 1894/2588
f 1891/2577 78/2579 1892/2580
f 2007/2788 2008/2789 2006/2787
f 2007/2788 737/2825 2008/2789
f 2063/2934 2062/2933 2064/2935
f 2063/2934 2064/2935 735/2963
f 1898/2594 1901/2597 1899/2595
f 1898/2594 1907/2606 1902/2598
f 1898/2594 1902/2598 1901/2597
f 1899/2715 1961/2707 1974/2731
f 1899/2715 1901/2712 1961/2707
f 1974/3598 1961/3599 1907/3600
f 1908/3612 1968/3615 2419/3616
f 1908/3612 1961/3614 1968/3615
f 1908/3612 1907/3613 1961/3614
f 1908/2607 1887/2605 1907/2606
f 8/1172 561/1171 1035/1153
f 2534/3808 2535/3809 2538/3812
f 2534/3808 2532/3806 2535/3809
f 73/75 66/68 74/76
f 73/75 71/73 66/68
f 74/3623 66/3626 1894/3624
f 1968/2723 1961/2707 1964/2714
f 2308/3310 2313/3315 2310/3312
f 2308/3310 2310/3312 2306/3308
f 24/1196 1049/1178 596/1195
f 71/73 64/66 66/68
f 71/73 72/74 64/66
f 1894/2588 1892/2580 1889/2587
f 721/769 670/705 738/786
f 721/769 660/694 670/705
f 719/767 736/784 715/763
f 719/767 715/763 709/751
f 1907/2606 1887/2605 1902/2598
f 1964/2714 1961/2707 1767/2706
f 1964/2714 1767/2706 1886/2728
f 66/68 77/79 78/80
f 66/68 64/66 57/59
f 66/68 76/78 77/79
f 66/68 70/72 76/78
f 66/68 57/59 70/72
f 1961/2707 1901/2712 1963/2710
f 1961/2707 1953/2698 1767/2706
f 1961/2707 1963/2710 1904/2709
f 1961/2707 1904/2709 1962/2708
f 1961/2707 1962/2708 1953/2698
f 2538/3812 2535/3809 2537/3811
f 2313/3315 2312/3314 2310/3312
f 737/785 738/786 723/771
f 737/785 723/771 341/690
f 737/2825 1022/2814 2008/2789
f 737/1416 341/1417 1022/1418
f 735/783 722/770 736/784
f 735/783 611/643 722/770
f 735/2963 2064/2935 1028/2958
f 735/1413 1028/1414 611/1415
f 561/1171 1037/1156 1035/1153
f 561/1171 1043/1170 1037/1156
f 561/1935 577/1936 1043/1937
f 561/585 576/606 577/607
f 561/585 574/604 576/606
f 561/585 573/603 574/604
f 561/585 560/582 573/603
f 617/649 616/648 615/647
f 617/649 620/652 616/648
f 596/1195 1049/1178 1051/1180
f 596/1195 1051/1180 1060/1194
f 596/1938 1060/1939 798/1940
f 596/858 798/863 797/862
f 596/858 797/862 794/859
f 596/858 794/859 795/860
f 596/858 795/860 585/865
f 167/4008 132/4006 2634/4005
f 612/644 615/647 613/645
f 612/644 614/646 658/692
f 612/644 613/645 614/646
f 615/647 616/648 613/645
f 620/652 632/664 621/653
f 620/652 621/653 616/648
f 632/664 706/748 630/662
f 632/664 630/662 621/653
f 210/4012 1797/4009 180/4011
f 2634/4005 132/4006 2409/4007
f 1797/4009 31/4010 180/4011
f 2409/3572 132/3573 163/3574
f 2409/3572 163/3574 2410/3575
f 2409/4297 2410/4338 2697/4298
f 2409/4297 2697/4298 2695/4293
f 2409/4297 2695/4293 35/4292
f 132/134 149/151 163/165
f 132/134 133/135 149/151
f 132/134 126/128 133/135
f 658/692 641/673 660/694
f 658/692 614/646 640/672
f 658/692 640/672 641/673
f 1293/1569 1315/1591 1306/1582
f 1293/1569 1295/1571 1315/1591
f 1293/1569 220/1550 1295/1571
f 2246/3201 2262/3231 2269/3240
f 2246/3201 2269/3240 2252/3208
f 2246/3201 2252/3208 2235/3190
f 706/748 709/751 682/718
f 706/748 673/708 630/662
f 706/748 682/718 673/708
f 180/3576 31/3577 208/3578
f 180/182 208/211 194/197
f 180/182 194/197 181/183
f 31/3577 2411/3579 208/3578
f 31/4440 2633/4443 2411/4444
f 31/4440 2416/4438 2633/4443
f 2410/4338 163/4341 149/4329
f 2410/4338 149/4329 2697/4298
f 72/2563 1889/2562 64/2565
f 1889/2587 1892/2580 1893/2581
f 1889/2562 1108/2566 64/2565
f 1889/2587 1893/2581 1108/2586
f 738/786 670/705 723/771
f 736/784 722/770 715/763
f 1887/2557 1886/2556 1767/2559
f 1887/2605 1903/2599 1902/2598
f 1887/2557 1767/2559 1128/2560
f 1887/2605 1128/2604 1903/2599
f 208/4453 2411/4444 194/4452
f 2411/4444 2633/4443 194/4452
f 1892/2580 78/2579 1893/2581
f 78/3556 77/3557 1893/3558
f 1306/1582 1315/1591 1319/1597
f 2262/3231 1319/3246 2269/3240
f 1901/2597 1902/2598 1903/2599
f 1901/3553 1903/3554 1963/3555
f 2532/3806 2533/3807 2535/3809
f 2532/3806 2530/3803 2533/3807
f 2306/3308 2310/3312 2307/3309
f 2306/3308 2307/3309 2305/3307
f 127/129 126/128 128/130
f 127/1154 1035/1153 1037/1156
f 127/129 125/127 126/128
f 127/1154 1037/1156 125/1157
f 1108/2288 68/2290 64/2292
f 1108/2288 1106/2289 68/2290
f 1108/2586 1893/2581 1109/2582
f 1108/1271 1109/1272 1107/1270
f 1108/1271 1107/1270 1106/1269
f 1319/1597 1315/1591 1323/1602
f 1319/3246 1323/3250 2269/3240
f 1128/2283 1767/2287 1765/2284
f 1128/2283 1765/2284 1126/2285
f 1128/2604 1129/2600 1903/2599
f 1128/1296 1127/1295 1129/1297
f 1128/1296 1126/1294 1127/1295
f 1951/2674 1950/2673 1048/2676
f 1048/1177 1051/1180 1049/1178
f 1048/2676 1950/2673 1052/2677
f 1048/1177 1052/1181 1051/1180
f 68/70 65/67 64/66
f 68/2290 1106/2289 65/2291
f 64/66 65/67 63/65
f 64/66 63/65 57/59
f 1767/2706 1766/2721 1765/2722
f 1767/2706 1960/2705 1766/2721
f 1767/2706 1953/2698 1960/2705
f 1765/2284 1766/2286 1126/2285
f 1893/3646 77/3647 82/3648
f 1893/2581 82/2585 79/2583
f 1893/2581 79/2583 1109/2582
f 82/84 77/79 79/81
f 660/694 647/679 670/705
f 660/694 641/673 647/679
f 709/751 715/763 693/729
f 709/751 693/729 682/718
f 1903/3643 1906/3644 1963/3645
f 1903/2599 1905/2602 1906/2603
f 1903/2599 1129/2600 1905/2602
f 1906/2719 1905/2711 1963/2710
f 77/79 76/78 79/81
f 1963/2710 1905/2711 1904/2709
f 2535/3809 2533/3807 2537/3811
f 2310/3312 2312/3314 2307/3309
f 1109/2582 79/2583 76/2584
f 1109/3499 76/3500 1107/3501
f 1129/2600 1904/2601 1905/2602
f 1129/3496 1127/3497 1904/3498
f 330/339 340/349 338/347
f 330/339 331/340 328/337
f 330/339 338/347 331/340
f 603/633 609/641 610/642
f 603/633 594/624 604/634
f 603/633 604/634 609/641
f 149/4329 133/4328 2697/4298
f 194/4004 2633/4001 181/4003
f 2697/4298 133/4328 2695/4293
f 65/3515 1106/3516 63/3517
f 1106/1269 1107/1270 1104/1267
f 1106/4406 1105/4401 63/4403
f 1106/1269 1104/1267 1105/1268
f 1126/3512 1766/3513 1960/3514
f 1126/1294 1124/1292 1127/1295
f 1126/4380 1960/4376 1125/4378
f 1126/1294 1125/1293 1124/1292
f 2633/4001 2416/4002 181/4003
f 2695/4369 133/4370 147/4367
f 2695/4369 147/4367 2696/4366
f 2695/4293 2696/4295 2631/4294
f 2695/4293 2631/4294 13/4288
f 2695/4293 13/4288 35/4292
f 133/135 135/137 147/149
f 133/135 134/136 135/137
f 133/135 126/128 97/99
f 133/135 97/99 134/136
f 2537/3811 2533/3807 2531/3804
f 2537/3811 2531/3804 237/3805
f 640/672 614/646 626/658
f 640/672 639/671 641/673
f 640/672 626/658 638/670
f 640/672 638/670 639/671
f 673/708 631/663 630/662
f 673/708 682/718 681/717
f 673/708 667/702 631/663
f 673/708 681/717 667/702
f 2312/3314 2311/3313 2307/3309
f 2312/3314 246/3317 2311/3313
f 181/3588 2416/3589 1937/3590
f 181/2655 1937/2658 1935/2656
f 181/2655 1935/2656 1936/2657
f 2416/3589 2417/3591 1937/3590
f 2416/4438 2632/4439 2417/4466
f 2416/4438 16/4433 2632/4439
f 2530/3803 2531/3804 2533/3807
f 670/705 661/695 723/771
f 670/705 647/679 661/695
f 1295/1571 1321/1600 1315/1591
f 1295/1571 1307/1583 1321/1600
f 1295/1571 220/1550 1307/1583
f 2252/3208 2269/3240 2273/3245
f 2252/3208 2273/3245 2256/3223
f 2252/3208 2256/3223 2235/3190
f 715/763 722/770 710/752
f 715/763 710/752 693/729
f 2305/3307 2307/3309 2311/3313
f 2696/4366 147/4367 135/4368
f 2696/4295 135/4296 2631/4294
f 1107/3652 76/3653 83/3654
f 1107/1270 83/1275 80/1274
f 1107/1270 80/1274 1104/1267
f 83/85 76/78 80/82
f 340/1125 1021/1124 1022/1126
f 340/349 341/350 338/347
f 340/1125 1022/1126 341/1129
f 610/1136 1028/1137 1026/1134
f 610/642 609/641 611/643
f 610/1136 611/1139 1028/1137
f 1127/3649 1132/3650 1904/3651
f 1127/1295 1131/1299 1132/1300
f 1127/1295 1124/1292 1131/1299
f 1132/2720 1131/2713 1904/2709
f 1937/4468 2417/4466 1935/4467
f 2417/4466 2632/4439 1935/4467
f 1105/4401 2709/4402 63/4403
f 1105/4401 1103/4405 2709/4402
f 1105/1268 1104/1267 1103/1266
f 63/4403 2709/4402 62/4404
f 63/65 62/64 57/59
f 76/78 70/72 80/82
f 1021/2806 2008/2789 1022/2814
f 614/646 613/645 618/650
f 614/646 618/650 626/658
f 613/645 616/648 619/651
f 613/645 619/651 618/650
f 616/648 621/653 619/651
f 621/653 630/662 622/654
f 621/653 622/654 619/651
f 630/662 631/663 622/654
f 1026/2948 1028/2958 2064/2935
f 1904/2709 1131/2713 1962/2708
f 1960/4376 2705/4377 1125/4378
f 1960/4376 1959/4381 2705/4377
f 1960/2705 1953/2698 1959/2704
f 1125/4378 2705/4377 1123/4379
f 1125/1293 1123/1291 1124/1292
f 1189/1433 36/1430 35/1434
f 1189/3776 554/3774 2504/3775
f 1189/1433 35/1434 554/1435
f 2709/4402 1103/4405 62/4404
f 2705/4377 1959/4381 1123/4379
f 45/1424 21/1425 20/1420
f 45/45 41/41 47/47
f 45/1424 47/1426 21/1425
f 1103/1266 1104/1267 115/1262
f 1103/4405 1102/4407 62/4404
f 1103/1266 115/1262 1102/1265
f 1315/1591 1321/1600 1323/1602
f 2269/3240 1323/3250 2273/3245
f 1123/1291 1119/1287 1124/1292
f 1123/4379 1959/4381 1122/4382
f 1123/1291 1122/1290 1119/1287
f 1104/1267 80/1274 115/1262
f 80/82 70/72 115/117
f 1124/1292 1119/1287 1131/1299
f 1131/2713 1119/2738 1962/2708
f 1102/4407 1101/4410 2710/4408
f 1102/1265 115/1262 1101/1264
f 1102/4407 2710/4408 62/4404
f 723/771 661/695 341/690
f 641/673 645/677 647/679
f 641/673 639/671 645/677
f 1323/1602 1321/1600 1325/1605
f 1323/3250 1325/3252 2273/3245
f 682/718 693/729 692/728
f 682/718 692/728 681/717
f 722/770 611/643 710/752
f 1122/4382 2706/4383 1121/4385
f 1122/1290 1121/1289 1119/1287
f 1122/4382 1959/4381 2706/4383
f 2504/3775 554/3774 2503/3773
f 1101/4410 1100/4411 61/4409
f 1101/1264 115/1262 1100/1263
f 1101/4410 61/4409 2710/4408
f 1121/1289 1120/1288 1119/1287
f 1121/4385 1957/4384 1120/4386
f 1121/4385 2706/4383 1957/4384
f 41/41 39/39 47/47
f 1100/4411 1099/4413 179/4412
f 1100/1263 115/1262 1099/1261
f 1100/4411 179/4412 61/4409
f 1120/1288 1118/1286 1119/1287
f 1120/4386 1978/4387 1118/4388
f 1120/4386 1957/4384 1978/4387
f 62/4404 2710/4408 61/4409
f 62/64 61/63 57/59
f 1959/4381 1957/4384 2706/4383
f 1959/2704 1953/2698 1957/2702
f 1099/4413 1098/4415 60/4414
f 1099/1261 114/1256 1098/1260
f 1099/1261 115/1262 114/1256
f 1099/4413 60/4414 179/4412
f 1118/4388 1956/4389 1117/4390
f 1118/1286 1117/1285 1113/1281
f 1118/1286 1113/1281 1119/1287
f 1118/4388 1978/4387 1956/4389
f 1098/4415 1096/4417 2711/4416
f 1098/1260 114/1256 1096/1255
f 1098/4415 2711/4416 60/4414
f 1117/1285 1112/1280 1113/1281
f 1117/4390 2707/4391 1112/4393
f 1117/4390 1956/4389 2707/4391
f 1096/4417 1097/4419 59/4418
f 1096/1255 15/1252 1097/1257
f 1096/4417 59/4418 2711/4416
f 1096/1255 114/1256 15/1252
f 61/63 179/181 60/62
f 61/63 60/62 57/59
f 328/337 331/340 326/335
f 115/117 70/72 114/116
f 626/658 624/656 638/670
f 626/658 618/650 624/656
f 631/663 667/702 625/657
f 631/663 625/657 622/654
f 1119/2738 1113/2737 1962/2708
f 594/624 590/620 604/634
f 1957/2702 1956/2701 1978/2748
f 1957/2702 1953/2698 1956/2701
f 1112/4393 1955/4392 1114/4394
f 1112/1280 1114/1282 17/1278
f 1112/1280 17/1278 1113/1281
f 1112/4393 2707/4391 1955/4392
f 1097/4419 1095/4421 2712/4420
f 1097/1257 15/1252 1095/1254
f 1097/4419 2712/4420 59/4418
f 1114/4394 2708/4395 1111/4397
f 1114/1282 1111/1279 17/1278
f 1114/4394 1955/4392 2708/4395
f 135/3984 134/3982 2631/3981
f 1095/4421 1094/4423 58/4422
f 1095/1254 15/1252 1094/1251
f 1095/4421 58/4422 2712/4420
f 60/4414 2711/4416 59/4418
f 60/62 59/61 57/59
f 638/670 637/669 639/671
f 638/670 624/656 637/669
f 667/702 681/717 680/716
f 667/702 680/716 625/657
f 1956/4389 1955/4392 2707/4391
f 1956/2701 1953/2698 1955/2700
f 1111/4397 1954/4396 1110/4398
f 1111/1279 1110/1276 17/1278
f 1111/4397 2708/4395 1954/4396
f 1935/3988 2632/3985 1936/3987
f 2631/3981 134/3982 13/3983
f 1094/4423 14/4424 58/4422
f 1094/1251 15/1252 14/1253
f 114/116 70/72 113/115
f 114/1256 113/1258 15/1252
f 647/679 657/689 661/695
f 647/679 645/677 657/689
f 693/729 710/752 696/733
f 693/729 696/733 692/728
f 1113/1281 17/1278 1115/1283
f 1113/2737 1115/2736 1962/2708
f 1110/4398 1954/4396 18/4399
f 1110/1276 18/1277 17/1278
f 2632/3985 16/3986 1936/3987
f 125/127 121/123 126/128
f 125/1157 1037/1156 1038/1158
f 125/1157 1038/1158 124/1165
f 125/127 124/126 121/123
f 126/128 121/123 97/99
f 13/3567 134/3568 56/3569
f 13/3567 56/3569 14/3570
f 13/13 14/14 15/15
f 13/4343 15/4346 2414/4344
f 13/4288 552/4291 35/4292
f 13/4288 548/4290 552/4291
f 13/4288 551/4289 548/4290
f 13/4288 555/4275 551/4289
f 13/4343 2414/4344 1747/4345
f 13/4288 1747/4283 555/4275
f 134/136 97/99 56/56
f 59/4418 2712/4420 58/4422
f 59/61 58/60 57/59
f 1307/1583 1324/1603 1321/1600
f 1307/1583 220/1550 1309/1585
f 1307/1583 1309/1585 1324/1603
f 2256/3436 2273/3444 2384/3443
f 2256/3436 2374/3418 2235/3347
f 2256/3436 2384/3443 2374/3418
f 1955/4392 1954/4396 2708/4395
f 1955/2700 1953/2698 1954/2699
f 1936/2830 16/2831 25/2832
f 16/2831 18/2834 25/2832
f 16/16 17/17 18/18
f 16/4481 1946/4483 17/4484
f 16/4433 21/4437 558/4436
f 16/4433 558/4436 556/4435
f 16/4433 556/4435 557/4434
f 16/4433 557/4434 52/4432
f 16/4481 1743/4482 1946/4483
f 16/4433 52/4432 1743/4426
f 1950/2673 26/2680 1052/2677
f 1950/2673 27/2672 26/2680
f 1052/1181 1053/1182 1051/1180
f 1052/1181 1057/1189 1053/1182
f 1052/2677 26/2680 1057/2681
f 56/3569 58/3571 14/3570
f 56/56 57/59 58/60
f 56/56 97/99 96/98
f 56/56 96/98 95/97
f 56/56 95/97 75/77
f 56/56 11/57 10/58
f 56/56 10/58 57/59
f 56/56 75/77 11/57
f 1954/4396 25/4400 18/4399
f 1954/2699 1953/2698 25/2671
f 25/25 26/26 27/27
f 25/2671 878/2684 26/2680
f 25/2671 880/2685 878/2684
f 25/2671 1952/2686 880/2685
f 25/2671 28/2696 30/2687
f 25/2671 1953/2698 28/2696
f 25/2671 30/2687 1952/2686
f 1037/1156 1043/1170 1038/1158
f 1051/1180 1053/1182 1060/1194
f 1321/1600 1324/1603 1325/1605
f 2273/3444 1325/3449 2384/3443
f 338/347 333/342 331/340
f 338/701 341/690 342/691
f 338/347 342/351 333/342
f 618/650 619/651 623/655
f 618/650 623/655 624/656
f 622/654 623/655 619/651
f 622/654 625/657 623/655
f 609/641 604/634 602/632
f 609/641 697/735 611/643
f 609/641 602/632 697/735
f 661/695 657/689 341/690
f 1325/1605 1324/1603 1327/1607
f 1325/3449 1327/3450 2384/3443
f 710/752 611/643 696/733
f 639/671 644/676 645/677
f 639/671 637/669 644/676
f 681/717 692/728 688/724
f 681/717 688/724 680/716
f 70/72 112/114 113/115
f 70/72 111/113 112/114
f 70/72 92/94 111/113
f 70/72 57/59 92/94
f 15/1252 113/1258 112/1259
f 15/1252 112/1259 111/1273
f 15/4346 111/4355 92/4349
f 15/4346 92/4349 2704/4348
f 15/4346 2704/4348 2414/4344
f 17/1278 1116/1284 1115/1283
f 17/1278 1130/1298 1116/1284
f 17/4484 1965/4486 1130/4494
f 17/4484 2715/4485 1965/4486
f 17/4484 1946/4483 2715/4485
f 1962/2708 1115/2736 1116/2735
f 1962/2708 1116/2735 1130/2734
f 1962/2708 1130/2734 1965/2716
f 1962/2708 1965/2716 1953/2698
f 2507/3780 2503/3773 760/3768
f 2507/3780 760/3768 2508/3781
f 2507/3780 2508/3781 2528/3801
f 37/3288 2288/3287 43/3316
f 37/37 38/38 39/39
f 37/37 43/43 38/38
f 2528/3801 2508/3781 2531/3804
f 2288/3287 2311/3313 43/3316
f 220/3846 2569/3843 1309/3917
f 1309/1585 1329/1609 1324/1603
f 1309/3917 2569/3843 2624/3929
f 1309/3917 2624/3929 1330/3934
f 1309/1585 1330/1610 1329/1609
f 2374/3418 2332/3344 2235/3347
f 2374/3418 2384/3443 2385/3448
f 2374/3418 2382/3438 2332/3344
f 2374/3418 2383/3441 2382/3438
f 2374/3418 2385/3448 2383/3441
f 2531/3804 2508/3781 237/3805
f 645/677 646/678 657/689
f 645/677 644/676 646/678
f 692/728 696/733 691/727
f 692/728 691/727 688/724
f 2311/3313 246/3317 43/3316
f 331/340 333/342 326/335
f 624/656 623/655 627/659
f 624/656 636/668 637/669
f 624/656 627/659 636/668
f 625/657 629/661 623/655
f 625/657 680/716 679/715
f 625/657 679/715 629/661
f 604/634 590/620 602/632
f 1324/1603 1332/1613 1327/1607
f 1324/1603 1329/1609 1332/1613
f 2384/3443 1327/3450 2391/3469
f 2384/3443 2391/3469 2385/3448
f 1327/3450 1332/3473 2392/3471
f 1327/3450 2392/3471 2391/3469
f 657/689 656/688 341/690
f 657/689 646/678 656/688
f 623/655 628/660 627/659
f 623/655 629/661 628/660
f 696/733 611/643 695/732
f 696/733 695/732 691/727
f 637/669 643/675 644/676
f 637/669 636/668 643/675
f 680/716 688/724 686/722
f 680/716 686/722 679/715
f 2569/3843 237/3805 2624/3929
f 2332/3344 2382/3438 246/3317
f 341/690 656/688 342/691
f 611/643 697/735 695/732
f 342/351 343/352 333/342
f 342/691 656/688 344/731
f 342/351 344/353 343/352
f 697/735 602/632 701/742
f 697/735 698/736 695/732
f 697/735 701/742 698/736
f 644/676 648/680 646/678
f 644/676 643/675 648/680
f 628/660 664/698 627/659
f 628/660 629/661 666/700
f 628/660 665/699 664/698
f 628/660 666/700 665/699
f 688/724 691/727 689/725
f 688/724 689/725 686/722
f 333/342 343/352 334/343
f 333/342 334/343 326/335
f 627/659 642/674 636/668
f 627/659 664/698 642/674
f 629/661 679/715 676/711
f 629/661 676/711 666/700
f 602/632 600/630 701/742
f 602/632 590/620 600/630
f 237/3805 238/3942 2624/3929
f 237/240 235/238 238/241
f 237/240 230/233 235/238
f 237/240 231/234 230/233
f 237/3805 2508/3781 2509/3782
f 237/3805 2617/3908 231/3911
f 237/3805 1088/3906 2617/3908
f 237/3805 2509/3782 2614/3904
f 237/3805 2614/3904 2615/3905
f 237/3805 2615/3905 1088/3906
f 636/668 649/681 643/675
f 636/668 642/674 649/681
f 679/715 686/722 684/720
f 679/715 684/720 676/711
f 246/3317 2382/3438 247/3447
f 246/249 247/250 244/247
f 246/249 244/247 239/242
f 246/249 239/242 241/244
f 246/3317 44/3386 43/3316
f 246/3317 241/3412 2368/3406
f 246/3317 2368/3406 1092/3404
f 246/3317 2365/3402 44/3386
f 246/3317 2366/3403 2365/3402
f 246/3317 1092/3404 2366/3403
f 92/4349 94/4353 2704/4348
f 92/94 93/95 94/96
f 92/94 57/59 93/95
f 646/678 651/683 656/688
f 646/678 648/680 651/683
f 691/727 695/732 690/726
f 691/727 690/726 689/725
f 1965/4486 2715/4485 1967/4487
f 1965/2716 1967/2718 1966/2717
f 1965/2716 1966/2717 1953/2698
f 2624/3929 238/3942 1330/3934
f 2382/3438 2383/3441 247/3447
f 643/675 650/682 648/680
f 643/675 649/681 650/682
f 686/722 689/725 687/723
f 686/722 687/723 684/720
f 124/1165 1038/1158 1042/1166
f 124/126 123/125 121/123
f 124/1165 1042/1166 123/1167
f 656/688 234/712 344/731
f 656/688 654/686 234/712
f 656/688 651/683 654/686
f 695/732 698/736 243/737
f 695/732 243/737 694/730
f 695/732 694/730 690/726
f 1057/1189 1058/1190 1053/1182
f 1057/2681 26/2680 1059/2682
f 1057/1189 1059/1191 1058/1190
f 1038/1158 1043/1170 1042/1166
f 343/352 344/353 334/343
f 235/238 230/233 234/237
f 235/1789 234/1790 654/1782
f 235/3468 1450/3466 238/3467
f 235/1789 654/1782 1450/1781
f 244/3472 247/3447 1195/3452
f 244/247 243/246 239/242
f 244/1451 694/1443 243/1452
f 244/1451 1195/1446 694/1443
f 701/742 600/630 698/736
f 1053/1182 1058/1190 1060/1194
f 35/568 553/567 554/569
f 35/568 552/566 553/567
f 554/3774 553/3772 2503/3773
f 344/731 234/712 232/734
f 344/731 232/734 712/754
f 344/731 712/754 334/755
f 698/736 240/738 243/737
f 698/736 699/739 240/738
f 698/736 600/630 699/739
f 47/578 49/576 21/577
f 47/47 39/39 49/49
f 21/577 49/576 558/575
f 2503/3773 553/3772 760/3768
f 234/237 230/233 232/235
f 238/3942 1334/3943 1330/3934
f 238/3467 1450/3466 1334/3455
f 247/3447 2383/3441 2386/3451
f 247/3447 2386/3451 1195/3452
f 243/246 240/243 239/242
f 39/39 38/38 49/49
f 648/680 650/682 651/683
f 689/725 690/726 687/723
f 94/4353 101/4354 2704/4348
f 94/96 93/95 101/103
f 1967/4487 2715/4485 1970/4488
f 1967/2718 1970/2726 1966/2717
f 2704/4348 101/4354 102/4356
f 2704/4348 102/4356 104/4357
f 2704/4348 104/4357 116/4358
f 2704/4348 116/4358 117/4359
f 2704/4348 117/4359 118/4352
f 2704/4348 118/4352 159/4351
f 2704/4348 159/4351 2415/4350
f 2704/4348 2415/4350 2414/4344
f 230/233 231/234 232/235
f 232/734 233/758 712/754
f 232/235 231/234 233/236
f 1330/1610 1334/1615 1329/1609
f 2383/3441 2385/3448 2386/3451
f 239/242 240/243 241/244
f 240/738 699/739 242/741
f 240/243 242/245 241/244
f 2715/4485 1971/4490 1970/4488
f 2715/4485 1972/4491 1971/4490
f 2715/4485 1975/4492 1972/4491
f 2715/4485 1976/4497 1975/4492
f 2715/4485 1977/4496 1976/4497
f 2715/4485 1949/4495 1977/4496
f 2715/4485 1947/4493 1949/4495
f 2715/4485 1946/4483 1947/4493
f 123/125 122/124 121/123
f 123/1167 1042/1166 122/1168
f 121/123 96/98 97/99
f 121/123 122/124 96/98
f 552/566 550/564 553/567
f 552/566 548/562 550/564
f 553/3772 550/3771 760/3768
f 760/3768 550/3771 549/3769
f 760/3768 549/3769 555/3770
f 760/3768 2509/3782 2508/3781
f 760/820 555/818 756/815
f 760/4035 756/4036 2509/4037
f 651/683 653/685 654/686
f 651/683 650/682 652/684
f 651/683 652/684 653/685
f 665/699 672/707 664/698
f 665/699 666/700 672/707
f 690/726 694/730 685/721
f 690/726 683/719 687/723
f 690/726 685/721 683/719
f 38/38 50/50 49/49
f 38/38 51/51 50/50
f 38/38 52/52 51/51
f 38/38 43/43 44/44
f 38/3980 2380/3978 52/3979
f 38/3470 44/3386 2380/3426
f 49/576 50/571 558/575
f 558/575 50/571 556/573
f 26/2680 879/2683 1059/2682
f 26/2680 878/2684 879/2683
f 1059/1191 879/1192 1058/1190
f 101/103 93/95 102/104
f 1450/1781 654/1782 1451/1783
f 1450/3466 1451/3456 1334/3455
f 664/698 663/697 642/674
f 664/698 672/707 663/697
f 666/700 676/711 674/709
f 666/700 674/709 672/707
f 1195/1446 1194/1444 694/1443
f 1195/3452 2386/3451 1194/3453
f 1970/2726 1971/2727 1966/2717
f 1042/1166 1043/1170 577/1169
f 1042/1166 577/1169 122/1168
f 1060/1194 1058/1190 798/1193
f 1058/1190 879/1192 798/1193
f 654/1782 653/1784 1451/1783
f 642/674 659/693 649/681
f 642/674 663/697 659/693
f 676/711 684/720 677/713
f 676/711 677/713 674/709
f 694/1443 1194/1444 685/1445
f 1790/4033 2636/4031 1791/4030
f 1790/2379 1791/2380 122/2381
f 1790/4033 577/4034 2636/4031
f 1790/2379 122/2381 577/2382
f 577/4034 2399/4032 2636/4031
f 577/3511 881/3508 2399/3510
f 577/970 576/963 881/962
f 548/562 549/563 550/564
f 548/562 551/565 549/563
f 50/571 51/572 556/573
f 556/573 51/572 557/574
f 798/2378 879/2376 1788/2375
f 798/4029 1788/4028 2635/4027
f 798/4029 2635/4027 2398/4026
f 798/3506 2398/3505 877/3503
f 798/961 877/953 797/955
f 1788/2375 879/2376 1789/2377
f 1788/4028 1789/4025 2635/4027
f 1791/4030 2636/4031 2399/4032
f 1791/3507 881/3508 122/3509
f 1791/3507 2399/3510 881/3508
f 122/965 881/962 96/964
f 102/104 93/95 104/106
f 1334/1615 1333/1614 1329/1609
f 1334/3455 1451/3456 1333/3457
f 649/681 652/684 650/682
f 649/681 659/693 652/684
f 684/720 687/723 683/719
f 684/720 683/719 677/713
f 2386/3451 2385/3448 2387/3454
f 2386/3451 2387/3454 1194/3453
f 1971/2727 1972/2729 1966/2717
f 879/3502 877/3503 1789/3504
f 879/956 878/954 877/953
f 1789/4025 2398/4026 2635/4027
f 1789/3504 877/3503 2398/3505
f 881/962 576/963 96/964
f 877/953 878/954 797/955
f 93/95 116/118 104/106
f 93/95 117/119 116/118
f 93/95 118/120 117/119
f 93/95 159/161 118/120
f 93/95 160/162 159/161
f 93/95 99/101 160/162
f 93/95 57/59 99/101
f 1972/2729 1975/2739 1966/2717
f 1966/2717 1975/2739 1976/2740
f 1966/2717 1976/2740 1977/2741
f 1966/2717 1977/2741 1949/2670
f 1966/2717 1949/2670 1948/2669
f 1966/2717 1948/2669 1942/2663
f 1966/2717 1942/2663 1953/2698
f 1329/1609 1333/1614 1332/1613
f 2385/3448 2391/3469 2387/3454
f 652/684 655/687 653/685
f 652/684 659/693 655/687
f 683/719 685/721 678/714
f 683/719 678/714 677/713
f 1451/1783 653/1784 1452/1785
f 1451/3456 1452/3458 1333/3457
f 1194/1444 1196/1447 685/1445
f 1194/3453 2387/3454 1196/3465
f 653/1784 655/1786 1452/1785
f 1332/3473 1333/3457 2388/3459
f 1332/3473 2388/3459 2392/3471
f 2391/3469 2392/3471 2390/3464
f 2391/3469 2390/3464 2387/3454
f 685/1445 1196/1447 678/1448
f 549/563 551/565 555/570
f 1333/3457 1452/3458 2388/3459
f 2392/3471 2388/3459 2389/3461
f 2392/3471 2389/3461 2390/3464
f 2387/3454 2390/3464 1196/3465
f 51/572 52/579 557/574
f 96/964 576/963 583/966
f 96/964 583/966 95/967
f 659/693 663/697 662/696
f 659/693 662/696 655/687
f 677/713 675/710 674/709
f 677/713 678/714 675/710
f 878/954 803/957 797/955
f 878/954 880/958 803/957
f 2388/3459 1452/3458 1192/3460
f 2388/3459 1192/3460 2389/3461
f 2390/3464 2389/3461 1193/3463
f 2390/3464 1193/3463 1196/3465
f 576/606 574/604 583/613
f 159/3587 160/3585 2415/3586
f 663/697 672/707 671/706
f 663/697 671/706 662/696
f 672/707 674/709 671/706
f 674/709 675/710 671/706
f 1949/2670 1947/2668 1948/2669
f 797/862 803/871 794/859
f 1452/1785 655/1786 1192/1787
f 2389/3461 1192/3460 1191/3462
f 2389/3461 1191/3462 1193/3463
f 1196/1447 1193/1449 678/1448
f 655/1786 662/1788 1192/1787
f 678/1448 1193/1449 675/1450
f 160/3585 2414/3584 2415/3586
f 160/3585 99/3580 2414/3584
f 1947/2668 1946/2667 1948/2669
f 1948/2669 1946/2667 1942/2663
f 2414/3584 99/3580 2412/3582
f 2414/4344 2412/4347 1747/4345
f 1192/1440 662/1437 1191/1439
f 1193/1442 1191/1439 675/1441
f 1946/2667 1943/2664 1942/2663
f 1946/4483 1743/4482 1943/4489
f 662/1437 671/1438 1191/1439
f 675/1441 1191/1439 671/1438
f 99/3580 106/3581 2412/3582
f 99/101 57/59 106/108
f 1942/2663 1943/2664 1944/2665
f 1942/2663 1944/2665 1953/2698
f 2412/3582 106/3581 2413/3583
f 2412/4347 2413/4361 2042/4360
f 2412/4347 2042/4360 1747/4345
f 1943/2664 1945/2666 1944/2665
f 1943/4489 2041/4498 1945/4499
f 1943/4489 1743/4482 2041/4498
f 2413/4361 106/4362 2042/4360
f 1945/4499 2041/4498 1944/4500
f 106/4362 57/4363 2042/4360
f 1944/4500 2041/4498 1953/4501
f 95/967 583/966 105/968
f 95/97 105/107 75/77
f 880/958 785/959 803/957
f 880/2685 1952/2686 785/2697
f 573/603 575/605 574/604
f 573/603 578/608 575/605
f 573/603 560/582 579/609
f 573/603 579/609 578/608
f 795/860 794/859 796/861
f 795/860 796/861 799/864
f 795/860 800/866 585/865
f 795/860 799/864 800/866
f 574/604 578/608 583/613
f 574/604 575/605 578/608
f 794/859 803/871 799/864
f 794/859 799/864 796/861
f 583/613 578/608 567/595
f 583/966 567/969 105/968
f 803/871 787/851 799/864
f 803/957 785/959 787/960
f 10/10 11/11 12/12
f 10/3539 12/3540 69/3541
f 10/58 69/71 67/69
f 10/58 67/69 57/59
f 28/28 29/29 30/30
f 28/3536 1973/3537 29/3538
f 28/2696 1969/2724 1973/2730
f 28/2696 1953/2698 1969/2724
f 2042/2905 12/2902 1764/2904
f 2042/2893 69/2894 12/2895
f 2042/2905 1764/2904 1745/2906
f 2042/2905 1745/2906 1747/2907
f 2042/4360 67/4364 69/4365
f 2042/4360 57/4363 67/4364
f 12/2902 11/2903 1764/2904
f 2041/2899 1763/2897 29/2896
f 2041/2890 29/2891 1973/2892
f 2041/2899 1742/2900 1763/2897
f 2041/2899 1743/2901 1742/2900
f 2041/4498 1973/4503 1969/4502
f 2041/4498 1969/4502 1953/4501
f 29/2896 1763/2897 30/2898
f 1745/3658 1764/3659 1746/3660
f 1745/2246 1746/2247 1747/2248
f 1764/2282 11/2279 1746/2281
f 1742/3655 1744/3656 1763/3657
f 1742/2243 1743/2244 1744/2245
f 1763/2278 1744/2276 30/2275
f 11/2279 1747/2280 1746/2281
f 11/4287 103/4286 1747/4283
f 11/57 84/86 103/105
f 11/57 75/77 84/86
f 30/2275 1744/2276 1743/2277
f 30/4425 1743/4426 1938/4427
f 30/2687 1938/2659 1940/2661
f 30/2687 1940/2661 1952/2686
f 1747/4283 103/4286 1979/4285
f 1747/4283 1979/4285 1980/4284
f 1747/4283 1980/4284 1915/4281
f 1747/4283 1915/4281 555/4275
f 1743/4426 1939/4428 1938/4427
f 1743/4426 1941/4429 1939/4428
f 1743/4426 1911/4430 1941/4429
f 1743/4426 52/4432 1911/4430
f 103/2749 84/2750 1979/2751
f 1938/2659 1939/2660 1940/2661
f 1979/2751 84/2750 1980/2752
f 1939/2660 1941/2662 1940/2661
f 84/2842 107/2840 1980/2839
f 84/86 85/87 107/109
f 84/86 75/77 85/87
f 1940/2838 1941/2835 1958/2837
f 1940/2661 1958/2703 1914/2688
f 1940/2661 1914/2688 1952/2686
f 1980/2839 107/2840 2033/2841
f 1980/4284 2033/4333 1915/4281
f 1941/2835 2032/2836 1958/2837
f 1941/4429 1911/4430 2032/4431
f 107/3018 85/3016 2033/3015
f 1958/3014 2032/3011 1914/3013
f 2033/3015 85/3016 1915/3017
f 2032/3011 1911/3012 1914/3013
f 85/2619 120/2620 1915/2621
f 85/87 86/88 120/122
f 85/87 75/77 86/88
f 1914/2618 1911/2615 1913/2617
f 1914/2688 1913/2743 1803/2689
f 1914/2688 1803/2689 1952/2686
f 1915/2621 120/2620 1916/2622
f 1915/4281 1916/4282 1807/4280
f 1915/4281 1807/4280 555/4275
f 1911/2615 1912/2616 1913/2617
f 1911/4430 1804/4455 1912/4456
f 1911/4430 52/4432 1804/4455
f 120/2853 86/2854 1916/2855
f 1913/2849 1912/2850 1803/2851
f 1916/2855 86/2854 1807/2856
f 1912/2850 1804/2852 1803/2851
f 75/77 87/89 86/88
f 75/77 88/90 87/89
f 75/77 105/107 157/159
f 75/77 89/91 88/90
f 75/77 90/92 89/91
f 75/77 157/159 90/92
f 1952/2686 1803/2689 1828/2690
f 1952/2686 1828/2690 1832/2691
f 1952/2686 786/2744 785/2697
f 1952/2686 1832/2691 1067/2692
f 1952/2686 1067/2692 873/2693
f 1952/2686 873/2693 786/2744
f 86/2426 119/2427 1807/2428
f 86/88 87/89 119/121
f 1803/2422 1804/2423 1805/2424
f 1803/2689 1805/2742 1828/2690
f 1807/2428 119/2427 1808/2429
f 1807/4280 1808/4340 1837/4278
f 1807/4280 1837/4278 555/4275
f 1804/2423 1806/2425 1805/2424
f 1804/4455 1829/4457 1806/4458
f 1804/4455 52/4432 1829/4457
f 324/583 566/593 560/582
f 324/333 326/335 336/345
f 324/809 336/805 566/807
f 560/582 566/593 579/609
f 585/4038 755/4039 587/4040
f 585/865 800/866 755/869
f 587/617 593/623 590/620
f 587/814 755/811 593/810
f 578/608 571/601 567/595
f 578/608 579/609 580/610
f 578/608 580/610 571/601
f 799/864 787/851 792/856
f 799/864 801/867 800/866
f 799/864 792/856 801/867
f 326/335 334/343 335/344
f 326/335 335/344 336/345
f 590/620 599/629 600/630
f 590/620 593/623 599/629
f 119/2489 87/2482 1808/2488
f 1805/2479 1806/2478 1828/2472
f 1808/2488 87/2482 1837/2484
f 1806/2478 1829/2473 1828/2472
f 87/2482 1836/2483 1837/2484
f 87/2482 88/2486 1836/2483
f 1828/2472 1829/2473 1830/2474
f 1828/2690 1830/2747 1832/2691
f 1837/2484 1836/2483 1838/2485
f 1837/4278 1838/4279 1839/4277
f 1837/4278 1839/4277 555/4275
f 1829/2473 1831/2475 1830/2474
f 1829/4457 1833/4459 1831/4462
f 1829/4457 52/4432 1833/4459
f 1836/2483 88/2486 1838/2485
f 1830/2474 1831/2475 1832/2476
f 1838/2485 88/2486 1839/2487
f 1831/2475 1833/2477 1832/2476
f 334/755 712/754 335/756
f 600/630 599/629 699/739
f 105/594 567/595 157/596
f 785/849 786/850 787/851
f 567/595 571/601 568/597
f 567/595 568/597 157/596
f 88/2486 110/2490 1839/2487
f 88/90 89/91 110/112
f 1832/2476 1833/2477 1834/2480
f 1832/2691 1834/2733 1067/2692
f 787/851 788/852 792/856
f 787/851 786/850 788/852
f 1839/2487 110/2490 1840/2491
f 1839/4277 1840/4332 1069/4276
f 1839/4277 1069/4276 555/4275
f 1833/2477 1835/2481 1834/2480
f 1833/4459 1064/4460 1835/4461
f 1833/4459 52/4432 1064/4460
f 110/3023 89/3024 1840/3025
f 1834/3019 1835/3020 1067/3021
f 1840/3025 89/3024 1069/3026
f 1835/3020 1064/3022 1067/3021
f 2617/3908 236/3912 231/3911
f 2617/3908 2620/3913 236/3912
f 2617/3908 1088/3906 2620/3913
f 2368/3406 241/3412 245/3414
f 2368/3406 245/3414 2373/3415
f 2368/3406 2373/3415 1092/3404
f 89/1208 91/1206 1069/1205
f 89/91 90/92 91/93
f 712/754 233/758 713/757
f 712/754 713/757 335/756
f 699/739 700/740 242/741
f 699/739 599/629 700/740
f 1067/1203 1064/1200 1066/1202
f 1067/2692 1066/2694 873/2693
f 1069/4276 1070/4274 555/4275
f 1069/1205 91/1206 1070/1207
f 1064/4460 52/4432 1065/4463
f 1064/1200 1065/1201 1066/1202
f 579/609 566/593 580/610
f 800/866 801/867 755/869
f 756/815 555/818 757/816
f 756/3919 758/3918 2509/3782
f 756/815 757/816 758/817
f 2380/3978 1841/3977 52/3979
f 2380/3426 44/3386 2379/3425
f 2380/3978 2379/3976 1841/3977
f 231/234 236/239 233/236
f 233/758 236/760 713/757
f 241/244 242/245 245/248
f 242/741 700/740 245/743
f 571/601 580/610 568/597
f 555/4275 1070/4274 1844/4273
f 555/2496 1844/2497 757/2498
f 52/4432 1843/4464 1065/4463
f 52/2495 1841/2492 1843/2494
f 792/856 788/852 801/867
f 1070/1207 91/1206 100/1209
f 1070/4274 100/4272 1844/4273
f 91/93 90/92 98/100
f 91/93 98/100 100/102
f 1065/1201 1068/1204 1066/1202
f 1065/4463 1843/4464 1068/4465
f 1066/2694 874/2695 873/2693
f 1066/2694 1068/2725 874/2695
f 2509/3782 758/3918 2614/3904
f 44/3386 2365/3402 2379/3425
f 580/610 581/611 568/597
f 580/610 566/593 581/611
f 801/867 788/852 802/868
f 801/867 802/868 755/869
f 157/596 568/597 158/598
f 157/159 158/160 90/92
f 786/850 789/853 788/852
f 786/2744 873/2693 789/2745
f 568/597 581/611 569/599
f 568/597 569/599 158/598
f 758/817 757/816 759/819
f 758/3918 2619/3910 2614/3904
f 758/4271 759/4270 2619/4269
f 2379/3976 1842/3974 1841/3977
f 2379/3425 2365/3402 2370/3408
f 2379/3976 2370/3972 1842/3974
f 788/852 790/854 802/868
f 788/852 789/853 790/854
f 90/947 158/950 570/948
f 90/947 570/948 98/949
f 873/941 791/943 789/944
f 873/941 874/942 791/943
f 757/2498 1844/2497 759/2499
f 1841/2492 1842/2493 1843/2494
f 1844/4273 100/4272 759/4270
f 1843/4464 1842/4471 1068/4465
f 2614/3904 2619/3910 2615/3905
f 2365/3402 2366/3403 2370/3408
f 2619/4269 759/4270 2694/4268
f 2619/4269 2694/4268 2618/4263
f 2619/3910 2618/3909 2615/3905
f 2370/3972 2630/3973 1842/3974
f 2370/3972 2369/3975 2630/3973
f 2370/3408 2366/3403 2369/3407
f 336/345 335/344 337/346
f 336/805 337/806 566/807
f 593/623 601/631 599/629
f 593/810 755/811 601/812
f 759/4270 100/4272 2694/4268
f 1842/3974 2630/3973 1068/3971
f 581/611 572/602 569/599
f 581/611 566/593 572/602
f 802/868 793/857 755/869
f 802/868 790/854 793/857
f 335/756 713/757 337/759
f 599/629 601/631 700/740
f 158/598 569/599 570/600
f 789/853 791/855 790/854
f 569/599 572/602 570/600
f 566/807 337/806 582/808
f 566/593 582/612 572/602
f 755/811 702/813 601/812
f 755/869 793/857 702/870
f 790/854 791/855 793/857
f 2618/4263 2694/4268 2693/4264
f 2618/3909 2616/3907 2615/3905
f 2618/4263 2693/4264 2616/4265
f 2369/3975 2629/3967 2630/3973
f 2369/3407 2366/3403 2367/3405
f 2369/3975 2367/3970 2629/3967
f 2694/4268 100/4272 2693/4264
f 2620/3913 1086/3914 236/3912
f 2620/3913 1088/3906 1086/3914
f 713/757 236/760 337/759
f 700/740 601/631 245/743
f 2373/3415 245/3414 1090/3416
f 2373/3415 1090/3416 1092/3404
f 2630/3973 2629/3967 1068/3971
f 2615/3905 2616/3907 1088/3906
f 2366/3403 1092/3404 2367/3405
f 236/760 582/761 337/759
f 236/760 742/790 582/761
f 236/1239 1086/1231 742/1230
f 245/743 601/631 702/744
f 245/1250 743/1241 1090/1240
f 245/743 702/744 743/791
f 2616/4265 2693/4264 1089/4266
f 2616/3907 1089/3915 1088/3906
f 2367/3405 1092/3404 1093/3417
f 2367/3970 1093/3968 2629/3967
f 2693/4264 1087/4267 1089/4266
f 2693/4264 100/4272 1087/4267
f 1088/1234 1089/1235 1087/1232
f 1088/1234 1087/1232 1086/1231
f 1092/1245 1091/1243 1093/1246
f 1092/1245 1090/1240 1091/1243
f 2629/3967 1093/3968 1091/3969
f 2629/3967 1091/3969 1068/3971
f 570/948 572/951 98/949
f 791/943 874/942 793/945
f 98/949 572/951 876/952
f 98/1236 876/1233 100/1229
f 874/1247 1068/1242 875/1244
f 874/942 875/946 793/945
f 1087/1232 100/1229 1086/1231
f 1091/1243 1090/1240 1068/1242
f 572/1238 582/1237 876/1233
f 582/1237 742/1230 876/1233
f 100/1229 742/1230 1086/1231
f 100/1229 876/1233 742/1230
f 1090/1240 743/1241 1068/1242
f 1068/1242 743/1241 875/1244
f 702/1248 793/1249 875/1244
f 702/1248 875/1244 743/1241
f 2528/3801 2531/3804 2530/3803
f 2528/3801 2530/3803 2529/3802
f 2528/3801 2529/3802 2526/3799
f 2507/3780 2528/3801 2526/3799
f 2507/3780 2526/3799 2510/3783
f 2305/3307 2311/3313 2288/3287
f 2304/3306 2305/3307 2288/3287
f 2287/3286 2304/3306 2288/3287
f 2287/3286 2288/3287 37/3288
f 2289/3289 2287/3286 37/3288
f 25/2671 27/2672 1950/2673
f 25/2671 1950/2673 1951/2674
f 25/2671 1951/2674 182/2675
f 212/3282 2286/3283 196/3285
f 184/186 212/215 196/199
f 21/4437 16/4433 2416/4438
f 21/4437 2416/4438 31/4440
f 1534/4441 21/4437 31/4440
f 181/2833 1936/2830 25/2832
f 181/183 25/188 182/184
f 180/182 181/183 182/184
f 183/185 180/182 182/184
f 183/185 182/184 184/186
f 31/2393 1794/2394 32/2395
f 195/198 183/185 184/186
f 184/1932 1534/1933 31/1934
f 33/2411 1802/2412 184/2413
f 196/199 195/198 184/186
f 31/31 32/32 33/33
f 2733/4528 2730/4525 2725/4524
f 2733/4551 2725/4554 2722/4552
f 2733/4551 2722/4552 2728/4553
f 2733/4545 2728/4546 2727/4538
f 2733/4545 2727/4538 2730/4541
f 2725/4524 2730/4525 2731/4526
f 2725/4524 2731/4526 2729/4529
f 2725/4516 2716/4507 2722/4513
f 2725/4520 2729/4521 2716/4522
f 2728/4519 2722/4513 2721/4512
f 2728/4519 2721/4512 2727/4518
f 2731/4526 2730/4525 2732/4527
f 2731/4526 2732/4527 2729/4529
f 2730/4541 2727/4538 2735/4532
f 2730/4541 2735/4532 2732/4539
f 2722/4513 2716/4507 2721/4512
f 2727/4518 2721/4512 2718/4509
f 2727/4538 2718/4535 2735/4532
f 2721/4512 2716/4507 2718/4509
f 2732/4527 2734/4530 2729/4529
f 2732/4539 2735/4532 2738/4540
f 2732/4539 2738/4540 2734/4542
f 2716/4522 2729/4521 2720/4523
f 2716/4507 2717/4508 2718/4509
f 2716/4507 2720/4511 2717/4508
f 2729/4529 2734/4530 2720/4531
f 2735/4532 2718/4535 2719/4533
f 2735/4532 2719/4533 2736/4534
f 2735/4532 2736/4534 2738/4540
f 2718/4509 2717/4508 2719/4510
f 2736/4534 2719/4533 2723/4536
f 2736/4534 2723/4536 2737/4537
f 2736/4534 2737/4537 2738/4540
f 2719/4510 2717/4508 2723/4514
f 2737/4537 2739/4543 2738/4540
f 2737/4537 2723/4536 2739/4543
f 2738/4540 2739/4543 2734/4542
f 2723/4536 2724/4547 2739/4543
f 2723/4514 2717/4508 2724/4515
f 2739/4543 2724/4547 2726/4544
f 2739/4543 2726/4544 2734/4542
f 2724/4515 2717/4508 2726/4517
f 2734/4548 2726/4549 2720/4550
f 2720/4511 2726/4517 2717/4508
f 2757/4599 2746/4601 2749/4602
f 2757/4576 2749/4572 2755/4574
f 2757/4599 2752/4600 2746/4601
f 2757/4593 2751/4586 2752/4594
f 2757/4593 2755/4589 2751/4586
f 2749/4564 2746/4561 2740/4555
f 2749/4572 2754/4573 2755/4574
f 2749/4572 2753/4577 2754/4573
f 2749/4568 2740/4569 2753/4570
f 2752/4567 2745/4560 2746/4561
f 2752/4567 2751/4566 2745/4560
f 2746/4561 2745/4560 2740/4555
f 2755/4574 2754/4573 2756/4575
f 2755/4589 2759/4580 2751/4586
f 2755/4589 2756/4587 2759/4580
f 2754/4573 2753/4577 2756/4575
f 2751/4566 2741/4556 2745/4560
f 2751/4586 2759/4580 2741/4583
f 2745/4560 2741/4556 2740/4555
f 2756/4587 2762/4588 2759/4580
f 2756/4575 2753/4577 2758/4578
f 2756/4587 2758/4590 2762/4588
f 2740/4555 2741/4556 2742/4557
f 2740/4569 2744/4571 2753/4570
f 2740/4555 2742/4557 2744/4559
f 2759/4580 2743/4582 2741/4583
f 2759/4580 2760/4581 2743/4582
f 2759/4580 2762/4588 2760/4581
f 2741/4556 2743/4558 2742/4557
f 2753/4577 2744/4579 2758/4578
f 2760/4581 2747/4584 2743/4582
f 2760/4581 2761/4585 2747/4584
f 2760/4581 2762/4588 2761/4585
f 2743/4558 2747/4562 2742/4557
f 2761/4585 2763/4591 2747/4584
f 2761/4585 2762/4588 2763/4591
f 2747/4584 2763/4591 2748/4595
f 2747/4562 2748/4563 2742/4557
f 2762/4588 2758/4590 2763/4591
f 2763/4591 2750/4592 2748/4595
f 2763/4591 2758/4590 2750/4592
f 2748/4563 2750/4565 2742/4557
f 2758/4596 2744/4597 2750/4598
f 2744/4559 2742/4557 2750/4565
f 2764/4603 2420/4604 2765/4605
f 57/4609 2767/4612 2768/4610
f 57/4609 2768/4610 2766/4611
f 57/4606 2766/4607 2767/4608
f 2768/4610 2767/4612 2766/4611
f 1953/4616 2771/4618 2769/4619
f 1953/4613 2769/4614 2770/4615
f 1953/4616 2770/4617 2771/4618
f 2769/4619 2771/4618 2770/4617
f 1730/4620 2149/4621 2117/4622
f 1733/4626 1726/4627 1735/4628
f 1735/4623 1730/4624 2117/4625
f 1733/4629 1735/4630 2117/4631
